# Exported from 3D Builder
o Object.1
v 21.172100 -3.272902 58.731499
v 21.123001 -4.563692 58.617100
v 21.188400 -2.390582 58.796898
v 21.025002 -4.367622 58.943901
v 21.204700 -2.063802 58.813198
v 21.106701 -2.080142 59.107300
v 19.227699 -2.799062 61.852299
v 21.123001 -0.969082 59.139999
v 19.260399 -0.952742 61.934002
v 21.123001 0.240017 59.156300
v 20.338800 0.240017 60.643200
v 21.123001 1.449108 59.139999
v 21.172100 0.240017 59.009300
v 21.221100 0.240017 58.862198
v 21.204700 2.560178 58.813198
v 21.106701 2.576518 59.107300
v 19.260399 1.449108 61.934002
v 19.260399 0.240017 61.950298
v 18.884600 3.279098 62.015697
v 19.227699 3.279098 61.852299
v 18.770199 5.958718 61.786900
v 18.329000 4.913008 61.901302
v 18.410700 3.262758 62.015697
v 18.410700 3.164718 62.032001
v 18.443399 2.135358 62.080997
v 18.443399 2.053658 62.080997
v 18.443399 2.037318 62.080997
v 18.443399 1.988308 62.080997
v 18.443399 1.939288 62.080997
v 18.459799 1.367418 61.819599
v 18.492399 0.240017 62.113697
v 18.476099 0.583139 61.607197
v 18.492399 0.240017 61.607197
v 18.492399 0.240017 61.509197
v 18.476099 0.746530 61.607197
v 18.427099 2.331428 61.574497
v 18.427099 2.739908 61.541798
v 18.410700 3.148378 61.427502
v 17.381399 3.050348 61.411098
v 18.296400 5.321488 61.264103
v 17.250700 5.648268 61.198696
v 18.132999 7.331198 61.035297
v 17.038300 7.919408 60.920902
v 17.789900 9.929128 60.610500
v 17.267000 9.929128 60.594196
v 16.744101 9.961798 60.577801
v 16.858500 7.903068 60.496098
v 16.548100 9.896448 60.153000
v 16.923899 9.765738 59.744499
v 17.316000 6.922728 60.202000
v 17.070900 5.648268 60.790203
v 17.495699 4.439168 60.463497
v 17.201599 3.050348 60.986301
v 17.593800 2.331428 60.594196
v 17.283300 0.240017 61.067997
v 17.381399 0.240017 61.280399
v 17.463100 0.240017 61.492802
v 17.381399 -2.570312 61.411098
v 18.410700 -2.668352 61.427502
v 18.427099 -1.818712 61.574497
v 18.427099 -1.835052 61.574497
v 17.920599 -0.331853 61.590900
v 17.920599 0.240017 61.590900
v 16.858500 2.886958 61.509197
v 16.940199 0.240017 61.574497
v 15.567699 0.240017 62.603901
v 15.437000 2.641868 62.571201
v 13.672400 0.240017 63.502499
v 13.705099 3.230078 63.355503
v 13.574400 0.240017 63.257496
v 13.394600 0.240017 63.322796
v 13.231199 0.240017 63.371799
v 12.022100 3.458828 63.600597
v 13.607000 3.311768 63.110401
v 13.590700 6.024068 62.849003
v 13.672400 6.595938 63.012402
v 13.688700 4.814978 63.192097
v 15.355299 5.778978 62.309803
v 13.607000 8.082798 62.750896
v 13.574400 9.324578 62.522198
v 15.126600 8.801728 61.852299
v 16.711500 5.648268 61.296696
v 16.760500 4.978368 61.362103
v 18.345400 4.390158 61.443798
v 18.329000 4.684258 61.411098
v 18.345400 4.373818 61.443798
v 18.378099 3.769268 61.492802
v 18.410700 3.213738 61.999302
v 18.410700 3.099368 61.950298
v 18.410700 3.083028 62.015697
v 18.427099 2.805258 62.048397
v 18.378099 3.769268 61.590900
v 18.410700 3.213738 62.032001
v 18.410700 3.262758 62.032001
v 18.378099 3.736588 61.982998
v 18.329000 4.978368 61.901302
v 18.329000 4.962028 61.868603
v 18.770199 6.154778 61.770596
v 18.329000 4.994708 61.901302
v 18.329000 5.011048 61.901302
v 18.198299 6.808348 61.705196
v 15.845499 8.033788 63.388203
v 18.100300 7.805038 61.558201
v 15.486000 10.958528 62.816296
v 12.953499 10.958528 63.960003
v 13.754099 9.471628 64.058105
v 13.819399 9.259218 64.090706
v 13.884800 9.063148 64.107101
v 13.688700 8.834398 64.221504
v 13.541700 8.621988 64.319504
v 13.361900 8.589318 64.384804
v 13.296600 8.605658 64.090706
v 13.100500 8.556638 64.156105
v 13.149500 8.556638 64.303200
v 13.198599 8.556638 64.450203
v 13.100500 7.331198 64.384804
v 13.198599 7.968428 64.564606
v 13.198599 6.318178 64.809700
v 13.116899 4.929348 64.679001
v 13.198599 4.978368 64.956703
v 13.116899 4.488188 64.728004
v 13.198599 4.308458 65.022102
v 13.116899 1.612508 64.891403
v 13.198599 2.282408 65.152802
v 13.198599 1.873928 65.169106
v 13.116899 0.240017 64.940407
v 13.149500 0.240017 65.071106
v 13.116899 -1.116132 64.891403
v 13.198599 0.240017 65.218102
v 13.198599 -1.393902 65.169106
v 13.116899 -4.008162 64.728004
v 13.198599 -1.786032 65.152802
v 13.198599 -3.812092 65.022102
v 13.116899 -4.449312 64.679001
v 13.198599 -4.498332 64.956703
v 13.100500 -6.834832 64.384804
v 13.198599 -5.821802 64.809700
v 13.198599 -7.488392 64.564606
v 13.100500 -8.076602 64.156105
v 13.149500 -8.076602 64.303200
v 13.361900 -8.109282 64.384804
v 13.296600 -8.109282 64.090706
v 13.541700 -8.141962 64.319504
v 13.198599 -8.076602 64.450203
v 13.688700 -8.354372 64.221504
v 13.508999 -8.141962 64.172401
v 13.476299 -8.141962 64.025406
v 13.623400 -8.321692 63.927296
v 13.884800 -8.566782 64.107101
v 13.786800 -8.517762 63.829296
v 13.721399 -8.713832 63.813000
v 13.819399 -8.779192 64.090706
v 13.656000 -8.909903 63.796597
v 13.705099 -8.958922 63.927296
v 13.754099 -8.991602 64.058105
v 15.502399 -10.478472 62.799999
v 12.953499 -10.478472 63.960003
v 12.953499 -13.256072 62.963299
v 12.871799 -10.576472 63.960003
v 11.956800 -11.360772 63.992702
v 10.355499 -13.256072 63.698597
v 11.319500 -11.589472 64.058105
v 11.270500 -11.605872 64.058105
v 11.172499 -11.638572 64.074402
v 10.061399 -12.014372 64.205101
v 8.035400 -12.292072 64.401207
v 7.774000 -13.239772 64.090706
v 6.401499 -12.455472 64.482903
v 5.274099 -13.239772 64.270500
v 4.800200 -12.569872 64.531906
v 2.823199 -12.618873 64.531906
v 2.823199 -13.174372 64.335800
v 2.823199 -13.305172 64.286804
v 5.110699 -15.886673 63.028698
v 2.823199 -15.837672 63.110401
v 2.823199 -15.919373 63.061398
v 3.885200 -18.304873 61.296696
v 4.947300 -18.304873 61.264103
v 6.009300 -18.304873 61.198696
v 7.430799 -15.886673 62.849003
v 7.218399 -18.304873 61.100697
v 8.688900 -18.304873 60.888302
v 9.816299 -15.886673 62.489498
v 10.469900 -18.304873 60.479801
v 12.234499 -15.886673 61.803303
v 15.371700 -13.272472 61.688900
v 14.473000 -15.886673 60.610500
v 17.152599 -13.403172 59.875198
v 17.152599 -13.207072 60.006001
v 17.152599 -13.223473 59.989601
v 17.168999 -13.272472 59.956898
v 17.299700 -14.334472 58.862198
v 18.214699 -13.680972 59.613800
v 18.427099 -14.808372 57.702099
v 17.691799 -14.873672 57.538700
v 18.655800 -15.053372 56.476700
v 17.773500 -14.922672 57.228298
v 17.806200 -14.939073 57.130299
v 17.855200 -14.955372 56.966900
v 18.410700 -15.233172 54.744801
v 17.887899 -15.020772 56.868801
v 17.463100 -15.886673 56.574699
v 18.149300 -15.886673 54.156498
v 18.639500 -15.298472 53.323299
v 18.639500 -15.282172 53.355900
v 18.982599 -15.216772 54.679398
v 18.770199 -15.347572 52.130501
v 19.309401 -15.314872 52.473598
v 18.933599 -15.380172 50.153500
v 19.554501 -15.363873 50.088100
v 18.998899 -15.380172 48.650299
v 19.685200 -15.363873 47.800598
v 19.031599 -15.363873 47.163399
v 19.717899 -15.298472 45.594799
v 19.031599 -15.298472 45.333401
v 19.015299 -15.249473 44.418400
v 18.982599 -15.200472 43.487099
v 19.685200 -15.135072 42.996899
v 18.917299 -15.118773 42.555798
v 18.851900 -15.053372 41.608101
v 19.636200 -15.020772 41.460999
v 18.737499 -14.955372 40.644100
v 18.623100 -14.857372 39.663700
v 19.636200 -14.824672 39.663700
v 20.011999 -14.840972 41.460999
v 20.044699 -14.971772 43.013298
v 21.841999 -12.226772 42.670101
v 21.874599 -12.341172 44.238701
v 21.890999 -12.422772 45.692898
v 20.077299 -15.118773 45.611198
v 21.825600 -12.488173 48.029400
v 20.044699 -15.184173 47.816998
v 21.678600 -12.504472 50.006401
v 19.930300 -15.184173 50.120800
v 21.351799 -12.439172 52.784100
v 19.685200 -15.135072 52.506298
v 21.041298 -12.341172 54.646698
v 20.371399 -13.615572 54.728401
v 19.342100 -15.020772 54.761101
v 19.178699 -15.167772 54.712101
v 19.015299 -14.873672 56.525700
v 18.802900 -14.628572 57.702099
v 20.747200 -12.046972 56.378700
v 20.649200 -11.573173 57.162998
v 18.574100 -13.566572 59.499401
v 20.632900 -10.674572 57.832901
v 18.606800 -12.079672 60.365398
v 18.263700 -12.112372 60.512501
v 18.835600 -9.547132 61.019001
v 18.688499 -9.563472 61.133396
v 18.933599 -8.534102 61.198696
v 18.590500 -8.517762 61.362103
v 18.492399 -9.547132 61.165997
v 17.789900 -9.547132 61.198696
v 17.512100 -11.001272 60.855602
v 17.610100 -10.527472 60.969997
v 17.593800 -10.592873 60.986301
v 17.495699 -11.099372 60.839298
v 17.381399 -11.622172 60.708500
v 17.381399 -11.671172 60.659496
v 17.348700 -11.883672 60.594196
v 17.185299 -12.994672 60.104000
v 17.185299 -13.011072 60.104000
v 17.234299 -12.455472 60.414402
v 17.168999 -12.782272 59.760899
v 17.168999 -12.782272 59.695499
v 17.185299 -12.749572 59.744499
v 17.332399 -11.997972 60.447102
v 17.185299 -12.733273 59.695499
v 17.185299 -12.831272 59.630199
v 17.185299 -13.207072 59.221699
v 17.185299 -12.700572 59.711899
v 17.185299 -12.618873 59.662800
v 16.842199 -13.239772 59.188999
v 16.139599 -12.667872 59.613800
v 16.188601 -13.321472 59.091000
v 15.567699 -12.912972 59.564800
v 16.155899 -13.354172 59.074600
v 15.780100 -13.925972 58.502800
v 16.155899 -13.517572 58.894897
v 16.188601 -13.566572 58.845898
v 16.711500 -13.664572 58.698799
v 17.446699 -14.154772 58.159599
v 16.090599 -14.301772 57.620399
v 14.832500 -16.213472 57.277298
v 14.113499 -16.213472 58.192299
v 14.767099 -13.778973 59.760899
v 12.626699 -16.213472 59.368698
v 13.100500 -13.778973 60.839298
v 14.783400 -11.115672 61.165997
v 15.845499 -11.181072 60.283703
v 15.796499 -11.409772 60.218403
v 16.205000 -9.449092 60.659496
v 17.185299 -12.880272 59.630199
v 17.168999 -13.239772 59.891598
v 17.168999 -13.288773 59.760899
v 16.270300 -15.886673 58.813198
v 17.659100 -14.791972 57.587799
v 17.724499 -14.857372 57.359001
v 15.747499 -18.304873 55.937500
v 16.384699 -18.304873 53.846100
v 15.257299 -18.598972 55.251301
v 14.848799 -18.304873 57.555099
v 13.982800 -18.615372 57.391701
v 13.770399 -18.304873 58.764198
v 12.365299 -18.304873 59.728199
v 12.234499 -18.615372 58.927601
v 9.783699 -18.598972 59.989601
v 10.731300 -18.697073 59.221699
v 12.806400 -18.697073 58.045300
v 13.084200 -18.697073 57.800198
v 12.839100 -18.697073 57.195599
v 11.777000 -18.697073 58.045300
v 12.643000 -18.419271 56.999599
v 10.813000 -18.697073 58.568100
v 10.666000 -18.419271 58.306698
v 8.786999 -18.697073 59.221699
v 7.708599 -18.419271 59.123600
v 6.123699 -18.697073 59.613800
v 5.404800 -18.419271 59.368698
v 2.823199 -18.697073 59.728199
v 2.823199 -18.419271 59.450397
v -0.493600 -18.697073 59.597500
v 0.225300 -18.419271 59.368698
v -2.094880 -18.419271 59.123600
v -3.156930 -18.697073 59.205299
v -5.052270 -18.419271 58.306698
v -5.182981 -18.697073 58.551800
v -6.114310 -18.697073 58.045300
v -7.192690 -18.697073 57.179298
v -6.996620 -18.419271 56.983200
v -8.565180 -18.697073 55.153198
v -8.320090 -18.419271 55.022499
v -8.614201 -18.697073 55.055199
v -9.316780 -18.697073 52.686001
v -9.137051 -18.419271 52.048798
v -9.676240 -18.697073 49.516201
v -9.382140 -18.419271 49.744999
v -9.725261 -18.697073 47.163399
v -9.447491 -18.419271 47.163399
v -9.333120 -17.700373 50.104401
v -9.431150 -17.700373 47.163399
v -9.071691 -17.700373 49.124100
v -9.022671 -17.700373 50.300499
v -9.071691 -18.697073 49.614300
v -8.826611 -18.697073 52.048798
v -8.990000 -17.700373 50.594601
v -8.908300 -17.700373 51.182800
v -8.875620 -17.700373 51.411598
v -8.663210 -17.700373 52.931099
v -8.189381 -18.697073 54.532299
v -8.614201 -17.700373 53.045498
v -8.548841 -17.700373 53.274200
v -8.434470 -17.700373 53.600998
v -8.107680 -17.700373 54.679398
v -8.042330 -17.700373 54.875500
v -6.767870 -18.697073 56.770798
v -8.025990 -17.700373 54.891800
v -6.963940 -17.700373 56.460400
v -6.767870 -17.700373 56.770798
v -4.529410 -18.697073 58.175999
v -6.196001 -17.700373 57.146599
v -6.947610 -17.700373 56.999599
v -5.950921 -17.700373 57.800198
v -5.934580 -17.700373 57.326298
v -5.558780 -17.700373 57.571400
v -4.872530 -17.700373 58.045300
v -2.928181 -17.700373 58.649799
v -2.045860 -18.697073 58.813198
v -2.895500 -17.700373 58.666100
v -2.895500 -17.700373 58.960300
v -4.447721 -17.700373 58.519100
v -2.470680 -17.700373 59.042000
v -0.101501 -17.700373 59.336098
v -0.134200 -17.700373 59.025600
v -0.052501 -17.700373 59.025600
v 2.431100 -17.700373 59.123600
v 3.198999 -17.700373 59.434101
v 2.823199 -17.700373 59.139999
v 3.182699 -17.700373 59.123600
v 6.319799 -17.700373 59.286999
v 4.097699 -17.700373 59.123600
v 5.600899 -17.700373 59.042000
v 6.042000 -17.700373 59.009300
v 6.205400 -17.700373 58.992901
v 6.303400 -17.700373 58.976601
v 8.198799 -17.700373 59.042000
v 9.162800 -17.700373 58.813198
v 7.969999 -17.700373 58.780499
v 8.590900 -17.700373 58.649799
v 8.836000 -17.700373 58.584499
v 9.162800 -17.700373 58.470100
v 10.698700 -17.700373 58.290298
v 12.169199 -17.700373 57.408001
v 10.551600 -17.700373 58.028900
v 11.172499 -17.700373 57.718498
v 11.842400 -17.700373 57.211998
v 12.430599 -18.697073 56.770798
v 12.152800 -17.700373 56.966900
v 12.430599 -17.700373 56.770798
v 13.835800 -18.697073 54.532299
v 11.548300 -19.089172 53.078197
v 10.012400 -19.105572 54.924500
v 10.192200 -18.697073 58.175999
v 7.872000 -19.089172 56.362301
v 7.708599 -18.697073 58.813198
v 5.094299 -19.072872 57.211998
v 5.274099 -18.697073 59.074600
v 2.823199 -18.697073 59.139999
v 2.823199 -18.925772 58.257698
v 2.823199 -19.056473 57.375401
v 5.012600 -19.023872 56.607399
v 2.823199 -19.072872 57.064899
v 0.437699 -19.072872 57.179298
v 2.823199 -19.023872 56.738098
v 1.058599 -19.023872 56.656399
v -0.444600 -19.023872 56.395000
v 0.339700 -18.697073 55.218601
v 2.823199 -18.697073 55.447300
v 2.823199 -17.700373 55.447300
v 2.643499 -17.700373 55.431000
v 1.842899 -17.700373 55.120598
v 3.035600 -17.700373 55.431000
v 2.823199 -17.700373 55.153198
v 3.166300 -17.700373 55.431000
v 4.571500 -17.700373 55.333000
v 5.323099 -18.697073 55.218601
v 7.675900 -19.040173 55.888500
v 7.398199 -18.697073 54.532299
v 9.750999 -19.056473 54.613998
v 9.015699 -18.697073 53.355900
v 11.139799 -19.040173 52.865799
v 10.192200 -18.697073 51.738400
v 12.054800 -19.023872 50.431198
v 10.878399 -18.697073 49.663300
v 12.299900 -19.023872 48.944401
v 11.107100 -18.697073 47.163399
v 12.397900 -19.023872 47.163399
v 12.839100 -19.072872 49.548901
v 12.724699 -19.072872 47.163399
v 12.250900 -19.023872 44.990299
v 13.035200 -19.056473 47.163399
v 12.871799 -19.072872 44.908600
v 13.917500 -18.925772 47.163399
v 14.734400 -18.697073 49.614300
v 14.473000 -18.697073 52.048798
v 12.316200 -19.089172 51.493298
v 14.309599 -17.700373 52.931099
v 13.737700 -17.700373 54.728401
v 14.701799 -17.700373 52.457298
v 14.048199 -17.700373 54.810101
v 13.966499 -18.419271 55.038898
v 14.783400 -18.419271 52.097801
v 14.260599 -18.697073 55.071499
v 14.211599 -18.697073 55.169598
v 14.652700 -18.697073 55.594398
v 14.914200 -18.697073 54.973499
v 15.404299 -18.697073 53.274200
v 16.057899 -18.582672 52.359200
v 15.714800 -18.697073 51.509598
v 16.270300 -18.582672 50.529301
v 16.858500 -18.304873 50.414898
v 16.711500 -18.304873 51.950798
v 18.508801 -15.886673 51.771000
v 18.688499 -15.886673 49.450901
v 16.940199 -18.304873 49.140400
v 16.972900 -18.304873 47.163399
v 18.051300 -16.948772 47.163399
v 18.721199 -15.903072 47.163399
v 16.956600 -18.304873 45.758198
v 18.688499 -15.886673 44.892300
v 16.891199 -18.304873 44.353100
v 18.508801 -15.886673 42.572098
v 16.760500 -18.304873 42.784500
v 16.548100 -18.304873 41.313999
v 18.149300 -15.886673 40.170200
v 16.139599 -18.304873 39.533001
v 17.463100 -15.886673 37.768398
v 15.388000 -18.304873 37.637699
v 16.270300 -15.886673 35.529900
v 14.424000 -18.304873 36.216198
v 14.473000 -15.886673 33.732601
v 13.214899 -18.304873 35.137798
v 11.597300 -18.304873 34.255501
v 12.234499 -15.886673 32.539898
v 9.505899 -18.304873 33.601898
v 9.816299 -15.886673 31.853600
v 7.610600 -18.304873 33.291500
v 7.430799 -15.886673 31.477798
v 5.617199 -18.304873 33.111698
v 5.110699 -15.886673 31.314400
v 4.065000 -18.304873 33.046398
v 2.823199 -18.304873 33.029999
v 2.823199 -16.099173 31.412498
v 5.028999 -13.239772 30.072701
v 2.823199 -16.017471 31.363400
v 2.823199 -13.762672 30.268700
v 2.823199 -13.337772 30.105301
v 5.388399 -10.429472 29.223000
v 2.823199 -13.207072 30.056301
v 2.823199 -10.886972 29.353699
v 5.453800 -7.504732 28.667500
v 8.133400 -7.504732 28.830898
v 8.002699 -10.445772 29.402798
v 7.267399 -13.239772 30.203400
v 9.571301 -13.256072 30.497498
v 10.682301 -10.462072 29.794899
v 11.907799 -13.256072 31.020298
v 13.394600 -10.462072 30.530201
v 14.178900 -13.272472 31.918999
v 15.943501 -10.478472 31.837299
v 16.205000 -13.272472 33.324100
v 18.018600 -10.266072 33.732601
v 17.757200 -11.622172 34.108398
v 17.642799 -13.403172 35.170498
v 17.708200 -13.746272 35.595299
v 18.051300 -14.416172 37.016800
v 19.456400 -14.056772 36.216198
v 19.538099 -12.880272 34.794701
v 19.717899 -11.507873 34.108398
v 18.247299 -9.056952 33.503899
v 20.011999 -9.040612 33.552898
v 20.142700 -11.033972 34.173798
v 19.995600 -12.210372 34.614899
v 21.727600 -10.494772 36.984100
v 21.809299 -9.677842 36.640999
v 20.387800 -9.056952 33.749001
v 21.335400 -8.795532 35.121498
v 21.939999 -8.599463 36.412201
v 22.005299 -8.877222 36.869698
v 21.825600 -10.315072 37.310898
v 22.037998 -8.991602 37.245499
v 21.988998 -9.449092 37.392601
v 21.939999 -9.824892 37.556000
v 22.070698 -8.387053 37.768398
v 22.119701 -7.798842 37.539600
v 21.972698 -4.187892 37.866398
v 21.972698 -4.432982 38.078800
v 22.054401 -8.844543 38.095200
v 21.972698 -4.612712 38.323898
v 22.054401 -9.138652 38.471001
v 21.988998 -4.710742 38.585400
v 22.070698 -9.318382 38.830399
v 21.988998 -4.792442 38.846798
v 22.086998 -9.432753 39.157200
v 22.005299 -4.841452 39.124500
v 22.103401 -9.514452 39.467701
v 22.021698 -4.857792 39.402298
v 22.136101 -9.563472 39.745399
v 22.021698 -4.874132 39.663700
v 22.152401 -9.579812 40.023201
v 22.037998 -4.841452 39.941498
v 22.185101 -9.579812 40.300999
v 22.054401 -4.808782 40.202900
v 22.201401 -9.547132 40.611401
v 22.070698 -4.743422 40.480698
v 22.234100 -9.481772 40.954498
v 22.086998 -4.645392 40.742100
v 22.283100 -9.383732 41.346699
v 22.119701 -4.465652 40.970898
v 22.348499 -9.138652 41.787800
v 22.152401 -4.204232 41.150600
v 22.446499 -8.615802 42.114601
v 22.185101 -3.877442 41.232300
v 22.560898 -7.896873 42.245300
v 22.217800 -3.534322 41.281300
v 22.658901 -7.112592 42.294300
v 22.250401 -3.174862 41.297699
v 22.757000 -6.328322 42.327000
v 22.266800 -2.799062 41.330299
v 22.822300 -5.544042 42.343399
v 22.299500 -2.406922 41.346699
v 22.887699 -4.759762 42.359699
v 22.315800 -1.998442 41.346699
v 22.936699 -3.959142 42.359699
v 22.332100 -1.573632 41.362999
v 22.985699 -3.158522 42.375999
v 22.348499 -1.132472 41.379299
v 23.018398 -2.325232 42.375999
v 22.348499 -0.691316 41.379299
v 23.034698 -1.475592 42.392399
v 22.348499 -0.233820 41.379299
v 23.051098 -0.625958 42.392399
v 22.283100 0.240017 41.281300
v 22.855000 0.240017 42.032898
v 23.034698 0.240017 42.327000
v 22.348499 0.713852 41.379299
v 23.051098 1.122328 42.392399
v 22.348499 1.171348 41.379299
v 23.034698 1.971968 42.392399
v 22.348499 1.628848 41.379299
v 23.018398 2.821598 42.375999
v 22.332100 2.053658 41.362999
v 22.985699 3.638558 42.375999
v 22.315800 2.478478 41.346699
v 22.936699 4.455518 42.359699
v 22.299500 2.886958 41.346699
v 22.887699 5.239788 42.359699
v 22.266800 3.279098 41.330299
v 22.822300 6.024068 42.343399
v 22.250401 3.654898 41.297699
v 22.757000 6.808348 42.327000
v 22.217800 4.030698 41.281300
v 22.658901 7.608968 42.294300
v 22.185101 4.373818 41.232300
v 22.560898 8.376908 42.245300
v 22.152401 4.700598 41.150600
v 22.446499 9.095828 42.114601
v 22.119701 4.962028 40.970898
v 22.348499 9.618678 41.787800
v 22.086998 5.141758 40.742100
v 22.283100 9.863768 41.346699
v 22.070698 5.239788 40.480698
v 22.234100 9.978148 40.954498
v 22.054401 5.288808 40.202900
v 22.201401 10.027158 40.611401
v 22.037998 5.337828 39.941498
v 22.185101 10.059838 40.300999
v 22.021698 5.354168 39.663700
v 22.152401 10.059838 40.023201
v 22.021698 5.354168 39.402298
v 22.136101 10.043498 39.745399
v 22.005299 5.321488 39.124500
v 22.103401 10.010818 39.467701
v 21.988998 5.272468 38.846798
v 22.086998 9.929128 39.157200
v 21.988998 5.207118 38.585400
v 22.070698 9.814748 38.830399
v 21.972698 5.092738 38.323898
v 22.054401 9.635017 38.471001
v 21.972698 4.929348 38.078800
v 22.054401 9.340918 38.095200
v 21.972698 4.667928 37.866398
v 22.070698 8.883418 37.768398
v 21.972698 4.357478 37.735699
v 22.119701 8.278868 37.539600
v 21.988998 4.014358 37.637699
v 22.168701 7.608968 37.376301
v 22.005299 3.654898 37.572300
v 22.234100 6.857368 37.261898
v 22.021698 3.279098 37.539600
v 22.283100 6.073088 37.163799
v 22.037998 2.886958 37.490601
v 22.332100 5.272468 37.082100
v 22.037998 2.478478 37.458000
v 22.381100 4.439168 37.016800
v 22.054401 2.053658 37.425301
v 22.413799 3.605878 36.951401
v 22.070698 1.628848 37.392601
v 22.446499 2.788918 36.886101
v 22.070698 1.171348 37.359898
v 22.462799 1.955628 36.837101
v 22.086998 0.713852 37.343601
v 22.495499 1.105991 36.787998
v 22.086998 0.240017 37.343601
v 22.234100 0.240017 37.147499
v 22.495499 0.240017 36.755398
v 22.577198 0.877243 36.444901
v 22.577198 1.498128 36.477600
v 22.528198 3.197398 36.542999
v 22.479198 3.279098 36.150799
v 22.577198 0.240017 36.444901
v 22.560898 0.240017 36.248898
v 22.479198 3.115708 36.150799
v 22.528198 0.240017 36.069099
v 22.381100 3.132048 35.758698
v 22.430199 1.514468 35.693298
v 20.910599 1.432778 32.980999
v 20.910599 0.517780 32.964699
v 22.446499 0.240017 35.693298
v 21.809299 0.240017 34.255501
v 20.910599 0.240017 32.964699
v 20.747200 0.240017 32.834000
v 20.551199 0.240017 32.785000
v 20.551199 0.517780 32.785000
v 18.900900 1.367418 32.752300
v 20.534800 1.432778 32.801300
v 18.884600 1.873928 32.768600
v 18.851900 2.494818 32.785000
v 20.469500 3.540518 32.882999
v 18.819201 3.295438 32.834000
v 18.819201 3.311768 32.834000
v 18.819201 3.328118 32.834000
v 18.753901 4.733278 32.915699
v 16.760500 1.890268 30.775200
v 18.737499 4.962028 32.948299
v 16.613400 5.011048 30.938599
v 14.129900 1.873928 29.468098
v 13.999199 4.994708 29.631500
v 11.335899 1.873928 28.716499
v 11.205200 4.978368 28.896198
v 8.574600 1.890268 28.324398
v 8.525600 3.279098 28.389698
v 8.460199 4.978368 28.504101
v 7.430799 5.778978 28.896198
v 7.561600 3.115708 28.700199
v 6.940701 5.778978 29.958298
v 6.826300 6.024068 29.974598
v 7.316500 6.007728 28.961601
v 7.153099 6.089428 29.010601
v 8.394800 6.122108 28.602100
v 10.894699 8.017448 29.223000
v 8.133400 8.001108 28.830898
v 6.973299 6.122108 28.487801
v 7.675900 6.122108 28.847198
v 6.956999 6.122108 29.092300
v 6.630199 6.122108 29.811199
v 5.568199 6.122108 28.422398
v 3.999599 6.122108 29.811199
v 2.823199 6.122108 28.455101
v 5.453800 7.984768 28.667500
v 5.388399 10.925828 29.223000
v 2.823199 8.262538 28.732800
v 2.823199 10.991128 29.255699
v 2.496400 7.527268 28.651199
v 2.823199 7.756018 28.667500
v 2.643499 6.122108 28.471401
v 2.463699 6.122108 28.487801
v 2.496400 7.167808 28.602100
v 2.137000 6.122108 28.389698
v 1.368999 6.122108 29.811199
v 1.940900 6.122108 28.112000
v 1.663099 6.122108 27.278700
v 1.417999 6.122108 26.788500
v 1.025900 6.122108 26.804800
v 1.221999 6.122108 26.788500
v 1.417999 8.115479 26.788500
v 1.221999 8.115479 26.788500
v 1.025900 8.115479 26.804800
v 0.862499 8.115479 27.360399
v 0.862499 6.122108 27.360399
v 0.764500 6.122108 27.801498
v 0.764500 8.115479 27.801498
v 0.699100 6.122108 27.932199
v 0.699100 8.115479 27.932199
v 0.535700 6.122108 27.997599
v 0.535700 8.115479 27.997599
v 1.989900 8.115479 28.324398
v -0.313900 8.115479 29.027000
v 2.186000 8.115479 28.634800
v 1.973599 7.167808 28.209999
v 1.679500 8.115479 27.327700
v 2.512799 8.115479 28.732800
v 0.012899 10.550028 29.402798
v -2.013181 8.115479 29.353699
v -3.516390 8.115479 29.762199
v -2.764780 10.533628 29.941898
v -4.856190 8.115479 30.236000
v -5.493421 10.484628 30.856899
v -6.081630 8.115479 30.775200
v -7.437780 8.115479 31.526798
v -8.025990 10.419328 32.229401
v -8.663210 8.115479 32.360100
v -9.725261 8.115479 33.209801
v -10.280789 10.386628 34.059399
v -11.636938 8.115479 35.219498
v -11.718634 8.115479 35.317501
v -12.127112 10.419328 36.314198
v -13.368891 8.115479 37.817398
v -13.532280 10.484628 38.830399
v -14.365570 8.115479 39.941498
v -14.643340 8.115479 40.709400
v -14.496290 10.533628 41.542698
v -15.100830 8.115479 42.245300
v -15.068160 10.582727 44.336700
v -15.558331 8.115479 44.663498
v -15.721720 8.115479 47.163399
v -15.166190 10.925828 47.163399
v -14.251201 13.507428 44.467400
v -15.133511 11.072828 47.163399
v -14.316561 13.736128 47.163399
v -13.042100 16.268728 44.663498
v -14.283880 13.801528 47.163399
v -13.875401 14.798228 47.163399
v -13.058440 16.415728 47.163399
v -11.277477 18.784927 45.202698
v -11.195782 18.784927 43.928299
v -12.715321 16.268728 42.114601
v -11.048729 18.784927 42.408699
v -10.868999 18.784927 41.183300
v -12.094434 16.252327 39.565701
v -13.793700 13.491028 41.771500
v -12.960410 13.442028 39.124500
v -11.016050 16.219728 37.098499
v -11.702294 13.393028 36.608299
v -9.398480 16.203327 34.941700
v -9.937671 13.360328 34.402500
v -7.225370 16.219728 33.324100
v -7.715540 13.393028 32.637897
v -4.758161 16.252327 32.262100
v -5.199320 13.442028 31.396099
v -2.209260 16.268728 31.657600
v -2.552381 13.474728 30.611900
v 0.323299 16.268728 31.347099
v 0.143600 13.491028 30.187000
v 2.823199 16.497427 31.363400
v 2.823199 14.193627 30.252399
v 2.823199 13.801528 30.105301
v 2.823199 13.638128 30.040001
v 2.823199 11.301628 29.337399
v 5.028999 13.719828 30.072701
v 7.267399 13.736128 30.203400
v 5.110699 16.366728 31.314400
v 7.430799 16.383127 31.477798
v 9.571301 13.736128 30.497498
v 9.816299 16.383127 31.853600
v 11.907799 13.752528 31.020298
v 12.234499 16.383127 32.539898
v 14.178900 13.752528 31.918999
v 14.473000 16.383127 33.732601
v 16.205000 13.752528 33.324100
v 16.270300 16.383127 35.529900
v 17.642799 13.883228 35.170498
v 17.708200 14.226328 35.595299
v 17.463100 16.383127 37.768398
v 18.051300 14.896228 37.016800
v 18.623100 15.353728 39.663700
v 19.472799 14.994227 37.507000
v 19.636200 15.321028 39.663700
v 19.864899 14.912528 38.029800
v 19.832199 14.585828 36.787998
v 19.456400 14.553128 36.216198
v 19.848600 13.915828 35.562599
v 19.538099 13.376728 34.794701
v 17.757200 12.102228 34.108398
v 17.708200 12.919228 34.876400
v 19.717899 11.987828 34.108398
v 18.034899 10.615328 33.765301
v 18.002300 10.844128 33.814301
v 17.855200 11.497727 34.402500
v 17.757200 12.053227 34.598598
v 17.773500 11.938828 34.565899
v 17.757200 12.020528 34.598598
v 17.757200 12.004228 34.614899
v 16.155899 12.445328 34.811001
v 17.691799 12.363627 34.876400
v 16.744101 12.641428 35.007099
v 17.512100 12.886528 35.252201
v 16.613400 12.625128 35.007099
v 16.793200 14.062928 36.559299
v 17.691799 12.935528 35.301201
v 17.740799 13.932228 36.052799
v 17.757200 13.491028 35.725998
v 17.887899 14.569427 36.314198
v 18.345400 15.124928 38.340298
v 17.887899 14.128327 36.624699
v 17.871500 14.062928 36.559299
v 17.528400 14.095628 36.591999
v 16.417400 14.210028 36.673698
v 16.139599 13.523727 35.578899
v 15.093899 14.275328 34.909000
v 16.254000 11.759128 34.549599
v 15.338999 11.644728 33.585598
v 16.727800 9.455288 34.043098
v 16.825800 8.818058 33.945000
v 15.420700 11.285228 33.503899
v 15.322599 10.631728 33.177101
v 15.142900 10.206928 32.899300
v 14.881500 10.043498 32.686901
v 14.570999 10.190528 32.539898
v 14.603699 8.785388 32.164101
v 14.227900 10.631728 32.490799
v 13.901100 11.285228 32.539898
v 11.793400 8.785388 31.102001
v 11.254200 11.644728 31.722900
v 13.868500 11.644728 32.654198
v 14.865099 11.285228 32.703300
v 13.917500 11.775428 32.719601
v 13.067801 14.291628 33.487499
v 14.342300 12.069528 33.095398
v 14.767099 12.069528 33.356800
v 15.208300 11.808127 33.569199
v 12.594000 15.762228 34.206501
v 12.594000 16.693527 34.958099
v 14.162600 16.693527 36.199799
v 16.499100 14.308028 36.935101
v 14.440300 16.693527 36.526600
v 15.633101 16.693527 38.683399
v 16.842199 14.602128 38.160500
v 18.623100 14.847228 39.729099
v 18.100300 14.308028 37.507000
v 17.887899 14.128327 36.640999
v 18.623100 14.749127 39.729099
v 17.920599 14.242628 37.261898
v 18.084000 14.732828 39.729099
v 17.544800 14.732828 39.810799
v 18.835600 14.912528 41.428398
v 18.851900 15.533428 41.608101
v 18.851900 15.026928 41.608101
v 17.185299 14.814528 39.729099
v 18.851900 15.043228 41.689800
v 17.430399 14.994227 41.575397
v 16.417400 16.693527 41.885899
v 16.057899 16.693527 40.072201
v 15.812799 16.693527 39.206200
v 14.521999 16.693527 42.229000
v 14.293299 16.693527 41.199600
v 14.293299 16.693527 39.238899
v 14.276899 14.700128 41.183300
v 14.276899 14.700128 38.961098
v 13.508999 14.700128 38.961098
v 13.508999 14.700128 41.183300
v 13.492701 16.693527 39.238899
v 13.492701 16.693527 38.193199
v 13.508999 15.451728 38.209499
v 14.276899 15.451728 38.209499
v 14.293299 16.693527 38.193199
v 12.594000 16.693527 39.238899
v 12.594000 16.693527 36.248898
v 12.594000 16.007328 36.363201
v 12.577700 14.700128 35.007099
v 12.577700 14.700128 33.503899
v 11.826099 14.700128 33.193398
v 11.826099 14.700128 35.007099
v 11.809700 15.745828 33.847000
v 10.012400 16.693527 33.961399
v 10.584299 14.308028 32.621601
v 12.218199 14.700128 33.340500
v 8.427500 11.661028 31.200100
v 8.770599 8.785388 30.562798
v 5.796900 8.769048 30.317699
v 9.734699 5.746308 30.252399
v 12.545000 5.762648 30.840599
v 9.897999 2.592848 30.023598
v 7.087700 2.609188 29.729500
v 7.055000 3.164718 29.762199
v 7.659599 0.240017 28.585800
v 7.136700 0.240017 29.647800
v 7.659599 0.240017 29.696899
v 7.561600 0.240017 29.680500
v 8.084400 -0.903722 29.762199
v 7.986399 0.240017 29.713200
v 8.035400 -0.331853 29.729500
v 8.329500 0.240017 28.994301
v 8.509199 0.240017 29.076000
v 8.198799 0.240017 29.745899
v 8.492899 -0.756671 29.157700
v 11.466600 0.240017 29.517097
v 11.580999 -0.756671 29.631500
v 12.953499 0.240017 29.876598
v 13.051500 -0.756671 29.991001
v 14.244299 0.240017 30.317699
v 14.309599 -0.756671 30.432098
v 14.930500 0.240017 30.546501
v 14.881500 -0.756671 30.677200
v 17.234299 0.240017 32.098698
v 17.332399 -0.756671 32.294800
v 17.365000 -0.152122 32.278400
v 17.626499 -0.478906 32.572498
v 17.691799 -0.429888 32.637897
v 18.263700 -0.903722 33.275101
v 18.312700 -0.331853 33.258801
v 18.917299 0.240017 33.242500
v 18.378099 0.240017 33.258801
v 17.936899 -0.168462 32.866600
v 18.263700 -0.250158 33.258801
v 17.446699 -0.250158 33.275101
v 17.871500 0.240017 33.275101
v 17.430399 0.240017 33.275101
v 17.185299 -0.756671 32.980999
v 17.463100 -0.756671 33.275101
v 18.198299 -0.756671 33.258801
v 15.796499 -0.756671 31.837299
v 15.763800 0.240017 31.853600
v 14.162600 -0.756671 31.003998
v 13.459999 0.240017 30.775200
v 13.966499 -0.756671 30.922298
v 11.482899 -0.756671 30.203400
v 10.862099 0.240017 30.105301
v 8.231499 -0.756671 29.713200
v 12.708399 2.609188 30.611900
v 15.306299 2.609188 31.673901
v 15.126600 5.762648 31.886299
v 17.168999 5.942368 33.569199
v 17.283300 4.194088 33.422199
v 17.365000 2.331428 33.324100
v 18.786499 4.128728 33.373199
v 18.819201 3.246418 33.340500
v 18.851900 2.560178 33.389500
v 18.786499 4.145068 33.373199
v 18.770199 4.504528 33.503899
v 17.806200 2.870618 33.438499
v 18.917299 0.240017 33.340500
v 17.887899 0.240017 33.373199
v 17.789900 0.240017 33.569199
v 17.691799 0.240017 33.765301
v 17.610100 2.886958 33.830700
v 17.969599 1.792238 34.239098
v 17.904200 3.442488 34.304501
v 17.479399 5.337828 34.010399
v 17.740799 5.877018 34.500599
v 17.577400 7.494588 34.696598
v 17.267000 7.527268 34.255501
v 17.316000 9.291898 34.958099
v 16.989199 9.455288 34.533199
v 17.185299 9.438948 34.124798
v 17.479399 7.494588 33.847000
v 17.724499 9.438948 34.108398
v 18.247299 9.438948 34.108398
v 18.606800 6.612278 33.699898
v 17.675499 5.321488 33.601898
v 18.672199 5.729968 33.340500
v 18.753901 4.684258 33.079098
v 18.753901 4.602568 33.128098
v 18.770199 4.292128 33.389500
v 18.606800 6.530588 33.601898
v 18.606800 6.644958 33.601898
v 18.606800 6.661298 33.618198
v 18.606800 6.661298 33.601898
v 18.590500 6.677638 33.601898
v 18.557800 7.118798 33.160801
v 18.590500 6.792008 33.569199
v 18.508801 7.461918 33.307800
v 18.704800 5.386848 32.980999
v 18.492399 7.576288 33.226101
v 18.737499 4.978368 32.948299
v 20.289700 6.563268 33.144398
v 20.257099 7.004418 33.193398
v 20.028299 9.504308 33.552898
v 18.459799 7.984768 33.291500
v 18.247299 9.536988 33.503899
v 20.142700 11.514028 34.173798
v 20.224400 9.536988 33.618198
v 20.387800 9.536988 33.749001
v 20.665499 6.563268 33.340500
v 20.469500 3.654898 32.882999
v 20.845299 3.556858 33.062698
v 20.845299 3.654898 33.079098
v 22.234100 6.007728 35.987400
v 20.632900 7.020758 33.389500
v 22.119701 7.478258 36.167198
v 22.315800 6.236478 36.412201
v 22.413799 4.651578 36.248898
v 21.939999 9.095828 36.412201
v 22.005299 9.063148 36.608299
v 21.809299 10.157827 36.640999
v 22.054401 9.030468 36.804398
v 22.005299 9.373588 36.869698
v 22.348499 6.285498 36.771698
v 22.283100 7.135128 36.853401
v 22.201401 7.919408 36.951401
v 22.119701 8.752707 37.082100
v 22.037998 9.471628 37.245499
v 21.825600 10.795128 37.310898
v 21.988998 9.929128 37.392601
v 21.776600 11.481328 37.931801
v 21.939999 10.321228 37.556000
v 21.890999 10.778728 37.882801
v 21.792900 11.824428 38.683399
v 21.874599 11.105528 38.274899
v 21.890999 11.350628 38.797798
v 21.858299 12.036828 39.990498
v 21.907299 11.448627 39.075500
v 21.907299 11.514028 39.385998
v 21.939999 11.563027 39.696400
v 21.956299 11.612028 40.023201
v 21.874599 12.053227 40.251900
v 21.972698 11.644728 40.317299
v 22.054401 12.053227 43.095001
v 21.988998 11.661028 40.611401
v 22.005299 11.677428 40.889198
v 22.054401 11.661028 41.444698
v 22.086998 11.595728 41.885899
v 22.136101 11.448627 42.229000
v 22.234100 11.072828 42.588398
v 22.364799 10.451928 42.817200
v 22.119701 12.053227 45.856300
v 22.446499 9.961798 42.882500
v 22.544498 9.406268 42.915199
v 22.626198 9.291898 45.464100
v 22.037998 12.036828 48.552200
v 22.544498 9.275558 48.013000
v 22.299500 9.275558 50.529301
v 21.792900 12.020528 51.150101
v 21.923698 9.259218 53.029099
v 21.400799 12.020528 53.698997
v 21.449799 9.259218 55.512699
v 20.828899 12.069528 56.525700
v 20.779900 11.791828 56.966900
v 20.763599 11.023828 57.538700
v 20.861599 9.504308 57.963600
v 20.894299 9.079488 58.045300
v 20.926998 6.906388 58.715199
v 20.812599 9.536988 58.126999
v 20.747200 9.569668 58.290298
v 18.933599 9.014138 61.198696
v 19.113300 6.154778 61.607197
v 19.129700 5.958718 61.623501
v 21.025002 4.847658 58.943901
v 21.172100 3.752928 58.731499
v 21.123001 5.060068 58.617100
v 21.041298 6.841028 58.404701
v 21.694901 6.350858 55.757801
v 21.809299 3.328118 56.084599
v 22.332100 3.328118 53.453999
v 22.201401 6.350858 53.192501
v 22.757000 3.328118 50.806999
v 22.593601 6.367188 50.643600
v 23.051098 3.328118 48.176399
v 22.871300 6.367188 48.078400
v 23.165401 3.328118 45.562199
v 22.969398 6.367188 45.496799
v 23.116398 3.573198 42.947899
v 23.083698 4.177748 42.947899
v 23.051098 4.733278 42.947899
v 23.018398 5.272468 42.947899
v 22.952999 5.926038 42.947899
v 22.903999 6.530588 42.947899
v 22.822300 7.249508 42.947899
v 22.757000 7.886738 42.947899
v 22.675301 8.458598 42.947899
v 23.149101 2.837938 42.947899
v 23.165401 2.020978 42.947899
v 23.181801 1.171348 42.947899
v 23.247101 0.240017 45.431499
v 23.198101 0.240017 42.947899
v 23.181801 -0.674976 42.947899
v 23.165401 -1.540952 42.947899
v 23.149101 -2.341572 42.947899
v 23.116398 -3.093172 42.947899
v 23.165401 -2.848082 45.562199
v 23.149101 0.240017 47.718899
v 23.051098 -2.848082 48.176399
v 22.936699 0.240017 50.039101
v 22.757000 -2.848082 50.806999
v 22.609901 0.240017 52.244900
v 22.332100 -2.831742 53.453999
v 22.136101 0.240017 54.793800
v 21.809299 -2.831742 56.084599
v 21.662201 0.240017 56.983200
v 21.188400 2.870618 58.796898
v 21.694901 -5.854482 55.757801
v 20.894299 -8.583122 58.045300
v 21.449799 -8.762852 55.512699
v 22.201401 -5.870822 53.192501
v 21.923698 -8.779192 53.029099
v 22.593601 -5.870822 50.643600
v 22.299500 -8.779192 50.529301
v 22.871300 -5.870822 48.078400
v 22.544498 -8.795532 48.013000
v 22.969398 -5.887162 45.496799
v 22.626198 -8.795532 45.464100
v 22.903999 -6.050552 42.947899
v 22.822300 -6.753132 42.947899
v 22.757000 -7.390362 42.947899
v 22.675301 -7.978572 42.947899
v 22.544498 -8.909903 42.915199
v 22.119701 -11.556872 45.856300
v 22.054401 -11.573173 43.095001
v 22.446499 -9.481772 42.882500
v 22.364799 -9.955572 42.817200
v 22.234100 -10.592873 42.588398
v 22.136101 -10.952272 42.229000
v 22.086998 -11.099372 41.885899
v 21.874599 -11.573173 40.251900
v 22.054401 -11.181072 41.444698
v 22.005299 -11.197372 40.889198
v 21.988998 -11.181072 40.611401
v 21.972698 -11.148372 40.317299
v 21.956299 -11.115672 40.023201
v 21.858299 -11.540472 39.990498
v 21.939999 -11.082973 39.696400
v 21.792900 -11.328073 38.683399
v 21.907299 -11.017673 39.385998
v 21.907299 -10.952272 39.075500
v 21.890999 -10.870572 38.797798
v 21.874599 -10.625472 38.274899
v 21.776600 -11.001272 37.931801
v 21.890999 -10.298772 37.882801
v 21.662201 -11.311772 37.719398
v 21.662201 -11.720272 38.585400
v 19.832199 -14.105772 36.787998
v 19.848600 -13.435872 35.562599
v 19.472799 -14.497872 37.507000
v 19.864899 -14.432572 38.029800
v 19.930300 -14.677572 39.680099
v 19.815899 -14.759273 39.663700
v 21.727600 -11.965272 39.957798
v 20.992298 -13.256072 39.827099
v 21.988998 -11.801972 42.702801
v 22.037998 -11.916272 44.271400
v 21.809299 -11.752872 39.974201
v 22.037998 -11.981672 45.709198
v 21.972698 -12.046972 48.045700
v 22.037998 -11.540472 48.552200
v 21.825600 -12.063373 50.022701
v 21.792900 -11.540472 51.150101
v 21.482498 -11.997972 52.784100
v 21.400799 -11.524172 53.698997
v 21.172100 -11.916272 54.646698
v 20.828899 -11.573173 56.525700
v 21.123001 -12.128673 54.646698
v 20.779900 -11.311772 56.966900
v 20.763599 -10.527472 57.538700
v 20.861599 -9.024272 57.963600
v 20.812599 -9.040612 58.126999
v 20.747200 -9.073292 58.290298
v 19.962999 -9.285702 59.662800
v 20.926998 -6.426352 58.715199
v 21.041298 -6.361002 58.404701
v 19.113300 -5.674752 61.607197
v 19.129700 -5.478682 61.623501
v 18.884600 -2.799062 62.015697
v 18.917299 -0.952742 62.080997
v 18.410700 -2.684692 62.032001
v 18.410700 -2.766382 62.015697
v 18.410700 -2.717372 62.032001
v 18.410700 -2.766382 62.032001
v 18.378099 -3.240222 61.982998
v 18.329000 -4.416642 61.901302
v 18.345400 -4.040842 61.803303
v 18.329000 -4.416642 61.819599
v 18.296400 -4.825112 61.264103
v 18.329000 -4.204232 61.476498
v 18.329000 -4.204232 61.411098
v 18.345400 -3.893782 61.443798
v 18.378099 -3.272902 61.492802
v 17.250700 -5.151902 61.198696
v 18.132999 -6.834832 61.035297
v 18.214699 -5.870822 61.247700
v 18.198299 -6.311982 61.705196
v 18.329000 -4.481992 61.868603
v 18.329000 -4.481992 61.901302
v 18.770199 -5.478682 61.786900
v 18.329000 -4.514672 61.901302
v 18.149300 -6.687782 61.639896
v 15.845499 -7.553752 63.388203
v 18.149300 -6.736792 61.639896
v 18.149300 -6.769472 61.623501
v 18.100300 -7.325002 61.558201
v 18.100300 -7.275982 61.541798
v 18.770199 -5.674752 61.770596
v 15.976200 -4.514672 63.796597
v 16.041599 -1.393902 64.009003
v 18.443399 -1.638982 62.080997
v 16.270300 0.240017 63.927296
v 14.048199 0.240017 64.907700
v 13.999199 0.240017 64.940407
v 14.064499 0.240017 64.940407
v 13.917500 0.240017 64.973000
v 13.966499 0.240017 64.940407
v 13.721399 0.240017 65.054802
v 13.672400 0.240017 65.071106
v 13.656000 0.240017 65.071106
v 13.639700 0.240017 65.071106
v 16.041599 1.873928 64.009003
v 16.662500 0.240017 63.665897
v 16.695099 0.240017 63.665897
v 16.678801 0.240017 63.649601
v 16.695099 0.240017 63.649601
v 16.776800 0.240017 63.600597
v 17.103600 0.240017 63.371799
v 17.038300 0.240017 63.371799
v 17.103600 0.240017 63.306499
v 18.443399 -1.557292 62.080997
v 18.443399 -1.540952 62.080997
v 18.443399 -1.508272 62.080997
v 18.443399 -1.442912 62.080997
v 18.917299 0.240017 62.097401
v 18.443399 -1.491932 62.064701
v 18.917299 1.449108 62.080997
v 19.113300 0.240017 62.064701
v 18.427099 -2.325232 62.048397
v 18.410700 -2.504962 61.901302
v 18.410700 -2.717372 61.999302
v 18.378099 -3.289242 61.590900
v 18.427099 -2.243532 61.541798
v 18.427099 -2.210852 61.672596
v 18.427099 -2.145502 61.558201
v 16.858500 -2.080142 61.525501
v 16.907499 -0.903722 61.558201
v 17.855200 -0.903722 61.590900
v 15.486000 -0.903722 62.620197
v 17.381399 -0.903722 62.048397
v 17.414099 0.240017 62.080997
v 17.201599 -0.233820 62.211697
v 17.348700 -0.756671 62.015697
v 17.806200 -0.756671 61.590900
v 17.119900 -0.756671 61.574497
v 17.152599 -0.756671 62.195400
v 16.972900 -0.756671 61.574497
v 15.600399 -0.756671 62.620197
v 16.956600 -0.250158 61.574497
v 15.894499 -0.756671 63.126698
v 17.119900 -0.462567 62.260799
v 16.646099 -0.331853 62.636600
v 16.858500 -0.037748 62.522198
v 17.054600 0.240017 62.407803
v 15.927200 0.240017 63.192097
v 14.162600 -0.756671 63.960003
v 14.178900 -0.756671 63.322796
v 13.705099 -0.756671 63.518902
v 13.901100 -0.756671 64.058105
v 13.901100 -0.250158 64.107101
v 14.031799 0.240017 64.107101
v 13.901100 0.240017 64.156105
v 14.031799 0.240017 64.139801
v 13.917500 0.240017 64.188805
v 13.754099 -0.331853 64.205101
v 14.097200 0.240017 64.107101
v 15.763800 0.240017 63.355503
v 13.786800 -0.903722 64.139801
v 13.427299 -0.331853 63.306499
v 13.459999 0.240017 63.502499
v 13.639700 0.240017 64.009003
v 13.672400 0.240017 64.090706
v 13.705099 0.240017 64.188805
v 13.737700 0.240017 64.270500
v 13.541700 -0.903722 63.241100
v 12.087500 0.240017 63.714901
v 12.741100 0.240017 63.535198
v 11.777000 2.641868 63.698597
v 10.992800 4.945688 63.698597
v 11.875099 6.579598 63.322796
v 9.783699 6.939058 63.682301
v 8.868700 8.001108 63.649601
v 10.943699 9.046808 63.110401
v 11.466600 9.259218 62.947002
v 11.188799 9.242878 64.515602
v 11.025400 9.177527 64.564606
v 11.058100 9.193868 64.564606
v 10.976400 9.046808 64.613602
v 11.009100 9.112167 64.597305
v 11.025400 9.177527 64.580902
v 11.270500 9.422607 64.466507
v 11.303200 9.422607 64.319504
v 11.254200 9.406268 64.482903
v 11.270500 9.406268 64.482903
v 11.270500 9.422607 64.482903
v 11.270500 9.438948 64.466507
v 11.352200 9.389937 64.466507
v 11.417599 9.324578 64.450203
v 11.270500 9.438948 64.450203
v 11.286900 9.455288 64.466507
v 12.643000 7.641648 64.433907
v 11.433899 9.095828 64.482903
v 11.270500 10.043498 64.335800
v 11.303200 10.010818 64.335800
v 11.286900 10.043498 64.335800
v 11.695400 9.733058 62.783596
v 11.270500 10.059838 64.335800
v 11.221500 10.190528 64.303200
v 11.564600 10.108858 62.718296
v 13.525299 8.409588 62.473202
v 11.646299 9.536988 62.832600
v 11.417599 9.733058 64.352203
v 11.417599 9.733058 64.368500
v 13.623400 7.837718 62.783596
v 13.410999 10.484628 61.999302
v 13.459999 11.089228 62.080997
v 13.394600 11.710128 61.884998
v 13.247601 12.281928 61.427502
v 13.067801 13.817828 60.790203
v 13.084200 14.340728 60.806599
v 14.734400 11.644728 61.182400
v 16.433701 8.507618 60.904598
v 15.845499 11.693727 60.267399
v 16.205000 9.945468 60.659496
v 18.181999 6.824688 61.198696
v 18.165600 6.939058 61.182400
v 18.181999 6.808348 61.198696
v 18.214699 6.350858 61.247700
v 18.214699 6.383538 61.362103
v 18.312700 5.174438 61.835903
v 18.329000 4.896668 61.819599
v 18.345400 4.520868 61.803303
v 17.789900 9.945468 60.708500
v 17.969599 8.654668 61.100697
v 18.165600 7.135128 61.313099
v 18.165600 7.069778 61.296696
v 17.789900 9.945468 60.659496
v 17.789900 10.043498 61.198696
v 17.740799 10.223228 60.610500
v 17.201599 13.017228 59.777199
v 17.185299 13.115228 59.662800
v 17.185299 13.196928 59.711899
v 15.796499 11.889828 60.218403
v 17.185299 13.229628 59.695499
v 17.168999 13.278627 59.695499
v 17.185299 13.229628 59.711899
v 17.185299 13.327628 59.630199
v 17.185299 13.703428 59.205299
v 16.907499 13.768827 59.156300
v 16.139599 13.147928 59.613800
v 16.417400 13.915828 59.025600
v 16.155899 13.948528 58.976601
v 15.976200 12.935528 59.254398
v 16.155899 13.981228 58.943901
v 16.172300 14.013927 58.911198
v 16.400999 14.553128 58.012600
v 16.205000 14.210028 57.816498
v 16.482700 13.703428 57.849201
v 16.351999 12.690428 58.894897
v 16.188601 11.677428 59.760899
v 16.678801 10.991128 59.483101
v 18.034899 9.716718 59.728199
v 17.740799 12.690428 58.862198
v 19.309401 10.811428 57.244598
v 19.407400 9.340918 57.653099
v 18.851900 9.487967 58.682499
v 19.603500 6.399868 58.143299
v 18.312700 5.926038 60.300098
v 19.685200 4.488188 58.355698
v 18.410700 3.687568 60.496098
v 19.717899 3.230078 58.453701
v 18.443399 1.971968 60.577801
v 19.750500 1.726878 58.519100
v 19.211399 0.240017 59.630199
v 18.476099 0.240017 60.610500
v 17.642799 0.240017 60.643200
v 17.463100 0.240017 60.855602
v 17.593800 -1.835052 60.594196
v 17.201599 -2.570312 60.986301
v 17.495699 -3.926462 60.463497
v 17.070900 -5.151902 60.790203
v 17.316000 -6.442692 60.202000
v 16.858500 -7.423042 60.496098
v 16.923899 -9.269362 59.744499
v 16.548100 -9.400072 60.153000
v 16.744101 -9.481772 60.577801
v 17.038300 -7.439382 60.920902
v 17.267000 -9.432753 60.594196
v 17.789900 -9.449092 60.610500
v 18.034899 -7.521072 61.198696
v 18.165600 -6.638762 61.313099
v 18.165600 -6.589742 61.296696
v 18.165600 -6.442692 61.198696
v 18.165600 -6.442692 61.182400
v 18.181999 -6.344652 61.198696
v 18.181999 -6.328322 61.198696
v 16.711500 -5.168242 61.296696
v 16.727800 -4.906812 61.313099
v 15.338999 -5.217252 62.326099
v 15.420700 -2.047462 62.587498
v 13.688700 -5.200922 63.126698
v 13.705099 -3.632362 63.290096
v 13.688700 -2.047462 63.404499
v 15.289999 -0.903722 62.734600
v 13.688700 -0.903722 63.453503
v 15.338999 -0.903722 63.469898
v 15.861799 -0.903722 63.175701
v 15.943501 0.240017 63.241100
v 15.992500 0.240017 63.208401
v 16.662500 0.240017 62.767300
v 17.054600 0.174660 62.391499
v 17.070900 0.240017 62.407803
v 17.070900 0.174660 62.375103
v 17.054600 0.207338 62.407803
v 13.607000 -3.681382 63.045002
v 12.022100 -2.978792 63.600597
v 11.875099 -6.083232 63.322796
v 10.976400 -4.481992 63.698597
v 9.767300 -6.459032 63.682301
v 11.466600 -8.762852 62.947002
v 11.237900 -8.615802 63.045002
v 8.868700 -7.521072 63.649601
v 10.943699 -8.550442 63.110401
v 10.453600 -8.746512 63.175701
v 10.273800 -9.187673 63.110401
v 10.453600 -9.661502 62.963299
v 8.607300 -9.857573 63.208401
v 10.698700 -9.841232 62.865299
v 11.009100 -9.906572 62.783596
v 11.172499 -11.981672 62.080997
v 11.499300 -9.710522 62.718296
v 11.090799 -9.808552 64.319504
v 11.074499 -9.808552 64.319504
v 11.107100 -9.792212 64.319504
v 11.123499 -9.726862 64.335800
v 10.731300 -9.857573 64.384804
v 11.368599 -9.530792 63.861996
v 10.829399 -9.841232 63.763996
v 10.339199 -9.743202 64.482903
v 10.306499 -9.530792 63.665897
v 10.126801 -9.530792 64.564606
v 10.126801 -9.514452 64.564606
v 10.143099 -9.563472 64.548203
v 9.636600 -9.547132 64.629906
v 10.159500 -9.628822 64.531906
v 9.685600 -8.860882 64.760605
v 9.309799 -9.171332 64.744301
v 9.816299 -8.991602 64.711601
v 10.110500 -9.465432 64.580902
v 10.126801 -9.498112 64.564606
v 10.126801 -9.498112 64.548203
v 10.306499 -8.909903 63.665897
v 10.420900 -9.220343 63.420803
v 10.551600 -9.563472 63.437199
v 11.205200 -9.563472 63.551601
v 11.335899 -9.220343 63.584202
v 10.551600 -8.893562 63.437199
v 11.205200 -8.893562 63.551601
v 10.878399 -8.762852 63.502499
v 11.368599 -8.909903 63.861996
v 10.829399 -8.599463 63.763996
v 11.025400 -8.697493 64.580902
v 11.270500 -8.942582 64.466507
v 11.270500 -9.563472 64.335800
v 11.303200 -9.514452 64.335800
v 11.286900 -9.547132 64.335800
v 12.348900 -9.579812 64.025406
v 13.214899 -9.710522 63.747601
v 12.643000 -9.726862 63.910999
v 11.270500 -9.579812 64.335800
v 11.221500 -9.710522 64.303200
v 11.564600 -9.628822 62.718296
v 11.188799 -9.726862 64.303200
v 11.303200 -9.530792 64.335800
v 12.757401 -9.726862 63.878300
v 13.100500 -9.808552 63.747601
v 13.084200 -9.857573 63.747601
v 12.250900 -10.886972 63.731297
v 12.348900 -10.968672 64.009003
v 11.286900 -11.605872 64.074402
v 11.205200 -11.573173 63.960003
v 11.107100 -11.605872 63.943699
v 11.254200 -11.458772 63.813000
v 11.597300 -11.262773 63.780300
v 12.201900 -10.886972 63.747601
v 13.035200 -9.890272 63.747601
v 12.283600 -10.984972 63.698597
v 13.214899 -9.906572 63.698597
v 13.051500 -9.890272 63.747601
v 11.254200 -11.605872 63.763996
v 11.221500 -11.475172 63.813000
v 10.976400 -11.605872 63.829296
v 11.205200 -11.491472 63.813000
v 11.107100 -11.507873 63.829296
v 10.012400 -11.932673 63.927296
v 9.734699 -11.524172 64.074402
v 7.937399 -12.210372 64.123405
v 7.986399 -12.014372 64.172401
v 7.986399 -11.981672 64.172401
v 7.921000 -9.759542 64.793304
v 7.496201 -11.279072 64.417503
v 7.610600 -9.759542 64.809700
v 7.545200 -10.053672 64.744301
v 7.806601 -9.661502 64.826004
v 7.839300 -12.128673 64.156105
v 6.025700 -12.292072 64.237801
v 6.515800 -12.357472 64.515602
v 4.898300 -12.471872 64.548203
v 4.440800 -12.390172 64.286804
v 5.976700 -12.079672 64.303200
v 5.993000 -12.096072 64.303200
v 6.287100 -11.916272 64.319504
v 6.172699 -12.373773 64.205101
v 6.287100 -11.916272 64.335800
v 4.506100 -12.488173 64.254105
v 2.823199 -12.520872 64.254105
v 2.823199 -12.569872 64.401207
v 0.895200 -12.504472 64.188805
v 0.699100 -12.586172 64.450203
v -1.408640 -12.390172 63.910999
v 0.682799 -12.373773 64.205101
v -0.313900 -12.357472 64.074402
v -1.343281 -12.308473 63.943699
v -1.359620 -12.308473 63.943699
v -1.359620 -12.226772 63.960003
v -1.441320 -12.128673 63.976398
v -1.539351 -12.226772 63.927296
v -1.408640 -12.308473 63.943699
v -1.572030 -12.243073 63.910999
v -2.307290 -12.030672 63.829296
v -2.470680 -12.210372 64.058105
v -2.977190 -11.801972 63.714901
v -3.238620 -11.736572 63.976398
v -3.696120 -10.919572 63.714901
v -3.222281 -10.886972 63.861996
v -2.683090 -11.262773 63.910999
v -3.892190 -10.658173 63.714901
v -2.732110 -11.033972 63.241100
v -4.921550 -10.086272 62.669201
v -3.075231 -10.756272 63.175701
v -4.839860 -10.004672 62.701900
v -4.872530 -9.988272 62.701900
v -4.905210 -9.383732 62.767300
v -4.954230 -9.939272 62.669201
v -5.133960 -9.808552 62.603901
v -4.888870 -9.988272 62.701900
v -6.816890 -8.713832 63.061398
v -6.800550 -8.566782 61.917599
v -6.898591 -8.485083 61.884998
v -7.895270 -7.619112 62.538502
v -7.290730 -8.092942 61.672596
v -7.388761 -7.978572 61.623501
v -7.323400 -8.043932 61.656200
v -7.339740 -7.978572 61.656200
v -6.947610 -8.125622 61.884998
v -6.931261 -8.141962 61.901302
v -7.372420 -8.141962 61.623501
v -6.865911 -8.517762 61.884998
v -6.849570 -8.501422 61.901302
v -6.784210 -8.452402 61.950298
v -6.702520 -8.338032 62.015697
v -6.865911 -8.648472 61.884998
v -5.199320 -9.759542 62.571201
v -6.294040 -9.285702 63.257496
v -4.774500 -10.266072 63.780300
v -4.006560 -10.625472 63.992702
v -3.957541 -10.641872 63.845699
v -3.107910 -11.948972 63.960003
v -2.993530 -11.899972 63.682301
v -2.307290 -12.259472 63.763996
v -2.503361 -11.948972 63.780300
v -2.388990 -12.324772 64.041702
v -1.473990 -12.488173 64.188805
v 0.127199 -13.109072 64.221504
v -2.568721 -13.092772 63.763996
v 0.323299 -15.821372 63.012402
v -2.209260 -15.821372 62.685596
v 0.045500 -18.304873 61.231396
v 1.581400 -18.304873 61.296696
v 2.823199 -18.304873 61.313099
v 2.823199 -18.582672 60.741199
v 1.891900 -18.582672 60.741199
v 0.699100 -18.582672 60.692196
v 1.908199 -18.697073 60.283703
v 2.823199 -18.697073 60.283703
v 2.823199 -18.664371 60.528797
v 4.653199 -18.697073 60.250996
v 5.061699 -18.582672 60.692196
v 6.074699 -18.697073 60.169399
v 6.760900 -18.582672 60.561497
v 8.541899 -18.697073 59.842598
v 8.329500 -18.582672 60.332699
v 0.731800 -18.697073 60.234699
v -2.045860 -18.582672 60.447102
v -1.947830 -18.304873 61.051701
v -3.826830 -18.304873 60.724903
v -4.905210 -18.598972 59.744499
v -5.918241 -18.304873 60.071301
v -7.143671 -18.615372 58.535400
v -7.535810 -18.304873 59.172699
v -8.744910 -18.304873 58.077900
v -8.728571 -18.615372 56.868801
v -10.003020 -18.304873 56.068199
v -9.855970 -18.598972 54.581398
v -10.787303 -18.304873 53.551998
v -11.097746 -18.304873 51.542301
v -10.493197 -18.582672 51.689301
v -11.261139 -18.304873 49.271099
v -10.672929 -18.582672 49.744999
v -11.310157 -18.304873 47.163399
v -10.738286 -18.582672 47.163399
v -10.199090 -18.697073 50.088100
v -10.019361 -18.697073 51.820000
v -9.774281 -18.697073 53.176201
v -10.525876 -18.664371 47.163399
v -10.738286 -18.582672 46.232098
v -10.297129 -18.697073 47.163399
v -10.280789 -18.697073 46.232098
v -10.280789 -18.697073 46.150398
v -9.708920 -18.697073 45.660198
v -10.133740 -18.697073 43.601498
v -10.248112 -18.697073 45.251698
v -10.705606 -18.582672 45.039299
v -10.444181 -18.582672 42.261700
v -11.228459 -18.304873 44.385700
v -11.048729 -18.304873 42.408699
v -9.741600 -18.598972 39.418598
v -10.542215 -18.304873 39.810799
v -9.496511 -18.304873 37.278198
v -8.516160 -18.615372 37.180199
v -8.091340 -18.304873 35.595299
v -6.865911 -18.615372 35.595299
v -6.065290 -18.304873 34.337200
v -4.578430 -18.598972 34.484200
v -3.549070 -18.304873 33.552898
v -1.539351 -18.304873 33.242500
v -1.686400 -18.582672 33.847000
v 0.715500 -18.304873 33.079098
v 0.257999 -18.582672 33.667301
v 2.823199 -18.582672 33.601898
v 0.862499 -18.697073 34.092098
v -0.738700 -18.697073 34.206501
v -0.461000 -18.697073 34.729298
v 2.823199 -18.697073 34.614899
v 0.257999 -18.419271 34.974400
v 2.823199 -18.419271 34.892700
v -0.134200 -17.700373 35.007099
v -2.062201 -18.419271 35.203098
v -2.536040 -17.700373 35.301201
v -2.895500 -17.700373 35.382900
v -4.464060 -17.700373 35.807701
v -5.019590 -18.419271 36.020100
v -3.124250 -18.697073 35.121498
v -5.166640 -18.697073 35.774998
v -5.084940 -18.697073 35.137798
v -3.091570 -18.697073 34.549599
v -6.637160 -18.697073 35.922100
v -7.061980 -18.697073 37.033100
v -6.980280 -18.419271 37.343601
v -7.192690 -18.697073 37.147499
v -7.780900 -18.697073 36.902401
v -8.548841 -18.697073 39.157200
v -8.793930 -18.697073 38.340298
v -8.793930 -18.697073 39.761799
v -9.447491 -18.697073 39.925198
v -9.986680 -18.697073 42.343399
v -9.431150 -18.697073 42.294300
v -9.120710 -18.419271 42.245300
v -8.303750 -18.419271 39.304298
v -9.055350 -17.700373 41.869499
v -9.349461 -17.700373 44.287701
v -9.365801 -18.419271 44.565498
v -9.120710 -17.700373 46.542500
v -9.137051 -17.700373 47.163399
v -9.137051 -18.697073 47.163399
v -9.104370 -17.700373 47.833298
v -7.209030 -19.072872 49.434498
v -8.271070 -18.925772 47.163399
v -7.388761 -19.056473 47.163399
v -6.604480 -19.023872 49.352798
v -7.061980 -19.072872 47.163399
v -7.192690 -19.072872 44.794201
v -6.735200 -19.023872 47.163399
v -6.653501 -19.023872 45.398800
v -6.408411 -19.023872 43.895599
v -5.215661 -18.697073 44.679901
v -5.444410 -18.697073 47.163399
v -5.444410 -17.700373 47.163399
v -5.444410 -17.700373 47.212399
v -5.150301 -17.700373 47.163399
v -5.117620 -17.700373 48.045700
v -5.101280 -18.729773 48.045700
v -5.133960 -18.729773 47.163399
v -4.284330 -19.203571 50.496601
v -5.035930 -18.729773 48.846298
v -4.905210 -18.729773 49.581600
v -4.758161 -18.729773 50.251499
v -4.562090 -18.729773 50.855999
v -2.879160 -19.203571 52.865799
v -4.267991 -18.729773 51.542301
v -3.941210 -18.729773 52.146801
v -3.565401 -18.729773 52.669701
v -3.140591 -18.729773 53.143497
v -0.493600 -19.203571 54.287300
v -2.666750 -18.729773 53.551998
v -2.143900 -18.729773 53.927799
v -1.539351 -18.729773 54.270901
v -0.869400 -18.729773 54.548698
v -0.248600 -18.729773 54.744801
v 2.823199 -19.203571 54.744801
v 0.421300 -18.729773 54.908100
v 1.156600 -18.729773 55.022499
v 1.957200 -18.729773 55.104198
v 2.823199 -18.958471 54.940800
v 2.823199 -18.729773 55.120598
v 6.156399 -19.203571 54.287300
v 3.705500 -18.729773 55.104198
v 3.264400 -17.700373 55.136898
v 4.293699 -17.700373 55.071499
v 4.914600 -17.700373 55.251301
v 5.453800 -17.700373 55.136898
v 6.009300 -17.700373 54.989799
v 6.091000 -17.700373 54.973499
v 6.695601 -17.700373 54.826500
v 6.074699 -17.700373 54.728401
v 6.809999 -17.700373 54.466999
v 7.136700 -17.700373 54.630398
v 7.643200 -17.700373 54.385300
v 7.774000 -17.700373 54.319901
v 7.398199 -17.700373 54.189198
v 7.202099 -18.729773 54.270901
v 6.515800 -18.729773 54.548698
v 8.525600 -19.203571 52.865799
v 5.911299 -18.729773 54.744801
v 5.241400 -18.729773 54.908100
v 4.506100 -18.729773 55.022499
v 5.241400 -17.700373 54.924500
v 6.172699 -19.448671 51.885399
v 4.865601 -19.448671 52.604298
v 2.823199 -19.334272 53.878799
v 2.823199 -19.448671 52.996498
v 4.506100 -19.350573 51.607601
v 2.823199 -19.448671 52.440899
v 0.633800 -19.448671 52.538998
v 2.823199 -19.350573 51.885399
v 1.025900 -19.350573 51.558598
v -0.657001 -19.448671 51.787399
v -0.036201 -19.350573 50.954098
v 1.630400 -19.089172 50.790699
v 2.823199 -19.089172 50.970398
v 3.721900 -19.089172 50.872398
v 4.685900 -19.089172 50.480198
v 5.584499 -19.350573 51.035801
v 5.519199 -19.089172 49.859398
v 6.613899 -19.350573 50.039101
v 6.336100 -19.089172 48.617599
v 7.218399 -19.350573 48.977001
v 6.630199 -19.089172 47.163399
v 7.545200 -19.350573 47.163399
v 6.336100 -19.089172 45.709198
v 7.267399 -19.350573 45.496799
v 6.695601 -19.350573 44.418400
v 5.519199 -19.089172 44.483799
v 5.698900 -19.350573 43.372700
v 4.685900 -19.089172 43.846600
v 4.636800 -19.350573 42.784500
v 3.721900 -19.089172 43.470798
v 2.823199 -19.089172 43.372700
v 2.823199 -19.350573 42.441399
v 5.028999 -19.448671 41.787800
v 6.319799 -19.448671 42.555798
v 6.156399 -19.203571 40.055901
v 8.525600 -19.203571 41.477398
v 7.545200 -19.448671 43.813900
v 9.947100 -19.203571 43.846600
v 8.264099 -19.448671 45.120998
v 10.404600 -19.203571 47.163399
v 9.538599 -19.334272 47.163399
v 8.656300 -19.448671 47.163399
v 8.100700 -19.448671 47.163399
v 8.198799 -19.448671 49.369198
v 9.947100 -19.203571 50.496601
v 7.447199 -19.448671 50.660000
v 8.803299 -18.729773 53.143497
v 8.329500 -18.729773 53.551998
v 7.806601 -18.729773 53.927799
v 7.921000 -17.700373 53.878799
v 8.068100 -17.700373 54.091198
v 8.476500 -17.700373 53.780800
v 8.852299 -17.700373 53.486599
v 9.015699 -17.700373 53.355900
v 8.803299 -17.700373 53.143497
v 8.394800 -17.700373 53.535698
v 9.211800 -18.729773 52.669701
v 9.162800 -17.700373 52.767700
v 9.162800 -17.700373 53.192501
v 9.391500 -17.700373 52.882099
v 9.783699 -17.700373 52.408298
v 9.865400 -17.700373 52.293900
v 9.571301 -17.700373 52.212200
v 10.110500 -17.700373 51.820000
v 10.224800 -17.700373 51.575001
v 10.486300 -17.700373 51.035801
v 10.224800 -17.700373 50.872398
v 9.914400 -17.700373 51.591301
v 9.930700 -18.729773 51.542301
v 9.587599 -18.729773 52.146801
v 10.208500 -18.729773 50.855999
v 10.404600 -18.729773 50.251499
v 10.420900 -17.700373 50.267799
v 10.649599 -17.700373 50.431198
v 10.502600 -17.700373 50.970398
v 10.796700 -17.700373 49.842999
v 10.943699 -17.700373 49.287498
v 10.960100 -17.700373 49.189400
v 10.992800 -17.700373 48.797298
v 11.025400 -17.700373 48.143700
v 11.074499 -17.700373 47.473801
v 11.107100 -17.700373 47.163399
v 10.796700 -17.700373 47.163399
v 10.780399 -17.700373 48.045700
v 10.780399 -18.729773 47.163399
v 10.764000 -18.729773 48.045700
v 10.600599 -18.958471 47.163399
v 10.682301 -18.729773 48.846298
v 10.567999 -18.729773 49.581600
v 10.584299 -17.700373 49.581600
v 10.698700 -17.700373 48.846298
v 10.764000 -18.729773 46.297398
v 10.682301 -18.729773 45.496799
v 10.780399 -17.700373 46.297398
v 11.074499 -17.700373 46.820301
v 11.025400 -17.700373 46.182999
v 10.976400 -17.700373 45.529499
v 10.943699 -17.700373 45.006599
v 10.927399 -17.700373 44.973999
v 10.894699 -17.700373 44.761497
v 10.878399 -18.697073 44.679901
v 10.813000 -17.700373 44.451099
v 10.682301 -17.700373 44.009899
v 10.502600 -17.700373 43.372700
v 10.486300 -17.700373 43.291000
v 10.192200 -18.697073 42.604801
v 10.143099 -17.700373 42.751801
v 9.783699 -17.700373 42.180000
v 9.489599 -17.700373 41.722500
v 9.342499 -17.700373 41.477398
v 9.162800 -17.700373 41.199600
v 9.015699 -17.700373 40.970898
v 9.015699 -18.697073 40.970898
v 7.398199 -18.697073 39.810799
v 8.509199 -19.040173 38.846798
v 6.091000 -19.023872 37.931801
v 5.323099 -18.697073 39.124500
v 4.604199 -19.023872 37.686699
v 2.823199 -18.697073 38.895798
v 2.823199 -19.023872 37.605000
v 5.208700 -19.072872 37.147499
v 2.823199 -19.072872 37.278198
v 0.650100 -19.023872 37.735699
v 2.823199 -19.056473 36.951401
v 0.568399 -19.072872 37.131199
v 2.823199 -18.925772 36.069099
v 2.823199 -18.697073 35.203098
v 5.274099 -18.697073 35.268497
v 5.666199 -17.700373 35.301201
v 3.950600 -17.700373 35.235798
v 6.303400 -17.700373 35.039799
v 6.025700 -17.700373 35.317501
v 6.189100 -17.700373 35.350201
v 6.270800 -17.700373 35.350201
v 6.385099 -17.700373 35.366501
v 6.613899 -17.700373 35.399200
v 7.087700 -17.700373 35.464600
v 9.162800 -17.700373 35.513599
v 8.117100 -17.700373 35.284798
v 10.698700 -18.419271 36.036400
v 7.757599 -18.419271 35.219498
v 8.803299 -18.697073 35.121498
v 10.829399 -18.697073 35.791401
v 12.724699 -18.697073 37.016800
v 12.855400 -18.697073 37.147499
v 12.659399 -18.419271 37.359898
v 14.227900 -18.697073 39.173599
v 13.966499 -18.419271 39.320599
v 14.456699 -18.697073 39.761799
v 14.783400 -18.419271 42.294300
v 15.077600 -18.697073 42.310699
v 15.028500 -18.419271 44.598198
v 15.371700 -18.697073 45.676498
v 15.388000 -18.697073 47.163399
v 15.110199 -18.419271 47.163399
v 14.995899 -17.700373 44.238701
v 15.093899 -17.700373 47.163399
v 14.783400 -17.700373 47.016300
v 14.701799 -17.700373 44.385700
v 14.701799 -17.700373 44.320400
v 14.685400 -17.700373 44.091599
v 14.473000 -18.697073 42.294300
v 14.669100 -17.700373 43.960899
v 14.701799 -17.700373 41.804199
v 14.391300 -17.700373 41.934898
v 14.326000 -17.700373 41.542698
v 14.309599 -17.700373 41.411999
v 13.835800 -18.697073 39.810799
v 12.022100 -19.089172 42.114601
v 14.734400 -18.697073 44.728901
v 14.799799 -18.697073 47.163399
v 14.799799 -17.700373 47.163399
v 14.783400 -17.700373 47.310398
v 14.767099 -17.700373 48.731998
v 14.701799 -17.700373 49.908398
v 14.995899 -17.700373 50.055401
v 15.028500 -18.419271 49.761299
v 14.963200 -18.697073 52.702400
v 15.322599 -18.697073 49.548901
v 15.927200 -18.697073 48.731998
v 15.878201 -18.697073 49.761299
v 16.351999 -18.582672 49.385498
v 16.384699 -18.582672 48.127399
v 16.400999 -18.582672 47.163399
v 16.188601 -18.664371 47.163399
v 15.943501 -18.697073 47.163399
v 15.927200 -18.697073 45.562199
v 15.943501 -18.697073 47.833298
v 16.351999 -18.582672 44.941299
v 15.829199 -18.697073 43.911900
v 16.221300 -18.582672 43.225700
v 15.665800 -18.697073 42.490398
v 15.992500 -18.582672 41.673401
v 15.437000 -18.697073 41.134300
v 15.649399 -18.598972 40.219299
v 15.093899 -18.697073 39.876099
v 14.881500 -18.697073 39.255299
v 14.587400 -18.615372 37.768398
v 13.558001 -18.697073 37.016800
v 13.459999 -18.697073 36.902401
v 13.051500 -18.615372 36.020100
v 11.254200 -18.697073 35.350201
v 10.894699 -18.598972 34.729298
v 9.653000 -18.697073 34.762001
v 9.489599 -18.598972 34.255501
v 7.921000 -18.697073 34.386200
v 8.002699 -18.582672 33.945000
v 5.404800 -18.697073 34.124798
v 5.045300 -18.582672 33.650898
v 3.493099 -18.697073 34.059399
v 3.787200 -18.582672 33.601898
v 2.823199 -18.664371 33.814301
v 2.823199 -18.697073 34.043098
v 6.156399 -18.697073 34.729298
v 14.685400 -17.700373 50.202499
v 14.669100 -17.700373 50.365898
v 14.424000 -17.700373 52.359200
v 14.391300 -17.700373 52.555298
v 14.358599 -17.700373 52.718700
v 11.548300 -19.040173 42.310699
v 10.273800 -19.056473 40.251900
v 10.584299 -19.105572 39.990498
v 8.737999 -19.089172 38.454597
v 12.430599 -18.697073 37.572300
v 13.705099 -17.700373 39.467701
v 13.721399 -17.700373 39.549400
v 14.015499 -17.700373 39.467701
v 13.084200 -17.700373 38.356598
v 12.152800 -17.700373 36.935101
v 12.610300 -17.700373 37.327198
v 10.698700 -17.700373 36.052799
v 11.368599 -17.700373 36.771698
v 10.518900 -17.700373 36.297901
v 10.061399 -17.700373 36.150799
v 9.146400 -17.700373 35.856701
v 10.192200 -18.697073 36.150799
v 8.803299 -17.700373 35.758698
v 8.590900 -17.700373 35.676998
v 7.708599 -18.697073 35.513599
v 7.153099 -19.089172 37.670399
v 11.646299 -17.700373 36.918800
v 11.662699 -17.700373 36.935101
v 11.826099 -17.700373 37.082100
v 12.152800 -17.700373 37.343601
v 12.430599 -17.700373 37.572300
v 5.421099 -18.419271 34.974400
v 2.823199 -17.700373 34.909000
v 3.198999 -17.700373 34.909000
v 2.823199 -17.700373 35.203098
v 3.182699 -17.700373 35.219498
v 0.388700 -18.697073 35.268497
v 1.254600 -17.700373 35.235798
v 0.633800 -17.700373 35.268497
v -0.052501 -17.700373 35.301201
v -0.379300 -17.700373 35.317501
v -2.045860 -18.697073 35.513599
v -2.225591 -19.089172 37.980801
v -4.529410 -18.697073 36.150799
v -2.552381 -17.700373 35.611599
v -2.209260 -17.700373 35.562599
v -2.143900 -17.700373 35.562599
v -1.833450 -17.700373 35.513599
v -2.895500 -17.700373 35.676998
v -2.928181 -17.700373 35.693298
v -4.267991 -17.700373 36.101799
v -4.872530 -17.700373 36.297901
v -5.950921 -17.700373 36.542999
v -5.656810 -17.700373 36.706299
v -6.767870 -18.697073 37.572300
v -4.349680 -19.105572 39.418598
v -5.885561 -19.089172 41.264999
v -8.189381 -18.697073 39.810799
v -6.767870 -17.700373 37.572300
v -5.950921 -17.700373 36.918800
v -7.012960 -17.700373 37.392601
v -8.385450 -17.700373 39.533001
v -8.908300 -17.700373 41.183300
v -8.565180 -17.700373 41.117901
v -8.614201 -17.700373 41.264999
v -8.663210 -17.700373 41.411999
v -8.826611 -18.697073 42.294300
v -8.663210 -17.700373 41.477398
v -8.679561 -17.700373 41.575397
v -8.777590 -17.700373 42.032898
v -8.875620 -17.700373 42.800800
v -8.908300 -17.700373 43.095001
v -8.990000 -17.700373 43.781200
v -9.022671 -17.700373 43.960899
v -9.071691 -18.697073 44.728901
v -9.088030 -17.700373 45.186398
v -9.120710 -17.700373 45.905300
v -6.669840 -19.089172 42.849899
v -8.156700 -17.700373 39.843498
v -8.124021 -17.700373 39.712799
v -8.107680 -17.700373 39.696400
v -8.042330 -17.700373 39.467701
v -7.715540 -17.700373 38.830399
v -6.816890 -17.700373 37.637699
v -5.705831 -17.700373 36.738998
v -5.493421 -19.040173 41.477398
v -4.529410 -18.697073 42.604801
v -3.369330 -18.697073 40.970898
v -4.333340 -17.700373 42.229000
v -4.513071 -17.700373 42.621098
v -3.941210 -17.700373 42.180000
v -4.284330 -17.700373 42.784500
v -3.941210 -18.729773 42.196301
v -3.565401 -18.729773 41.673401
v -4.284330 -19.203571 43.846600
v -4.267991 -18.729773 42.800800
v -4.562090 -18.729773 43.470798
v -4.758161 -18.729773 44.091599
v -4.741820 -19.203571 47.163399
v -4.905210 -18.729773 44.761497
v -5.035930 -18.729773 45.496799
v -5.101280 -18.729773 46.297398
v -4.937891 -18.958471 47.163399
v -5.117620 -17.700373 46.297398
v -2.601391 -19.448671 49.205799
v -3.875850 -19.334272 47.163399
v -2.993530 -19.448671 47.163399
v -1.604711 -19.350573 48.846298
v -2.438001 -19.448671 47.163399
v -2.552381 -19.448671 44.973999
v -1.898810 -19.350573 47.163399
v -1.555691 -19.350573 45.366100
v -1.800780 -19.448671 43.683201
v -0.967501 -19.350573 44.304001
v -0.689700 -19.089172 45.709198
v -0.967501 -19.089172 47.163399
v 0.650100 -19.089172 47.163399
v 0.143600 -19.089172 44.483799
v 0.568399 -19.089172 44.107998
v 3.640200 -19.089172 46.019699
v 3.640200 -19.089172 48.323498
v 0.568399 -19.089172 50.235199
v 1.630400 -19.089172 43.552399
v 1.156600 -19.350573 42.735500
v 0.078199 -19.350573 43.307400
v 0.780800 -19.448671 41.738800
v 2.823199 -19.448671 41.346699
v 2.823199 -19.448671 41.902199
v 2.823199 -19.334272 40.464401
v 2.823199 -19.203571 39.598400
v 5.911299 -18.729773 39.582001
v 6.515800 -18.729773 39.778099
v 7.202099 -18.729773 40.072201
v 7.806601 -18.729773 40.398998
v 8.329500 -18.729773 40.774799
v 8.803299 -18.729773 41.199600
v 8.803299 -17.700373 41.183300
v 9.162800 -17.700373 41.575397
v 9.211800 -18.729773 41.673401
v 9.587599 -18.729773 42.196301
v 9.930700 -18.729773 42.800800
v 10.208500 -18.729773 43.470798
v 10.224800 -17.700373 43.454399
v 10.420900 -17.700373 44.075298
v 10.404600 -18.729773 44.091599
v 10.567999 -18.729773 44.761497
v 10.584299 -17.700373 44.745201
v 10.698700 -17.700373 45.496799
v 9.914400 -17.700373 42.751801
v 9.571301 -17.700373 42.130898
v 8.836000 -17.700373 40.856499
v 8.656300 -17.700373 40.742100
v 8.394800 -17.700373 40.807499
v 8.362200 -17.700373 40.562401
v 7.921000 -17.700373 40.464401
v 7.986399 -17.700373 40.317299
v 7.561600 -17.700373 40.055901
v 7.414499 -17.700373 39.957798
v 7.283800 -17.700373 39.876099
v 7.234800 -17.700373 39.859798
v 7.398199 -17.700373 40.153900
v 6.809999 -17.700373 39.876099
v 6.695601 -17.700373 39.500298
v 6.074699 -17.700373 39.614700
v 6.074699 -17.700373 39.336899
v 6.009300 -17.700373 39.320599
v 3.917900 -17.700373 38.977501
v 5.241400 -17.700373 39.402298
v 3.852600 -17.700373 38.977501
v 4.293699 -17.700373 39.271599
v 3.591100 -17.700373 38.961098
v 3.264400 -17.700373 39.206200
v 3.166300 -17.700373 38.928501
v 2.823199 -17.700373 39.189899
v 3.019300 -17.700373 38.912098
v 1.565100 -17.700373 38.977501
v 2.823199 -17.700373 38.895798
v 1.107599 -17.700373 39.010201
v 0.813499 -17.700373 39.042801
v 0.617399 -17.700373 39.091900
v 1.842899 -17.700373 39.222599
v 1.957200 -18.729773 39.238899
v 2.823199 -18.729773 39.206200
v -0.493600 -19.203571 40.055901
v 1.156600 -18.729773 39.304298
v 0.421300 -18.729773 39.434998
v -0.248600 -18.729773 39.582001
v -0.869400 -18.729773 39.778099
v -2.879160 -19.203571 41.477398
v -1.539351 -18.729773 40.072201
v -2.143900 -18.729773 40.398998
v -2.666750 -18.729773 40.774799
v -3.140591 -18.729773 41.199600
v -0.526300 -19.448671 42.441399
v -2.977190 -17.700373 41.019897
v -2.487020 -17.700373 40.627701
v -2.960860 -17.700373 40.660400
v -2.536040 -17.700373 40.317299
v -3.222281 -17.700373 40.856499
v -3.369330 -17.700373 40.970898
v -3.402010 -17.700373 41.019897
v -3.500051 -17.700373 41.166901
v -3.156930 -17.700373 41.183300
v -3.565401 -17.700373 41.232300
v -3.859510 -17.700373 41.624401
v -3.565401 -17.700373 41.657101
v -4.186290 -17.700373 42.049198
v -4.284330 -17.700373 42.180000
v -2.290951 -17.700373 40.121201
v -1.931490 -17.700373 40.251900
v -2.062201 -17.700373 40.006901
v -1.310600 -17.700373 39.941498
v -1.506670 -17.700373 39.745399
v -1.735420 -18.697073 39.810799
v -1.049200 -17.700373 39.516701
v -0.885800 -17.700373 39.467701
v 0.339700 -18.697073 39.124500
v -0.477301 -17.700373 39.369598
v -0.591701 -17.700373 39.663700
v -0.330300 -17.700373 39.320599
v 0.143600 -17.700373 39.467701
v 0.127199 -17.700373 39.206200
v 0.960500 -17.700373 39.320599
v -2.029520 -19.040173 38.438301
v -4.088260 -19.056473 39.729099
v 2.823199 -18.958471 39.402298
v 3.705500 -18.729773 39.238899
v 4.506100 -18.729773 39.304298
v 5.241400 -18.729773 39.434998
v 4.996300 -17.700373 39.059200
v 5.241400 -17.700373 39.108200
v 6.695601 -17.700373 39.516701
v -0.689700 -19.089172 48.617599
v -1.049200 -19.350573 49.924698
v 0.143600 -19.089172 49.859398
v -1.898810 -19.448671 50.529301
v -5.052270 -17.700373 45.496799
v -5.395391 -17.700373 46.248398
v -5.362710 -17.700373 45.741898
v -5.346370 -17.700373 45.431499
v -5.232000 -17.700373 44.957600
v -5.101280 -17.700373 44.451099
v -4.921550 -17.700373 44.745201
v -4.774500 -17.700373 44.075298
v -4.986910 -17.700373 43.928299
v -4.578430 -17.700373 43.454399
v -4.872530 -17.700373 43.438099
v -4.823520 -17.700373 43.291000
v -4.611110 -17.700373 42.833500
v -5.428061 -17.700373 46.771297
v 0.960500 -17.700373 55.022499
v 0.143600 -17.700373 54.875500
v 2.594500 -17.700373 55.431000
v 0.666400 -17.700373 55.284000
v 0.127199 -17.700373 55.169598
v -0.019800 -17.700373 55.136898
v -0.264900 -17.700373 55.071499
v -0.591701 -17.700373 54.663101
v -0.608001 -17.700373 54.957199
v -1.310600 -17.700373 54.401600
v -0.755100 -17.700373 54.908100
v -1.931490 -17.700373 54.074898
v -0.787701 -17.700373 54.908100
v -2.487020 -17.700373 53.715401
v -1.049200 -17.700373 54.826500
v -1.392301 -17.700373 54.613998
v -2.519700 -17.700373 53.895100
v -2.960860 -17.700373 53.617401
v -1.735420 -18.697073 54.532299
v -3.369330 -17.700373 53.355900
v -3.369330 -18.697073 53.355900
v -2.862821 -19.040173 55.496399
v -3.075231 -19.089172 55.888500
v -4.921550 -19.105572 54.352600
v -4.611110 -19.056473 54.091198
v -6.359400 -19.089172 52.212200
v -5.901900 -19.040173 52.016098
v -4.529410 -18.697073 51.738400
v -5.215661 -18.697073 49.663300
v -4.823520 -17.700373 51.035801
v -4.464060 -17.700373 51.640301
v -4.284330 -17.700373 51.558598
v -4.137270 -17.700373 52.130501
v -3.941210 -17.700373 52.163200
v -4.071910 -17.700373 52.244900
v -3.810490 -17.700373 52.669701
v -3.598080 -17.700373 52.980099
v -3.565401 -17.700373 52.686001
v -3.156930 -17.700373 53.143497
v -3.451030 -17.700373 53.225201
v -2.977190 -17.700373 53.323299
v -5.035930 -17.700373 50.365898
v -4.578430 -17.700373 50.872398
v -5.117620 -17.700373 50.120800
v -4.774500 -17.700373 50.267799
v -5.182981 -17.700373 49.810299
v -4.921550 -17.700373 49.581600
v -5.264670 -17.700373 49.401901
v -5.281010 -17.700373 49.336498
v -5.052270 -17.700373 48.846298
v -5.313690 -17.700373 48.911701
v -5.411730 -17.700373 47.653599
v -5.133960 -17.700373 50.022701
v -1.490331 -19.089172 56.656399
v 0.323299 -15.804972 31.347099
v -2.209260 -15.788672 31.673901
v 0.143600 -13.043673 30.187000
v -2.552381 -13.027372 30.628201
v -4.758161 -15.772372 32.278400
v -5.199320 -12.994672 31.412498
v -7.225370 -15.755972 33.324100
v -7.715540 -12.945672 32.654198
v -9.382140 -15.739672 34.958099
v -9.937671 -12.912972 34.402500
v -11.016050 -15.755972 37.114799
v -11.685955 -12.945672 36.624699
v -12.078094 -15.772372 39.565701
v -12.960410 -12.994672 39.124500
v -12.698980 -15.788672 42.114601
v -13.777370 -13.043673 41.771500
v -13.025770 -15.804972 44.663498
v -14.234860 -13.060072 44.467400
v -12.993091 -16.033772 47.163399
v -14.365570 -13.109072 47.163399
v -15.051821 -10.151672 44.336700
v -14.463611 -12.831272 47.163399
v -15.133511 -10.576472 47.163399
v -14.218520 -13.109072 49.875698
v -15.068160 -10.233372 49.728600
v -14.610661 -10.200672 52.277500
v -13.761030 -13.092772 52.555298
v -13.826380 -10.167973 54.744801
v -12.944071 -13.043673 55.202301
v -12.682640 -10.102673 57.097599
v -11.685955 -12.994672 57.718498
v -11.179441 -10.053672 59.254398
v -9.921330 -12.961972 59.924301
v -9.316780 -10.053672 61.117001
v -7.715540 -12.994672 61.672596
v -7.176351 -10.102673 62.636600
v -5.199320 -13.043673 62.947002
v -4.758161 -15.804972 62.064701
v -7.225370 -15.772372 61.002598
v -8.401791 -7.145272 62.244396
v -7.372420 -8.338032 62.783596
v -8.499821 -6.720452 60.937298
v -8.303750 -6.802152 61.084301
v -8.516160 -6.524392 60.953602
v -8.532500 -6.508052 60.937298
v -8.548841 -6.475372 60.920902
v -8.990000 -6.066892 61.901302
v -9.316780 -5.086542 60.398098
v -9.725261 -4.580032 61.394802
v -9.398480 -4.906812 60.332699
v -9.365801 -4.972172 60.349102
v -9.333120 -3.616022 60.479801
v -9.039010 -5.102882 60.626797
v -9.039010 -4.531012 60.675900
v -8.793930 -5.119222 60.839298
v -8.728571 -5.135562 60.904598
v -8.287411 -5.135562 58.829498
v -9.316780 -2.537642 58.649799
v -9.741600 -2.080142 60.185699
v -9.954010 0.240017 60.038601
v -9.659901 0.240017 58.584499
v -9.757940 2.462138 60.169399
v -9.855970 2.543838 60.071301
v -9.904990 1.449108 60.055000
v -10.329807 2.478478 59.989601
v -9.888651 2.968648 60.055000
v -10.395164 2.641868 59.973301
v -9.823290 3.148378 60.071301
v -9.790621 3.589538 60.071301
v -9.708920 4.635248 60.087700
v -9.741600 2.560178 60.185699
v -9.708920 3.034008 60.169399
v -9.627220 3.328118 60.234699
v -9.398480 4.145068 60.398098
v -9.251420 4.504528 60.512501
v -9.137051 4.684258 60.626797
v -9.316780 3.017668 58.649799
v -9.055350 0.762868 55.659698
v -8.679561 3.132048 55.725098
v -8.287411 5.615598 58.829498
v -8.532500 3.671238 55.741398
v -7.813581 5.370508 55.872200
v -6.490110 7.363878 56.100899
v -6.588140 7.429238 56.885201
v -6.702520 7.494588 57.685799
v -5.999940 6.824688 56.999599
v -6.081630 6.873708 57.783798
v -6.800550 6.579598 60.659496
v -6.048950 6.971738 58.061600
v -5.885561 7.167808 58.192299
v -5.607800 7.445578 58.241299
v -5.330030 7.723338 58.290298
v -5.607800 7.837718 60.871899
v -5.624140 6.939058 60.855602
v -6.800550 5.484878 60.659496
v -6.931261 5.533898 61.623501
v -7.764561 3.850968 61.149700
v -7.111001 4.978368 60.594196
v -8.042330 2.690888 60.430798
v -8.205721 2.331428 60.871899
v -8.401791 0.811885 60.757496
v -8.418131 0.240017 60.757496
v -8.352770 0.240017 60.381802
v -8.957320 1.105991 60.283703
v -8.418131 3.622218 60.365398
v -8.091340 2.004648 55.823101
v -7.650190 3.720248 55.904800
v -6.914930 5.321488 56.035500
v -7.290730 5.909698 60.577801
v -5.901900 6.775668 56.215298
v -8.483490 1.400098 55.757801
v -8.254741 0.240017 55.790501
v -8.483490 -0.871045 55.757801
v -7.911611 -2.390582 55.855801
v -8.532500 -3.142182 55.741398
v -8.908300 -1.638982 55.676098
v -8.254741 -3.942802 55.790501
v -6.914930 -4.841452 56.035500
v -7.111001 -6.050552 56.002899
v -6.653501 -7.390362 59.107300
v -5.526100 -7.880532 56.280598
v -4.513071 -9.154992 59.483101
v -6.490110 -8.158302 62.179096
v -8.042330 -6.311982 61.345798
v -8.532500 -5.593052 61.019001
v -8.630541 -5.446002 60.953602
v -8.695890 -5.298952 60.904598
v -9.088030 -4.106192 59.662800
v -8.009650 -6.246622 60.430798
v -8.957320 -6.769472 59.548500
v -10.721947 -4.040842 57.865498
v -10.738286 -2.488622 57.930901
v -9.676240 -1.916752 59.188999
v -10.754624 -0.903722 57.996300
v -10.672929 -0.903722 58.094299
v -10.656590 -0.331853 58.143299
v -10.329807 0.240017 58.551800
v -10.264450 0.240017 58.633499
v -10.084721 0.240017 58.829498
v -10.738286 2.870618 57.947201
v -9.937671 0.240017 58.992901
v -9.872311 0.240017 59.058300
v -9.872311 -1.737022 60.071301
v -10.003020 -0.756671 60.038601
v -10.019361 -0.201140 60.022301
v -10.019361 -0.495245 60.038601
v -10.395164 -2.145502 59.973301
v -10.133740 -0.331853 60.022301
v -10.248112 -0.315515 60.006001
v -10.346146 -0.773011 59.973301
v -10.509538 0.174660 59.956898
v -10.640251 0.240017 59.924301
v -10.525876 0.207338 59.956898
v -10.542215 0.240017 59.940598
v -10.525876 0.240017 59.940598
v -10.166420 0.566798 60.006001
v -10.264450 1.318398 59.989601
v -10.150081 1.628848 60.022301
v -10.329807 2.462138 59.989601
v -10.754624 0.240017 60.643200
v -10.705606 -0.936402 60.675900
v -12.306841 0.240017 58.878601
v -12.404881 -0.952742 58.731499
v -12.437560 0.240017 58.698799
v -12.486570 0.240017 58.617100
v -12.502911 0.240017 58.600800
v -12.927731 0.240017 57.996300
v -12.960410 0.240017 57.947201
v -13.123800 0.240017 57.718498
v -13.319870 0.240017 57.440701
v -13.630310 0.240017 56.934200
v -13.989771 -0.952742 56.248001
v -13.777370 0.240017 56.656399
v -13.940761 0.240017 56.329700
v -13.957100 0.240017 56.313301
v -14.251201 0.240017 55.725098
v -14.708700 0.240017 54.842800
v -15.198871 -0.969082 53.535698
v -14.904770 0.240017 54.287300
v -15.035480 0.240017 53.944099
v -15.051821 0.240017 53.895100
v -15.068160 0.240017 53.846100
v -15.264231 0.240017 53.323299
v -15.525650 0.240017 52.620701
v -15.950470 -0.985422 50.692699
v -15.705380 0.240017 51.836399
v -15.819760 0.240017 51.346199
v -15.836101 0.240017 51.280899
v -16.048500 0.240017 50.333199
v -16.293591 0.240017 47.980400
v -16.277250 -1.001762 47.751598
v -16.032169 -0.903722 47.163399
v -15.966810 0.240017 47.163399
v -15.460300 -0.903722 47.163399
v -14.790390 -0.903722 46.951000
v -14.790390 -0.903722 46.722198
v -14.692360 0.762868 46.722198
v -14.692360 0.762868 46.951000
v -14.790390 -0.903722 47.163399
v -14.708700 0.762868 47.163399
v -14.349230 1.236708 46.951000
v -14.349230 1.236708 47.163399
v -12.649970 1.236708 47.604599
v -14.349230 1.236708 46.722198
v -12.649970 1.236708 46.722198
v -12.225147 -0.380871 46.722198
v -12.225147 -0.380871 47.620899
v -12.078094 -2.929782 47.620899
v -12.078094 -2.929782 46.705898
v -11.947382 -5.495022 47.637199
v -11.947382 -5.495022 46.705898
v -11.816669 -8.060272 47.653599
v -11.816669 -8.060272 46.689598
v -11.685955 -10.609172 47.653599
v -11.685955 -10.609172 46.673199
v -11.555243 -13.174372 47.669899
v -11.555243 -13.174372 46.673199
v -11.408191 -15.723372 47.686199
v -11.408191 -15.723372 46.656898
v -11.408191 -15.739672 47.424801
v -11.408191 -15.739672 47.163399
v -11.408191 -15.739672 46.918301
v -11.048729 -16.213472 45.235401
v -11.244799 -15.984772 47.163399
v -11.097746 -16.213472 47.163399
v -11.081408 -16.213472 48.225399
v -8.516160 -16.213472 48.225399
v -8.467151 -16.213472 45.235401
v -10.999712 -16.213472 44.647198
v -12.486570 -13.762672 46.673199
v -12.257831 -13.811672 43.944599
v -10.738286 -16.213472 42.245300
v -10.705606 -16.213472 42.098301
v -11.734973 -13.844372 41.281300
v -10.003020 -16.213472 39.353298
v -9.954010 -16.213472 39.222599
v -10.803642 -13.893373 38.732399
v -8.810270 -16.213472 37.049500
v -9.398480 -13.909672 36.461300
v -8.058670 -16.213472 36.183498
v -7.274390 -16.213472 35.513599
v -7.486800 -13.909672 34.647598
v -4.970571 -16.213472 34.337200
v -5.150301 -13.893373 33.356800
v -2.241930 -16.213472 33.650898
v -2.552381 -13.860672 32.539898
v 0.306999 -16.213472 33.356800
v 0.143600 -13.827972 32.082397
v 2.839499 -16.213472 33.258801
v 2.855900 -14.024073 32.000698
v 4.947300 -16.213472 33.291500
v 4.277400 -16.213472 35.105099
v 6.973299 -16.213472 35.105099
v 6.940701 -15.118773 35.137798
v 6.907999 -14.007672 35.170498
v 7.594200 -13.207072 34.909000
v 6.123699 -14.007672 35.742298
v 5.568199 -14.007672 36.559299
v 5.568199 -13.207072 36.591999
v 7.528900 -10.217072 34.958099
v 5.551800 -11.654872 36.657299
v 5.535500 -10.217072 36.706299
v 7.512499 -9.383732 34.974400
v 8.345800 -9.383732 34.860001
v 10.126801 -9.383732 35.464600
v 10.126801 -10.217072 35.464600
v 11.303200 -9.383732 37.850098
v 11.303200 -10.217072 37.850098
v 10.175800 -13.207072 35.464600
v 9.620300 -16.213472 35.088799
v 8.149799 -16.213472 33.585598
v 10.012400 -16.213472 33.961399
v 8.313099 -13.827972 32.213100
v 6.711899 -16.213472 33.422199
v 5.568199 -13.844372 31.951698
v 8.476500 -11.164672 31.216400
v 5.649900 -11.164672 30.971298
v 2.888599 -11.360772 31.020298
v 2.872200 -12.308473 31.330799
v 0.012899 -11.132072 31.200100
v -0.068800 -8.240003 30.611900
v -2.781120 -11.132072 31.755600
v -2.944520 -8.223662 31.249100
v -5.444410 -11.132072 32.719601
v -5.640471 -8.207322 32.311100
v -7.846260 -11.115672 34.173798
v -8.075001 -8.174643 33.863300
v -9.872311 -11.115672 36.101799
v -10.166420 -8.174643 35.889400
v -11.424530 -11.132072 38.454597
v -11.833008 -8.190982 38.291199
v -12.519251 -11.132072 41.068901
v -13.042100 -8.223662 40.954498
v -13.172820 -11.132072 43.846600
v -13.793700 -8.240003 43.781200
v -13.434240 -11.099372 46.673199
v -14.071470 -8.338032 46.689598
v -13.875401 -9.383732 46.689598
v -14.414591 -5.446002 45.513100
v -14.365570 -5.593052 45.169998
v -15.492970 -5.446002 45.218998
v -15.378601 -5.593052 44.892300
v -15.966810 -5.593052 46.346401
v -16.081181 -4.531012 46.771297
v -15.541990 -5.102882 45.366100
v -14.447270 -5.233592 45.643898
v -14.463611 -5.102882 45.660198
v -14.479950 -5.429662 46.705898
v -14.676021 -2.096482 45.676498
v -14.627001 -3.076832 45.676498
v -15.460300 -2.995132 45.447800
v -15.362261 -0.903722 45.529499
v -14.725040 -0.903722 45.692898
v -14.757710 -0.903722 46.215698
v -14.725040 -2.194512 46.722198
v -14.610661 -3.861102 46.705898
v -14.610661 -3.877442 46.705898
v -14.283880 -6.916532 46.689598
v -14.267540 -6.932862 46.689598
v -16.162880 -3.354592 47.163399
v -16.260910 -1.671662 47.620899
v -15.917790 -4.138872 49.875698
v -16.113861 -4.138872 47.163399
v -16.097521 -4.318602 47.163399
v -15.574671 -7.226972 50.055401
v -15.721720 -7.635452 47.163399
v -15.689051 -7.749822 47.163399
v -15.574671 -7.112592 44.255001
v -15.640030 -5.593052 43.585098
v -15.607350 -5.593052 43.372700
v -14.937441 -7.079922 41.395699
v -14.479950 -10.118972 41.542698
v -13.875401 -7.030902 38.650700
v -13.515941 -10.053672 38.846798
v -12.388540 -6.965542 36.118099
v -12.110773 -9.988272 36.314198
v -10.476859 -6.949202 33.863300
v -10.264450 -9.955572 34.075699
v -8.222060 -6.965542 31.967999
v -8.025990 -9.988272 32.229401
v -5.656810 -7.014562 30.513798
v -5.477080 -10.053672 30.856899
v -2.911840 -7.063582 29.517097
v -2.764780 -10.102673 29.958298
v -0.068800 -7.096262 28.928898
v 0.012899 -10.135372 29.419098
v 2.823199 -7.423042 28.683800
v 2.823199 -7.847862 28.749199
v 5.551800 -5.593052 28.422398
v 2.823199 -5.593052 28.455101
v 4.685900 -5.593052 29.909298
v 2.904900 -5.593052 29.958298
v 5.698900 -8.289012 30.317699
v 6.548500 -5.593052 29.958298
v 8.590900 -8.289012 30.530201
v 6.695601 -5.560382 29.974598
v 6.973299 -5.593052 29.076000
v 7.169399 -5.560382 29.010601
v 6.826300 -5.478682 29.974598
v 7.316500 -5.478682 28.961601
v 7.675900 -5.593052 28.847198
v 8.411200 -5.593052 28.602100
v 6.973299 -5.593052 28.487801
v 10.894699 -7.521072 29.223000
v 8.460199 -4.498332 28.504101
v 7.430799 -5.249932 28.896198
v 7.561600 -2.586652 28.700199
v 7.071400 -2.635672 29.745899
v 7.087700 -2.129162 29.729500
v 9.375200 -2.112822 29.958298
v 9.309799 -0.903722 29.892899
v 9.996099 -0.903722 29.991001
v 11.678999 -2.276212 30.366798
v 11.695400 -0.903722 30.301399
v 11.074499 -0.380871 32.801300
v 11.025400 -3.370932 32.948299
v 11.629999 -3.991822 30.481098
v 11.597300 -5.593052 30.628201
v 10.976400 -6.344652 33.095398
v 11.532000 -7.079922 30.824299
v 11.466600 -8.468742 31.069298
v 10.927399 -9.334723 33.242500
v 11.401199 -9.743202 31.347099
v 11.286900 -11.328073 31.771900
v 10.878399 -12.324772 33.389500
v 11.009100 -13.991372 32.817600
v 10.813000 -15.314872 33.552898
v 11.826099 -14.220172 33.732601
v 11.842400 -11.442472 33.585598
v 11.989500 -13.860672 33.062698
v 12.234499 -11.344472 32.049698
v 12.381599 -8.877222 31.396099
v 11.875099 -8.681152 33.454899
v 12.397900 -8.370712 31.298100
v 12.447001 -7.030902 31.085701
v 12.447001 -6.981882 31.085701
v 15.126600 -5.266272 31.902599
v 12.496000 -5.527702 30.856899
v 11.891399 -5.903502 33.307800
v 12.528599 -3.942802 30.693501
v 11.924099 -3.142182 33.160801
v 11.940399 -0.380871 33.013699
v 12.561300 -0.903722 30.530201
v 12.528599 0.762868 30.611900
v 12.496000 1.007956 30.775200
v 12.038500 1.236708 30.840599
v 12.447001 1.236708 30.938599
v 12.038500 1.236708 32.588898
v 11.188799 1.236708 32.376499
v 11.678999 0.762868 30.399399
v 11.646299 1.007956 30.562798
v 11.597300 1.236708 30.726200
v 12.120199 0.762868 30.497498
v 12.136499 -0.903722 30.415798
v 12.708399 -0.903722 29.860199
v 12.267200 -0.903722 30.448498
v 14.848799 -0.903722 30.628201
v 15.273600 -0.903722 31.592201
v 15.388000 -0.903722 30.889599
v 14.424000 0.240017 30.350399
v 14.227900 0.240017 30.268700
v 13.933800 0.240017 30.138000
v 13.002501 0.240017 29.860199
v 12.594000 0.240017 29.729500
v 11.613699 0.240017 29.500801
v 11.450300 0.240017 29.468098
v 11.074499 0.240017 29.386398
v 8.639900 0.240017 29.043301
v 9.489599 -0.903722 29.239399
v 11.188799 -0.903722 29.517097
v 8.476500 0.240017 29.027000
v 8.345800 -0.331853 29.059601
v 8.378500 -0.903722 29.108700
v 16.907499 0.240017 31.755600
v 17.005600 -0.903722 31.967999
v 17.740799 -0.086766 32.637897
v 17.250700 0.240017 32.098698
v 17.495699 0.076625 32.376499
v 17.397699 -0.903722 33.291500
v 18.868200 -1.606312 33.275101
v 18.917299 -0.135785 33.242500
v 18.851900 -2.063802 33.389500
v 18.917299 -0.054088 33.242500
v 18.900900 -0.871045 32.752300
v 18.917299 0.240017 32.752300
v 20.551199 -0.021411 32.785000
v 20.534800 -0.936402 32.801300
v 18.884600 -1.377562 32.768600
v 18.851900 -1.998442 32.785000
v 20.469500 -3.060492 32.882999
v 20.469500 -3.158522 32.882999
v 18.819201 -2.799062 32.834000
v 18.819201 -2.831742 32.834000
v 18.851900 -2.259872 32.801300
v 16.760500 -1.393902 30.775200
v 18.851900 -2.243532 32.801300
v 18.851900 -2.194512 32.801300
v 18.868200 -1.606312 32.785000
v 18.868200 -1.589972 32.768600
v 18.868200 -1.573632 32.768600
v 18.884600 -1.230502 32.768600
v 18.884600 -1.214172 32.768600
v 18.884600 -1.132472 32.768600
v 17.479399 0.240017 31.249100
v 17.103600 0.240017 30.987598
v 17.430399 0.240017 31.298100
v 18.884600 1.857588 32.768600
v 17.054600 0.240017 30.938599
v 17.038300 0.240017 30.922298
v 17.021900 0.240017 30.922298
v 16.793200 0.240017 30.742599
v 16.776800 0.240017 30.742599
v 18.868200 2.069998 32.768600
v 18.868200 2.086338 32.785000
v 18.868200 2.331428 33.193398
v 18.868200 2.282408 33.242500
v 18.868200 2.282408 33.275101
v 18.868200 2.151698 33.275101
v 18.868200 2.102678 33.275101
v 18.868200 2.086338 33.275101
v 18.851900 2.658208 33.079098
v 18.851900 2.690888 32.866600
v 18.851900 2.690888 32.801300
v 18.851900 2.739908 32.801300
v 18.851900 2.756238 32.801300
v 16.711500 0.240017 30.709900
v 16.695099 0.240017 30.677200
v 16.662500 0.240017 30.677200
v 15.665800 0.240017 30.072701
v 15.567699 0.240017 30.138000
v 15.453400 0.240017 30.089001
v 14.113499 0.240017 29.435398
v 14.015499 0.240017 29.370098
v 14.015499 0.240017 29.386398
v 13.999199 0.240017 29.386398
v 13.966499 0.240017 29.370098
v 14.129900 -1.393902 29.468098
v 13.917500 0.240017 29.337399
v 11.335899 -1.377562 28.716499
v 13.672400 0.240017 29.255699
v 11.613699 0.240017 28.732800
v 11.286900 0.240017 28.667500
v 11.597300 0.240017 28.749199
v 13.607000 0.240017 29.271999
v 13.639700 0.240017 29.271999
v 13.672400 0.240017 29.288399
v 11.237900 0.240017 28.651199
v 11.025400 0.240017 28.618500
v 10.943699 0.240017 28.602100
v 10.731300 0.240017 28.569500
v 10.698700 0.240017 28.569500
v 10.649599 0.240017 28.569500
v 10.617001 0.240017 28.553101
v 8.607300 0.240017 28.275299
v 8.574600 -1.393902 28.324398
v 8.117100 0.240017 28.438698
v 8.018999 0.240017 28.471401
v 8.525600 -2.750042 28.373398
v 11.205200 -4.498332 28.896198
v 13.999199 -4.514672 29.631500
v 13.688700 -7.537412 29.958298
v 16.319300 -7.553752 31.265400
v 16.613400 -4.514672 30.938599
v 18.737499 -4.481992 32.948299
v 18.492399 -7.079922 33.226101
v 18.492399 -7.112592 33.226101
v 18.492399 -7.145272 33.242500
v 18.459799 -7.521072 33.275101
v 18.459799 -7.553752 33.291500
v 18.459799 -7.488392 33.291500
v 18.557800 -6.638762 33.160801
v 20.257099 -6.524392 33.193398
v 18.737499 -4.498332 32.948299
v 18.753901 -4.236902 32.915699
v 20.289700 -6.066892 33.144398
v 18.819201 -2.848082 32.834000
v 20.845299 -3.060492 33.062698
v 20.845299 -3.158522 33.079098
v 20.665499 -6.083232 33.340500
v 22.234100 -5.527702 35.987400
v 22.119701 -6.998222 36.167198
v 20.632900 -6.524392 33.389500
v 20.224400 -9.056952 33.618198
v 22.005299 -8.566782 36.608299
v 22.054401 -8.550442 36.804398
v 22.348499 -5.805462 36.771698
v 22.283100 -6.638762 36.853401
v 22.201401 -7.423042 36.951401
v 22.234100 -6.377332 37.261898
v 22.283100 -5.593052 37.163799
v 22.005299 -3.174862 37.572300
v 21.988998 -3.534322 37.637699
v 22.168701 -7.112592 37.376301
v 21.972698 -3.877442 37.735699
v 22.119701 -8.272672 37.082100
v 21.841999 -1.165152 37.719398
v 21.841999 -1.279522 37.801098
v 21.841999 -1.344882 37.882801
v 21.825600 -1.410232 38.029800
v 21.760300 -1.312202 38.405598
v 21.760300 -1.181492 37.931801
v 21.580498 -1.246842 38.405598
v 21.580498 -1.279522 38.667000
v 21.760300 -1.361222 38.928501
v 21.580498 -1.295862 39.157200
v 21.760300 -1.361222 39.451298
v 21.580498 -1.295862 39.484001
v 21.580498 -1.279522 39.712799
v 21.760300 -1.312202 39.990498
v 21.596901 -1.246842 40.023201
v 21.596901 -1.214172 40.219299
v 21.596901 -1.132472 40.398998
v 21.760300 -1.181492 40.447998
v 21.629501 -0.952742 40.595100
v 21.662201 -0.805689 40.660400
v 21.874599 -0.854707 40.774799
v 21.678600 -0.691316 40.676800
v 21.694901 -0.511585 40.709400
v 21.874599 -0.299175 40.791100
v 21.694901 -0.233820 40.725800
v 21.694901 -0.021411 40.742100
v 21.711201 0.240017 40.742100
v 21.874599 0.240017 40.807499
v 21.694901 0.517780 40.742100
v 21.270100 0.599478 40.725800
v 21.694901 0.713852 40.725800
v 21.270100 0.909920 40.709400
v 21.694901 1.007956 40.709400
v 21.270100 1.187688 40.676800
v 21.678600 1.171348 40.676800
v 21.662201 1.302058 40.660400
v 21.270100 1.400098 40.611401
v 21.629501 1.432778 40.595100
v 21.270100 1.661518 40.333599
v 21.596901 1.628848 40.398998
v 21.596901 1.694198 40.219299
v 21.270100 1.743218 39.876099
v 21.596901 1.726878 40.023201
v 21.580498 1.759558 39.712799
v 21.270100 1.792238 39.238899
v 21.580498 1.775898 39.484001
v 21.580498 1.792238 39.157200
v 21.270100 1.775898 38.879498
v 21.580498 1.759558 38.667000
v 21.270100 1.743218 38.503700
v 21.580498 1.743218 38.405598
v 21.270100 1.579828 37.931801
v 21.580498 1.710538 38.242199
v 21.580498 1.677858 38.111500
v 21.596901 1.596168 37.931801
v 21.613201 1.481788 37.833797
v 21.270100 1.367418 37.752098
v 21.645901 1.383758 37.768398
v 21.678600 1.236708 37.719398
v 21.270100 1.073311 37.686699
v 21.694901 1.056974 37.686699
v 21.270100 0.828226 37.670399
v 21.694901 0.762868 37.670399
v 21.270100 0.550460 37.653999
v 21.711201 0.550460 37.653999
v 21.270100 0.240017 37.653999
v 21.711201 0.240017 37.653999
v 21.890999 0.795546 37.572300
v 21.809299 0.240017 37.621300
v 21.890999 0.240017 37.556000
v 21.890999 0.648494 37.572300
v 21.890999 0.468765 37.572300
v 21.711201 -0.054088 37.653999
v 21.694901 -0.282835 37.670399
v 21.890999 -0.315515 37.572300
v 21.694901 -0.576940 37.686699
v 21.678600 -0.756671 37.719398
v 21.874599 -0.822027 37.621300
v 21.645901 -0.903722 37.768398
v 21.613201 -1.001762 37.833797
v 21.596901 -1.099792 37.931801
v 21.580498 -1.197832 38.111500
v 21.580498 -1.230502 38.242199
v 21.270100 -1.263182 38.503700
v 21.270100 -1.099792 37.931801
v 21.270100 -1.328542 36.281498
v 21.270100 -0.887382 37.752098
v 21.270100 -0.576940 37.686699
v 21.270100 -0.331853 37.670399
v 21.270100 -0.054088 37.653999
v 21.270100 0.240017 35.889400
v 21.155701 -2.112822 36.428600
v 21.155701 0.240017 35.562599
v 21.270100 1.808578 36.281498
v 21.155701 2.609188 36.428600
v 21.270100 3.001328 37.376301
v 21.155701 2.690888 36.510300
v 21.155701 2.756238 36.575600
v 21.155701 2.821598 36.640999
v 21.155701 2.886958 36.706299
v 21.155701 3.605878 37.801098
v 21.270100 3.524178 38.846798
v 21.155701 3.867308 39.091900
v 21.270100 3.279098 40.496998
v 21.155701 3.671238 40.398998
v 21.155701 3.017668 41.542698
v 21.270100 1.726878 42.147301
v 21.221100 2.543838 41.885899
v 21.221100 2.429458 41.918499
v 21.204700 2.396778 41.934898
v 21.221100 2.380448 41.967598
v 21.188400 2.707228 41.755100
v 21.221100 2.396778 41.934898
v 21.221100 2.364108 41.934898
v 21.302799 0.828226 42.719200
v 21.270100 0.828226 42.441399
v 21.270100 0.240017 42.539398
v 21.335400 0.240017 42.784500
v 21.417099 0.240017 42.964199
v 21.417099 0.517780 42.964199
v 21.417099 0.811885 42.964199
v 21.270100 1.596168 42.327000
v 20.959599 3.197398 42.000198
v 21.417099 1.400098 42.964199
v 21.384499 1.873928 42.931599
v 21.335400 2.266068 42.882500
v 21.286400 2.560178 42.817200
v 21.237400 2.805258 42.751801
v 21.172100 3.099368 42.653801
v 21.106701 3.311768 42.555798
v 21.041298 3.475168 42.457699
v 20.975998 3.605878 42.375999
v 20.910599 3.769268 42.261700
v 21.139400 4.504528 42.735500
v 21.106701 4.945688 42.702801
v 20.828899 3.965338 42.065598
v 21.057701 5.370508 42.653801
v 20.747200 4.112388 41.902199
v 21.008701 5.795328 42.604801
v 20.698200 4.243108 41.738800
v 20.959599 6.203798 42.555798
v 20.649200 4.341138 41.624401
v 20.910599 6.612278 42.490398
v 20.616499 4.586228 41.493698
v 20.845299 7.004418 42.424999
v 20.583799 4.798638 41.395699
v 20.779900 7.396558 42.327000
v 20.551199 5.011048 41.281300
v 20.698200 7.788698 42.212601
v 20.502100 5.223458 41.134300
v 20.616499 8.148158 42.016598
v 20.469500 5.419528 40.938198
v 20.551199 8.442258 41.657101
v 20.420500 5.533898 40.644100
v 20.485800 8.572978 41.199600
v 20.404100 5.582918 40.333599
v 20.453100 8.605658 40.693100
v 20.387800 5.599248 39.990498
v 20.420500 8.589318 40.202900
v 20.371399 5.582918 39.663700
v 20.404100 8.540298 39.696400
v 20.355099 5.550238 39.336899
v 20.371399 8.474937 39.206200
v 20.338800 5.517558 39.010201
v 20.355099 8.376908 38.732399
v 20.338800 5.452198 38.683399
v 20.355099 8.197178 38.274899
v 20.338800 5.354168 38.389297
v 20.371399 7.952088 37.882801
v 20.338800 5.207118 38.127899
v 20.404100 7.608968 37.588699
v 20.355099 5.011048 37.931801
v 20.453100 7.233168 37.376301
v 20.371399 4.978368 37.784698
v 20.404100 4.929348 37.653999
v 20.502100 6.857368 37.196499
v 20.420500 4.863988 37.523300
v 20.534800 6.465228 37.049500
v 20.453100 4.814978 37.392601
v 20.469500 4.765958 37.294598
v 20.583799 6.056748 36.935101
v 20.502100 4.716938 37.196499
v 20.632900 5.648268 36.837101
v 20.534800 4.651578 37.065800
v 20.600199 4.553548 36.902401
v 20.665499 5.223458 36.738998
v 20.698200 4.798638 36.657299
v 20.681900 4.422838 36.706299
v 20.730900 4.341138 36.591999
v 20.649200 4.259438 37.948101
v 20.714600 3.916328 36.886101
v 20.796299 4.259438 36.493900
v 20.959599 3.083028 36.461300
v 20.861599 3.818288 36.363201
v 20.894299 3.328118 36.199799
v 20.975998 2.952318 36.379601
v 20.910599 3.181058 36.150799
v 20.910599 3.066688 36.118099
v 20.910599 2.952318 36.069099
v 20.992298 2.772578 36.265198
v 20.894299 2.429458 35.823997
v 20.926998 1.694198 35.595299
v 21.074001 2.184378 36.036400
v 20.273399 0.240017 34.565899
v 20.420500 -0.397211 34.778301
v 20.126299 -0.282835 34.386200
v 20.273399 -0.936402 34.647598
v 20.632900 -0.773011 35.105099
v 20.436800 -1.459252 34.941700
v 20.926998 -1.197832 35.595299
v 20.632900 -2.047462 35.366501
v 20.894299 -1.933092 35.823997
v 20.877899 -2.701032 35.987400
v 20.894299 -2.701032 36.069099
v 20.632900 -6.638762 36.395901
v 20.485800 -8.387053 36.738998
v 20.910599 -2.766382 36.183498
v 20.534800 -8.338032 36.886101
v 20.861599 -3.321912 36.363201
v 20.714600 -5.380652 36.624699
v 20.518499 -8.305352 37.049500
v 20.796299 -3.763072 36.493900
v 20.714600 -3.436292 36.886101
v 20.730900 -3.861102 36.591999
v 20.894299 -3.191202 37.310898
v 20.681900 -3.942802 36.706299
v 20.600199 -4.057182 36.902401
v 20.534800 -4.155212 37.065800
v 20.502100 -4.220572 37.196499
v 20.469500 -4.269582 37.294598
v 20.453100 -4.318602 37.392601
v 20.420500 -4.383962 37.523300
v 20.649200 -3.763072 37.948101
v 20.404100 -4.432982 37.653999
v 20.371399 -4.481992 37.784698
v 20.355099 -4.531012 37.931801
v 20.338800 -4.580032 38.095200
v 20.583799 -3.942802 38.372898
v 20.338800 -4.612712 38.274899
v 20.338800 -4.645392 38.471001
v 20.338800 -4.661722 38.683399
v 20.338800 -4.678062 38.912098
v 20.338800 -4.678062 39.157200
v 20.600199 -4.008162 39.157200
v 20.355099 -4.661722 39.467701
v 20.371399 -4.629052 39.778099
v 20.371399 -4.580032 40.023201
v 20.387800 -4.531012 40.268299
v 20.404100 -4.465652 40.464401
v 20.649200 -3.812092 40.235600
v 20.420500 -4.400302 40.660400
v 20.453100 -4.334942 40.823799
v 20.485800 -4.269582 40.970898
v 20.502100 -4.204232 41.101601
v 20.747200 -3.567002 40.676800
v 20.534800 -4.122532 41.216000
v 20.567499 -4.057182 41.330299
v 20.600199 -3.991822 41.428398
v 20.632900 -3.926462 41.510098
v 20.649200 -3.861102 41.591698
v 20.894299 -3.191202 41.085201
v 20.698200 -3.763072 41.738800
v 20.747200 -3.632362 41.902199
v 20.828899 -3.468972 42.065598
v 20.910599 -3.272902 42.261700
v 20.975998 -3.125842 42.375999
v 21.041298 -2.995132 42.457699
v 20.959599 -2.717372 42.000198
v 21.155701 -2.537642 41.542698
v 21.155701 -3.174862 40.398998
v 21.270100 -2.782722 40.496998
v 21.270100 -3.044152 38.846798
v 21.155701 -3.387272 39.091900
v 21.155701 -3.109512 37.801098
v 21.270100 -2.521302 37.376301
v 21.155701 -2.390582 36.706299
v 21.155701 -2.341572 36.640999
v 21.155701 -2.276212 36.575600
v 21.155701 -2.194512 36.510300
v 20.992298 -2.276212 36.265198
v 20.910599 -2.472282 36.069099
v 20.975998 -2.472282 36.379601
v 20.910599 -2.586652 36.118099
v 20.959599 -2.602992 36.461300
v 21.074001 -1.688002 36.036400
v 21.270100 -1.295862 38.879498
v 21.057701 -2.815402 37.049500
v 21.270100 -1.295862 39.238899
v 21.270100 -1.263182 39.876099
v 21.270100 -1.230502 42.147301
v 21.270100 -1.181492 40.333599
v 21.270100 -0.920062 40.611401
v 21.270100 0.534120 42.441399
v 21.270100 0.240017 42.441399
v 21.302799 -0.331853 42.719200
v 21.270100 -0.037748 42.441399
v 21.270100 -0.331853 42.441399
v 21.221100 -2.047462 41.885899
v 21.417099 -0.331853 42.964199
v 21.417099 -0.037748 42.964199
v 21.711201 -0.282835 43.454399
v 21.711201 0.240017 43.454399
v 21.711201 0.762868 43.454399
v 21.678600 2.756238 43.601498
v 21.711201 1.269378 43.454399
v 21.694901 1.743218 43.454399
v 21.694901 2.200718 43.454399
v 21.678600 2.625528 43.454399
v 21.662201 3.148378 43.454399
v 21.547901 5.223458 43.666798
v 21.629501 3.654898 43.454399
v 21.613201 4.112388 43.454399
v 21.580498 4.569888 43.454399
v 21.531498 5.223458 43.454399
v 21.482498 5.827998 43.454399
v 21.302799 7.625308 43.797501
v 21.433498 6.399868 43.438099
v 21.384499 6.906388 43.438099
v 21.319099 7.380218 43.421700
v 21.253700 7.919408 43.405399
v 20.992298 9.929128 44.075298
v 21.188400 8.409588 43.389099
v 21.139400 8.850748 43.372700
v 21.074001 9.242878 43.356400
v 20.992298 9.716718 43.307400
v 20.926998 10.125228 43.258301
v 20.551199 12.134928 44.287701
v 20.845299 10.550028 43.160301
v 20.714600 11.105528 42.866199
v 20.632900 11.432328 42.392399
v 20.567499 11.563027 41.836800
v 20.518499 11.595728 41.216000
v 20.453100 11.889828 41.183300
v 19.195000 14.160928 43.323700
v 20.567499 12.216628 45.823601
v 19.211399 14.324327 46.428101
v 20.518499 12.281928 47.522900
v 20.404100 12.314628 49.205799
v 19.129700 14.373328 48.895298
v 20.240700 12.314628 50.937698
v 19.031599 14.373328 50.365898
v 18.884600 14.340728 51.738400
v 20.028299 12.281928 52.424599
v 19.832199 12.232928 53.666401
v 19.227699 13.147928 54.450600
v 18.476099 14.226328 54.564999
v 16.254000 14.406028 52.016098
v 16.254000 14.291628 54.450600
v 15.763800 15.043228 54.401600
v 15.289999 15.794827 54.368999
v 15.289999 15.892928 52.506298
v 16.254000 14.455028 49.728600
v 15.289999 15.941928 49.140400
v 15.289999 15.941928 48.829998
v 16.254000 14.438727 47.424801
v 15.289999 15.892928 46.215698
v 16.254000 14.340728 45.088299
v 15.289999 15.729527 43.274700
v 16.254000 14.193627 42.637501
v 16.254000 13.932228 39.990498
v 19.080599 13.850528 39.843498
v 17.561100 13.883228 39.843498
v 18.312700 13.866828 39.843498
v 18.949900 13.245928 36.935101
v 20.306099 11.399628 38.323898
v 20.387800 11.791828 40.104900
v 20.502100 11.595728 41.068901
v 20.485800 11.563027 40.611401
v 20.453100 11.497727 40.104900
v 20.420500 11.416028 39.516701
v 20.387800 11.252627 38.895798
v 20.306099 11.072828 37.817398
v 20.371399 11.023828 38.307598
v 20.387800 10.697028 37.833797
v 20.387800 10.631728 37.752098
v 20.371399 10.468328 37.376301
v 20.387800 10.566328 37.686699
v 20.420500 10.027158 37.408901
v 20.404100 10.468328 37.605000
v 20.404100 10.370328 37.523300
v 20.404100 10.304928 37.474300
v 20.420500 10.223228 37.408901
v 20.420500 10.141528 37.310898
v 20.404100 9.896448 37.065800
v 20.453100 9.520648 37.229198
v 20.485800 8.867078 36.738998
v 20.518499 8.801728 37.049500
v 20.551199 8.360568 36.967800
v 20.534800 8.834398 36.886101
v 20.583799 7.903068 36.886101
v 20.616499 7.331198 36.804398
v 20.649200 6.971738 36.755398
v 20.681900 6.579598 36.706299
v 20.698200 6.073088 36.657299
v 20.763599 4.962028 36.542999
v 20.730900 5.517558 36.608299
v 20.730900 5.582918 36.591999
v 20.698200 6.105768 36.657299
v 20.698200 6.056748 36.657299
v 20.730900 5.550238 36.608299
v 20.730900 5.533898 36.608299
v 20.730900 5.468538 36.608299
v 20.747200 4.945688 36.559299
v 20.763599 4.880328 36.559299
v 20.093700 8.997787 35.905701
v 19.505499 9.226548 35.007099
v 19.146000 11.693727 35.578899
v 18.998899 12.625128 36.085499
v 16.874899 13.245928 36.804398
v 16.597099 13.736128 36.755398
v 17.446699 14.128327 39.876099
v 17.332399 14.373328 39.859798
v 15.780100 14.683827 40.023201
v 17.446699 14.553128 39.876099
v 17.365000 14.732828 39.892498
v 17.152599 14.732828 39.908798
v 17.397699 14.912528 41.755100
v 16.678801 16.089027 41.689800
v 16.809500 15.353728 39.941498
v 16.449999 15.941928 39.974201
v 15.289999 16.089027 41.575397
v 15.289999 16.203327 43.062298
v 16.793200 16.219728 43.372700
v 15.289999 16.236029 43.748501
v 16.842199 16.317728 45.169998
v 17.512100 15.043228 43.568798
v 18.966299 15.059628 43.209301
v 19.031599 15.174027 45.104698
v 18.982599 15.174027 43.405399
v 18.982599 15.680528 43.487099
v 18.900900 15.206628 42.147301
v 18.900900 15.092328 42.327000
v 18.851900 15.043228 41.706100
v 17.577400 15.141328 43.470798
v 16.466400 16.693527 42.196301
v 16.662500 16.693527 44.222401
v 14.129900 16.693527 45.235401
v 12.594000 16.693527 43.176598
v 12.594000 16.693527 42.229000
v 12.577700 14.700128 43.160301
v 12.577700 14.700128 41.379299
v 11.826099 14.700128 41.379299
v 11.826099 14.700128 43.160301
v 11.793400 16.693527 42.229000
v 11.793400 16.693527 39.238899
v 11.826099 14.700128 39.582001
v 11.809700 16.007328 38.242199
v 11.793400 16.693527 36.248898
v 11.809700 16.007328 36.363201
v 12.594000 16.007328 38.242199
v 11.793400 16.693527 34.565899
v 10.813000 16.693527 36.101799
v 10.208500 16.693527 35.464600
v 8.639900 16.693527 34.811001
v 8.166100 16.693527 33.585598
v 6.973299 16.693527 35.105099
v 6.728300 16.693527 33.422199
v 4.277400 16.693527 35.105099
v 4.963600 16.693527 33.291500
v 2.839499 16.693527 33.258801
v 1.597799 16.693527 35.105099
v 0.306999 16.693527 33.356800
v 2.855900 14.471428 31.984299
v 0.078199 14.324327 32.098698
v -2.241930 16.693527 33.650898
v -2.666750 14.357028 32.572498
v -4.970571 16.693527 34.337200
v -5.313690 14.389728 33.422199
v -7.666531 14.406028 34.778301
v -7.274390 16.693527 35.513599
v -8.058670 16.693527 36.183498
v -8.810270 16.693527 37.049500
v -9.561871 14.406028 36.673698
v -9.954010 16.693527 39.222599
v -10.003020 16.693527 39.353298
v -10.934356 14.389728 39.042801
v -10.591233 16.693527 41.428398
v -11.833008 14.340728 41.673401
v -10.738286 16.693527 42.245300
v -10.885338 16.693527 43.372700
v -12.323180 14.308028 44.402100
v -11.048729 16.693527 45.235401
v -11.097746 16.693527 47.163399
v -12.323180 14.602128 47.163399
v -12.274160 14.389728 49.941101
v -11.081408 16.693527 48.225399
v -10.999712 16.693527 49.761299
v -10.836320 16.693527 51.182800
v -8.516160 16.693527 48.225399
v -8.042330 16.693527 51.101101
v -10.836320 16.693527 51.215500
v -10.787303 16.693527 51.591301
v -10.705606 16.693527 52.293900
v -10.231773 16.693527 54.172901
v -9.202411 16.693527 53.486599
v -10.215430 16.693527 54.189198
v -10.215430 16.693527 54.221901
v -9.071691 16.693527 54.352600
v -8.287411 13.703428 55.627098
v -9.169730 13.703428 53.486599
v -8.271070 10.713428 55.594398
v -9.137051 10.713428 53.486599
v -8.287411 13.703428 51.346199
v -7.666531 16.693527 50.839699
v -6.146990 16.693527 50.431198
v -6.146990 13.703428 50.447598
v -4.611110 16.693527 50.839699
v -4.235311 16.693527 51.101101
v -4.006560 13.703428 51.346199
v -3.091570 16.693527 53.486599
v -3.124250 13.703428 53.486599
v -4.022901 10.713428 51.362598
v -3.140591 10.713428 53.486599
v -3.549070 9.863768 51.983398
v -4.643790 9.863768 50.888699
v -6.146990 9.863768 50.496601
v -6.146990 10.713428 50.480198
v -7.633850 9.863768 50.888699
v -8.271070 10.713428 51.362598
v -8.728571 9.863768 51.983398
v -9.137051 9.863768 53.486599
v -8.728571 9.863768 54.973499
v -7.258050 9.863768 55.414700
v -8.385450 9.863768 53.486599
v -7.258050 11.366928 55.414700
v -8.369110 11.366928 53.486599
v -7.258050 9.863768 51.542301
v -7.258050 11.366928 51.542301
v -7.241711 11.366928 53.486599
v -6.686181 11.366928 52.538998
v -7.241711 12.853827 53.486599
v -6.686181 12.853827 54.434299
v -7.094660 12.853827 55.120598
v -5.591460 12.853827 54.434299
v -6.686181 11.366928 54.434299
v -5.591460 11.366928 54.434299
v -5.362710 11.366928 55.561699
v -5.264670 11.366928 54.140198
v -5.035930 11.366928 55.414700
v -6.146990 9.863768 55.725098
v -6.146990 9.863768 56.476700
v -4.643790 9.863768 56.068199
v -6.146990 10.713428 56.476700
v -4.022901 10.713428 55.594398
v -6.146990 13.703428 56.509399
v -7.666531 16.693527 56.117199
v -6.146990 16.693527 56.525700
v -8.434470 16.693527 57.326298
v -9.153391 16.693527 56.215298
v -9.382140 16.693527 56.395000
v -10.035700 16.693527 54.891800
v -9.888651 15.059628 56.852501
v -10.918017 14.373328 55.349300
v -11.800330 14.389728 52.702400
v -12.568271 11.824428 52.914799
v -13.172820 11.857128 50.071800
v -13.793700 9.128508 50.153500
v -13.401560 11.742728 47.163399
v -13.238171 11.644728 44.287701
v -13.859060 8.769048 44.205997
v -13.156481 8.752707 41.297699
v -12.633631 11.644728 41.444698
v -11.980061 8.736368 38.569000
v -11.571581 11.661028 38.748699
v -10.346146 8.703688 36.101799
v -10.035700 11.644728 36.330498
v -8.254741 8.703688 34.010399
v -8.009650 11.644728 34.304501
v -5.787530 8.736368 32.392799
v -5.591460 11.661028 32.801300
v -3.042550 8.752707 31.281799
v -2.895500 11.661028 31.804600
v -0.117801 8.769048 30.628201
v -0.036201 11.661028 31.232700
v 2.904900 9.095828 30.383099
v 2.888599 11.840828 31.020298
v 2.872200 12.821128 31.330799
v 5.617199 11.661028 30.971298
v 5.388399 14.324327 31.951698
v 7.969999 14.324327 32.164101
v 4.702200 6.122108 29.909298
v 6.548500 6.122108 29.974598
v 6.695601 6.105768 29.974598
v 2.904900 6.122108 29.958298
v 0.960500 6.122108 30.138000
v -0.755100 6.122108 30.399399
v -1.261590 6.122108 29.811199
v -3.663440 6.122108 31.183701
v -3.892190 6.122108 29.811199
v -6.048950 6.122108 32.245800
v -6.490110 6.122108 30.072701
v -6.539130 6.122108 29.811199
v -5.281010 6.122108 29.631500
v -5.411730 6.122108 29.647800
v -5.281010 8.115479 29.631500
v -5.411730 8.115479 29.647800
v -3.875850 8.115479 29.059601
v -5.133960 8.115479 29.517097
v -5.117620 8.115479 29.386398
v -5.133960 6.122108 29.517097
v -4.120930 6.122108 28.977898
v -4.022901 6.122108 29.059601
v -4.022901 8.115479 29.059601
v -4.120930 8.115479 28.977898
v -5.166640 8.115479 28.945301
v -4.415040 8.115479 28.634800
v -5.182981 8.115479 28.356998
v -4.807180 8.115479 28.209999
v -4.986910 8.115479 28.291698
v -5.182981 6.122108 28.356998
v -4.986910 6.122108 28.291698
v -5.166640 6.122108 28.945301
v -5.117620 6.122108 29.386398
v -4.807180 6.122108 28.209999
v -4.415040 6.122108 28.634800
v -3.875850 6.122108 29.059601
v -3.728800 6.122108 28.961601
v -3.696120 6.122108 28.814499
v -3.303980 6.122108 27.670799
v -2.928181 6.122108 28.112000
v -2.683090 6.122108 28.487801
v -2.568721 6.122108 28.585800
v -2.388990 6.122108 28.569500
v -2.274611 6.122108 28.487801
v -2.274611 8.115479 28.487801
v -2.388990 8.115479 28.569500
v -0.918500 8.115479 28.226299
v -2.225591 8.115479 28.373398
v -1.098201 8.115479 28.209999
v -1.098201 6.122108 28.209999
v -1.196200 6.122108 28.112000
v -1.196200 8.115479 28.112000
v -1.424980 6.122108 27.719799
v -1.751760 6.122108 27.246000
v -2.225591 6.122108 28.373398
v -1.947830 6.122108 27.295000
v -1.751760 8.115479 27.246000
v -1.947830 8.115479 27.295000
v -2.127561 8.115479 27.344000
v -2.127561 6.122108 27.344000
v -2.209260 6.122108 27.915899
v -2.209260 8.115479 27.915899
v -1.424980 8.115479 27.719799
v -0.967501 6.122108 28.226299
v -0.804100 6.122108 28.160999
v -0.738700 6.122108 28.030300
v -0.362901 6.122108 26.984600
v -0.166901 6.122108 26.951899
v 0.110900 6.122108 27.458399
v 0.306999 6.122108 27.866899
v 0.405000 6.122108 27.964899
v 0.306999 8.115479 27.866899
v 0.405000 8.115479 27.964899
v -0.804100 8.115479 28.160999
v -0.738700 8.115479 28.030300
v -0.689700 8.115479 27.572800
v 0.110900 8.115479 27.458399
v -0.559000 8.115479 27.017199
v -0.362901 8.115479 26.984600
v -0.559000 6.122108 27.017199
v -0.166901 8.115479 26.951899
v -0.689700 6.122108 27.572800
v -2.568721 8.115479 28.585800
v -2.683090 8.115479 28.487801
v -2.928181 8.115479 28.112000
v -3.712461 8.115479 28.373398
v -3.696120 8.115479 28.814499
v -3.728800 8.115479 28.961601
v -3.712461 6.122108 28.373398
v -3.679780 8.115479 27.801498
v -3.679780 6.122108 27.801498
v -3.483710 8.115479 27.736198
v -3.483710 6.122108 27.736198
v -3.303980 8.115479 27.670799
v -5.526100 6.122108 29.582500
v -5.526100 8.115479 29.582500
v -5.640471 8.115479 29.468098
v -5.852880 6.122108 29.255699
v -5.852880 8.115479 29.255699
v -6.277700 6.122108 28.863598
v -6.277700 8.115479 28.863598
v -6.620821 8.115479 29.043301
v -6.571810 8.115479 29.615200
v -6.571810 6.122108 29.615200
v -6.457430 6.122108 28.961601
v -6.620821 6.122108 29.043301
v -6.457430 8.115479 28.961601
v -6.490110 8.115479 30.072701
v -6.490110 6.122108 30.203400
v -6.490110 8.115479 30.203400
v -6.588140 6.122108 30.301399
v -6.588140 8.115479 30.301399
v -6.767870 6.122108 30.350399
v -6.767870 8.115479 30.350399
v -7.797240 8.115479 30.856899
v -7.911611 8.115479 30.415798
v -7.797240 6.122108 30.856899
v -7.797240 6.122108 30.987598
v -7.797240 8.115479 30.987598
v -7.878930 6.122108 31.102001
v -7.878930 8.115479 31.102001
v -8.058670 6.122108 31.167400
v -8.058670 8.115479 31.167400
v -8.173040 6.122108 31.118401
v -8.173040 8.115479 31.118401
v -8.532500 8.115479 30.840599
v -8.532500 6.122108 30.840599
v -8.614201 8.115479 30.775200
v -9.022671 6.122108 30.513798
v -9.022671 8.115479 30.513798
v -9.349461 8.115479 30.758900
v -9.202411 8.115479 31.314400
v -9.039010 8.115479 31.739201
v -9.039010 6.122108 31.739201
v -9.039010 6.122108 31.869999
v -9.039010 8.115479 31.869999
v -9.153391 6.122108 32.016998
v -9.153391 8.115479 32.016998
v -9.284101 6.122108 32.065998
v -9.284101 8.115479 32.065998
v -10.395164 8.115479 32.294800
v -10.215430 8.115479 32.719601
v -10.199090 8.115479 32.850300
v -10.199090 6.122108 32.801300
v -10.264450 6.122108 32.964699
v -10.264450 8.115479 32.964699
v -10.427842 6.122108 33.062698
v -10.427842 8.115479 33.062698
v -10.558556 6.122108 33.029999
v -10.558556 8.115479 33.029999
v -11.620599 8.115479 33.193398
v -11.522566 8.115479 33.389500
v -11.310157 8.115479 33.781601
v -11.310157 6.122108 33.781601
v -11.277477 6.122108 33.912399
v -11.277477 8.115479 33.912399
v -11.342834 6.122108 34.043098
v -11.375512 8.115479 34.075699
v -11.489886 8.115479 34.141098
v -11.489886 6.122108 34.141098
v -11.620599 8.115479 34.124798
v -12.323180 8.115479 35.186798
v -12.470230 8.115479 35.301201
v -12.470230 6.122108 35.301201
v -12.600950 6.122108 35.301201
v -12.600950 8.115479 35.301201
v -13.826380 8.115479 35.317501
v -13.499600 8.115479 35.807701
v -13.499600 6.122108 35.807701
v -13.238171 6.122108 36.167198
v -13.238171 8.115479 36.167198
v -13.189160 6.122108 36.281498
v -13.189160 8.115479 36.281498
v -13.221840 6.122108 36.412201
v -13.254511 8.115479 36.461300
v -13.352551 8.115479 36.542999
v -13.352551 6.122108 36.542999
v -13.483260 6.122108 36.542999
v -13.483260 8.115479 36.542999
v -14.610661 8.115479 36.787998
v -14.594320 8.115479 36.493900
v -13.924420 8.115479 36.428600
v -14.496290 8.115479 36.314198
v -14.496290 6.122108 36.314198
v -13.924420 6.122108 36.428600
v -14.349230 6.122108 37.114799
v -14.692360 6.122108 36.657299
v -14.594320 6.122108 36.493900
v -14.692360 8.115479 36.657299
v -14.349230 8.115479 37.114799
v -14.038791 6.122108 37.458000
v -14.038791 8.115479 37.458000
v -13.989771 6.122108 37.572300
v -13.989771 8.115479 37.572300
v -14.038791 6.122108 37.752098
v -14.006110 8.115479 37.702999
v -14.136830 6.122108 37.850098
v -14.774051 6.122108 38.781399
v -12.323180 6.122108 38.650700
v -14.692360 6.122108 38.928501
v -13.009430 6.122108 40.072201
v -13.581301 6.122108 41.575397
v -14.725040 6.122108 39.108200
v -14.692360 8.115479 38.928501
v -14.757710 8.115479 38.814098
v -14.610661 8.115479 37.784698
v -15.084500 8.115479 38.503700
v -15.084500 6.122108 38.503700
v -14.725040 6.122108 37.768398
v -14.267540 6.122108 37.866398
v -14.267540 8.115479 37.866398
v -14.136830 8.115479 37.850098
v -14.725040 8.115479 37.768398
v -15.296910 6.122108 37.719398
v -15.296910 8.115479 37.719398
v -15.378601 8.115479 37.882801
v -15.378601 6.122108 37.882801
v -15.476641 6.122108 38.062500
v -15.476641 8.115479 38.062500
v -14.725040 8.115479 39.108200
v -15.280571 8.115479 40.464401
v -15.394940 8.115479 40.611401
v -15.525650 8.115479 40.644100
v -16.538681 8.115479 40.660400
v -16.604040 8.115479 40.856499
v -16.669390 8.115479 41.036198
v -16.669390 6.122108 41.036198
v -16.228241 6.122108 41.411999
v -16.228241 8.115479 41.411999
v -15.852440 6.122108 41.657101
v -15.852440 8.115479 41.657101
v -15.754400 6.122108 41.771500
v -15.754400 8.115479 41.771500
v -15.770741 6.122108 41.951199
v -15.754400 8.115479 41.902199
v -15.852440 8.115479 42.065598
v -15.852440 6.122108 42.065598
v -15.966810 6.122108 42.114601
v -15.966810 8.115479 42.114601
v -16.996170 8.115479 42.212601
v -17.045191 8.115479 42.392399
v -17.094210 8.115479 42.588398
v -17.094210 6.122108 42.588398
v -16.620371 6.122108 42.915199
v -16.620371 8.115479 42.915199
v -16.228241 6.122108 43.144001
v -16.228241 8.115479 43.144001
v -16.130199 6.122108 43.242001
v -16.130199 8.115479 43.242001
v -16.113861 6.122108 43.421700
v -16.113861 8.115479 43.421700
v -16.195560 6.122108 43.552399
v -16.195560 8.115479 43.552399
v -16.309931 6.122108 43.601498
v -16.309931 8.115479 43.601498
v -17.388309 8.115479 44.173298
v -17.355640 8.115479 43.977299
v -17.388309 6.122108 44.173298
v -16.881800 6.122108 44.451099
v -16.881800 8.115479 44.451099
v -16.473320 6.122108 44.647198
v -16.473320 8.115479 44.647198
v -16.375290 6.122108 44.745201
v -16.375290 8.115479 44.745201
v -16.358950 6.122108 44.924900
v -16.342609 8.115479 44.875900
v -16.407970 8.115479 45.055599
v -16.407970 6.122108 45.055599
v -16.538681 6.122108 45.104698
v -16.538681 8.115479 45.104698
v -16.979839 6.122108 45.202698
v -16.979839 8.115479 45.202698
v -17.535370 8.115479 45.366100
v -17.535370 6.122108 45.366100
v -17.551701 6.122108 45.562199
v -17.551701 8.115479 45.562199
v -17.568050 6.122108 45.758198
v -17.568050 8.115479 45.758198
v -17.061531 6.122108 46.003300
v -17.077869 8.115479 46.003300
v -16.620371 6.122108 46.166698
v -16.620371 8.115479 46.166698
v -16.506001 8.115479 46.248398
v -16.506001 6.122108 46.248398
v -16.473320 6.122108 46.444500
v -16.522341 6.122108 47.767899
v -15.950470 6.122108 46.313801
v -15.966810 6.122108 47.767899
v -15.950470 3.246418 46.689598
v -15.541990 5.648268 45.366100
v -15.427620 2.935978 45.464100
v -15.934130 1.759558 46.885601
v -15.313240 0.240017 45.578499
v -15.868780 0.240017 46.934601
v -15.917790 0.240017 47.065399
v -15.917790 0.240017 47.163399
v -15.901450 0.240017 47.539200
v -15.836101 0.240017 48.682899
v -15.819760 0.240017 49.189400
v -15.917790 6.122108 48.552200
v -15.640030 6.122108 50.757999
v -15.541990 3.181058 51.019398
v -15.754400 4.651578 50.888699
v -15.525650 7.151468 50.741699
v -16.407970 8.115479 50.725300
v -15.460300 7.723338 50.741699
v -15.394940 8.115479 50.741699
v -15.640030 8.115479 48.960701
v -17.322960 8.115479 50.561901
v -16.702070 6.122108 50.692699
v -17.322960 6.122108 50.561901
v -16.881800 6.122108 49.875698
v -16.473320 6.122108 49.695999
v -16.375290 6.122108 49.597900
v -16.375290 8.115479 49.597900
v -16.473320 8.115479 49.695999
v -16.358950 8.115479 49.418198
v -16.407970 8.115479 49.287498
v -16.358950 6.122108 49.418198
v -16.407970 6.122108 49.287498
v -16.473320 6.122108 47.898701
v -16.538681 6.122108 49.222099
v -16.506001 6.122108 48.078400
v -16.473320 8.115479 47.898701
v -16.522341 8.115479 47.767899
v -16.636721 8.115479 47.702599
v -16.636721 6.122108 47.702599
v -17.077869 8.115479 47.571899
v -17.077869 6.122108 47.571899
v -17.600719 8.115479 47.375801
v -17.600719 6.122108 47.375801
v -17.600719 8.115479 47.163399
v -17.600719 6.122108 47.163399
v -17.600719 8.115479 46.967300
v -17.600719 6.122108 46.967300
v -17.077869 8.115479 46.771297
v -17.077869 6.122108 46.771297
v -16.636721 8.115479 46.640499
v -16.636721 6.122108 46.640499
v -16.522341 8.115479 46.558800
v -16.522341 6.122108 46.558800
v -16.473320 8.115479 46.444500
v -16.506001 8.115479 48.078400
v -16.620371 8.115479 48.160099
v -17.551701 8.115479 48.780998
v -17.535370 8.115479 48.977001
v -16.979839 8.115479 49.140400
v -16.979839 6.122108 49.140400
v -16.538681 8.115479 49.222099
v -16.620371 6.122108 48.160099
v -17.045191 6.122108 48.323498
v -17.045191 8.115479 48.323498
v -17.568050 8.115479 48.568600
v -17.568050 6.122108 48.568600
v -17.551701 6.122108 48.780998
v -17.535370 6.122108 48.977001
v -16.881800 8.115479 49.875698
v -17.388309 8.115479 50.169800
v -17.388309 6.122108 50.169800
v -17.355640 6.122108 50.365898
v -17.355640 8.115479 50.365898
v -15.068160 10.729728 49.744999
v -14.594320 10.697028 52.293900
v -14.774051 7.674328 53.421299
v -13.810040 10.648027 54.761101
v -13.712010 7.625308 55.986500
v -12.666301 10.582727 57.130299
v -12.257831 7.576288 58.371998
v -11.163103 10.550028 59.286999
v -10.444181 7.543608 60.496098
v -9.284101 10.550028 61.149700
v -8.385450 7.657978 62.244396
v -7.127340 10.582727 62.669201
v -6.816890 9.340918 63.045002
v -6.865911 9.128508 61.868603
v -7.372420 8.638328 61.623501
v -8.499821 7.200488 60.937298
v -9.039010 6.661298 61.852299
v -9.398480 5.599248 60.316402
v -10.035700 4.537208 61.165997
v -9.676240 4.929348 60.104000
v -10.460521 2.984988 60.839298
v -10.705606 1.432778 60.675900
v -11.424530 4.504528 59.744499
v -12.339520 1.432778 58.796898
v -12.257831 0.240017 58.911198
v -12.290501 0.240017 58.878601
v -12.306841 0.240017 58.845898
v -12.519251 0.240017 58.600800
v -13.891741 1.449108 56.444000
v -12.960410 0.240017 57.979900
v -13.303531 0.240017 57.440701
v -13.319870 0.240017 57.391701
v -13.630310 0.240017 56.901501
v -13.973431 0.240017 56.329700
v -15.068160 1.449108 53.878799
v -14.627001 0.240017 54.908100
v -14.692360 0.240017 54.761101
v -15.100830 0.240017 53.862400
v -15.852440 1.498128 51.166500
v -15.460300 0.240017 52.669701
v -15.492970 0.240017 52.538998
v -15.868780 0.240017 51.280899
v -15.460300 0.240017 51.280899
v -15.525650 0.240017 50.888699
v -15.721720 0.240017 49.761299
v -15.819760 3.344458 51.003098
v -15.117170 4.602568 53.290600
v -14.169500 4.569888 55.594398
v -12.944071 4.537208 57.767498
v -9.398480 5.386848 60.332699
v -9.349461 5.484878 60.365398
v -9.333120 5.468538 60.381802
v -9.316780 5.582918 60.398098
v -9.725261 5.076398 61.394802
v -8.990000 6.563268 61.901302
v -8.548841 6.971738 60.920902
v -7.895270 8.099138 62.538502
v -8.303750 7.282178 61.084301
v -8.516160 7.004418 60.937298
v -8.042330 6.808348 61.345798
v -8.744910 5.582918 60.888302
v -8.663210 6.285498 60.904598
v -8.744910 5.713628 60.888302
v -7.764561 7.445578 61.460102
v -7.764561 7.233168 61.492802
v -7.470460 7.657978 61.639896
v -6.702520 8.442258 62.064701
v -6.588140 8.556638 62.130001
v -6.604480 8.540298 62.113697
v -6.653501 7.870388 59.107300
v -6.588140 8.556638 62.097401
v -6.522790 8.621988 62.162701
v -6.571810 8.491278 61.264103
v -5.607800 9.324578 61.705196
v -6.441091 8.687347 62.146397
v -6.408411 8.720028 62.146397
v -6.375731 8.736368 62.195400
v -6.375731 8.736368 62.211697
v -6.294040 8.818058 62.244396
v -5.346370 9.602347 62.603901
v -3.777811 10.435628 62.326099
v -5.281010 9.651358 62.620197
v -4.611110 9.994478 62.538502
v -4.807180 9.880108 62.636600
v -4.594770 9.994478 62.505802
v -4.529410 10.027158 62.554897
v -4.006560 10.255928 62.620197
v -2.650411 10.893127 62.603901
v -3.957541 10.272228 62.620197
v -3.892190 10.321228 62.832600
v -3.843170 10.370328 63.061398
v -3.107910 10.729728 63.273800
v -2.781120 10.893127 63.355503
v -2.764780 11.203527 63.290096
v -2.748450 11.350628 63.257496
v -2.634070 10.893127 63.404499
v -2.601391 11.448627 63.290096
v -2.748450 11.383327 63.257496
v -3.924860 11.007528 63.731297
v -3.761470 11.072828 63.763996
v -3.679780 10.713428 63.845699
v -3.990221 9.994478 63.894703
v -2.438001 11.203527 64.107101
v -2.388990 11.203527 64.123405
v -1.768101 10.043498 64.548203
v -3.500051 7.821378 64.352203
v -3.630760 7.935748 64.303200
v -3.696120 7.592628 64.335800
v -4.039240 7.151468 64.303200
v -3.826830 6.971738 64.401207
v -4.104590 7.151468 64.597305
v -3.598080 6.841028 64.809700
v -3.434690 7.053438 65.397903
v -2.862821 6.824688 65.495903
v -2.781120 6.726658 65.087402
v -2.634070 6.759338 65.332504
v -2.487020 6.792008 65.577606
v -3.042550 6.955398 65.610306
v -2.536040 6.906388 65.757301
v -3.026211 7.167808 65.675606
v -3.352990 7.298528 65.561302
v -3.516390 7.151468 65.430603
v -3.630760 7.543608 65.446899
v -3.843170 7.592628 65.283501
v -3.696120 8.033788 65.365204
v -3.794150 8.050128 65.299805
v -3.859510 8.050128 65.218102
v -4.349680 7.510938 64.466507
v -4.120930 7.984768 64.809700
v -4.366020 7.935748 64.401207
v -4.251650 7.494588 64.172401
v -4.186290 7.935748 64.139801
v -4.169950 8.164497 64.107101
v -4.153610 6.939058 64.270500
v -3.990221 10.664428 63.780300
v -3.957541 10.844128 63.747601
v -4.039240 10.680728 63.910999
v -4.300670 9.226548 64.237801
v -4.202631 9.095828 63.976398
v -4.447721 8.082798 64.352203
v -4.382360 7.674328 64.107101
v -4.431380 7.690668 64.254105
v -4.480391 7.706998 64.384804
v -4.267991 6.971738 64.548203
v -4.300670 5.223458 64.695305
v -4.725481 5.223458 64.531906
v -6.179670 8.050128 63.567898
v -5.182981 5.223458 64.319504
v -5.035930 5.092738 64.368500
v -4.986910 2.935978 64.548203
v -4.692801 0.240017 64.679001
v -4.905210 4.994708 64.319504
v -4.562090 0.240017 64.499207
v -4.823520 4.962028 64.205101
v -4.284330 5.043728 64.646301
v -4.513071 4.962028 64.352203
v -4.202631 4.962028 64.482903
v -4.055580 4.929348 64.564606
v -3.908520 4.929348 64.809700
v -4.039240 5.174438 64.809700
v -3.826830 5.043728 64.891403
v -2.846480 5.141758 65.218102
v -3.598080 6.644958 64.826004
v -3.549070 6.628618 64.695305
v -3.500051 6.612278 64.548203
v -3.532721 6.971738 64.482903
v -3.581740 7.445578 64.401207
v -3.532721 7.053438 64.466507
v -3.516390 6.988078 64.482903
v -1.751760 8.671008 64.760605
v -1.670060 7.576288 64.956703
v -1.653720 7.053438 65.038406
v -3.336650 6.775668 64.597305
v -2.699430 6.693978 64.809700
v -1.670060 7.020758 65.038406
v -1.735420 6.890048 65.022102
v -2.290951 6.677638 64.891403
v -2.732110 6.710318 64.940407
v -0.019800 6.612278 65.708305
v -0.281200 6.595938 65.365204
v -0.101501 6.579598 65.397903
v 0.029200 6.579598 65.414200
v 2.708799 6.334518 65.643005
v 2.774199 6.334518 65.643005
v 2.790500 6.334518 65.643005
v 2.806900 6.334518 65.643005
v 2.823199 6.236478 65.659302
v 2.823199 7.429238 65.512199
v 2.970300 7.445578 65.495903
v 2.823199 7.282178 65.528603
v 5.028999 7.690668 65.414200
v 5.143400 7.641648 65.430603
v 5.306799 7.625308 65.430603
v 5.306799 7.233168 65.495903
v 2.823199 7.135128 65.544907
v 2.823199 6.334518 65.643005
v 3.558499 6.252818 65.659302
v 4.261000 6.171128 65.659302
v 4.571500 6.073088 65.659302
v 4.816599 5.909698 65.659302
v 5.094299 5.860678 65.659302
v 4.963600 5.729968 65.675606
v 5.045300 5.452198 65.708305
v 4.816599 5.942368 65.969704
v 4.587800 6.105768 65.953400
v 4.931000 5.975058 66.182106
v 5.077999 5.484878 66.067802
v 5.110699 5.991388 66.394600
v 5.241400 5.468538 66.263901
v 5.535500 5.877018 66.492599
v 5.355799 5.452198 66.345505
v 5.519199 5.403188 66.394600
v 9.440599 5.305148 66.835701
v 9.407900 5.550238 66.852104
v 9.375200 5.778978 66.933800
v 9.277199 5.795328 66.933800
v 7.986399 5.926038 66.933800
v 6.483200 6.105768 66.884705
v 5.519199 6.220138 66.835701
v 4.947300 6.269158 66.754005
v 4.996300 6.252818 66.770401
v 3.280700 6.432548 66.623306
v 4.947300 6.269158 66.770401
v 3.346100 6.546928 66.819405
v 1.434400 6.595938 66.410904
v 2.823199 6.367188 65.937103
v 3.542100 6.285498 65.953400
v 4.277400 6.203798 65.953400
v 4.408099 6.220138 66.182106
v 4.522500 6.252818 66.394600
v 4.653199 6.269158 66.574303
v 4.816599 6.269158 66.737701
v 4.113999 6.350858 66.705002
v 4.980000 6.269158 66.770401
v 5.143400 6.252818 66.803001
v 4.146700 6.350858 66.705002
v 0.405000 6.661298 66.231201
v -0.722401 6.726658 66.018806
v 0.388700 6.775668 66.427200
v 0.405000 6.988078 66.476303
v -0.297601 7.020758 66.345505
v -2.536040 7.118798 65.806305
v -1.065500 9.406268 65.855400
v -3.549070 9.242878 65.234505
v -2.781120 11.791828 64.973000
v -3.385670 10.386628 65.103806
v -3.483710 10.386628 65.054802
v -3.549070 10.386628 64.956703
v -3.712461 9.259218 65.103806
v -4.202631 9.291898 64.270500
v -3.777811 10.484628 64.531906
v -4.022901 10.599028 64.107101
v -3.973880 10.566328 63.960003
v -3.924860 10.550028 63.829296
v -3.696120 11.416028 63.714901
v -3.238620 12.216628 63.976398
v -2.977190 12.298327 63.714901
v -3.058890 12.118527 63.731297
v -3.696120 11.203527 63.747601
v -3.892190 11.138227 63.714901
v -2.748450 11.514028 63.241100
v -3.418350 11.301628 63.796597
v -2.601391 11.579328 63.976398
v -2.339971 11.661028 64.009003
v -0.853101 11.922528 62.767300
v -2.290951 11.677428 64.025406
v -1.539351 11.808127 64.156105
v -0.820400 11.938828 64.237801
v -0.673400 11.971528 64.254105
v 0.061899 12.004228 62.881596
v -0.640700 11.971528 64.254105
v 0.764500 12.004228 64.433907
v 1.042200 12.020528 64.450203
v 2.071600 11.971528 63.061398
v 1.107599 12.020528 64.450203
v 2.823199 11.857128 63.110401
v 1.140300 12.020528 64.450203
v 2.022599 11.906128 64.515602
v 2.823199 11.808127 64.580902
v 3.558499 11.710128 63.143101
v 2.855900 11.808127 64.580902
v 4.261000 11.514028 63.192097
v 2.872200 11.808127 64.580902
v 4.130300 11.514028 63.976398
v 2.904900 11.791828 64.597305
v 3.672800 11.579328 64.646301
v 4.751200 11.268928 64.711601
v 6.058300 10.729728 64.107101
v 4.849300 11.219928 64.711601
v 4.980000 11.154528 64.728004
v 5.502800 10.893127 64.777000
v 6.581200 10.370328 64.842300
v 7.006001 10.206928 64.172401
v 6.613899 10.353928 64.858704
v 6.777300 10.255928 64.858704
v 7.823000 9.635017 64.221504
v 6.793600 10.239528 64.875000
v 6.940701 10.141528 64.891403
v 7.823000 9.471628 64.956703
v 8.476500 8.981458 64.956703
v 9.391500 8.213518 64.319504
v 8.574600 8.899757 64.956703
v 9.048399 8.393248 65.005707
v 8.983099 8.327888 65.022102
v 8.721600 8.605658 65.005707
v 8.623600 8.687347 64.989403
v 8.607300 8.703688 64.989403
v 7.823000 9.308238 64.973000
v 6.777300 10.223228 64.188805
v 6.728300 10.141528 64.907700
v 6.532200 10.288628 64.875000
v 6.483200 10.304928 64.875000
v 5.698900 10.729728 64.809700
v 5.486500 10.827728 64.793304
v 5.600899 10.844128 64.107101
v 5.028999 11.007528 64.760605
v 4.408099 11.268928 64.711601
v 4.293699 11.301628 64.695305
v 4.261000 11.317927 64.695305
v 3.623799 11.497727 64.662605
v 3.395100 11.612028 63.960003
v 2.855900 11.693727 64.613602
v 2.823199 11.693727 64.613602
v 2.823199 11.726428 63.927296
v 2.823199 11.203527 63.927296
v 3.411400 11.072828 63.960003
v 2.904900 11.219928 63.045002
v 0.405000 11.399628 62.849003
v -0.068800 11.383327 63.682301
v -2.454340 10.909428 62.424099
v -2.617730 10.909428 63.290096
v -0.068800 11.906128 63.682301
v 0.993199 11.906128 64.466507
v 1.205600 11.889828 64.482903
v 1.940900 11.808127 64.531906
v 0.748099 11.906128 64.466507
v -0.624400 11.857128 64.286804
v -0.738700 11.840828 64.286804
v -0.787701 11.840828 64.270500
v -1.555691 11.693727 64.172401
v -2.356310 11.546728 64.041702
v -2.552381 11.481328 64.009003
v -3.483710 11.170928 63.813000
v -2.617730 11.170928 63.290096
v -2.552381 10.876828 62.881596
v -2.062201 10.811428 60.218403
v -2.143900 12.396328 60.920902
v -1.800780 11.546728 58.927601
v -2.013181 10.811428 59.924301
v -4.513071 9.651358 59.483101
v -3.434690 9.896448 56.640099
v -2.601391 10.304928 56.787201
v -1.473990 10.713428 56.983200
v 0.208899 10.288628 57.293701
v -0.918500 10.860428 57.081200
v -0.379300 10.991128 57.179298
v 0.356000 11.121928 57.309998
v -0.510000 11.252627 57.898201
v -0.738700 11.808127 59.107300
v -0.640700 11.497727 58.617100
v -0.608001 10.157827 58.666100
v -0.918500 10.141528 60.381802
v -0.951100 10.991128 60.398098
v -1.114500 12.641428 61.100697
v -1.114500 10.991128 61.394802
v -1.163600 12.641428 61.427502
v 0.780800 12.837528 61.656200
v 0.846200 11.203527 61.607197
v 2.888599 12.690428 61.803303
v 2.888599 11.056528 61.754200
v 1.189300 11.203527 60.773899
v 3.051900 11.023828 61.770596
v 3.068299 12.657728 61.803303
v 3.215300 10.991128 61.770596
v 3.247999 12.608727 61.819599
v 3.574800 11.791828 59.842598
v 3.329700 10.991128 61.149700
v 1.189300 10.370328 60.757496
v 3.297000 10.141528 61.117001
v 1.401700 10.353928 62.097401
v 2.104300 10.288628 62.228100
v 0.960500 9.716718 62.032001
v -1.032801 10.157827 61.672596
v -1.049200 9.487967 61.672596
v -0.019800 9.684038 63.698597
v -2.715771 9.079488 63.208401
v -2.601391 8.997787 61.394802
v -5.068600 7.674328 62.473202
v -4.055580 8.229857 61.133396
v -5.918241 6.873708 62.130001
v -3.810490 6.824688 63.126698
v -5.836540 4.488188 62.375103
v -5.967260 4.765958 62.277096
v -6.097970 4.863988 62.195400
v -6.245020 4.880328 62.097401
v -6.522790 4.863988 61.934002
v -6.784210 4.863988 61.770596
v -6.784210 4.896668 63.224796
v -7.045640 4.896668 63.012402
v -6.849570 2.658208 63.224796
v -6.784210 0.240017 63.339100
v -6.588140 2.592848 62.015697
v -6.686181 3.818288 61.901302
v -6.539130 0.811885 62.113697
v -7.503140 0.240017 61.476498
v -6.539130 0.240017 62.130001
v -6.539130 -0.315515 62.113697
v -8.401791 -0.315515 60.757496
v -8.205721 -1.851392 60.871899
v -8.042330 -2.210852 60.430798
v -8.990000 0.240017 60.267399
v -8.990000 0.681174 60.267399
v -8.973660 0.795546 60.267399
v -8.990000 -0.184802 60.267399
v -8.973660 -0.315515 60.267399
v -8.957320 -0.625958 60.283703
v -8.418131 -3.125842 60.365398
v -7.290730 -5.429662 60.577801
v -6.800550 -6.083232 60.659496
v -5.558780 -6.687782 56.264297
v -5.607800 -7.357682 60.871899
v -5.313690 -6.932862 56.313301
v -4.169950 -7.945892 56.509399
v -2.879160 -8.762852 56.738098
v -3.630760 -9.285702 56.607399
v -2.617730 -9.808552 56.787201
v -1.473990 -10.249672 56.983200
v -2.013181 -10.315072 59.924301
v -4.545750 -9.530792 62.522198
v -6.343060 -8.289012 62.244396
v -5.640471 -8.877222 62.522198
v -5.983600 -8.648472 62.375103
v -6.097970 -8.566782 62.326099
v -6.114310 -8.550442 62.326099
v -6.343060 -8.338032 62.228100
v -6.571810 -8.011252 61.264103
v -6.522790 -8.190982 62.146397
v -6.539130 -8.174643 62.130001
v -6.620821 -8.272672 62.080997
v -6.702520 -8.419732 61.999302
v -6.555460 -8.158302 62.130001
v -6.653501 -8.566782 61.999302
v -5.934580 -8.779192 62.375103
v -5.297350 -9.645163 62.538502
v -6.571810 -8.141962 62.130001
v -7.470460 -7.177952 61.639896
v -7.519481 -7.112592 61.607197
v -7.797240 -6.687782 61.460102
v -7.780900 -6.949202 61.460102
v -8.532500 -6.475372 60.953602
v -8.532500 -6.393672 60.953602
v -8.663210 -5.609392 60.920902
v -8.695890 -5.674752 60.871899
v -5.607800 -8.844543 61.705196
v -6.392070 -10.167973 61.035297
v -8.793930 -9.334723 59.368698
v -10.607573 -7.014562 57.669498
v -10.411503 -9.841232 57.424400
v -10.803642 -7.145272 57.816498
v -10.901677 -4.367622 57.996300
v -10.934356 -2.733712 58.077900
v -12.290501 -3.681382 56.019199
v -12.110773 -6.410012 55.937500
v -13.581301 -3.714052 53.225201
v -13.368891 -6.459032 53.159901
v -11.849347 -9.073292 55.806801
v -13.009430 -9.122313 53.061798
v -11.440869 -11.638572 55.627098
v -12.486570 -11.671172 52.914799
v -10.852659 -14.040372 55.365601
v -11.734973 -14.056772 52.702400
v -10.035700 -16.213472 54.924500
v -10.264450 -16.213472 54.221901
v -10.705606 -16.213472 52.310200
v -10.868999 -16.213472 51.215500
v -10.819982 -16.213472 51.591301
v -12.208808 -14.056772 49.941101
v -10.999712 -16.213472 49.777699
v -12.486570 -13.762672 47.669899
v -13.074780 -11.687572 50.071800
v -13.270850 -11.671172 47.669899
v -13.859060 -9.432753 47.653599
v -13.695670 -9.154992 50.153500
v -14.300220 -6.883852 47.637199
v -14.120490 -6.491712 50.202499
v -14.610661 -4.057182 47.637199
v -14.381910 -3.730392 50.235199
v -14.708700 -2.537642 47.620899
v -14.512630 -0.903722 50.267799
v -14.790390 -0.903722 47.620899
v -14.757710 -0.903722 48.209099
v -14.676021 -0.903722 50.300499
v -14.708700 -0.903722 52.424599
v -15.002800 -0.903722 51.313499
v -15.084500 0.240017 51.362598
v -14.610661 0.240017 52.996498
v -15.051821 0.240017 51.264500
v -14.479950 0.240017 53.241600
v -14.398251 -0.756671 53.192501
v -14.970120 -0.756671 51.231800
v -13.859060 -0.756671 52.996498
v -12.846030 -0.756671 55.333000
v -13.140141 0.240017 54.663101
v -12.421221 0.240017 56.035500
v -12.633631 -0.756671 55.708797
v -10.983373 -0.756671 58.192299
v -12.846030 -0.756671 56.525700
v -11.440869 -0.756671 58.551800
v -12.960410 0.240017 56.509399
v -13.221840 0.240017 56.051899
v -13.156481 -0.756671 56.002899
v -13.842720 -0.756671 54.630398
v -13.908080 0.240017 54.679398
v -14.496290 0.240017 53.372299
v -14.528971 0.240017 53.274200
v -14.561640 0.240017 53.110798
v -14.414591 -0.903722 53.290600
v -13.728351 -0.903722 53.208900
v -13.842720 -0.903722 54.728401
v -12.388540 -0.903722 56.068199
v -13.140141 -0.903722 56.100899
v -11.833008 -0.903722 56.950500
v -11.702294 -0.903722 58.273998
v -10.950695 -0.903722 58.159599
v -11.391852 -0.903722 58.682499
v -11.408191 -0.331853 58.747799
v -11.408191 0.240017 58.813198
v -11.359173 0.240017 58.780499
v -11.244799 0.240017 58.682499
v -11.146765 0.240017 58.600800
v -10.770964 0.240017 58.306698
v -10.623911 0.240017 58.192299
v -10.950695 0.240017 58.192299
v -10.754624 0.240017 58.028900
v -10.950695 2.135358 58.126999
v -10.918017 3.850968 58.045300
v -10.689268 5.288808 57.816498
v -10.836320 6.824688 57.881901
v -10.607573 7.641648 57.669498
v -10.689268 9.259218 57.685799
v -10.444181 9.880108 57.473400
v -10.509538 11.268928 57.473400
v -10.182751 12.396328 57.162998
v -10.231773 13.344028 57.179298
v -9.790621 14.585828 56.787201
v -8.548841 12.298327 59.091000
v -8.189381 14.634828 58.698799
v -6.196001 12.837528 60.675900
v -5.934580 14.879928 60.153000
v -7.682870 16.693527 58.126999
v -7.143671 16.693527 58.568100
v -5.558780 16.693527 59.466801
v -3.385670 14.781828 61.182400
v -4.088260 16.693527 60.006001
v -3.140591 16.693527 60.234699
v -0.673400 14.406028 61.901302
v -3.598080 12.641428 61.868603
v -2.617730 11.514028 62.473202
v -2.634070 11.203527 62.538502
v -4.921550 10.566328 62.652897
v -4.104590 10.811428 62.897999
v -4.529410 10.631728 62.783596
v -4.888870 10.468328 62.701900
v -4.627450 10.582727 62.767300
v -4.692801 9.978148 62.865299
v -5.068600 9.749398 62.718296
v -6.441091 8.703688 62.195400
v -4.856190 9.863768 62.767300
v -6.408411 8.720028 62.195400
v -6.408411 8.720028 62.211697
v -6.359400 8.769048 62.228100
v -6.261360 8.899757 62.244396
v -6.343060 8.801728 62.228100
v -6.441091 8.687347 62.195400
v -4.692801 9.978148 62.816296
v -4.954230 10.435628 62.669201
v -5.003251 10.386628 62.652897
v -4.954230 10.402927 62.669201
v -4.954230 10.386628 62.669201
v -4.970571 10.386628 62.669201
v -5.477080 10.206928 63.584202
v -4.039240 10.974828 64.009003
v -3.990221 10.991128 63.861996
v -4.071910 10.844128 64.025406
v -4.088260 10.713428 64.058105
v -6.555460 9.226548 62.032001
v -6.800550 9.046808 61.917599
v -6.865911 8.997787 61.884998
v -6.898591 8.981458 61.884998
v -6.588140 8.621988 62.113697
v -7.290730 8.572978 61.672596
v -6.816890 9.210197 63.061398
v -6.343060 5.141758 63.747601
v -5.182981 5.125418 64.335800
v -6.130651 4.994708 63.878300
v -6.212340 4.896668 63.796597
v -6.604480 5.190778 63.600597
v -6.571810 4.994708 63.551601
v -7.290730 5.011048 63.159397
v -7.143671 4.913008 63.143101
v -6.931261 0.240017 63.518902
v -7.029300 -4.400302 62.979702
v -6.849570 -2.161832 63.224796
v -6.686181 -3.338252 61.901302
v -6.588140 -2.096482 62.015697
v -7.764561 -3.370932 61.149700
v -6.931261 -5.037522 61.623501
v -7.111001 -4.498332 60.594196
v -6.800550 -5.004842 60.659496
v -5.918241 -6.393672 62.130001
v -5.624140 -6.459032 60.855602
v -5.068600 -7.194292 62.473202
v -4.055580 -7.733482 61.133396
v -2.715771 -8.583122 63.208401
v -2.601391 -8.501422 61.394802
v -1.049200 -9.007932 61.672596
v -0.019800 -9.204012 63.698597
v 0.960500 -9.220343 62.032001
v 2.823199 -8.975263 63.960003
v 2.218699 -9.138652 62.244396
v 3.803599 -8.779192 62.522198
v 4.342700 -8.485083 64.041702
v 5.323099 -8.141962 62.799999
v 5.715200 -7.766162 64.123405
v 6.973299 -6.834832 64.188805
v 7.561600 -6.459032 63.192097
v 8.068100 -5.691092 64.237801
v 8.035400 -5.936182 63.273800
v 8.002699 -6.916532 63.273800
v 8.166100 -6.753132 63.290096
v 8.836000 -6.932862 58.813198
v 6.548500 -8.664812 58.404701
v 6.189100 -8.370712 62.947002
v 5.077999 -8.975263 62.750896
v 5.061699 -9.351062 58.143299
v 3.885200 -9.432753 62.538502
v 3.476800 -9.759542 57.865498
v 3.607500 -9.677842 59.401398
v 3.297000 -9.661502 61.117001
v 2.104300 -9.808552 62.228100
v 1.189300 -9.890272 60.757496
v 1.401700 -9.873912 62.097401
v -0.853101 -9.710522 61.705196
v -0.918500 -9.661502 60.381802
v -1.130900 -9.645163 61.656200
v -1.375960 -9.400072 56.999599
v -3.516390 -8.795532 61.231396
v -3.826830 -8.632133 61.182400
v -0.608001 -9.677842 58.666100
v 0.208899 -9.792212 57.293701
v 0.356000 -10.625472 57.309998
v 1.761200 -9.906572 57.555099
v 3.313399 -10.609172 57.832901
v 1.761200 -10.723572 57.555099
v 1.499700 -11.230072 58.992901
v 3.656500 -11.017673 59.368698
v 1.499700 -9.906572 59.025600
v -0.640700 -11.017673 58.617100
v -0.738700 -11.311772 59.107300
v -0.510000 -10.756272 57.898201
v -0.379300 -10.511172 57.179298
v -0.918500 -10.380472 57.081200
v -1.800780 -11.066672 58.927601
v -2.143900 -11.916272 60.920902
v -2.062201 -10.331372 60.218403
v -2.372650 -11.948972 62.179096
v -2.405320 -11.458772 62.309803
v -2.454340 -10.413073 62.424099
v -2.552381 -10.396772 62.881596
v -4.202631 -9.759542 63.012402
v -2.634070 -10.413073 63.404499
v -2.830140 -10.380472 63.339100
v -3.320320 -10.167973 63.224796
v -3.973880 -10.053672 63.012402
v -4.774500 -9.955572 62.750896
v -4.415040 -9.726862 62.930698
v -4.382360 -9.694182 62.947002
v -4.496730 -9.645163 62.914303
v -4.529410 -9.628822 62.897999
v -4.807180 -9.955572 62.734600
v -4.856190 -9.988272 62.701900
v -3.777811 -9.939272 62.326099
v -2.781120 -10.396772 63.355503
v -2.764780 -10.396772 63.355503
v -2.634070 -10.396772 62.620197
v -2.748450 -10.658173 63.257496
v -2.732110 -10.903273 63.257496
v -2.617730 -10.690872 63.290096
v -2.617730 -10.413073 63.290096
v -0.068800 -10.903273 63.682301
v 0.405000 -10.919572 62.849003
v 0.192599 -11.426172 62.816296
v 2.823199 -11.262773 63.028698
v 2.823199 -10.739872 63.028698
v 2.986600 -11.246372 63.045002
v 2.986600 -10.707172 63.045002
v 3.558499 -11.115672 63.077702
v 3.558499 -10.576472 63.077702
v 2.823199 -10.707172 63.927296
v 3.411400 -10.576472 63.960003
v 2.823199 -11.246372 63.927296
v -0.068800 -11.409772 63.682301
v -2.601391 -10.968672 63.290096
v -2.356310 -11.066672 64.041702
v -2.552381 -11.001272 64.009003
v -3.238620 -10.756272 63.878300
v -3.924860 -10.527472 63.731297
v -4.480391 -6.132252 64.172401
v -3.957541 -10.347773 63.747601
v -3.990221 -10.511172 63.861996
v -4.039240 -10.494772 64.009003
v -5.477080 -9.726862 63.584202
v -4.071910 -10.364072 64.025406
v -4.088260 -10.233372 64.058105
v -4.366020 -8.223662 64.286804
v -4.447721 -7.602772 64.352203
v -6.179670 -7.553752 63.567898
v -5.182981 -4.743422 64.319504
v -4.594770 -6.164922 64.450203
v -4.725481 -4.743422 64.531906
v -4.300670 -4.743422 64.695305
v -2.405320 -6.132252 65.201805
v -4.039240 -4.694402 64.809700
v -2.862821 -4.727082 65.201805
v -2.372650 -4.710742 65.348900
v -0.591701 -6.050552 65.626602
v -1.931490 -4.694402 65.479607
v -1.833450 -4.678062 65.495903
v -1.490331 -4.531012 65.593903
v -1.915151 -4.514672 65.414200
v -1.572030 -4.367622 65.512199
v -1.882470 -4.416642 65.234505
v -2.585051 -4.481992 65.169106
v -2.699430 -4.580032 65.218102
v -2.666750 -2.423262 65.414200
v -3.434690 -1.622642 65.201805
v -3.451030 -1.818712 65.185501
v -3.614420 -4.089852 65.005707
v -3.826830 -4.547352 64.891403
v -3.908520 -4.432982 64.809700
v -3.745131 -4.073512 64.907700
v -3.908520 -4.351282 64.646301
v -4.055580 -4.449312 64.564606
v -4.202631 -4.481992 64.482903
v -4.284330 -4.563692 64.646301
v -4.905210 -4.498332 64.319504
v -5.035930 -4.596372 64.368500
v -4.905210 0.240017 64.679001
v -4.937891 -1.655322 64.613602
v -4.986910 -2.439602 64.548203
v -5.182981 -4.629052 64.335800
v -6.343060 -4.645392 63.747601
v -6.130651 -4.514672 63.878300
v -5.901900 -4.040842 64.025406
v -6.212340 -4.416642 63.796597
v -6.016270 -4.024502 63.910999
v -6.179670 -4.318602 63.633297
v -6.326720 -4.400302 63.518902
v -6.473770 -4.432982 63.388203
v -6.571810 -4.514672 63.551601
v -6.604480 -4.694402 63.600597
v -7.012960 -4.678062 63.371799
v -7.437780 -4.645392 63.110401
v -8.777590 -1.589972 62.342503
v -7.225370 -2.292552 63.371799
v -7.290730 -4.514672 63.159397
v -7.192690 -1.622642 63.420803
v -7.160010 0.240017 63.502499
v -8.990000 0.240017 62.211697
v -10.542215 -1.573632 60.806599
v -10.672929 0.240017 60.724903
v -10.329807 -1.998442 59.989601
v -10.542215 2.069998 60.806599
v -10.231773 3.573198 61.035297
v -9.627220 4.798638 60.153000
v -9.643560 4.782298 60.136700
v -8.777590 2.069998 62.342503
v -7.437780 5.076398 63.110401
v -7.192690 2.102678 63.420803
v -7.225370 2.788918 63.371799
v -7.012960 5.158098 63.371799
v -10.231773 -3.093172 61.035297
v -9.708920 -4.138872 60.087700
v -9.643560 -4.285922 60.136700
v -9.643560 -4.302262 60.153000
v -9.676240 -4.432982 60.104000
v -9.855970 -2.063802 60.071301
v -9.757940 -3.485312 60.087700
v -9.741600 -3.583342 60.087700
v -10.035700 -2.733712 60.038601
v -10.035700 -2.308892 60.038601
v -9.904990 -0.952742 60.055000
v -9.937671 -0.593280 60.055000
v -10.264450 -0.152122 59.989601
v -9.954010 -0.250158 60.038601
v -9.954010 -0.005071 60.038601
v -9.954010 0.730191 60.055000
v -9.954010 0.501442 60.038601
v -9.937671 1.089652 60.038601
v -9.986680 1.285718 60.038601
v -9.954010 1.563488 60.055000
v -10.084721 1.873928 60.022301
v -10.052040 1.775898 60.038601
v -9.872311 2.233388 60.071301
v -9.676240 2.413118 59.188999
v -9.088030 4.602568 59.662800
v -9.937671 0.240017 59.434101
v -10.035700 0.240017 60.022301
v -10.035700 0.256355 60.038601
v -10.019361 0.681174 60.038601
v -10.019361 0.909920 60.038601
v -10.019361 0.975275 60.038601
v -10.052040 1.155008 60.038601
v -10.003020 1.253038 60.038601
v -10.133740 1.547148 60.022301
v -9.823290 -2.553982 60.071301
v -9.806951 -2.733712 60.071301
v -9.643560 -2.815402 60.234699
v -9.414810 -3.599682 60.398098
v -9.382140 -3.681382 60.430798
v -9.529190 -3.910122 60.267399
v -10.019361 -4.073512 61.165997
v -8.646880 -6.802152 62.097401
v -9.382140 -5.119222 60.316402
v -9.088030 -5.119222 60.594196
v -9.382140 -3.697722 60.414402
v -10.607573 -7.063582 60.349102
v -11.473547 -4.024502 59.679199
v -12.453890 -7.079922 58.094299
v -13.107460 -4.040842 57.489700
v -13.908080 -7.145272 55.578098
v -14.414591 -4.089852 55.104198
v -14.953780 -7.194292 52.865799
v -15.345921 -4.122532 52.538998
v -10.460521 -2.504962 60.839298
v -7.143671 -4.432982 63.143101
v -6.784210 -4.416642 63.224796
v -6.784210 -4.367622 61.770596
v -6.522790 -4.383962 61.934002
v -6.245020 -4.400302 62.097401
v -6.097970 -4.367622 62.195400
v -5.967260 -4.285922 62.277096
v -5.836540 -4.008162 62.375103
v -5.771190 -3.354592 62.440502
v -4.562090 -4.432982 62.979702
v -4.284330 -4.449312 63.110401
v -3.990221 -4.449312 63.224796
v -3.810490 -6.344652 63.126698
v -3.712461 -4.318602 63.355503
v -3.581740 -4.040842 63.420803
v -2.258270 -4.416642 63.845699
v -1.964170 -4.400302 63.927296
v -1.653720 -6.361002 63.829296
v -1.359620 -7.472062 63.747601
v -1.294260 -7.684462 63.731297
v -1.163600 -7.847862 63.731297
v -0.967501 -7.962233 63.763996
v -0.755100 -7.994912 63.796597
v -0.967501 -8.027592 64.989403
v 0.715500 -7.880532 64.041702
v 2.202300 -7.782502 64.156105
v 2.594500 -7.602772 64.205101
v 2.398399 -7.619112 65.397903
v 2.725200 -7.210632 64.270500
v 2.512799 -7.308672 65.463203
v 2.545400 -7.194292 65.463203
v 2.414700 -6.949202 65.512199
v 2.659800 -6.998222 64.303200
v 2.398399 -6.916532 65.512199
v 2.332999 -6.785812 65.528603
v 2.512799 -6.818492 64.319504
v 2.823199 -6.377332 64.384804
v 2.823199 -6.655102 64.335800
v 5.780600 -5.168242 64.450203
v 2.823199 -4.024502 64.613602
v 3.002899 -4.008162 64.613602
v 2.708799 -4.057182 65.855400
v 2.725200 -4.040842 65.234505
v 2.610800 -4.057182 65.839005
v 2.627100 -4.138872 66.035103
v 2.267699 -4.106192 65.839005
v 2.169600 -4.220572 66.035103
v 2.087899 -4.302262 66.067802
v 1.973599 -4.400302 66.067802
v 2.332999 -4.367622 66.084106
v 2.643499 -4.334942 66.100502
v 2.806900 -4.122532 66.035103
v 2.806900 -4.040842 65.855400
v 2.888599 -4.040842 65.855400
v 2.970300 -4.024502 65.855400
v 3.182699 -3.991822 64.613602
v 3.133599 -3.975482 65.839005
v 3.264400 -3.877442 65.839005
v 2.986600 -4.106192 66.035103
v 2.823199 -4.318602 66.100502
v 2.921200 -4.302262 66.100502
v 3.002899 -4.285922 66.100502
v 3.313399 -3.926462 66.035103
v 3.444099 -4.073512 66.116806
v 3.460400 -3.599682 66.051407
v 3.395100 -3.583342 65.855400
v 3.574800 -3.583342 64.646301
v 3.460400 -3.861102 64.629906
v 5.813299 -2.504962 64.662605
v 8.917700 -4.465652 64.286804
v 6.891600 -2.701032 64.580902
v 7.006001 -2.227192 64.613602
v 5.845900 0.240017 64.760605
v 6.891600 -1.508272 64.646301
v 7.087700 -1.720682 64.629906
v 7.234800 -1.737022 64.646301
v 7.267399 -1.753362 64.662605
v 7.332800 -1.753362 64.662605
v 7.496201 -1.786032 64.695305
v 8.280500 -2.504962 64.826004
v 7.806601 -1.589972 64.744301
v 7.921000 -1.246842 64.777000
v 8.917700 -1.246842 64.940407
v 7.921000 -0.511585 64.777000
v 7.921000 0.240017 64.777000
v 7.921000 1.007956 64.777000
v 7.921000 1.743218 64.777000
v 8.917700 1.743218 64.940407
v 7.806601 2.086338 64.744301
v 7.496201 2.282408 64.695305
v 7.006001 2.707228 64.613602
v 8.280500 3.001328 64.826004
v 6.891600 3.197398 64.580902
v 7.659599 3.262758 64.531906
v 8.345800 2.984988 64.482903
v 8.966700 2.053658 64.466507
v 8.999399 1.743218 64.466507
v 10.045099 1.824908 64.319504
v 9.636600 3.377128 64.303200
v 8.917700 4.945688 64.286804
v 9.979700 2.690888 63.616901
v 9.048399 4.978368 63.453503
v 10.617001 2.788918 63.731297
v 10.927399 0.240017 63.780300
v 10.290199 0.240017 63.665897
v 10.175800 0.240017 64.352203
v 9.979700 -2.210852 63.616901
v 10.617001 -2.308892 63.731297
v 9.048399 -4.498332 63.453503
v 9.669300 -4.694402 63.567898
v 11.417599 -2.390582 59.270699
v 10.420900 -4.841452 59.091000
v 9.260799 -6.475372 58.878601
v 11.107100 -5.282612 59.205299
v 9.489599 -7.439382 58.927601
v 9.228100 -7.700802 58.878601
v 6.989700 -9.154992 61.525501
v 9.130100 -7.390362 61.901302
v 6.842600 -9.024272 64.335800
v 5.878599 -9.579812 64.254105
v 5.862299 -9.596142 64.009003
v 5.682499 -9.710522 63.829296
v 5.355799 -9.857573 63.747601
v 4.931000 -10.069972 63.633297
v 4.473499 -10.315072 61.067997
v 4.457100 -10.315072 61.165997
v 4.636800 -11.066672 60.071301
v 4.277400 -11.916272 62.048397
v 4.130300 -10.429472 63.110401
v 3.983299 -10.413073 63.992702
v 3.966900 -10.968672 63.992702
v 3.395100 -11.115672 63.960003
v 2.855900 -11.197372 64.613602
v 2.823199 -11.213772 64.613602
v 1.581400 -11.360772 64.531906
v 1.189300 -11.409772 64.482903
v 0.993199 -11.426172 64.482903
v 1.107599 -11.524172 64.450203
v 1.042200 -11.540472 64.450203
v 0.764500 -11.524172 64.433907
v 0.061899 -11.524172 62.881596
v -0.640700 -11.491472 64.254105
v 0.748099 -11.409772 64.466507
v -0.624400 -11.377072 64.286804
v -0.738700 -11.360772 64.286804
v -1.555691 -11.213772 64.172401
v -2.258270 -11.082973 64.058105
v -2.290951 -11.181072 64.025406
v -1.539351 -11.328073 64.156105
v -0.853101 -11.426172 62.767300
v -2.339971 -11.181072 64.009003
v -2.601391 -11.099372 63.976398
v -2.601391 -11.033972 62.473202
v -2.617730 -10.723572 62.554897
v -3.598080 -12.145072 61.868603
v -0.673400 -13.925972 61.901302
v -3.385670 -14.285472 61.182400
v -6.196001 -12.357472 60.675900
v -5.934580 -14.399872 60.153000
v -8.189381 -14.154772 58.698799
v -8.548841 -11.818273 59.091000
v -10.133740 -12.194072 57.130299
v -10.378825 -11.916272 57.326298
v -10.623911 -9.628822 57.604099
v -10.003020 -14.105772 56.950500
v -9.382140 -16.213472 56.395000
v -9.153391 -16.213472 56.215298
v -9.757940 -14.252772 56.754498
v -8.434470 -16.213472 57.326298
v -9.071691 -16.213472 54.352600
v -9.202411 -16.213472 53.486599
v -9.169730 -13.207072 53.486599
v -8.597860 -13.207072 55.251301
v -7.666531 -16.213472 56.117199
v -7.078321 -13.207072 56.362301
v -6.146990 -16.213472 56.525700
v -5.215661 -13.207072 56.362301
v -4.611110 -16.213472 56.117199
v -3.696120 -13.207072 55.251301
v -3.222281 -16.213472 54.352600
v -3.091570 -16.213472 53.486599
v -3.124250 -13.207072 53.486599
v -3.402010 -16.213472 52.163200
v -3.696120 -13.207072 51.705700
v -4.235311 -16.213472 51.101101
v -4.611110 -16.213472 50.839699
v -5.215661 -13.207072 50.611000
v -6.146990 -16.213472 50.431198
v -7.078321 -13.207072 50.611000
v -7.666531 -16.213472 50.839699
v -8.042330 -16.213472 51.101101
v -8.597860 -13.207072 51.705700
v -8.891960 -16.213472 52.163200
v -7.078321 -10.217072 50.627300
v -8.565180 -10.217072 51.722000
v -9.137051 -10.217072 53.486599
v -8.728571 -9.383732 51.983398
v -7.633850 -9.383732 50.888699
v -6.686181 -9.383732 50.529301
v -5.215661 -10.217072 50.627300
v -4.643790 -9.383732 50.888699
v -3.712461 -10.217072 51.722000
v -3.336650 -9.383732 52.440899
v -3.156930 -9.383732 53.486599
v -3.140591 -10.217072 53.486599
v -3.336650 -9.383732 54.532299
v -3.712461 -10.217072 55.234898
v -4.643790 -9.383732 56.068199
v -5.215661 -10.217072 56.329700
v -6.686181 -9.383732 56.427700
v -7.078321 -10.217072 56.329700
v -7.633850 -9.383732 56.068199
v -8.565180 -10.217072 55.234898
v -8.728571 -9.383732 54.973499
v -9.137051 -9.383732 53.486599
v -8.385450 -9.383732 53.633698
v -7.486800 -9.383732 51.689301
v -7.486800 -11.115672 51.705700
v -7.486800 -12.863972 51.722000
v -4.807180 -11.115672 51.705700
v -4.807180 -12.863972 51.722000
v -4.202631 -12.863972 52.408298
v -4.790840 -9.383732 51.689301
v -3.908520 -9.383732 53.633698
v -5.068600 -9.383732 55.447300
v -4.218970 -12.863972 54.564999
v -3.941210 -12.863972 53.649998
v -5.199320 -12.863972 54.025799
v -5.591460 -12.863972 54.434299
v -6.146990 -12.863972 54.581398
v -7.568490 -12.863972 55.169598
v -6.686181 -12.863972 54.434299
v -6.686181 -14.367172 54.434299
v -6.146990 -14.367172 54.581398
v -7.633850 -14.367172 54.336300
v -5.281010 -14.367172 54.973499
v -6.996620 -14.367172 54.973499
v -7.650190 -17.700373 54.352600
v -7.780900 -17.700373 53.895100
v -5.526100 -17.700373 53.780800
v -7.339740 -17.700373 52.293900
v -7.176351 -17.700373 52.130501
v -7.633850 -14.367172 52.620701
v -7.650190 -17.700373 52.604298
v -7.895270 -17.700373 53.486599
v -7.862600 -14.367172 53.486599
v -7.094660 -14.367172 54.025799
v -7.241711 -14.367172 53.486599
v -7.094660 -12.863972 54.025799
v -7.241711 -12.863972 53.486599
v -7.437780 -12.863972 53.388599
v -7.094660 -12.863972 52.931099
v -6.686181 -12.863972 52.538998
v -6.686181 -14.367172 52.538998
v -6.146990 -14.367172 52.391899
v -6.146990 -12.863972 52.391899
v -5.591460 -14.367172 52.538998
v -5.591460 -12.863972 52.538998
v -5.199320 -14.367172 52.931099
v -5.199320 -12.863972 52.931099
v -5.052270 -14.367172 53.486599
v -5.052270 -12.863972 53.486599
v -5.199320 -14.367172 54.025799
v -5.591460 -14.367172 54.434299
v -4.758161 -14.367172 54.483299
v -5.264670 -17.700373 54.989799
v -5.852880 -17.700373 55.202301
v -6.097970 -17.700373 55.153198
v -6.146990 -14.367172 55.202301
v -7.012960 -17.700373 54.989799
v -7.405100 -17.700373 54.597698
v -4.790840 -17.700373 54.515999
v -4.627450 -17.700373 54.352600
v -4.415040 -17.700373 53.568298
v -5.117620 -17.700373 52.130501
v -4.398700 -17.700373 53.486599
v -4.627450 -17.700373 52.604298
v -5.281010 -14.367172 51.999798
v -5.264670 -17.700373 51.967098
v -6.146990 -14.367172 51.771000
v -6.996620 -14.367172 51.999798
v -5.852880 -17.700373 51.754700
v -5.346370 -17.700373 51.950798
v -7.012960 -17.700373 51.967098
v -7.094660 -14.367172 52.931099
v -4.758161 -14.367172 52.473598
v -4.431380 -14.367172 53.486599
v -8.352770 -12.863972 53.649998
v -7.225370 -9.383732 55.447300
v -7.209030 -12.863972 55.431000
v -6.669840 -9.383732 55.659698
v -5.084940 -12.863972 55.431000
v -6.653501 -9.383732 51.689301
v -6.016270 -16.213472 48.225399
v -3.630760 -16.213472 48.241798
v -5.918241 -16.213472 45.235401
v -8.434470 -16.213472 42.229000
v -6.163321 -16.213472 42.229000
v -6.996620 -16.213472 39.238899
v -4.055580 -16.213472 39.238899
v -5.705831 -16.213472 36.248898
v -3.402010 -16.213472 36.248898
v -1.098201 -16.213472 39.238899
v -1.098201 -16.213472 39.745399
v -0.902101 -14.007672 39.680099
v -0.902101 -14.007672 37.425301
v -1.098201 -16.213472 36.248898
v -0.902101 -14.007672 35.170498
v -1.098201 -16.213472 35.105099
v 0.911500 -14.007672 35.170498
v 1.597799 -16.213472 35.105099
v 3.917900 -14.007672 35.170498
v 0.911500 -14.007672 36.134499
v 2.823199 -14.007672 36.134499
v 3.117300 -17.700373 36.101799
v 3.917900 -14.007672 36.134499
v 3.607500 -17.700373 36.101799
v 5.061699 -17.700373 36.101799
v 5.241400 -17.700373 36.101799
v 4.767600 -17.700373 37.000500
v 5.747900 -17.700373 36.101799
v 5.845900 -17.700373 37.000500
v 5.666199 -15.706972 37.098499
v 5.584499 -14.710272 37.163799
v 5.698900 -15.952072 38.650700
v 5.845900 -17.700373 38.650700
v 4.734900 -17.700373 38.650700
v 5.535500 -14.220172 38.650700
v 2.823199 -14.220172 38.650700
v 2.823199 -17.700373 38.650700
v 0.110900 -14.220172 38.650700
v 0.502999 -17.700373 38.650700
v 0.584700 -17.700373 38.748699
v 2.316700 -17.700373 38.748699
v 2.725200 -14.154772 38.716099
v 0.323299 -17.700373 38.748699
v 0.127199 -17.700373 38.748699
v 2.578099 -14.154772 38.716099
v 2.823199 -14.154772 38.716099
v 2.823199 -17.700373 38.748699
v 2.839499 -14.154772 38.716099
v 3.117300 -17.700373 38.748699
v 3.966900 -17.700373 38.748699
v 5.731600 -15.854073 38.732399
v 5.535500 -14.154772 38.716099
v 5.568199 -14.007672 38.716099
v 5.731600 -15.854073 36.118099
v 5.568199 -14.007672 36.134499
v 5.895000 -17.700373 36.101799
v 5.568199 -13.207072 39.108200
v 5.568199 -14.007672 39.140900
v 5.715200 -14.007672 39.418598
v 3.917900 -14.007672 39.680099
v 5.895000 -14.007672 39.680099
v 5.911299 -15.118773 39.712799
v 7.594200 -13.207072 40.791100
v 5.927599 -16.213472 39.745399
v 8.313099 -16.213472 40.905499
v 10.175800 -13.207072 40.219299
v 10.698700 -16.213472 39.745399
v 10.992800 -16.213472 39.304298
v 11.335899 -13.207072 37.850098
v 11.286900 -16.213472 37.163799
v 10.780399 -16.213472 36.069099
v 11.793400 -16.213472 36.248898
v 11.793400 -16.213472 34.565899
v 11.335899 -15.249473 33.667301
v 11.809700 -15.167772 33.781601
v 11.809700 -15.690672 34.157398
v 11.826099 -14.220172 34.958099
v 12.577700 -14.220172 33.503899
v 12.267200 -14.220172 33.373199
v 11.940399 -14.220172 33.242500
v 13.901100 -13.795272 33.945000
v 13.901100 -11.262773 32.719601
v 14.211599 -11.540472 32.997398
v 14.538399 -11.605872 33.226101
v 15.420700 -13.778973 35.252201
v 14.897800 -11.524172 33.438499
v 15.240900 -11.295372 33.585598
v 15.338999 -11.148372 33.585598
v 16.254000 -11.262773 34.549599
v 16.155899 -11.948972 34.811001
v 16.139599 -13.043673 35.578899
v 16.417400 -13.713573 36.673698
v 16.499100 -13.811672 36.935101
v 17.740799 -13.452172 36.052799
v 16.842199 -14.122072 38.160500
v 17.544800 -13.615572 36.608299
v 17.675499 -13.566572 36.542999
v 17.871500 -13.582872 36.559299
v 17.691799 -12.439172 35.301201
v 17.887899 -13.631872 36.624699
v 17.757200 -13.011072 35.725998
v 17.757200 -13.158072 35.742298
v 17.691799 -13.288773 35.415600
v 17.969599 -14.024073 36.820698
v 17.887899 -14.073072 36.314198
v 17.887899 -13.648273 36.640999
v 17.887899 -13.631872 36.640999
v 18.623100 -14.269172 39.729099
v 18.100300 -13.811672 37.507000
v 18.623100 -14.367172 39.712799
v 18.623100 -14.367172 39.729099
v 18.851900 -14.563272 41.608101
v 18.851900 -14.546872 41.608101
v 18.835600 -14.432572 41.428398
v 18.966299 -14.579572 43.209301
v 17.397699 -14.416172 41.755100
v 17.512100 -14.563272 43.568798
v 19.031599 -14.693973 45.104698
v 17.561100 -14.661272 45.349800
v 19.031599 -14.759273 47.179699
v 17.561100 -14.726672 47.179699
v 18.917299 -14.791972 50.382198
v 17.528400 -14.759273 48.715599
v 17.446699 -14.742972 50.349499
v 17.267000 -14.710272 52.359200
v 18.753901 -14.742972 52.408298
v 16.940199 -14.595972 54.515999
v 17.332399 -14.612272 54.630398
v 18.410700 -14.628572 54.695698
v 17.855200 -14.612272 54.695698
v 17.479399 -14.105772 58.012600
v 16.400999 -14.073072 58.012600
v 17.299700 -13.729972 58.633499
v 16.940199 -13.680972 58.682499
v 17.430399 -14.105772 58.192299
v 17.544800 -14.367172 57.849201
v 17.577400 -14.416172 57.767498
v 17.822500 -14.840972 57.015900
v 18.410700 -14.726672 54.712101
v 17.119900 -14.236472 54.630398
v 16.205000 -13.729972 57.816498
v 17.250700 -14.007672 54.532299
v 17.381399 -13.762672 54.548698
v 16.809500 -13.778973 54.499699
v 16.254000 -13.795272 54.450600
v 15.763800 -14.563272 54.401600
v 16.254000 -13.909672 52.277500
v 15.289999 -15.298472 54.368999
v 15.289999 -15.396572 52.702400
v 15.289999 -15.412872 52.163200
v 16.254000 -13.958673 50.660000
v 15.289999 -15.445572 50.578300
v 16.254000 -13.958673 48.748299
v 15.289999 -15.461872 49.075100
v 15.289999 -15.445572 47.637199
v 16.254000 -13.909672 46.052299
v 15.289999 -15.396572 46.084999
v 15.289999 -15.331172 44.451099
v 16.254000 -13.746272 43.160301
v 15.289999 -15.216772 42.915199
v 15.289999 -15.151472 42.000198
v 16.254000 -13.452172 39.990498
v 15.780100 -14.203773 40.023201
v 17.446699 -14.073072 39.876099
v 17.561100 -14.252772 39.876099
v 17.365000 -14.252772 39.892498
v 17.152599 -14.236472 39.908798
v 16.809500 -14.857372 39.941498
v 15.289999 -14.971772 40.072201
v 16.449999 -15.445572 39.974201
v 15.289999 -15.461872 40.072201
v 16.678801 -15.608973 41.722500
v 15.289999 -15.625272 41.918499
v 16.809500 -15.739672 43.421700
v 15.289999 -15.706972 43.062298
v 15.289999 -15.755972 43.748501
v 16.842199 -15.837672 45.218998
v 15.289999 -15.854073 45.545799
v 16.842199 -15.903072 47.163399
v 15.289999 -15.870372 46.052299
v 16.842199 -15.903072 47.294098
v 15.289999 -15.903072 47.294098
v 15.289999 -15.935772 49.042400
v 16.776800 -15.935772 49.238499
v 15.289999 -15.935772 50.774300
v 16.662500 -15.919373 51.019398
v 15.289999 -15.903072 52.032501
v 16.482700 -15.886673 52.702400
v 15.289999 -15.886673 52.538998
v 15.289999 -15.804972 54.368999
v 16.188601 -15.804972 54.450600
v 16.564400 -15.216772 54.483299
v 17.201599 -15.331172 47.163399
v 18.084000 -14.252772 39.729099
v 17.936899 -13.811672 37.507000
v 17.544800 -13.762672 37.376301
v 16.793200 -13.582872 36.559299
v 17.544800 -14.236472 39.745399
v 16.597099 -13.239772 36.755398
v 17.332399 -13.876972 39.859798
v 17.561100 -13.403172 39.859798
v 16.874899 -12.782272 36.837101
v 16.433701 -11.932673 35.366501
v 16.825800 -11.344472 35.578899
v 16.646099 -10.690872 34.892700
v 17.316000 -8.811872 34.958099
v 16.989199 -8.958922 34.533199
v 17.267000 -7.030902 34.255501
v 17.577400 -7.014562 34.696598
v 17.740799 -5.380652 34.500599
v 17.479399 -4.857792 34.010399
v 17.904200 -2.962452 34.304501
v 17.610100 -2.406922 33.830700
v 17.969599 -1.312202 34.239098
v 17.855200 0.240017 33.993999
v 18.018600 0.240017 34.222801
v 20.011999 1.857588 34.288200
v 20.044699 0.240017 34.271801
v 20.126299 0.779207 34.386200
v 20.420500 0.877243 34.778301
v 20.273399 1.432778 34.647598
v 20.632900 1.269378 35.105099
v 20.436800 1.939288 34.941700
v 20.632900 2.527498 35.366501
v 20.877899 3.181058 35.987400
v 19.946600 3.540518 34.369801
v 20.747200 5.566578 36.183498
v 19.815899 5.958718 34.565899
v 20.632900 7.135128 36.395901
v 20.894299 3.181058 36.069099
v 20.175400 0.240017 34.451500
v 20.011999 -1.377562 34.288200
v 17.806200 -2.390582 33.438499
v 17.675499 -4.825112 33.601898
v 18.770199 -4.008162 33.503899
v 18.606800 -6.132252 33.699898
v 17.479399 -7.014562 33.847000
v 18.247299 -8.958922 34.108398
v 17.724499 -8.958922 34.108398
v 17.185299 -9.007932 34.141098
v 17.871500 -10.837873 34.484200
v 16.825800 -10.837873 34.516899
v 17.691799 -11.883672 34.892700
v 17.512100 -11.948972 34.909000
v 17.103600 -12.096072 34.974400
v 16.923899 -12.145072 35.007099
v 16.613400 -12.145072 35.007099
v 17.021900 -12.177773 35.023399
v 17.512100 -12.390172 35.235798
v 17.773500 -11.442472 34.565899
v 17.757200 -11.524172 34.614899
v 17.855200 -10.968672 34.467899
v 17.855200 -10.968672 34.418900
v 17.953199 -10.445772 34.337200
v 17.871500 -10.919572 34.451500
v 18.247299 -8.975263 34.010399
v 18.541500 -6.638762 33.667301
v 18.606800 -6.181262 33.618198
v 18.590500 -6.197602 33.601898
v 18.590500 -6.295642 33.569199
v 18.704800 -4.906812 32.980999
v 18.606800 -6.164922 33.601898
v 16.727800 -8.958922 34.043098
v 16.858500 -8.109282 33.912399
v 15.420700 -10.805272 33.503899
v 15.322599 -10.151672 33.177101
v 14.881500 -8.289012 32.327499
v 15.142900 -9.726862 32.899300
v 14.881500 -9.547132 32.686901
v 14.570999 -9.710522 32.539898
v 14.227900 -10.135372 32.490799
v 13.901100 -10.805272 32.539898
v 13.868500 -11.148372 32.654198
v 14.767099 -11.279072 32.850300
v 14.865099 -10.805272 32.703300
v 17.185299 -5.184582 33.552898
v 17.234299 -4.596372 33.487499
v 18.786499 -3.648702 33.373199
v 17.365000 -2.096482 33.324100
v 18.786499 -3.632362 33.373199
v 18.819201 -2.733712 33.324100
v 18.835600 -2.602992 33.275101
v 18.851900 -1.900412 33.177101
v 18.851900 -2.161832 33.079098
v 18.868200 -1.802372 33.291500
v 18.868200 -1.622642 33.275101
v 15.240900 -2.112822 31.641201
v 18.868200 -1.753362 32.850300
v 18.770199 -3.812092 33.389500
v 18.606800 -6.050552 33.601898
v 19.946600 -3.044152 34.369801
v 19.815899 -5.478682 34.565899
v 20.747200 -5.070202 36.183498
v 19.505499 -8.664812 34.990700
v 20.093700 -8.517762 35.905701
v 19.489100 -8.795532 35.023399
v 20.404100 -9.416412 37.065800
v 19.146000 -11.213772 35.578899
v 20.371399 -10.020972 37.408901
v 20.387800 -9.890272 37.343601
v 20.387800 -9.808552 37.310898
v 20.420500 -9.645163 37.294598
v 20.420500 -9.547132 37.408901
v 20.420500 -9.710522 37.376301
v 20.404100 -9.824892 37.474300
v 20.404100 -9.922972 37.556000
v 20.387800 -10.069972 37.686699
v 20.387800 -10.135372 37.752098
v 20.371399 -7.455722 37.882801
v 20.387800 -10.217072 37.833797
v 20.355099 -7.717142 38.274899
v 20.371399 -10.543772 38.307598
v 20.355099 -7.880532 38.732399
v 20.387800 -10.772573 38.895798
v 20.371399 -7.994912 39.206200
v 20.420500 -10.919572 39.516701
v 20.404100 -8.060272 39.696400
v 20.453100 -11.017673 40.104900
v 20.485800 -11.066672 40.611401
v 20.420500 -8.092942 40.202900
v 20.502100 -11.099372 41.068901
v 20.518499 -11.099372 41.216000
v 20.453100 -8.109282 40.693100
v 20.567499 -11.082973 41.836800
v 20.485800 -8.076602 41.199600
v 20.632900 -10.952272 42.392399
v 20.551199 -7.945892 41.657101
v 20.714600 -10.625472 42.866199
v 20.616499 -7.668122 42.016598
v 20.845299 -10.069972 43.160301
v 20.698200 -7.292332 42.212601
v 20.926998 -9.645163 43.258301
v 20.779900 -6.916532 42.327000
v 20.992298 -9.220343 43.307400
v 21.074001 -8.762852 43.356400
v 20.845299 -6.524392 42.424999
v 21.139400 -8.354372 43.372700
v 20.910599 -6.115912 42.490398
v 21.188400 -7.913212 43.389099
v 20.959599 -5.723772 42.555798
v 21.253700 -7.439382 43.405399
v 21.008701 -5.315292 42.604801
v 21.319099 -6.900192 43.421700
v 21.384499 -6.426352 43.438099
v 21.057701 -4.890472 42.653801
v 21.433498 -5.903502 43.438099
v 21.106701 -4.465652 42.702801
v 21.482498 -5.347972 43.454399
v 21.139400 -4.024502 42.735500
v 21.531498 -4.743422 43.454399
v 21.172100 -3.583342 42.751801
v 21.580498 -4.073512 43.454399
v 21.204700 -3.142182 42.768200
v 21.613201 -3.632362 43.454399
v 21.237400 -2.684692 42.768200
v 21.629501 -3.158522 43.454399
v 21.237400 -2.325232 42.751801
v 21.662201 -2.668352 43.454399
v 21.286400 -2.080142 42.817200
v 21.335400 -1.769702 42.882500
v 21.678600 -2.145502 43.454399
v 21.384499 -1.393902 42.931599
v 21.694901 -1.704342 43.454399
v 21.694901 -1.246842 43.454399
v 21.417099 -0.920062 42.964199
v 21.711201 -0.773011 43.454399
v 21.727600 0.240017 43.601498
v 21.678600 -2.259872 43.601498
v 21.743900 0.240017 45.415100
v 21.711201 0.240017 46.607899
v 21.662201 2.772578 46.607899
v 21.433498 2.772578 49.597900
v 21.302799 5.272468 49.646900
v 21.531498 5.272468 46.656898
v 21.057701 7.690668 49.810299
v 21.286400 7.690668 46.820301
v 20.730900 10.010818 50.104401
v 20.959599 10.010818 47.147099
v 20.289700 10.010818 53.045498
v 19.717899 12.200228 54.352600
v 19.505499 12.102228 55.447300
v 19.358400 11.840828 56.297001
v 17.936899 13.899528 57.195599
v 17.757200 13.491028 58.159599
v 19.325699 11.628428 56.623798
v 19.848600 9.063148 55.888500
v 16.695099 13.948528 57.162998
v 16.940199 14.095628 56.362301
v 17.348700 14.242628 54.646698
v 17.381399 14.259027 54.548698
v 16.809500 14.275328 54.499699
v 17.250700 14.504128 54.532299
v 17.136299 14.732828 54.532299
v 17.250700 14.912528 54.532299
v 17.316000 15.092328 54.695698
v 17.348700 15.092328 54.548698
v 16.940199 15.092328 54.515999
v 16.564400 15.713228 54.483299
v 16.482700 16.366728 52.669701
v 17.283300 15.190328 52.293900
v 16.662500 16.415728 50.970398
v 17.446699 15.239327 50.300499
v 16.776800 16.432127 49.205799
v 17.528400 15.239327 48.699299
v 16.842199 16.399427 47.294098
v 17.561100 15.223028 47.163399
v 17.201599 15.827528 47.163399
v 16.842199 16.399427 47.163399
v 15.289999 16.399427 47.294098
v 15.289999 16.415728 49.042400
v 15.289999 16.350428 46.068699
v 17.561100 15.141328 45.349800
v 19.031599 15.255728 47.179699
v 19.031599 15.288328 45.235401
v 19.031599 15.778528 45.333401
v 18.998899 15.370028 44.075298
v 18.998899 15.223028 44.353100
v 18.982599 15.190328 43.536098
v 19.031599 15.288328 45.300701
v 17.626499 15.255728 45.317101
v 19.031599 15.337428 46.771297
v 19.031599 15.500728 46.003300
v 19.031599 15.843927 47.163399
v 19.031599 15.353728 47.179699
v 18.917299 15.272028 50.382198
v 18.933599 15.370028 49.826698
v 18.933599 15.370028 49.973698
v 17.512100 15.337428 50.104401
v 18.949900 15.386428 49.336498
v 17.577400 15.337428 48.633900
v 16.695099 16.693527 49.467201
v 16.564400 16.693527 51.215500
v 17.365000 15.304728 52.081501
v 16.515400 16.693527 51.754700
v 16.074200 16.693527 54.205601
v 16.956600 15.174027 54.712101
v 16.580799 15.059628 56.198898
v 17.446699 14.634828 58.159599
v 17.544800 14.700128 57.767498
v 17.691799 15.370028 57.538700
v 17.479399 14.585828 58.012600
v 17.495699 15.108628 58.208698
v 17.299700 14.830828 58.862198
v 17.430399 14.618428 58.208698
v 17.430399 14.602128 58.192299
v 15.780100 14.438727 58.470100
v 16.090599 14.781828 57.620399
v 14.832500 16.693527 57.277298
v 15.240900 16.693527 56.574699
v 14.293299 16.693527 56.117199
v 14.293299 16.693527 54.417999
v 13.492701 16.693527 54.417999
v 13.280199 16.693527 54.205601
v 12.594000 16.693527 55.169598
v 12.594000 16.693527 54.417999
v 11.793400 16.693527 54.417999
v 10.469900 16.693527 54.205601
v 9.277199 16.693527 57.211998
v 7.675900 16.693527 54.205601
v 6.760900 16.693527 57.211998
v 6.760900 16.693527 54.548698
v 4.881899 16.693527 54.205601
v 4.130300 16.693527 54.548698
v 2.087899 16.693527 54.205601
v 1.516100 16.693527 54.548698
v -0.722401 16.693527 54.205601
v -1.098201 16.693527 54.548698
v -3.222281 16.693527 54.352600
v -2.699430 16.693527 51.395199
v -0.575300 16.693527 53.110798
v 1.107599 16.693527 53.551998
v 2.823199 18.343828 53.649998
v 2.823199 16.693527 53.682701
v 4.555200 16.693527 53.551998
v 6.221699 18.327427 53.078197
v 6.238100 16.693527 53.110798
v 7.741301 18.327427 52.097801
v 8.345800 16.693527 51.395199
v 8.737999 18.327427 50.561901
v 8.770599 16.693527 50.578300
v 9.309799 18.343828 47.163399
v 9.293499 16.693527 48.241798
v 9.342499 16.693527 47.163399
v 8.737999 18.327427 43.781200
v 9.179100 16.693527 45.202698
v 8.770599 16.693527 43.764900
v 7.757599 18.327427 42.245300
v 7.479900 16.693527 41.967598
v 9.522200 16.693527 42.229000
v 8.983099 16.693527 40.823799
v 10.878399 16.693527 39.500298
v 11.286900 16.693527 38.520000
v 11.335899 13.703428 37.850098
v 10.175800 13.703428 40.219299
v 11.303200 10.713428 37.850098
v 10.126801 10.713428 40.235600
v 7.594200 13.703428 40.791100
v 7.528900 10.713428 40.742100
v 5.568199 13.687128 39.108200
v 5.551800 12.151228 39.042801
v 5.535500 10.697028 38.977501
v 6.679199 9.863768 40.349998
v 8.051699 9.863768 40.823799
v 8.950399 9.863768 40.774799
v 7.185699 9.863768 39.794399
v 8.836000 9.863768 40.023201
v 9.440599 9.863768 39.794399
v 10.862099 9.863768 39.418598
v 11.303200 9.863768 37.850098
v 10.551600 9.863768 37.850098
v 9.440599 9.863768 35.905701
v 10.862099 9.863768 36.281498
v 10.126801 10.713428 35.464600
v 8.950399 9.863768 34.925400
v 8.051699 9.863768 34.876400
v 7.528900 10.713428 34.958099
v 7.594200 13.703428 34.909000
v 10.175800 13.703428 35.464600
v 5.568199 13.687128 36.591999
v 6.907999 14.504128 35.170498
v 6.123699 14.504128 35.742298
v 5.568199 14.504128 36.559299
v 5.568199 14.504128 36.134499
v 5.077999 14.504128 35.170498
v 5.077999 14.504128 36.134499
v 2.087899 14.504128 35.170498
v 2.823199 14.504128 36.134499
v 2.087899 14.504128 36.134499
v -0.902101 14.504128 35.170498
v 0.094600 14.504128 36.134499
v -0.902101 14.504128 37.425301
v -1.098201 16.693527 36.248898
v -1.098201 16.693527 35.105099
v -3.402010 16.693527 36.248898
v -4.055580 16.693527 39.238899
v -5.705831 16.693527 36.248898
v -6.996620 16.693527 39.238899
v -8.434470 16.693527 42.229000
v -8.483490 16.693527 45.235401
v -6.146990 16.693527 42.229000
v -5.918241 16.693527 45.235401
v -3.859510 16.693527 42.229000
v -3.516390 16.693527 45.202698
v -3.679780 16.693527 47.163399
v -3.647100 18.343828 47.163399
v -3.091570 18.327427 50.561901
v -3.630760 16.693527 48.241798
v -6.016270 16.693527 48.225399
v -3.107910 16.693527 50.578300
v -2.094880 18.327427 52.097801
v -0.575300 18.327427 53.078197
v 0.748099 18.474527 52.146801
v -1.000200 18.474527 50.986801
v 0.829800 18.311129 51.509598
v 0.454000 18.294727 51.297199
v 0.061899 18.311129 51.068501
v 0.257999 18.196728 50.725300
v 0.454000 18.082327 50.398499
v 0.159900 15.696828 50.970398
v 0.715500 15.598827 49.990101
v 0.731800 13.098927 49.990101
v 0.241600 13.098927 50.855999
v 0.878799 15.696828 51.378899
v 0.927899 13.098927 51.248199
v 1.434400 15.598827 50.414898
v 1.450700 18.082327 50.447598
v 1.221999 18.082327 50.839699
v 1.025900 18.196728 51.166500
v 2.006200 18.082327 51.084801
v 2.823199 18.082327 51.182800
v 3.901600 18.082327 51.035801
v 2.823199 18.474527 52.555298
v 4.914600 18.474527 52.146801
v 2.823199 18.409128 53.110798
v 6.646599 18.474527 50.986801
v 5.502800 18.082327 50.153500
v 6.385099 18.082327 49.009701
v 5.796900 18.082327 49.140400
v 6.352499 18.082327 47.604599
v 5.764200 13.098927 49.091400
v 4.604199 18.082327 50.251499
v 4.587800 13.098927 50.202499
v 3.852600 18.082327 50.578300
v 4.342700 13.098927 50.333199
v 3.035600 13.098927 50.676300
v 2.823199 13.098927 50.382198
v 4.538799 13.098927 49.891998
v 4.424399 10.615328 49.924698
v 2.823199 10.615328 50.365898
v 1.107599 13.098927 49.875698
v 1.238299 10.615328 49.924698
v 0.045500 13.098927 48.780998
v 0.061899 10.615328 48.764599
v 0.878799 10.615328 48.290798
v 2.823199 10.615328 49.418198
v 2.823199 13.605428 49.385498
v 1.254600 13.605428 48.731998
v 0.601100 10.615328 47.375801
v 0.617399 13.605428 47.163399
v 0.878799 10.615328 46.052299
v 1.254600 13.605428 45.594799
v 2.823199 10.615328 44.924900
v 2.823199 13.605428 44.957600
v 1.287300 16.595528 45.627499
v 0.633800 16.595528 47.163399
v 0.944200 18.082327 46.084999
v 0.944200 18.082327 48.258099
v 1.287300 16.595528 48.715599
v 2.823199 18.082327 49.352798
v 2.823199 16.595528 49.352798
v 3.966900 18.082327 49.026100
v 4.375400 16.595528 48.715599
v 4.718499 18.082327 48.258099
v 5.012600 16.595528 47.163399
v 4.718499 18.082327 46.084999
v 4.375400 16.595528 45.627499
v 3.966900 18.082327 45.317101
v 2.823199 18.082327 44.990299
v 2.823199 16.595528 44.973999
v 4.391800 13.605428 45.594799
v 4.767600 10.615328 46.052299
v 5.045300 13.605428 47.163399
v 5.061699 10.615328 47.375801
v 4.767600 10.615328 48.290798
v 4.391800 13.605428 48.731998
v 6.009300 10.615328 47.375801
v 5.584499 10.615328 48.764599
v 5.617199 13.098927 48.780998
v 6.319799 13.098927 47.571899
v 6.336100 15.598827 47.588200
v 7.447199 15.696828 47.588200
v 7.316500 13.098927 47.571899
v 7.447199 15.696828 46.754898
v 7.594200 18.311129 46.722198
v 7.594200 18.294727 46.951000
v 7.594200 18.294727 47.163399
v 7.594200 18.294727 47.392097
v 7.594200 18.311129 47.620899
v 7.185699 18.196728 47.620899
v 6.809999 18.082327 47.604599
v 7.806601 18.474527 49.254799
v 8.215099 18.474527 47.163399
v 8.754299 18.409128 47.163399
v 7.806601 18.474527 45.088299
v 7.185699 18.196728 46.722198
v 6.809999 18.082327 46.722198
v 6.385099 18.082327 45.333401
v 5.796900 18.082327 45.202698
v 6.352499 18.082327 46.722198
v 5.764200 13.098927 45.251698
v 6.336100 15.598827 46.754898
v 7.316500 13.098927 46.771297
v 6.319799 13.098927 46.771297
v 6.042000 13.098927 47.163399
v 5.617199 13.098927 45.562199
v 5.584499 10.615328 45.578499
v 6.025700 10.615328 47.163399
v 4.424399 10.615328 44.402100
v 4.538799 13.098927 44.451099
v 4.587800 13.098927 44.124298
v 4.342700 13.098927 43.993599
v 2.823199 13.098927 43.960899
v 2.823199 10.615328 43.977299
v 4.310100 10.615328 44.353100
v 2.006200 10.615328 44.091599
v 1.107599 13.098927 44.451099
v 1.434400 13.098927 43.944599
v 1.336300 13.098927 43.781200
v 0.731800 13.098927 44.353100
v 0.241600 13.098927 43.487099
v 0.715500 15.598827 44.336700
v 0.159900 15.696828 43.372700
v 0.682799 18.082327 44.336700
v 0.454000 18.082327 43.944599
v 0.257999 18.196728 43.617798
v 0.061899 18.311129 43.274700
v 0.878799 15.696828 42.947899
v 0.454000 18.294727 43.045898
v 0.829800 18.311129 42.833500
v 1.025900 18.196728 43.160301
v 1.221999 18.082327 43.503399
v 1.434400 15.598827 43.928299
v 3.035600 13.098927 43.666798
v 1.450700 18.082327 43.895599
v 3.852600 18.082327 43.764900
v 4.604199 18.082327 44.091599
v 3.901600 18.082327 43.307400
v 5.502800 18.082327 44.189701
v 4.914600 18.474527 42.196301
v 6.646599 18.474527 43.356400
v 6.221699 18.327427 41.248600
v 2.823199 18.474527 41.787800
v 2.823199 18.409128 41.232300
v 2.823199 18.343828 40.693100
v 6.238100 16.693527 41.232300
v 4.555200 16.693527 40.774799
v 5.927599 16.693527 39.745399
v 7.300100 16.693527 40.725800
v 5.911299 15.598827 39.712799
v 3.574800 16.693527 39.745399
v 5.895000 14.504128 39.680099
v 5.077999 14.504128 39.680099
v 5.225100 14.504128 38.879498
v 5.715200 14.504128 39.418598
v 5.568199 14.504128 39.140900
v 5.274099 14.504128 38.879498
v 5.519199 14.504128 38.879498
v 5.568199 14.504128 38.716099
v 5.551800 12.151228 36.657299
v 5.519199 14.504128 38.716099
v 5.486500 14.079227 39.385998
v 5.502800 14.193627 37.212898
v 5.535500 14.634828 38.716099
v 5.535500 14.700128 38.650700
v 5.126999 14.634828 38.716099
v 5.731600 16.350428 38.732399
v 5.110699 14.634828 38.716099
v 5.895000 18.196728 38.748699
v 5.061699 18.196728 38.748699
v 5.895000 18.196728 38.699699
v 5.731600 16.350428 36.118099
v 5.895000 18.196728 38.683399
v 5.895000 18.196728 37.702999
v 5.895000 18.196728 37.653999
v 5.895000 18.196728 37.605000
v 5.895000 18.196728 37.065800
v 5.895000 18.196728 36.591999
v 5.895000 18.196728 36.101799
v 4.963600 18.196728 36.101799
v 4.457100 18.196728 36.101799
v 4.816599 18.196728 37.000500
v 4.342700 18.196728 36.101799
v 4.816599 18.196728 37.752098
v 2.757800 18.196728 36.493900
v 3.166300 18.196728 36.101799
v 3.117300 18.196728 36.101799
v 2.790500 18.196728 36.101799
v 1.712100 18.196728 36.101799
v 0.241600 18.196728 36.101799
v 1.516100 18.196728 37.752098
v 0.829800 18.196728 37.000500
v 0.192599 18.196728 36.101799
v -0.183201 18.196728 37.000500
v -0.232201 18.196728 36.575600
v 0.127199 18.196728 36.101799
v -0.232201 18.196728 36.101799
v -0.068800 16.350428 38.732399
v -0.068800 16.350428 36.118099
v 0.094600 14.504128 38.716099
v 0.127199 18.196728 38.748699
v -0.150500 18.196728 38.748699
v 0.617399 18.196728 38.650700
v 0.502999 18.196728 38.748699
v 0.633800 18.196728 38.748699
v 1.499700 18.196728 38.748699
v 2.823199 18.196728 38.650700
v 2.823199 18.196728 38.748699
v 3.117300 18.196728 38.748699
v 3.313399 18.196728 38.748699
v 4.849300 18.196728 38.650700
v 4.767600 18.196728 38.748699
v 4.996300 14.634828 38.716099
v 5.698900 16.448427 38.650700
v 5.666199 16.203327 37.098499
v 5.845900 18.196728 37.000500
v 5.845900 18.196728 37.653999
v 5.845900 18.196728 38.650700
v 4.816599 15.206628 37.163799
v 5.584499 15.206628 37.163799
v 4.816599 12.200228 37.310898
v 5.323099 12.200228 37.310898
v 4.816599 12.200228 37.801098
v 4.816599 15.190328 37.768398
v 0.829800 15.190328 37.768398
v 0.829800 18.196728 37.752098
v 0.829800 15.206628 37.163799
v 0.078199 15.206628 37.163799
v -0.019800 16.203327 37.098499
v -0.036201 16.448427 38.650700
v -0.183201 18.196728 38.650700
v -0.232201 18.196728 37.801098
v -0.232201 18.196728 38.601700
v -0.232201 18.196728 38.748699
v 0.110900 14.700128 38.650700
v 2.823199 14.700128 38.650700
v 0.372299 14.634828 38.716099
v 2.006200 14.634828 38.716099
v 0.127199 14.634828 38.716099
v 2.120600 14.634828 38.716099
v 2.823199 14.634828 38.716099
v 2.839499 14.634828 38.716099
v 3.068299 14.634828 38.716099
v 0.159900 14.193627 37.212898
v 0.127199 14.504128 38.716099
v 0.127199 14.504128 38.732399
v 0.127199 14.504128 38.879498
v -0.902101 14.504128 39.680099
v -1.098201 16.693527 39.238899
v -1.098201 16.693527 39.745399
v 1.238299 16.693527 39.745399
v 2.087899 14.504128 39.680099
v 2.823199 16.693527 40.660400
v 1.107599 16.693527 40.774799
v -0.575300 16.693527 41.232300
v -0.559000 18.327427 41.248600
v -1.833450 16.693527 41.967598
v -2.094880 18.327427 42.245300
v -3.091570 18.327427 43.764900
v -3.107910 16.693527 43.764900
v -3.107910 18.409128 47.163399
v -2.552381 18.474527 47.163399
v -2.143900 18.474527 45.088299
v -0.983800 18.474527 43.340000
v -0.738700 18.082327 45.366100
v -1.179900 18.082327 47.163399
v -0.722401 18.082327 47.163399
v -0.346601 18.082327 45.594799
v -0.689700 13.098927 47.163399
v -0.313900 13.098927 45.594799
v -0.379300 13.098927 47.163399
v 0.045500 13.098927 45.562199
v 0.061899 10.615328 45.578499
v -0.346601 10.615328 47.375801
v -0.313900 13.098927 48.748299
v -0.346601 18.082327 48.748299
v 0.682799 18.082327 50.006401
v -0.738700 18.082327 48.977001
v -2.143900 18.474527 49.254799
v 0.748099 18.474527 42.196301
v 0.437699 14.504128 38.879498
v 0.976900 14.504128 38.879498
v 2.087899 14.504128 38.879498
v 2.610800 14.504128 38.879498
v 2.823199 14.504128 38.879498
v 3.215300 14.504128 38.879498
v 3.672800 14.504128 38.879498
v 5.077999 14.504128 38.879498
v 2.823199 14.079227 39.385998
v 5.421099 13.327628 39.385998
v 2.823199 13.327628 39.385998
v 0.176300 14.079227 39.385998
v 0.241600 13.327628 39.385998
v 2.823199 12.200228 38.307598
v 5.323099 12.200228 38.307598
v 2.823199 12.200228 37.801098
v 0.339700 12.200228 38.307598
v 0.829800 12.200228 37.801098
v 0.829800 12.200228 37.310898
v 0.339700 12.200228 37.310898
v 2.006200 18.082327 43.242001
v 2.823199 18.082327 43.160301
v 0.927899 13.098927 43.078598
v 3.819900 18.082327 47.163399
v 1.336300 13.098927 50.561901
v 1.434400 13.098927 50.382198
v 6.940701 15.598827 35.137798
v 5.535500 10.697028 36.706299
v 5.698900 9.863768 36.395901
v 5.535500 9.863768 36.755398
v 5.535500 9.863768 38.944798
v 5.698900 9.863768 39.304298
v 6.074699 9.863768 37.850098
v 7.202099 11.366928 39.778099
v 6.336100 11.366928 38.879498
v 9.424200 11.366928 39.778099
v 9.702000 11.366928 39.598400
v 10.535299 11.366928 37.850098
v 9.702000 11.366928 36.101799
v 9.587599 11.366928 37.850098
v 8.852299 11.366928 36.902401
v 7.202099 11.366928 35.922100
v 7.757599 11.366928 36.902401
v 6.336100 11.366928 36.820698
v 7.185699 9.863768 35.905701
v 8.836000 9.863768 35.660599
v 9.424200 11.366928 35.922100
v 6.679199 9.863768 35.333900
v 6.074699 11.366928 37.850098
v 7.218399 11.366928 37.850098
v 7.757599 11.366928 38.797798
v 7.757599 12.853827 38.797798
v 8.852299 12.853827 38.797798
v 8.852299 11.366928 38.797798
v 9.407900 11.366928 37.850098
v 9.407900 12.853827 37.850098
v 8.852299 12.853827 36.902401
v 7.757599 12.853827 36.902401
v 9.260799 12.853827 36.199799
v 6.711899 12.853827 36.837101
v 7.218399 12.853827 37.850098
v 6.711899 12.853827 38.863098
v 7.365499 12.853827 39.484001
v 7.349100 18.196728 39.533001
v 7.365499 18.196728 39.533001
v 7.267399 18.196728 39.402298
v 9.342499 18.196728 38.372898
v 8.198799 18.196728 39.565701
v 9.195499 18.196728 39.565701
v 9.277199 18.196728 39.533001
v 9.260799 12.853827 39.484001
v 9.113800 18.196728 39.614700
v 10.110500 12.853827 38.438301
v 10.110500 12.853827 37.261898
v 10.208500 12.853827 37.850098
v 9.277199 18.196728 36.167198
v 9.113800 18.196728 36.085499
v 7.365499 12.853827 36.199799
v 8.705299 18.196728 36.101799
v 8.247799 18.196728 36.118099
v 7.349100 18.196728 36.167198
v 7.332800 18.196728 36.183498
v 6.417799 18.196728 37.768398
v 6.368799 18.196728 37.850098
v 6.417799 12.853827 37.850098
v 9.947100 18.196728 37.327198
v 10.126801 18.196728 37.621300
v 10.257500 18.196728 37.850098
v 9.734699 18.196728 38.748699
v 9.473200 18.196728 39.206200
v 11.564600 16.693527 45.235401
v 11.793400 16.693527 43.176598
v 11.678999 16.693527 48.225399
v 10.927399 16.693527 51.215500
v 13.737700 16.693527 51.215500
v 14.195200 16.693527 48.225399
v 16.744101 16.693527 48.225399
v 16.711500 16.693527 45.153698
v 16.744101 16.693527 47.163399
v 17.610100 15.321028 47.179699
v 18.949900 15.386428 49.303799
v 17.185299 16.039928 47.163399
v 18.949900 15.386428 49.320198
v -3.500051 16.693527 57.211998
v -4.611110 16.693527 56.117199
v -4.006560 13.703428 55.627098
v -5.901900 16.693527 57.211998
v -1.098201 16.693527 57.211998
v -0.902101 14.504128 56.868801
v -0.902101 14.504128 59.123600
v -1.098201 16.693527 59.188999
v 1.516100 16.693527 59.188999
v 2.087899 14.504128 59.123600
v 4.130300 16.693527 59.188999
v 5.077999 14.504128 59.123600
v 6.564899 14.504128 59.123600
v 5.077999 14.504128 58.159599
v 5.568199 14.504128 58.159599
v 6.564899 14.504128 56.868801
v 6.760900 16.693527 59.188999
v 6.564899 14.504128 54.597698
v 5.077999 14.504128 54.597698
v 5.519199 14.504128 55.463699
v 5.502800 14.504128 55.463699
v 5.077999 14.504128 55.463699
v 4.702200 14.504128 55.463699
v 2.087899 14.504128 54.597698
v 4.685900 14.504128 55.463699
v 2.823199 14.504128 55.463699
v 2.741500 14.504128 55.463699
v 2.087899 14.504128 55.463699
v 1.989900 14.504128 55.463699
v 1.712100 14.504128 55.463699
v -0.902101 14.504128 54.597698
v 0.127199 14.504128 55.463699
v 0.094600 14.504128 55.578098
v 0.094600 14.504128 58.159599
v -0.068800 16.350428 55.561699
v -0.068800 16.350428 58.175999
v -0.232201 18.196728 55.545399
v -0.232201 18.196728 55.643398
v 0.127199 18.196728 55.545399
v 0.241600 18.196728 55.545399
v -0.183201 18.196728 55.692398
v 0.502999 18.196728 55.692398
v 0.617399 18.196728 55.545399
v 2.055300 18.196728 55.545399
v 2.823199 18.196728 55.692398
v 2.823199 18.196728 55.545399
v 3.117300 18.196728 55.545399
v 3.591100 18.196728 55.545399
v 4.734900 18.196728 55.692398
v 4.832899 18.196728 55.545399
v 4.898300 18.196728 55.545399
v 5.649900 18.196728 55.545399
v 5.845900 18.196728 55.692398
v 5.895000 18.196728 55.643398
v 5.895000 18.196728 55.741398
v 5.731600 16.350428 55.561699
v 5.895000 18.196728 57.326298
v 5.895000 18.196728 58.192299
v 5.731600 16.350428 58.175999
v 5.764200 18.196728 58.192299
v 5.225100 18.196728 58.192299
v 5.845900 18.196728 57.342701
v 5.666199 16.203327 57.228298
v 4.767600 18.196728 57.342701
v 5.584499 15.206628 57.179298
v 5.698900 16.448427 55.692398
v 5.535500 14.700128 55.692398
v 2.823199 14.700128 55.692398
v 5.110699 14.602128 55.578098
v 5.028999 14.602128 55.578098
v 2.839499 14.602128 55.578098
v 5.502800 14.602128 55.578098
v 5.535500 14.602128 55.578098
v 5.502800 14.193627 57.130299
v 5.519199 14.569427 55.578098
v 5.568199 14.504128 55.578098
v 5.519199 14.504128 55.578098
v 5.519199 14.504128 55.480000
v 5.486500 14.079227 54.940800
v 5.323099 12.200228 57.032200
v 5.421099 13.327628 54.940800
v 2.823199 13.327628 54.940800
v 2.823199 14.079227 54.940800
v 0.241600 13.327628 54.940800
v 0.176300 14.079227 54.940800
v 0.159900 14.193627 57.130299
v 0.127199 14.504128 55.578098
v 0.127199 14.602128 55.578098
v 0.110900 14.700128 55.692398
v 0.078199 15.206628 57.179298
v -0.019800 16.203327 57.228298
v -0.036201 16.448427 55.692398
v -0.183201 18.196728 57.342701
v -0.183201 18.196728 56.378700
v -0.232201 18.196728 56.329700
v -0.232201 18.196728 55.659698
v -0.232201 18.196728 56.427700
v -0.232201 18.196728 57.342701
v -0.232201 18.196728 58.192299
v 0.127199 18.196728 58.192299
v 0.502999 18.196728 58.192299
v 0.895200 18.196728 57.342701
v 1.058599 18.196728 58.192299
v 0.895200 18.196728 56.591099
v 1.123899 18.196728 58.192299
v 2.594500 18.196728 57.832901
v 2.218699 18.196728 58.192299
v 2.659800 18.196728 58.192299
v 3.117300 18.196728 58.192299
v 3.476800 18.196728 58.192299
v 3.836200 18.196728 56.591099
v 5.028999 18.196728 58.192299
v 4.767600 18.196728 56.591099
v 4.800200 15.190328 56.574699
v 0.862499 15.190328 56.574699
v 0.829800 12.200228 56.542099
v 0.829800 12.200228 57.032200
v 0.339700 12.200228 57.032200
v 0.339700 12.200228 56.035500
v 2.823199 12.200228 56.035500
v 2.823199 12.200228 56.542099
v 5.323099 12.200228 56.035500
v 4.816599 12.200228 56.542099
v 4.816599 12.200228 57.032200
v 4.800200 15.206628 57.179298
v 0.862499 15.206628 57.179298
v 2.823199 14.504128 58.159599
v 2.087899 14.504128 58.159599
v 2.022599 14.602128 55.578098
v 2.414700 14.602128 55.578098
v 2.757800 14.602128 55.578098
v 2.823199 14.602128 55.578098
v 5.895000 18.196728 55.545399
v 4.326400 16.693527 60.202000
v 1.842899 16.693527 60.202000
v 2.153299 16.693527 60.773899
v 0.502999 16.693527 60.708500
v -0.444600 16.693527 60.643200
v -0.640700 16.693527 60.202000
v -1.817121 16.693527 60.479801
v 2.104300 14.422428 62.130001
v 2.823199 13.360328 62.587498
v 2.823199 14.634828 62.032001
v 5.584499 12.510728 62.832600
v 5.421099 14.700128 61.934002
v 8.362200 12.625128 62.554897
v 8.607300 10.337627 63.208401
v 5.796900 10.255928 63.469898
v 4.261000 11.203527 63.273800
v 4.244699 10.893127 63.371799
v 4.130300 11.399628 64.009003
v 4.342700 11.317927 64.009003
v 4.195700 11.121928 64.074402
v 4.440800 10.876828 64.123405
v 5.045300 10.484628 64.205101
v 4.457100 10.860428 64.139801
v 5.944000 10.664428 64.123405
v 6.172699 10.550028 64.139801
v 6.434200 10.402927 64.156105
v 6.417799 10.272228 64.188805
v 6.074699 9.978148 64.286804
v 6.532200 9.880108 64.270500
v 6.548500 9.749398 64.303200
v 6.858999 9.553328 64.319504
v 6.858999 9.487967 64.335800
v 6.156399 9.929128 64.270500
v 6.091000 9.978148 64.270500
v 6.074699 9.978148 64.270500
v 5.045300 10.484628 64.188805
v 6.254400 10.304928 64.188805
v 6.336100 10.239528 64.205101
v 4.898300 10.533628 64.188805
v 4.669499 10.631728 64.172401
v 4.195700 10.844128 64.139801
v 4.718499 10.615328 64.156105
v 3.966900 10.893127 64.139801
v 3.983299 10.876828 64.025406
v 3.966900 11.170928 64.074402
v 3.966900 11.465028 63.992702
v 4.113999 11.138227 64.074402
v 4.113999 10.893127 64.139801
v 4.130300 10.909428 63.110401
v 3.558499 11.072828 63.077702
v 4.113999 11.465028 63.110401
v 3.558499 11.612028 63.077702
v 2.986600 11.726428 63.045002
v 2.823199 11.759128 63.028698
v 0.192599 11.906128 62.816296
v 0.192599 12.837528 62.522198
v -2.372650 12.429028 62.179096
v -2.405320 11.955128 62.309803
v -2.454340 11.448627 62.424099
v -2.454340 11.187228 62.424099
v -1.637390 12.527028 61.019001
v 2.823199 12.134928 62.914303
v 4.130300 11.955128 62.963299
v 4.146700 12.429028 62.816296
v 2.823199 12.510728 62.799999
v 3.493099 12.576028 62.767300
v 2.823199 12.608727 62.767300
v 2.823199 12.706728 62.734600
v 3.542100 12.576028 61.917599
v 4.277400 12.396328 62.048397
v 4.440800 10.860428 58.028900
v 3.885200 10.991128 57.930901
v 3.770900 11.252627 58.649799
v 3.313399 11.089228 57.832901
v 3.656500 11.497727 59.368698
v 1.761200 11.203527 57.555099
v 1.499700 11.710128 58.992901
v 1.499700 10.386628 59.025600
v 3.607500 10.157827 59.401398
v 3.346100 10.272228 57.832901
v 6.025700 9.438948 58.306698
v 3.607500 9.994478 62.489498
v 5.045300 9.471628 62.750896
v 3.803599 9.259218 62.522198
v 2.218699 9.635017 62.244396
v 2.823199 9.455288 63.960003
v 0.715500 8.376908 64.041702
v -0.755100 8.474937 63.796597
v -0.967501 8.442258 63.763996
v -1.163600 8.344228 63.731297
v -1.277921 8.442258 64.924004
v -1.457661 8.262538 64.924004
v -1.539351 8.180838 64.907700
v -1.604711 7.919408 64.940407
v -1.441320 8.213518 64.940407
v -1.065500 8.197178 62.914303
v -0.983800 8.442258 64.989403
v -0.624400 8.425928 62.995998
v 0.846200 8.327888 63.257496
v 2.316700 8.229857 63.518902
v 2.741500 7.952088 63.584202
v 2.431100 7.952088 65.430603
v 2.382000 7.429238 65.512199
v 2.708799 7.445578 63.584202
v 2.169600 7.249508 65.528603
v 1.908199 7.200488 65.495903
v 2.251300 7.216828 63.502499
v 1.875500 7.200488 65.479607
v 1.271000 7.216828 64.499207
v 0.846200 7.249508 64.450203
v 0.780800 7.314868 63.241100
v 0.405000 7.233168 65.381500
v -1.081901 7.331198 65.136406
v -0.689700 7.412898 62.979702
v -1.098201 7.690668 62.914303
v -1.294260 7.674328 63.813000
v -1.310600 7.788698 63.780300
v -1.653720 6.841028 63.829296
v -1.261590 7.657978 63.813000
v -1.228910 7.559948 63.829296
v -0.869400 7.363878 63.943699
v 0.568399 6.857368 64.237801
v -1.653720 4.880328 64.009003
v -1.964170 4.896668 63.927296
v -2.258270 4.896668 63.845699
v -3.516390 3.850968 63.502499
v -3.581740 4.537208 63.420803
v -3.712461 4.814978 63.355503
v -3.990221 4.929348 63.224796
v -4.284330 4.929348 63.110401
v -4.562090 4.929348 62.979702
v -5.771190 3.834628 62.440502
v -4.464060 3.850968 63.094097
v -5.673151 2.396778 62.571201
v -5.624140 0.811885 62.652897
v -4.382360 2.625528 63.208401
v -4.627450 2.788918 64.384804
v -4.317000 0.811885 63.290096
v -4.317000 0.240017 63.306499
v -4.970571 0.240017 62.995998
v -5.624140 0.240017 62.652897
v -5.869220 2.282408 63.960003
v -5.836540 0.240017 64.041702
v -5.803860 0.240017 64.205101
v -6.032610 4.488188 63.763996
v -6.016270 4.504528 63.910999
v -5.689490 0.240017 64.303200
v -5.901900 4.537208 64.025406
v -5.738510 2.086338 64.237801
v -5.738510 2.298748 64.221504
v -4.937891 2.151698 64.613602
v -5.297350 0.240017 64.499207
v -5.738510 -1.606312 64.237801
v -5.738510 -1.802372 64.221504
v -6.179670 4.798638 63.633297
v -6.326720 4.896668 63.518902
v -5.869220 -1.786032 63.960003
v -6.032610 -4.008162 63.763996
v -5.673151 -1.900412 62.571201
v -4.464060 -3.354592 63.094097
v -5.624140 -0.315515 62.652897
v -4.317000 -0.315515 63.290096
v -4.382360 -2.129162 63.208401
v -4.627450 -2.292552 64.384804
v -4.823520 -4.465652 64.221504
v -4.513071 -4.481992 64.352203
v -1.359620 7.968428 63.747601
v -1.294260 8.180838 63.731297
v -3.908520 4.831318 64.646301
v -3.777811 4.537208 64.744301
v -3.745131 4.553548 64.907700
v -3.532721 0.240017 65.169106
v -3.402010 0.240017 65.267204
v -3.434690 2.102678 65.201805
v -3.451030 2.315088 65.185501
v -3.614420 4.586228 65.005707
v -2.634070 2.168038 65.463203
v -2.666750 2.919638 65.414200
v -2.699430 5.076398 65.218102
v -2.388990 0.240017 65.495903
v -2.585051 4.978368 65.169106
v -2.274611 0.240017 65.332504
v -2.519700 4.929348 65.054802
v -1.915151 4.994708 65.414200
v -2.192921 4.929348 65.152802
v -1.882470 4.913008 65.234505
v -1.572030 4.847658 65.512199
v -1.490331 5.011048 65.593903
v -1.833450 5.174438 65.495903
v -1.931490 5.174438 65.479607
v -2.372650 5.190778 65.348900
v -1.784440 6.595938 65.365204
v 0.470400 5.174438 65.920700
v -0.232201 6.514248 65.692001
v -1.702741 6.563268 65.087402
v -0.183201 6.481568 65.397903
v 1.221999 6.416208 65.871704
v 2.823199 6.269158 65.953400
v 2.512799 6.350858 65.626602
v 1.989900 6.399868 65.577606
v 0.601100 6.693978 65.446899
v -0.052501 6.579598 65.397903
v 0.405000 7.069778 65.397903
v -0.068800 6.595938 65.397903
v 0.568399 7.069778 65.430603
v 1.009600 6.971738 65.463203
v 1.091300 7.086118 65.463203
v 1.025900 7.118798 65.446899
v 1.891900 7.200488 65.512199
v 3.460400 6.187458 65.953400
v 3.460400 6.154778 65.659302
v 4.081300 6.089428 65.659302
v 4.097699 6.105768 65.806305
v 4.097699 6.122108 65.953400
v 4.685900 5.827998 65.986107
v 2.823199 5.550238 66.035103
v 4.963600 5.223458 66.035103
v 4.685900 5.795328 65.675606
v 5.437500 7.543608 65.430603
v 5.274099 6.497908 65.577606
v 5.682499 6.759338 65.528603
v 5.715200 7.429238 65.430603
v 5.731600 6.792008 65.512199
v 6.401499 7.592628 65.365204
v 7.757599 5.762648 65.495903
v 8.051699 6.334518 65.414200
v 7.823000 7.233168 65.348900
v 8.345800 6.628618 65.348900
v 8.721600 7.200488 65.234505
v 8.770599 7.233168 65.218102
v 8.721600 7.298528 65.218102
v 8.411200 7.788698 65.185501
v 7.823000 8.311548 65.152802
v 7.136700 8.017448 65.250801
v 4.963600 5.207118 65.871704
v 4.963600 5.190778 65.741005
v 5.045300 5.354168 65.708305
v 5.061699 5.223458 65.724701
v 5.143400 4.194088 65.806305
v 5.208700 3.181058 66.165802
v 5.274099 4.014358 66.296501
v 5.372099 2.380448 66.427200
v 5.421099 0.240017 66.492599
v 5.372099 2.315088 66.443604
v 5.372099 2.249728 66.443604
v 5.372099 2.217048 66.443604
v 5.290400 0.240017 66.263901
v 5.208700 -2.701032 66.165802
v 5.208700 -2.325232 65.888000
v 5.241400 -1.622642 65.920700
v 5.225100 -1.900412 65.904404
v 5.388399 -2.129162 65.888000
v 5.192400 -2.684692 65.871704
v 5.143400 -1.491932 65.937103
v 5.175999 -2.913442 65.855400
v 5.143400 -3.697722 65.806305
v 5.045300 -4.955832 65.708305
v 5.077999 -5.249932 65.675606
v 4.898300 -5.429662 65.659302
v 5.077999 -2.995132 65.855400
v 5.175999 -4.236902 65.757301
v 5.372099 -3.910122 65.773705
v 5.764200 -3.828432 65.757301
v 7.692299 -3.746732 65.659302
v 5.764200 -3.468972 65.790001
v 7.430799 -1.720682 65.806305
v 7.447199 -1.704342 65.806305
v 7.479900 -1.720682 65.806305
v 7.528900 -1.688002 65.790001
v 7.708599 -1.982112 65.757301
v 6.581200 -2.472282 65.806305
v 6.662899 -2.374242 65.806305
v 7.398199 -1.737022 65.806305
v 7.414499 -1.720682 65.806305
v 6.581200 -2.096482 65.839005
v 7.300100 -1.786032 65.822701
v 7.185699 -1.835052 65.822701
v 6.123699 -2.799062 65.806305
v 6.548500 -2.472282 65.806305
v 6.319799 -2.455942 65.822701
v 6.581200 -4.383962 65.659302
v 7.953699 -2.537642 65.692001
v 8.166100 -3.093172 65.643005
v 8.215099 -3.158522 65.643005
v 8.590900 -3.746732 65.561302
v 7.757599 -5.217252 65.512199
v 6.907999 -4.727082 65.610306
v 5.519199 -3.370932 65.806305
v 7.610600 -1.655322 65.790001
v 7.855700 -1.688002 63.469898
v 8.100700 -1.246842 63.518902
v 7.708599 -1.246842 65.806305
v 7.708599 -1.508272 65.790001
v 7.724899 -1.475592 65.790001
v 7.757599 -0.674976 65.806305
v 7.757599 -0.658636 65.806305
v 7.757599 -0.642298 65.806305
v 7.774000 -0.511585 65.822701
v 7.708599 -0.674976 65.822701
v 7.888300 0.338052 64.940407
v 7.774000 0.240017 65.839005
v 7.888300 0.354389 64.924004
v 7.904699 0.370729 64.907700
v 7.904699 0.844565 64.907700
v 8.100700 1.743218 63.518902
v 7.708599 1.007956 65.822701
v 7.708599 1.743218 65.806305
v 7.708599 1.122328 65.822701
v 7.741301 1.056974 65.822701
v 7.790300 1.171348 65.806305
v 8.182400 1.645178 65.741005
v 8.215099 1.171348 65.757301
v 8.901400 0.240017 65.724701
v 7.708599 1.171348 65.822701
v 8.280500 1.645178 65.741005
v 8.313099 1.612508 65.741005
v 7.855700 2.168038 63.469898
v 7.447199 2.184378 65.806305
v 7.708599 1.988308 65.790001
v 7.724899 1.955628 65.790001
v 7.610600 2.151698 65.790001
v 7.463499 2.200718 65.806305
v 7.185699 2.315088 65.822701
v 7.332800 2.249728 64.662605
v 7.267399 2.249728 64.662605
v 7.234800 2.233388 64.646301
v 7.087700 2.200718 64.629906
v 5.813299 2.984988 64.662605
v 6.891600 2.004648 64.646301
v 6.826300 1.743218 64.662605
v 6.826300 1.007956 64.679001
v 3.689199 2.184378 64.760605
v 5.306799 0.240017 64.777000
v 3.721900 0.240017 64.809700
v 3.509399 2.020978 65.969704
v 3.542100 0.240017 66.018806
v 3.591100 0.240017 66.214806
v 3.395100 4.079718 65.855400
v 3.460400 4.096058 66.051407
v 3.787200 0.240017 66.312904
v 3.754499 2.037318 66.247505
v 3.640200 4.112388 66.149506
v 3.444099 4.553548 66.116806
v 3.313399 4.422838 66.035103
v 3.002899 4.782298 66.100502
v 2.986600 4.586228 66.035103
v 2.921200 4.782298 66.100502
v 2.823199 4.798638 66.100502
v 2.823199 5.190778 66.067802
v 2.741500 4.814978 66.100502
v 2.643499 4.814978 66.100502
v 2.332999 4.847658 66.084106
v 1.973599 4.896668 66.067802
v 0.976900 4.814978 66.002403
v 0.519400 5.027378 65.937103
v 0.045500 5.060068 65.871704
v -0.477301 5.109078 65.790001
v -0.313900 4.962028 65.790001
v -0.052501 0.240017 66.018806
v -0.215900 4.863988 65.724701
v 0.061899 0.240017 65.871704
v -0.003500 2.690888 65.773705
v -0.150500 4.814978 65.626602
v 0.502999 4.847658 65.871704
v 0.192599 4.782298 65.643005
v 0.519400 4.765958 65.692001
v 0.846200 4.684258 65.920700
v 0.813499 4.618908 65.724701
v 1.009600 4.341138 65.969704
v 1.172899 4.373818 66.051407
v 1.336300 0.240017 66.247505
v 1.303699 2.135358 66.198502
v 2.153299 2.168038 66.247505
v 2.137000 2.723568 66.214806
v 2.349400 0.240017 66.247505
v 2.087899 4.782298 66.067802
v 2.169600 4.700598 66.035103
v 2.447400 0.240017 66.100502
v 2.382000 2.952318 66.002403
v 2.267699 4.586228 65.839005
v 2.627100 4.635248 66.035103
v 2.447400 4.569888 65.839005
v 2.610800 4.553548 65.839005
v 2.806900 4.618908 66.035103
v 2.708799 4.537208 65.855400
v 2.806900 4.537208 65.855400
v 2.888599 4.520868 65.855400
v 2.970300 4.504528 65.855400
v 3.182699 4.471848 64.613602
v 3.133599 4.455518 65.839005
v 3.460400 4.341138 64.629906
v 3.264400 4.373818 65.839005
v 3.574800 4.063378 64.646301
v 5.780600 5.664608 64.450203
v 3.002899 4.504528 64.613602
v 2.823199 4.520868 64.613602
v 2.823199 6.873708 64.384804
v 2.676100 4.537208 64.613602
v 2.529099 4.553548 64.613602
v 1.172899 3.883648 64.580902
v 2.578099 3.883648 64.662605
v 2.659800 2.429458 64.744301
v 1.303699 0.811885 64.744301
v 1.254600 2.315088 64.679001
v 1.091300 2.135358 65.904404
v 1.303699 0.240017 64.744301
v 1.107599 0.240017 65.969704
v 1.172899 0.240017 66.165802
v 0.960500 4.324798 65.773705
v 1.009600 -3.861102 65.969704
v 1.091300 -1.638982 65.904404
v 0.960500 -3.844772 65.773705
v 0.846200 -4.204232 65.920700
v 0.813499 -4.138872 65.741005
v 0.502999 -4.351282 65.871704
v 0.519400 -4.269582 65.692001
v -0.215900 -4.367622 65.724701
v -0.313900 -4.465652 65.790001
v -0.477301 -4.612712 65.790001
v 0.045500 -4.580032 65.871704
v 0.519400 -4.547352 65.937103
v 0.470400 -4.694402 65.920700
v 2.823199 -4.694402 66.067802
v 0.960500 -4.334942 66.002403
v 1.172899 -3.877442 66.051407
v 1.303699 -1.638982 66.198502
v 2.153299 -1.671662 66.247505
v 1.761200 0.240017 66.280205
v 2.186000 0.240017 66.296501
v 2.137000 -2.243532 66.214806
v 2.823199 -5.053862 66.035103
v 2.823199 -5.772792 65.953400
v 4.669499 -5.560382 65.953400
v 4.751200 -5.495022 65.953400
v 4.816599 -5.446002 65.953400
v 4.587800 -5.625732 65.953400
v 4.669499 -5.544042 65.855400
v 4.571500 -5.593052 65.659302
v 4.669499 -5.544042 65.724701
v 4.653199 -5.527702 65.659302
v 4.783899 -5.511362 65.659302
v 4.849300 -5.544042 65.659302
v 5.306799 -6.736792 65.495903
v 2.823199 -6.802152 65.528603
v 4.261000 -5.674752 65.659302
v 3.558499 -5.756452 65.659302
v 2.823199 -6.655102 65.544907
v 2.545400 -7.226972 65.463203
v 2.578099 -7.030902 65.495903
v 2.382000 -6.949202 65.512199
v 2.431100 -6.720452 65.528603
v 2.545400 -6.671442 65.544907
v 2.643499 -6.655102 65.544907
v 2.659800 -6.638762 65.544907
v 2.790500 -5.854482 65.643005
v 2.823199 -5.838142 65.643005
v 2.806900 -5.838142 65.643005
v 2.823199 -5.870822 65.937103
v 3.542100 -5.789132 65.953400
v 4.277400 -5.707432 65.953400
v 4.522500 -5.756452 66.394600
v 4.931000 -5.495022 66.182106
v 4.816599 -5.446002 65.969704
v 5.077999 -5.004842 66.067802
v 4.914600 -5.282612 65.969704
v 5.094299 -3.011472 66.149506
v 4.914600 -5.233592 65.708305
v 4.914600 -5.233592 65.675606
v 5.159700 -1.491932 66.231201
v 5.175999 0.240017 65.969704
v 5.192400 0.240017 66.133102
v 5.110699 3.017668 66.182106
v 5.192400 0.240017 66.280205
v 4.506100 0.240017 66.296501
v 3.754499 -1.557292 66.247505
v 3.640200 -3.616022 66.149506
v 5.110699 3.001328 65.888000
v 5.061699 5.076398 65.741005
v 5.159700 4.586228 65.773705
v 5.486500 4.488188 65.757301
v 5.764200 4.324798 65.757301
v 7.692299 4.243108 65.659302
v 5.764200 3.916328 65.790001
v 5.192400 3.083028 65.871704
v 6.156399 3.344458 65.806305
v 6.581200 4.880328 65.659302
v 6.924299 3.262758 65.757301
v 7.953699 3.017668 65.692001
v 6.940701 2.968648 65.773705
v 7.708599 2.641868 65.757301
v 8.166100 3.573198 65.643005
v 8.215099 3.638558 65.643005
v 8.590900 4.243108 65.561302
v 7.757599 5.713628 65.512199
v 6.907999 5.223458 65.610306
v 7.577900 2.494818 65.773705
v 7.006001 2.445798 65.822701
v 7.038700 2.690888 65.790001
v 5.208700 2.984988 65.888000
v 5.208700 2.952318 65.888000
v 5.208700 2.805258 65.888000
v 5.323099 2.870618 65.888000
v 5.519199 1.726878 65.920700
v 5.274099 1.171348 65.953400
v 5.551800 1.530808 65.920700
v 5.780600 1.579828 65.904404
v 6.515800 1.710538 65.871704
v 6.646599 1.743218 65.871704
v 6.646599 1.171348 65.888000
v 6.139999 0.828226 65.920700
v 6.123699 0.811885 65.920700
v 6.091000 0.795546 65.920700
v 5.290400 0.240017 65.969704
v 5.290400 0.240017 66.116806
v 5.274099 -0.674976 65.953400
v 5.437500 0.240017 65.969704
v 5.764200 0.141980 65.953400
v 5.796900 0.190998 65.953400
v 5.878599 0.174660 65.953400
v 5.911299 0.158320 65.953400
v 5.993000 -0.168462 65.937103
v 6.581200 -0.511585 65.904404
v 6.581200 -0.674976 65.888000
v 6.450500 -0.903722 65.888000
v 5.682499 -1.786032 65.888000
v 5.274099 -1.148812 65.937103
v 5.257700 -1.165152 65.937103
v 5.257700 -1.214172 65.937103
v 5.780600 -1.720682 65.888000
v 5.813299 -1.688002 65.888000
v 6.385099 -0.985422 65.888000
v 5.796900 0.452425 65.953400
v 6.009300 0.697511 65.937103
v 6.401499 1.007956 65.904404
v 6.646599 1.089652 65.888000
v 6.646599 1.007956 65.888000
v 6.221699 0.599478 65.920700
v 6.139999 0.550460 65.937103
v 4.914600 -5.266272 65.806305
v 5.241400 -4.988512 66.263901
v 5.175999 -5.004842 66.198502
v 5.241400 -3.893782 66.280205
v 5.306799 -2.782722 66.361900
v 5.339399 -2.423262 66.394600
v 5.355799 -2.063802 66.410904
v 5.372099 -1.916752 66.427200
v 5.372099 -1.769702 66.443604
v 5.584499 0.240017 66.672302
v 5.355799 -4.955832 66.345505
v 5.796900 0.240017 66.737701
v 5.764200 2.200718 66.688705
v 5.649900 3.916328 66.557899
v 9.620300 3.181058 67.048103
v 9.702000 1.694198 67.129807
v 11.744400 3.001328 67.064507
v 11.744400 3.328118 67.031807
v 10.518900 5.435868 66.884705
v 11.695400 5.566578 66.803001
v 10.486300 5.680948 66.901100
v 9.162800 6.007728 66.982803
v 6.319799 6.252818 66.999100
v 3.411400 6.742988 66.884705
v 2.300300 6.857368 66.770401
v 1.565100 9.422607 66.280205
v -0.493600 11.955128 65.397903
v 1.826500 12.004228 65.708305
v 4.310100 9.291898 66.525307
v 4.212000 11.922528 65.888000
v 6.662899 11.710128 65.953400
v 7.169399 8.997787 66.607002
v 9.195499 11.366928 65.904404
v 10.159500 8.540298 66.492599
v 11.842400 10.893127 65.724701
v 13.296600 7.952088 66.182106
v 13.018799 8.916098 66.035103
v 13.933800 6.220138 66.231201
v 13.165899 8.948778 65.953400
v 13.835800 6.693978 66.165802
v 13.247601 8.948778 65.839005
v 11.891399 11.121928 65.544907
v 12.348900 11.448627 64.009003
v 11.286900 12.102228 64.074402
v 10.045099 12.412628 64.237801
v 9.865400 12.249328 64.875000
v 9.702000 12.085928 65.512199
v 11.760700 10.974828 65.724701
v 9.685600 12.020528 65.643005
v 7.463499 12.412628 65.577606
v 9.669300 11.889828 65.708305
v 7.430799 12.216628 65.773705
v 5.404800 12.625128 65.561302
v 5.388399 12.429028 65.757301
v 3.934299 12.723127 65.495903
v 3.329700 12.543427 65.659302
v 2.169600 12.772128 65.365204
v 1.009600 12.576028 65.446899
v 0.502999 12.755828 65.185501
v -1.049200 12.706728 64.956703
v -1.065500 12.625128 65.071106
v -1.964170 12.543427 64.858704
v -1.065500 12.494328 65.152802
v -1.915151 12.363627 65.022102
v -2.781120 12.020528 64.826004
v -2.666750 11.889828 64.973000
v -2.470680 12.690428 64.058105
v -1.473990 12.870128 64.221504
v -2.307290 12.510728 63.829296
v -2.928181 12.314628 63.731297
v -2.928181 12.298327 63.714901
v -2.895500 12.134928 63.780300
v -2.993530 12.396328 63.682301
v -2.307290 12.739428 63.763996
v -1.572030 12.739428 63.910999
v -1.408640 12.886528 63.910999
v -1.539351 12.706728 63.927296
v -1.441320 12.625128 63.976398
v -1.359620 12.723127 63.960003
v -1.359620 12.788427 63.943699
v -1.408640 12.788427 63.943699
v 0.666400 12.984528 64.482903
v -1.343281 12.788427 63.943699
v 0.862499 12.886528 64.221504
v -0.313900 12.837528 64.074402
v 0.682799 12.853827 64.205101
v 0.895200 12.984528 64.188805
v 0.846200 12.788427 64.237801
v 0.911500 12.886528 64.221504
v 1.091300 12.870128 64.237801
v 1.221999 12.886528 64.221504
v 2.823199 12.919228 64.286804
v 2.823199 13.017228 64.564606
v 4.898300 12.951828 64.548203
v 4.440800 12.886528 64.286804
v 4.310100 12.674128 64.335800
v 3.150000 12.723127 64.335800
v 2.823199 12.886528 64.286804
v 2.806900 12.886528 64.286804
v 2.823199 13.000928 64.254105
v 2.823199 13.098927 64.531906
v 0.699100 13.066228 64.450203
v -1.473990 12.968227 64.188805
v 0.127199 13.605428 64.221504
v -2.568721 13.572728 63.763996
v -2.388990 12.821128 64.041702
v -3.107910 12.445328 63.960003
v -5.199320 13.540028 62.947002
v -4.006560 11.121928 63.992702
v -4.807180 10.729728 63.780300
v -3.957541 11.121928 63.845699
v -7.715540 13.474728 61.672596
v -7.225370 16.268728 61.002598
v -9.382140 16.252327 59.385098
v -9.921330 13.458427 59.924301
v -11.016050 16.268728 57.228298
v -11.685955 13.474728 57.718498
v -12.061756 16.285028 54.761101
v -12.944071 13.540028 55.202301
v -12.698980 16.301428 52.212200
v -13.761030 13.572728 52.555298
v -13.009430 16.317728 49.679600
v -14.218520 13.605428 49.875698
v -11.310157 18.784927 47.163399
v -11.261139 18.784927 49.271099
v -10.738286 19.079027 47.163399
v -10.672929 19.079027 49.744999
v -10.493197 19.079027 51.689301
v -11.097746 18.784927 51.542301
v -10.787303 18.784927 53.551998
v -9.855970 19.079027 54.581398
v -10.003020 18.784927 56.068199
v -8.728571 19.111729 56.868801
v -8.744910 18.784927 58.077900
v -7.535810 18.784927 59.172699
v -7.143671 19.111729 58.535400
v -5.918241 18.784927 60.071301
v -4.905210 19.079027 59.744499
v -3.826830 18.784927 60.724903
v -1.947830 18.784927 61.051701
v -2.045860 19.079027 60.447102
v 0.045500 18.784927 61.231396
v 0.699100 19.079027 60.692196
v 1.581400 18.784927 61.296696
v 1.891900 19.079027 60.741199
v 2.823199 18.784927 61.313099
v 2.823199 19.079027 60.741199
v 1.908199 19.193428 60.283703
v 0.731800 19.193428 60.234699
v -0.493600 19.193428 59.597500
v -1.980511 19.193428 59.989601
v -3.156930 19.193428 59.205299
v -2.094880 18.899328 59.123600
v 0.225300 18.899328 59.368698
v 2.823199 19.193428 59.728199
v 2.823199 18.899328 59.450397
v -0.101501 18.196728 59.336098
v 2.823199 18.196728 59.434101
v 3.198999 18.196728 59.434101
v 3.182699 18.196728 59.123600
v 2.823199 18.196728 59.139999
v 1.254600 18.196728 59.107300
v 0.388700 19.193428 59.074600
v 0.633800 18.196728 59.074600
v -0.052501 18.196728 59.042000
v -0.379300 18.196728 59.009300
v -2.470680 18.196728 59.042000
v -2.895500 18.196728 58.960300
v -4.447721 18.196728 58.519100
v -5.052270 18.899328 58.306698
v -5.950921 18.196728 57.800198
v -6.947610 18.196728 56.999599
v -6.996620 18.899328 56.983200
v -5.182981 19.193428 58.551800
v -4.758161 19.193428 59.336098
v -6.114310 19.193428 58.045300
v -6.914930 19.193428 58.208698
v -7.160010 19.193428 58.028900
v -7.192690 19.193428 57.179298
v -8.401791 19.193428 56.656399
v -8.565180 19.193428 55.153198
v -8.614201 19.193428 55.055199
v -8.320090 18.899328 55.022499
v -8.369110 18.196728 54.875500
v -8.908300 18.196728 53.176201
v -9.039010 18.196728 52.538998
v -9.137051 18.899328 52.048798
v -9.333120 18.196728 50.104401
v -9.382140 18.899328 49.744999
v -9.316780 19.193428 52.686001
v -8.973660 19.193428 55.627098
v -9.774281 19.193428 53.176201
v -9.431150 19.193428 54.466999
v -10.019361 19.193428 51.820000
v -10.199090 19.193428 50.088100
v -9.676240 19.193428 49.516201
v -9.725261 19.193428 47.163399
v -9.447491 18.899328 47.163399
v -9.431150 18.196728 47.163399
v -9.349461 18.196728 44.287701
v -9.365801 18.899328 44.565498
v -9.120710 18.899328 42.245300
v -9.431150 19.193428 42.294300
v -9.708920 19.193428 45.660198
v -10.280789 19.193428 46.150398
v -10.248112 19.193428 45.251698
v -10.133740 19.193428 43.601498
v -10.705606 19.079027 45.039299
v -9.986680 19.193428 42.343399
v -10.444181 19.079027 42.261700
v -10.738286 19.079027 46.232098
v -9.447491 19.193428 39.925198
v -9.741600 19.079027 39.418598
v -8.793930 19.193428 38.340298
v -8.516160 19.111729 37.180199
v -10.542215 18.784927 39.810799
v -10.068380 18.784927 38.422001
v -9.496511 18.784927 37.278198
v -8.091340 18.784927 35.595299
v -6.865911 19.111729 35.595299
v -6.653501 18.784927 34.614899
v -4.578430 19.079027 34.484200
v -4.758161 18.784927 33.863300
v -2.993530 18.784927 33.454899
v -1.686400 19.079027 33.847000
v -1.539351 18.784927 33.242500
v 0.715500 18.784927 33.079098
v 0.257999 19.079027 33.667301
v 2.823199 19.079027 33.601898
v 2.823199 18.784927 33.029999
v 2.823199 16.595528 31.412498
v 4.065000 18.784927 33.046398
v 5.617199 18.784927 33.111698
v 5.045300 19.079027 33.650898
v 3.787200 19.079027 33.601898
v 5.012600 19.193428 34.108398
v 7.921000 19.193428 34.386200
v 8.002699 19.079027 33.945000
v 9.375200 19.193428 34.696598
v 9.489599 19.079027 34.255501
v 7.610600 18.784927 33.291500
v 9.505899 18.784927 33.601898
v 10.894699 19.095428 34.729298
v 11.597300 18.784927 34.255501
v 13.214899 18.784927 35.137798
v 13.051500 19.111729 36.020100
v 14.424000 18.784927 36.216198
v 14.587400 19.111729 37.768398
v 15.388000 18.784927 37.637699
v 16.139599 18.784927 39.533001
v 18.149300 16.383127 40.170200
v 16.548100 18.784927 41.313999
v 16.760500 18.784927 42.784500
v 18.508801 16.366728 42.572098
v 18.737499 15.451728 40.644100
v 19.636200 15.500728 41.460999
v 19.685200 15.631528 42.996899
v 18.917299 15.615128 42.555798
v 19.015299 15.729527 44.418400
v 19.717899 15.778528 45.594799
v 19.031599 15.811228 46.248398
v 19.685200 15.843927 47.800598
v 18.998899 15.876528 48.650299
v 19.554501 15.860228 50.088100
v 18.933599 15.876528 50.153500
v 18.770199 15.827528 52.130501
v 19.309401 15.811228 52.473598
v 18.639500 15.778528 53.323299
v 18.410700 15.713228 54.744801
v 18.639500 15.794827 53.323299
v 18.149300 16.383127 54.156498
v 18.508801 16.366728 51.771000
v 16.711500 18.784927 51.950798
v 16.384699 18.784927 53.846100
v 17.463100 16.383127 56.574699
v 15.747499 18.784927 55.937500
v 14.848799 18.784927 57.555099
v 16.270300 16.383127 58.813198
v 13.770399 18.784927 58.764198
v 14.473000 16.383127 60.610500
v 12.365299 18.784927 59.728199
v 12.234499 16.383127 61.803303
v 10.469900 18.784927 60.479801
v 9.816299 16.383127 62.489498
v 8.688900 18.784927 60.888302
v 7.218399 18.784927 61.100697
v 7.430799 16.366728 62.849003
v 6.009300 18.784927 61.198696
v 4.947300 18.784927 61.264103
v 5.110699 16.366728 63.028698
v 3.885200 18.784927 61.296696
v 2.823199 16.415728 63.061398
v 5.241400 13.736128 64.270500
v 7.708599 13.736128 64.090706
v 6.401499 12.951828 64.482903
v 8.035400 12.772128 64.401207
v 10.061399 12.510728 64.205101
v 10.241199 13.736128 63.714901
v 11.172499 12.118527 64.074402
v 11.205200 12.102228 64.074402
v 11.270500 12.102228 64.058105
v 11.319500 12.069528 64.058105
v 11.956800 11.840828 63.992702
v 11.237900 12.102228 64.041702
v 11.254200 12.085928 63.763996
v 11.188799 12.118527 64.074402
v 9.996099 12.314628 63.960003
v 7.839300 12.608727 64.156105
v 9.685600 12.004228 64.090706
v 8.002699 12.478028 64.172401
v 7.953699 10.288628 64.777000
v 7.806601 10.141528 64.826004
v 7.953699 10.255928 64.777000
v 8.117100 10.157827 64.793304
v 8.166100 10.125228 64.793304
v 8.198799 10.010818 64.809700
v 7.823000 9.733058 64.907700
v 7.332800 10.141528 64.858704
v 7.594200 10.255928 64.809700
v 7.937399 12.690428 64.123405
v 7.496201 11.775428 64.417503
v 7.512499 10.599028 64.728004
v 6.172699 12.870128 64.205101
v 6.270800 12.429028 64.319504
v 6.238100 12.510728 64.303200
v 6.025700 12.788427 64.237801
v 6.515800 12.837528 64.515602
v 8.084400 12.674128 64.433907
v 6.221699 12.494328 64.303200
v 5.960300 12.510728 64.319504
v 5.944000 12.592428 64.303200
v 4.506100 12.968227 64.254105
v 4.538799 12.772128 64.303200
v 4.489799 12.706728 64.319504
v 4.800200 13.049928 64.531906
v 2.823199 13.670828 64.335800
v 0.323299 16.317728 63.012402
v -2.209260 16.301428 62.685596
v 2.823199 13.801528 64.286804
v 2.823199 16.334028 63.110401
v 9.734699 11.987828 64.074402
v 10.012400 12.412628 63.927296
v 10.208500 11.399628 64.172401
v 10.339199 11.481328 64.123405
v 10.600599 10.991128 64.205101
v 10.976400 12.102228 63.829296
v 11.254200 11.955128 63.813000
v 11.205200 11.971528 63.813000
v 11.074499 10.762428 64.188805
v 11.009100 10.451928 64.286804
v 10.731300 10.337627 64.384804
v 11.303200 11.922528 63.813000
v 13.214899 10.386628 63.698597
v 11.139799 10.288628 64.303200
v 11.172499 10.272228 64.303200
v 12.381599 10.304928 63.960003
v 12.250900 11.383327 63.731297
v 13.214899 10.206928 63.747601
v 13.656000 9.455288 64.107101
v 13.558001 9.389937 63.829296
v 13.607000 9.406268 63.960003
v 13.721399 9.275558 64.123405
v 13.623400 9.210197 63.845699
v 13.786800 9.095828 64.139801
v 13.672400 9.030468 63.861996
v 13.541700 8.867078 63.943699
v 13.427299 8.720028 64.025406
v 13.525299 8.785388 64.303200
v 13.296600 8.736368 64.384804
v 13.214899 8.687347 64.107101
v 13.002501 8.638328 64.172401
v 12.201900 10.206928 64.025406
v 11.303200 10.108858 64.303200
v 11.254200 10.141528 64.319504
v 12.822800 7.739678 64.384804
v 12.986099 7.331198 64.417503
v 12.806400 5.386848 64.695305
v 12.937099 7.298528 64.433907
v 12.888100 7.314868 64.433907
v 12.724699 7.184148 64.499207
v 12.496000 5.942368 64.711601
v 13.018799 7.167808 64.433907
v 13.018799 5.615598 64.629906
v 13.100500 6.056748 64.875000
v 13.100500 3.850968 65.087402
v 13.018799 4.194088 64.777000
v 13.002501 4.488188 64.744301
v 12.888100 4.341138 64.793304
v 12.708399 4.194088 64.842300
v 13.018799 3.769268 64.809700
v 12.545000 3.850968 64.907700
v 13.018799 2.102678 64.891403
v 13.018799 1.792238 64.907700
v 13.100500 2.020978 65.201805
v 13.018799 1.726878 64.924004
v 13.018799 1.563488 64.924004
v 13.018799 1.122328 64.940407
v 13.018799 1.302058 64.924004
v 12.969799 1.187688 64.956703
v 12.937099 1.122328 64.956703
v 12.904400 1.122328 64.956703
v 12.724699 0.762868 65.022102
v 12.822800 0.975275 64.989403
v 12.691999 0.599478 65.038406
v 12.969799 0.240017 64.973000
v 13.018799 0.240017 64.956703
v 13.002501 0.240017 64.973000
v 13.018799 -0.625958 64.940407
v 12.937099 -0.446227 64.956703
v 12.855400 -0.625958 64.973000
v 12.953499 -0.625958 64.956703
v 12.871799 -0.625958 64.973000
v 12.855400 -0.593280 64.973000
v 12.969799 -0.691316 64.940407
v 13.018799 -0.789350 64.940407
v 13.100500 -1.524612 65.201805
v 13.018799 -0.920062 64.924004
v 13.018799 -1.083452 64.924004
v 13.018799 -1.246842 64.907700
v 13.018799 -1.835052 64.875000
v 13.018799 -3.289242 64.809700
v 12.773699 -3.321912 64.858704
v 12.855400 -3.632362 64.809700
v 12.920799 -3.795752 64.777000
v 13.002501 -4.008162 64.744301
v 12.626699 -4.776102 64.744301
v 12.806400 -4.874132 64.711601
v 13.018799 -5.135562 64.629906
v 12.414299 -5.511362 64.728004
v 13.018799 -6.687782 64.433907
v 12.675699 -6.687782 64.515602
v 12.839100 -6.818492 64.450203
v 12.855400 -6.851172 64.450203
v 12.855400 -6.851172 64.433907
v 11.368599 -8.828212 64.466507
v 12.888100 -6.851172 64.433907
v 11.401199 -8.926242 64.433907
v 11.384899 -8.338032 64.548203
v 11.956800 -7.749822 64.499207
v 12.920799 -6.818492 64.433907
v 12.953499 -6.851172 64.417503
v 12.806400 -7.259652 64.384804
v 12.659399 -8.387053 64.221504
v 13.002501 -8.158302 64.172401
v 12.218199 -8.795532 64.254105
v 13.116899 -8.256332 64.123405
v 13.133200 -8.256332 64.107101
v 13.214899 -8.207322 64.107101
v 13.296600 -8.256332 64.384804
v 13.525299 -8.289012 64.303200
v 13.427299 -8.240003 64.025406
v 13.116899 -8.403392 64.074402
v 13.541700 -8.387053 63.943699
v 13.558001 -8.893562 63.829296
v 13.672400 -8.534102 63.861996
v 13.623400 -8.713832 63.845699
v 13.607000 -8.926242 63.960003
v 13.656000 -8.958922 64.107101
v 13.721399 -8.779192 64.123405
v 13.443600 -8.713832 64.973000
v 13.247601 -8.468742 65.839005
v 13.786800 -8.599463 64.139801
v 13.656000 -8.338032 64.760605
v 13.754099 -7.749822 65.071106
v 13.835800 -6.197602 66.165802
v 14.293299 -5.413332 65.397903
v 13.933800 -5.723772 66.231201
v 14.276899 -3.714052 66.443604
v 14.620100 -3.256562 65.626602
v 14.407700 -2.652012 66.525307
v 14.783400 -1.410232 65.741005
v 14.489300 -1.410232 66.607002
v 14.816099 0.240017 65.773705
v 14.489300 0.240017 66.737701
v 14.783400 1.890268 65.741005
v 14.587400 1.906608 65.479607
v 14.636400 0.240017 65.512199
v 13.100500 2.690888 65.430603
v 13.100500 0.240017 65.512199
v 13.100500 4.618908 65.267204
v 14.424000 3.769268 65.348900
v 14.080900 5.926038 65.120102
v 14.293299 5.909698 65.397903
v 14.620100 3.736588 65.626602
v 14.276899 4.194088 66.443604
v 14.407700 3.132048 66.525307
v 14.489300 1.906608 66.607002
v 14.178900 2.968648 66.737701
v 14.407700 0.240017 66.803001
v 14.227900 2.396778 66.786705
v 14.293299 0.240017 66.835701
v 14.227900 -1.900412 66.786705
v 13.035200 0.240017 67.015503
v 11.744400 -2.504962 67.064507
v 11.760700 0.240017 67.162506
v 9.702000 -1.214172 67.129807
v 10.747700 0.240017 67.211502
v 9.718300 0.240017 67.146202
v 5.764200 -1.704342 66.688705
v 9.620300 -2.684692 67.048103
v 5.649900 -3.436292 66.557899
v 9.440599 -4.825112 66.835701
v 11.744400 -2.831742 67.031807
v 11.695400 -5.070202 66.803001
v 13.868500 -4.890472 66.525307
v 14.048199 -3.697722 66.639603
v 14.178900 -2.472282 66.737701
v 13.688700 -5.772792 66.410904
v 10.551600 -5.282612 66.901100
v 13.296600 -7.472062 66.182106
v 10.159500 -8.043932 66.492599
v 9.162800 -5.511362 66.982803
v 10.486300 -5.200922 66.901100
v 9.407900 -5.070202 66.852104
v 10.518900 -4.939492 66.884705
v 5.535500 -5.396992 66.492599
v 8.002699 -4.776102 66.688705
v 5.519199 -4.923152 66.394600
v 5.110699 -5.495022 66.394600
v 5.519199 -5.723772 66.835701
v 5.143400 -5.756452 66.803001
v 3.346100 -6.050552 66.819405
v 6.483200 -5.609392 66.884705
v 6.319799 -5.772792 66.999100
v 3.411400 -6.262962 66.884705
v 4.293699 -6.164922 66.950104
v 6.139999 -5.952512 67.031807
v 6.303400 -5.936182 67.031807
v 9.277199 -5.298952 66.933800
v 8.362200 -5.642072 67.015503
v 9.375200 -5.298952 66.933800
v 7.986399 -5.446002 66.933800
v 7.169399 -8.501422 66.607002
v 9.195499 -10.886972 65.904404
v 6.662899 -11.213772 65.953400
v 4.310100 -8.795532 66.525307
v 4.212000 -11.426172 65.888000
v 1.565100 -8.942582 66.280205
v 1.826500 -11.507873 65.708305
v -0.493600 -11.458772 65.397903
v -1.065500 -8.909903 65.855400
v -2.781120 -11.311772 64.973000
v -3.549070 -8.746512 65.234505
v -3.385670 -9.890272 65.103806
v -2.781120 -11.524172 64.826004
v -2.666750 -11.409772 64.973000
v -1.964170 -12.046972 64.858704
v -1.915151 -11.867272 65.022102
v -1.049200 -12.210372 64.956703
v -1.065500 -12.145072 65.071106
v 0.502999 -12.275772 65.185501
v -1.065500 -12.014372 65.152802
v 1.009600 -12.079672 65.446899
v 2.169600 -12.275772 65.365204
v 3.329700 -12.063373 65.659302
v 3.934299 -12.226772 65.495903
v 5.404800 -12.128673 65.561302
v 5.388399 -11.932673 65.757301
v 7.463499 -11.932673 65.577606
v 7.430799 -11.736572 65.773705
v 9.702000 -11.605872 65.512199
v 9.685600 -11.524172 65.643005
v 11.891399 -10.625472 65.544907
v 9.669300 -11.409772 65.708305
v 11.760700 -10.494772 65.724701
v 11.842400 -10.413073 65.724701
v 13.165899 -8.452402 65.953400
v 13.018799 -8.436072 66.035103
v 9.865400 -11.769272 64.875000
v 10.045099 -11.932673 64.237801
v 10.976400 -11.638572 63.960003
v 9.996099 -11.834572 63.960003
v 10.731300 -10.462072 64.205101
v 10.992800 -10.723572 64.074402
v 11.058100 -10.968672 63.992702
v 11.074499 -10.429472 64.139801
v 11.107100 -11.279072 63.894703
v 10.535299 -9.792212 64.433907
v 8.084400 -12.194072 64.433907
v 2.823199 -12.520872 64.564606
v 0.666400 -12.488173 64.482903
v 2.823199 -12.422772 64.286804
v 0.862499 -12.406472 64.221504
v -1.473990 -12.390172 64.221504
v -1.261590 -12.308473 64.580902
v 2.594500 -12.390172 64.286804
v 2.823199 -12.406472 64.286804
v 2.823199 -12.357472 64.303200
v 2.888599 -12.357472 64.303200
v 4.261000 -12.324772 64.303200
v 4.489799 -12.210372 64.319504
v 4.571500 -12.259472 64.303200
v 0.911500 -12.390172 64.221504
v 0.895200 -12.357472 64.221504
v 0.846200 -12.292072 64.237801
v -3.483710 -9.906572 65.054802
v -3.549070 -9.890272 64.956703
v -3.777811 -10.004672 64.531906
v -4.022901 -10.118972 64.107101
v -3.712461 -8.762852 65.103806
v -4.202631 -8.795532 64.270500
v -3.859510 -7.553752 65.218102
v -4.120930 -7.504732 64.809700
v -4.366020 -7.439382 64.401207
v -4.104590 -8.713832 63.992702
v -4.317000 -7.423042 64.254105
v -4.251650 -6.998222 64.172401
v -4.251650 -7.406702 64.123405
v -4.039240 -6.655102 64.303200
v -3.990221 -9.498112 63.894703
v -3.826830 -6.475372 64.401207
v -1.768101 -9.547132 64.548203
v -3.924860 -10.053672 63.829296
v -2.421660 -10.756272 64.107101
v -2.454340 -10.821572 64.074402
v -2.470680 -6.540722 64.793304
v -2.487020 -6.197602 64.858704
v -2.323630 -6.197602 64.907700
v -2.699430 -6.213942 64.809700
v -2.323630 -6.295642 64.891403
v -2.176580 -6.393672 64.924004
v -2.323630 -6.442692 64.858704
v -2.339971 -6.883852 64.793304
v -2.356310 -10.658173 64.139801
v -2.290951 -6.540722 64.858704
v -2.143900 -6.557062 64.891403
v -1.686400 -7.406702 64.907700
v -0.902101 -10.429472 64.482903
v -1.604711 -7.439382 64.940407
v -1.523010 -7.733482 64.907700
v -1.457661 -7.766162 64.924004
v -1.441320 -7.733482 64.940407
v -1.441320 -7.782502 64.924004
v -1.261590 -8.060272 64.924004
v 0.519400 -9.563472 64.924004
v -0.787701 -10.004672 64.597305
v -0.885800 -10.135372 64.548203
v -0.918500 -10.331372 64.499207
v -1.588370 -10.968672 64.237801
v -2.274611 -6.295642 64.891403
v -0.853101 -10.772573 64.401207
v -0.281200 -10.249672 64.629906
v -0.232201 -7.962233 65.120102
v 0.502999 -7.913212 65.234505
v -0.150500 -10.527472 64.580902
v 0.666400 -10.788872 64.629906
v 0.911500 -10.413073 64.728004
v 1.368999 -10.249672 64.793304
v 2.218699 -10.445772 64.793304
v 2.823199 -9.579812 65.054802
v 2.153299 -8.387053 65.234505
v 2.431100 -7.864202 65.348900
v 2.431100 -7.553752 65.414200
v 2.823199 -7.782502 65.365204
v 2.823199 -9.089632 65.136406
v 2.823199 -10.723572 64.744301
v 2.823199 -5.740112 65.659302
v 2.774199 -10.543772 64.793304
v 2.790500 -5.838142 65.643005
v 2.774199 -5.838142 65.643005
v 1.156600 -5.985192 65.561302
v 1.189300 -5.985192 65.561302
v 1.074900 -5.903502 65.561302
v 0.993199 -6.001532 65.544907
v -0.526300 -6.017872 65.332504
v 0.257999 -6.066892 65.430603
v 0.029200 -6.083232 65.414200
v 0.568399 -6.524392 65.430603
v 0.568399 -6.589742 65.430603
v 0.519400 -6.589742 65.414200
v -0.199500 -6.148592 65.365204
v -0.134200 -6.099572 65.381500
v -0.411901 -6.115912 65.348900
v -0.591701 -6.115912 65.316200
v -2.323630 -6.099572 64.924004
v -2.176580 -6.197602 64.940407
v -2.225591 -6.197602 64.940407
v -0.019800 -6.115912 65.708305
v -2.258270 -6.197602 64.924004
v -2.274611 -6.197602 64.924004
v -2.307290 -6.197602 64.907700
v -2.732110 -6.230282 64.940407
v -2.781120 -6.246622 65.087402
v -3.336650 -6.279302 64.597305
v -3.598080 -6.361002 64.809700
v -4.104590 -6.655102 64.597305
v -3.434690 -6.557062 65.397903
v -2.862821 -6.344652 65.495903
v -2.487020 -6.311982 65.577606
v -2.634070 -6.279302 65.332504
v -0.722401 -6.230282 66.018806
v 0.405000 -6.164922 66.231201
v 1.434400 -6.099572 66.410904
v 3.280700 -5.936182 66.623306
v 0.388700 -6.295642 66.427200
v 0.405000 -6.491712 66.476303
v 2.300300 -6.361002 66.770401
v -0.297601 -6.540722 66.345505
v -2.536040 -6.638762 65.806305
v -3.026211 -6.671442 65.675606
v -3.352990 -6.802152 65.561302
v -3.630760 -7.063582 65.446899
v -3.516390 -6.671442 65.430603
v -3.859510 -7.112592 65.283501
v -3.794150 -7.553752 65.299805
v -3.696120 -7.553752 65.365204
v -3.042550 -6.475372 65.610306
v -2.536040 -6.426352 65.757301
v 4.816599 -5.789132 66.737701
v 4.653199 -5.772792 66.574303
v -4.349680 -7.014562 64.466507
v 1.042200 -5.936182 65.855400
v 0.502999 -6.606082 65.414200
v 0.405000 -6.753132 65.381500
v 1.156600 -6.720452 65.446899
v 1.891900 -6.704122 65.512199
v 0.731800 -6.589742 65.430603
v 0.699100 -6.540722 65.446899
v 3.868899 -5.625732 65.659302
v 3.868899 -5.658412 65.969704
v 3.084599 -6.883852 65.512199
v 3.247999 -6.916532 65.495903
v 4.898300 -7.210632 65.430603
v 3.198999 -6.998222 65.495903
v 5.192400 -5.478682 65.626602
v 5.257700 -5.723772 65.593903
v 5.110699 -5.429662 65.643005
v 4.849300 -5.527702 65.659302
v 5.698900 -6.262962 65.528603
v 5.306799 -7.243312 65.414200
v 5.715200 -6.932862 65.430603
v 5.731600 -6.311982 65.512199
v 6.401499 -7.096262 65.365204
v 7.757599 -5.282612 65.495903
v 8.051699 -5.838142 65.414200
v 7.823000 -6.753132 65.348900
v 7.136700 -7.537412 65.250801
v 7.823000 -7.815182 65.152802
v 8.721600 -6.785812 65.218102
v 8.345800 -6.132252 65.348900
v 8.721600 -6.704122 65.234505
v 8.770599 -6.753132 65.218102
v 2.823199 -6.932862 65.512199
v 2.823199 -6.949202 65.512199
v 2.496400 -7.357682 65.446899
v 2.545400 -7.243312 65.463203
v 2.741500 -10.445772 64.809700
v 2.823199 -10.478472 64.809700
v 2.627100 -10.396772 64.826004
v 2.823199 -10.184372 64.891403
v 2.823199 -9.138652 65.136406
v 3.182699 -9.171332 65.120102
v 3.836200 -9.253022 65.087402
v 5.306799 -9.645163 64.989403
v 5.012600 -9.955572 64.907700
v 5.192400 -9.971972 64.907700
v 5.306799 -8.566782 65.185501
v 5.388399 -9.955572 64.907700
v 5.698900 -9.105972 65.071106
v 5.698900 -9.792212 64.924004
v 5.813299 -9.056952 65.071106
v 6.270800 -9.841232 64.875000
v 7.823000 -8.338032 65.071106
v 7.937399 -8.681152 64.989403
v 7.823000 -8.795532 64.989403
v 6.662899 -9.645163 64.907700
v 1.810200 -8.501422 65.201805
v 1.630400 -8.354372 65.218102
v 1.989900 -7.749822 65.381500
v -1.277921 -7.945892 64.924004
v -1.539351 -7.684462 64.907700
v -1.228910 -7.063582 63.829296
v -1.490331 -7.194292 64.989403
v -1.065500 -7.717142 62.914303
v -1.098201 -7.210632 62.914303
v -1.081901 -6.851172 65.136406
v -0.689700 -6.932862 62.979702
v 2.708799 -6.949202 63.584202
v 2.741500 -7.455722 63.584202
v 2.431100 -7.472062 65.430603
v 2.316700 -7.733482 63.518902
v 0.846200 -7.831522 63.257496
v 0.993199 -7.864202 64.335800
v -0.624400 -7.945892 62.995998
v 1.401700 -7.831522 64.384804
v 2.235000 -7.684462 65.381500
v 2.431100 -7.521072 65.414200
v 2.480100 -7.374022 65.446899
v 2.169600 -6.769472 65.528603
v 2.235000 -6.769472 65.528603
v 2.186000 -6.687782 65.528603
v 2.202300 -6.687782 65.528603
v 2.251300 -6.720452 63.502499
v 0.780800 -6.818492 63.241100
v 2.104300 -6.671442 64.319504
v 0.617399 -6.769472 64.188805
v 0.568399 -6.361002 64.237801
v -0.869400 -6.883852 63.943699
v -1.343281 -6.932862 65.054802
v 0.421300 -4.269582 64.433907
v 0.094600 -4.285922 64.384804
v -1.245251 -3.991822 64.156105
v -1.375960 -4.269582 64.090706
v -1.653720 -4.383962 64.009003
v -1.604711 -4.318602 65.332504
v -2.192921 -4.432982 65.152802
v -1.506670 -4.187892 65.365204
v -1.441320 -3.991822 65.397903
v -1.196200 -3.387272 64.205101
v -1.294260 -1.720682 65.561302
v -1.114500 -1.900412 64.303200
v 0.176300 -3.387272 64.466507
v -0.150500 -4.334942 65.626602
v -0.003500 -2.194512 65.773705
v 0.257999 -2.063802 64.548203
v 0.306999 -0.331853 64.629906
v 0.306999 0.240017 64.629906
v 0.306999 0.811885 64.629906
v -0.379300 0.240017 64.515602
v -1.065500 0.240017 64.384804
v -1.065500 0.811885 64.368500
v 0.257999 2.543838 64.548203
v 0.176300 3.883648 64.466507
v 0.094600 4.782298 64.384804
v -1.196200 3.867308 64.205101
v -1.245251 4.471848 64.156105
v -1.375960 4.765958 64.090706
v -1.506670 4.684258 65.365204
v -1.441320 4.488188 65.397903
v -1.588370 4.782298 65.332504
v -1.392301 4.504528 65.577606
v -1.212601 0.240017 65.806305
v -1.065500 0.240017 65.904404
v -1.245251 4.520868 65.675606
v -1.098201 2.119018 65.855400
v -1.098201 2.233388 65.839005
v -0.264900 2.168038 66.002403
v -0.297601 2.837938 65.969704
v -0.232201 0.240017 66.067802
v -0.640700 0.240017 65.986107
v -0.264900 -1.688002 66.002403
v -0.297601 -2.357912 65.969704
v -1.098201 -1.622642 65.855400
v -1.098201 -1.737022 65.839005
v -1.245251 -4.040842 65.675606
v -1.392301 -4.008162 65.577606
v -1.261590 0.240017 65.626602
v -1.065500 -0.331853 64.368500
v -1.294260 2.217048 65.561302
v -1.114500 2.396778 64.303200
v 0.421300 4.749618 64.433907
v 0.731800 4.733278 64.482903
v 1.009600 4.602568 64.515602
v 1.140300 4.324798 64.548203
v 2.823199 7.135128 64.335800
v 2.104300 7.167808 64.319504
v 2.512799 7.298528 64.319504
v 2.659800 7.478258 64.303200
v 2.725200 7.690668 64.270500
v 5.715200 8.262538 64.123405
v 8.068100 6.171128 64.237801
v 6.973299 7.331198 64.188805
v 8.035400 6.416208 63.273800
v 7.561600 6.939058 63.192097
v 8.018999 7.396558 63.273800
v 8.166100 7.249508 63.290096
v 9.669300 5.174438 63.567898
v 9.228100 6.988078 58.878601
v 10.518900 5.141758 59.107300
v 11.450300 2.772578 59.270699
v 11.760700 0.240017 59.319698
v 12.152800 1.253038 59.385098
v 12.152800 3.279098 59.385098
v 12.152800 1.710538 61.639896
v 12.152800 0.240017 62.293400
v 12.152800 -0.773011 59.385098
v 12.152800 -1.214172 61.639896
v 12.152800 -2.799062 59.385098
v 11.793400 -2.537642 62.358799
v 10.764000 -5.135562 62.179096
v 9.554899 -6.459032 64.482903
v 8.378500 -7.782502 64.417503
v 7.055000 -8.877222 64.335800
v 9.015699 -7.962233 64.319504
v 8.329500 -8.534102 64.270500
v 7.071400 -8.975263 64.319504
v 7.038700 -8.958922 64.335800
v 7.022400 -8.958922 64.335800
v 6.956999 -9.007932 64.319504
v 7.022400 -9.040612 64.319504
v 7.185699 -9.481772 64.205101
v 6.940701 -9.579812 64.205101
v 6.826300 -9.138652 64.303200
v 6.826300 -9.089632 64.319504
v 5.796900 -9.759542 63.469898
v 6.613899 -9.236682 64.303200
v 6.417799 -9.318382 64.286804
v 5.470100 -9.808552 64.237801
v 6.777300 -9.726862 64.188805
v 5.600899 -10.364072 64.107101
v 5.028999 -10.004672 64.205101
v 4.326400 -10.396772 64.123405
v 5.404800 -10.429472 64.090706
v 4.179299 -10.380472 64.139801
v 4.163000 -10.380472 64.139801
v 4.620500 -10.151672 64.172401
v 4.898300 -10.053672 64.188805
v 3.966900 -10.396772 64.139801
v 4.097699 -10.396772 64.139801
v 3.966900 -10.690872 64.074402
v 4.571500 -10.184372 64.107101
v 4.898300 -10.069972 63.633297
v 4.228399 -10.396772 63.355503
v 4.914600 -10.069972 63.633297
v 5.584499 -12.030672 62.832600
v 4.244699 -10.723572 63.273800
v 4.244699 -11.033972 63.192097
v 3.542100 -11.230072 63.143101
v 2.823199 -11.377072 63.110401
v 2.823199 -11.328073 64.580902
v 2.855900 -11.311772 64.580902
v 4.113999 -11.033972 63.976398
v 2.904900 -11.311772 64.580902
v 2.904900 -11.197372 64.613602
v 4.163000 -10.919572 64.662605
v 4.244699 -10.837873 64.695305
v 4.293699 -10.821572 64.695305
v 4.113999 -10.919572 64.009003
v 5.094299 -10.543772 64.074402
v 4.408099 -10.788872 64.711601
v 5.028999 -10.527472 64.760605
v 5.486500 -10.331372 64.793304
v 5.698900 -10.249672 64.809700
v 5.519199 -10.429472 64.777000
v 5.110699 -10.625472 64.728004
v 5.633499 -10.445772 64.074402
v 5.028999 -10.658173 64.728004
v 4.980000 -10.674572 64.728004
v 5.372099 -10.445772 64.090706
v 7.038700 -9.677842 64.172401
v 6.744600 -9.792212 64.858704
v 6.777300 -9.775872 64.875000
v 6.728300 -9.645163 64.907700
v 6.973299 -9.645163 64.891403
v 7.120399 -9.547132 64.891403
v 7.136700 -9.530792 64.891403
v 7.823000 -8.975263 64.956703
v 7.823000 -8.811872 64.973000
v 8.607300 -8.223662 64.989403
v 7.626900 -9.105972 64.254105
v 8.737999 -8.125622 64.989403
v 9.473200 -7.325002 65.038406
v 9.277199 -7.684462 64.335800
v 9.587599 -7.325002 64.335800
v 9.538599 -7.259652 65.038406
v 9.113800 -7.880532 64.989403
v 9.848999 -7.047242 65.038406
v 9.391500 -7.733482 64.303200
v 8.999399 -7.994912 64.973000
v 7.806601 -9.154992 64.221504
v 7.267399 -9.416412 64.221504
v 7.071400 -8.991602 64.319504
v 6.809999 -9.449092 64.237801
v 5.028999 -10.004672 64.188805
v 5.470100 -9.808552 64.221504
v 5.045300 -10.004672 64.188805
v 9.211800 -7.733482 64.319504
v 8.688900 -7.619112 64.417503
v 8.623600 -7.602772 64.417503
v 7.283800 -8.877222 63.567898
v 8.770599 -7.472062 64.417503
v 8.786999 -7.455722 64.417503
v 8.803299 -7.439382 64.417503
v 9.064800 -7.112592 64.433907
v 10.110500 -5.756452 64.482903
v 10.028799 -6.785812 64.352203
v 10.159500 -5.805462 64.466507
v 9.963400 -5.870822 64.499207
v 10.192200 -5.658412 64.482903
v 10.502600 -5.119222 64.482903
v 10.518900 -5.102882 64.482903
v 10.600599 -4.890472 64.499207
v 10.796700 -4.383962 64.515602
v 10.764000 -4.449312 64.499207
v 10.796700 -4.400302 64.499207
v 10.813000 -4.367622 64.499207
v 10.878399 -4.187892 64.499207
v 10.780399 -4.792442 64.466507
v 10.878399 -4.678062 64.466507
v 11.286900 -3.893782 64.450203
v 11.368599 -3.599682 64.466507
v 11.564600 -2.112822 64.515602
v 11.515600 -2.553982 64.499207
v 11.450300 -3.027812 64.482903
v 11.580999 -2.390582 64.499207
v 11.989500 -2.766382 64.580902
v 11.515600 -4.204232 64.499207
v 11.221500 -4.236902 64.450203
v 10.862099 -5.560382 64.384804
v 11.058100 -4.939492 65.071106
v 11.009100 -5.053862 65.071106
v 10.437201 -5.887162 65.103806
v 9.571301 -7.194292 65.038406
v 10.028799 -6.491712 65.087402
v 9.865400 -6.753132 65.087402
v 9.865400 -7.014562 65.038406
v 10.045099 -6.753132 65.071106
v 10.110500 -6.851172 64.335800
v 9.571301 -7.128932 64.368500
v 9.914400 -6.949202 64.352203
v 10.126801 -6.638762 64.368500
v 10.617001 -5.919842 64.384804
v 10.715000 -5.985192 64.352203
v 10.731300 -5.756452 64.368500
v 10.992800 -4.563692 64.450203
v 10.469900 -5.266272 64.466507
v 10.486300 -5.691092 64.433907
v 11.009100 -4.972172 64.401207
v 11.482899 -4.531012 64.482903
v 10.862099 -5.544042 65.054802
v 11.548300 -4.138872 65.054802
v 11.515600 -3.730392 65.103806
v 11.597300 -3.991822 65.054802
v 11.678999 -3.730392 65.054802
v 11.580999 -3.534322 65.103806
v 11.760700 -3.501642 65.071106
v 11.940399 -2.635672 65.071106
v 11.973099 -2.472282 65.071106
v 12.283600 -1.263182 64.629906
v 12.005800 -2.308892 65.071106
v 12.071199 -2.553982 65.054802
v 12.022100 -2.995132 64.580902
v 12.103800 -2.357912 65.054802
v 12.365299 -1.393902 64.646301
v 11.809700 -1.083452 64.548203
v 11.760700 -2.161832 63.698597
v 11.532000 -2.504962 64.499207
v 11.695400 -1.475592 64.531906
v 11.826099 0.240017 64.548203
v 11.777000 -0.773011 64.531906
v 11.858700 -0.969082 64.548203
v 11.940399 -0.920062 64.564606
v 12.267200 -1.230502 64.629906
v 12.169199 -0.887382 64.613602
v 12.316200 -0.789350 64.629906
v 12.022100 -2.145502 65.071106
v 12.365299 0.027607 64.646301
v 12.479599 0.240017 64.662605
v 12.381599 0.240017 64.646301
v 12.365299 1.873928 64.646301
v 12.332600 1.089652 64.629906
v 12.022100 0.844565 64.580902
v 12.120199 0.681174 64.597305
v 12.283600 1.759558 64.629906
v 12.283600 0.256355 65.152802
v 12.185499 1.138668 65.120102
v 12.250900 0.534120 65.152802
v 12.414299 0.664833 65.103806
v 12.365299 1.073311 65.103806
v 12.365299 1.138668 65.087402
v 12.365299 1.204028 65.071106
v 12.348900 1.351078 65.071106
v 12.234499 2.020978 65.054802
v 12.120199 2.756238 65.054802
v 12.087500 2.935978 65.054802
v 12.022100 3.491508 64.580902
v 11.580999 2.870618 64.499207
v 11.221500 4.749618 64.433907
v 11.580999 2.886958 64.499207
v 11.532000 2.984988 64.499207
v 10.829399 4.814978 64.433907
v 10.796700 4.896668 64.433907
v 10.764000 4.945688 64.499207
v 10.600599 5.370508 64.499207
v 10.780399 5.272468 64.466507
v 10.796700 4.880328 64.499207
v 10.813000 4.863988 64.499207
v 10.796700 4.880328 64.515602
v 10.862099 4.684258 64.499207
v 11.564600 2.609188 64.515602
v 11.793400 3.017668 62.358799
v 12.136499 0.240017 62.424099
v 11.809700 0.387069 64.548203
v 11.809700 0.550460 64.548203
v 11.809700 1.187688 64.548203
v 11.809700 1.563488 64.548203
v 11.777000 1.253038 64.531906
v 11.695400 1.971968 64.531906
v 11.515600 3.034008 64.499207
v 11.368599 4.079718 64.466507
v 11.450300 3.507848 64.482903
v 11.286900 4.390158 64.450203
v 10.862099 5.174438 64.466507
v 10.747700 6.220138 64.368500
v 10.649599 6.122108 64.401207
v 10.862099 6.056748 64.384804
v 10.943699 5.631928 65.071106
v 11.009100 5.533898 65.071106
v 10.600599 6.465228 65.054802
v 11.058100 5.435868 65.071106
v 11.613699 4.471848 65.054802
v 11.482899 5.027378 64.482903
v 11.662699 4.341138 65.054802
v 11.515600 4.226768 65.103806
v 11.695400 4.210428 65.054802
v 11.597300 4.030698 65.103806
v 11.891399 3.246418 65.071106
v 11.760700 3.998018 65.071106
v 11.940399 3.115708 65.071106
v 11.973099 2.968648 65.071106
v 12.005800 2.788918 65.071106
v 12.071199 2.217048 65.087402
v 11.989500 3.246418 64.580902
v 11.515600 4.684258 64.499207
v 11.221500 4.749618 64.450203
v 11.009100 5.484878 64.401207
v 10.715000 6.481568 64.352203
v 10.682301 6.318178 64.384804
v 10.617001 6.399868 64.384804
v 10.143099 7.102458 64.368500
v 10.126801 7.314868 64.335800
v 10.028799 7.265848 64.352203
v 9.685600 7.527268 64.368500
v 9.195499 7.412898 64.450203
v 9.554899 6.939058 64.482903
v 7.953699 8.654668 64.401207
v 7.986399 8.621988 64.384804
v 7.969999 8.654668 64.384804
v 7.953699 8.671008 64.384804
v 7.659599 9.112167 64.319504
v 7.904699 8.703688 64.384804
v 7.316500 9.210197 64.352203
v 7.937399 8.687347 64.335800
v 6.989700 9.651358 61.525501
v 7.986399 8.638328 64.319504
v 9.130100 7.870388 61.901302
v 9.228100 8.180838 58.878601
v 9.489599 7.919408 58.927601
v 11.107100 5.778978 59.205299
v 10.764000 5.615598 62.179096
v 9.963400 6.367188 64.499207
v 9.914400 7.445578 64.352203
v 9.734699 7.559948 64.368500
v 9.603899 7.788698 64.335800
v 9.522200 7.756018 65.038406
v 9.865400 7.249508 65.087402
v 10.028799 6.988078 65.087402
v 10.437201 6.383538 65.103806
v 10.388199 6.089428 65.152802
v 10.404600 6.742988 65.071106
v 10.535299 6.563268 65.071106
v 10.045099 7.249508 65.071106
v 10.551600 6.530588 65.071106
v 9.914400 7.445578 65.054802
v 9.897999 7.478258 65.054802
v 9.489599 7.805038 65.038406
v 9.277199 8.164497 64.335800
v 9.211800 8.229857 64.319504
v 8.460199 8.344228 64.384804
v 9.015699 8.458598 64.319504
v 8.362200 8.311548 64.401207
v 8.803299 7.935748 64.417503
v 8.819700 7.919408 64.417503
v 10.126801 6.220138 64.482903
v 10.208500 6.122108 64.482903
v 10.208500 6.105768 64.482903
v 10.518900 5.582918 64.482903
v 10.175800 6.285498 64.466507
v 7.055000 9.422607 64.319504
v 7.038700 9.438948 64.319504
v 7.300100 9.357258 63.567898
v 6.891600 9.536988 64.319504
v 6.630199 9.700377 64.303200
v 6.107399 9.961798 64.205101
v 6.042000 9.994478 64.205101
v 5.012600 10.501028 63.992702
v 4.113999 10.876828 64.139801
v 4.473499 10.811428 61.067997
v 4.457100 10.811428 61.165997
v 4.636800 11.546728 60.071301
v 4.980000 10.729728 58.126999
v 6.287100 10.223228 58.355698
v 2.398399 10.386628 57.669498
v 7.414499 9.618678 58.551800
v 6.287100 9.291898 58.355698
v 7.757599 8.376908 58.617100
v 9.048399 7.200488 58.845898
v 6.630199 8.572978 63.028698
v 5.323099 8.621988 62.799999
v 10.453600 9.242878 63.175701
v 10.273800 9.684038 63.110401
v 10.077799 9.373588 64.711601
v 10.666000 9.046808 64.679001
v 10.829399 9.095828 63.763996
v 10.306499 9.406268 63.665897
v 10.094099 10.043498 64.564606
v 10.306499 10.027158 63.665897
v 10.339199 10.223228 64.482903
v 10.829399 10.337627 63.763996
v 10.551600 10.043498 63.437199
v 10.878399 10.190528 63.502499
v 11.205200 10.043498 63.551601
v 11.335899 9.716718 63.584202
v 10.420900 9.716718 63.420803
v 11.205200 9.389937 63.551601
v 10.551600 9.389937 63.437199
v 10.878399 9.242878 63.502499
v 11.368599 9.406268 63.861996
v 11.368599 10.027158 63.861996
v 11.123499 10.206928 64.335800
v 11.188799 10.206928 64.303200
v 11.499300 10.190528 62.718296
v 11.156200 10.239528 64.319504
v 11.107100 10.272228 64.319504
v 11.090799 10.288628 64.319504
v 11.009100 10.386628 62.783596
v 11.172499 12.461728 62.080997
v 10.682301 14.667428 61.215099
v 11.826099 14.700128 60.839298
v 10.045099 16.693527 60.055000
v 11.809700 15.745828 60.169399
v 10.192200 16.693527 60.006001
v 11.793400 16.693527 59.434101
v 11.793400 16.693527 57.211998
v 11.826099 14.700128 58.698799
v 12.218199 14.700128 60.692196
v 12.577700 14.700128 60.528797
v 12.839100 15.174027 60.087700
v 12.594000 15.582428 59.924301
v 12.773699 15.533428 59.875198
v 12.594000 16.693527 59.286999
v 12.626699 16.693527 59.368698
v 14.750799 14.275328 59.744499
v 14.113499 16.693527 58.192299
v 15.567699 13.409328 59.564800
v 12.594000 16.693527 57.211998
v 12.577700 14.700128 58.502800
v 12.577700 14.700128 56.460400
v 11.826099 14.700128 56.574699
v 11.826099 14.700128 54.434299
v 12.577700 14.700128 54.434299
v 12.577700 14.945228 55.888500
v 12.594000 15.353728 56.117199
v 13.508999 15.353728 56.117199
v 13.508999 14.700128 56.117199
v 14.276899 14.700128 56.117199
v 13.508999 14.700128 54.434299
v 14.276899 14.700128 54.434299
v 13.492701 16.693527 55.169598
v 13.508999 15.353728 55.169598
v 13.508999 14.945228 55.414700
v 13.508999 14.945228 55.888500
v 12.577700 14.945228 55.414700
v 12.594000 15.353728 55.169598
v 12.594000 16.693527 56.117199
v 12.594000 16.366728 59.303398
v 12.594000 15.974627 59.630199
v 9.342499 16.693527 60.218403
v 6.809999 16.693527 60.202000
v 7.659599 16.693527 60.512501
v 5.731600 16.693527 60.692196
v 5.241400 16.693527 60.724903
v 2.823199 16.693527 60.773899
v 8.035400 14.749127 61.672596
v 8.182400 16.693527 60.430798
v 10.437201 10.321228 64.433907
v 10.453600 10.157827 62.963299
v 10.355499 10.255928 64.466507
v 10.339199 10.255928 64.466507
v 10.322899 10.239528 64.482903
v 10.322899 10.223228 64.482903
v 10.339199 10.272228 64.466507
v 7.120399 9.373588 64.335800
v 8.345800 9.014138 64.270500
v 7.626900 9.585998 64.254105
v 7.185699 9.961798 64.205101
v 7.283800 9.880108 64.221504
v 7.022400 9.700377 64.270500
v 6.907999 9.553328 64.319504
v 6.875299 10.043498 64.205101
v 6.809999 9.994478 64.221504
v 11.809700 0.060285 64.548203
v 11.809700 -0.119445 64.548203
v 11.809700 -0.789350 64.548203
v 11.875099 -0.871045 64.564606
v 12.185499 1.155008 65.136406
v 12.201900 1.056974 65.136406
v 12.463299 0.240017 65.103806
v 12.283600 0.240017 65.152802
v 12.267200 0.092965 65.152802
v 12.430599 -0.054088 65.087402
v 12.250900 -0.152122 65.136406
v 12.381599 -0.576940 65.103806
v 12.201900 -0.576940 65.136406
v 12.365299 -0.642298 65.071106
v 12.185499 -0.642298 65.120102
v 12.348900 -0.903722 65.071106
v 12.234499 -1.540952 65.054802
v 12.071199 -1.737022 65.087402
v 10.845699 -4.318602 64.433907
v 10.796700 -4.416642 64.433907
v 11.107100 -4.808782 65.071106
v 10.813000 -5.642072 65.054802
v 10.780399 -5.691092 65.054802
v 10.404600 -6.213942 65.071106
v 10.388199 -5.609392 65.152802
v 9.554899 -7.112592 64.384804
v 6.548500 -9.792212 64.875000
v 6.532200 -9.792212 64.875000
v 5.747900 -10.217072 64.809700
v 4.113999 -10.919572 63.992702
v 4.097699 -10.723572 64.058105
v 2.806900 -11.328073 64.580902
v 1.499700 -11.475172 64.482903
v 2.071600 -11.475172 63.061398
v 2.823199 -12.863972 62.587498
v 2.104300 -13.942372 62.130001
v -0.444600 -16.213472 60.643200
v 0.454000 -16.213472 60.692196
v -0.640700 -16.213472 60.202000
v -1.702741 -16.213472 60.447102
v -3.140591 -16.213472 60.234699
v -1.098201 -16.213472 59.188999
v 1.516100 -16.213472 59.188999
v -0.902101 -14.007672 59.123600
v -1.098201 -16.213472 57.211998
v -0.902101 -14.007672 56.868801
v -0.902101 -14.007672 54.597698
v -1.098201 -16.213472 54.548698
v 0.911500 -14.007672 54.597698
v 1.516100 -16.213472 54.548698
v -0.722401 -16.213472 54.205601
v 2.087899 -16.213472 54.205601
v -0.575300 -16.213472 53.110798
v -2.699430 -16.213472 51.395199
v -2.094880 -17.831072 52.097801
v -3.091570 -17.847372 50.561901
v -3.107910 -16.213472 50.578300
v -3.647100 -17.863771 47.163399
v -3.679780 -16.213472 47.163399
v -3.091570 -17.847372 43.764900
v -3.516390 -16.213472 45.202698
v -3.107910 -16.213472 43.764900
v -2.094880 -17.831072 42.245300
v -1.833450 -16.213472 41.967598
v -3.875850 -16.213472 42.229000
v -0.559000 -17.847372 41.248600
v -0.575300 -16.213472 41.232300
v 1.107599 -16.213472 40.774799
v 1.238299 -16.213472 39.745399
v 2.823199 -16.213472 40.660400
v 3.574800 -16.213472 39.745399
v 0.911500 -14.007672 39.680099
v 0.911500 -14.007672 38.879498
v 0.601100 -14.007672 38.879498
v 0.176300 -13.582872 39.385998
v 0.127199 -14.007672 38.879498
v 0.159900 -13.713573 37.212898
v 0.127199 -14.007672 38.716099
v 0.078199 -14.710272 37.163799
v -0.019800 -15.706972 37.098499
v -0.036201 -15.952072 38.650700
v -0.183201 -17.700373 37.000500
v -0.183201 -17.700373 37.964500
v -0.183201 -17.700373 38.650700
v -0.232201 -17.700373 38.699699
v -0.232201 -17.700373 38.748699
v -0.068800 -15.854073 36.118099
v -0.068800 -15.854073 38.732399
v 0.094600 -14.007672 36.134499
v 0.094600 -14.007672 38.716099
v 0.127199 -14.154772 38.716099
v 0.895200 -14.154772 38.716099
v 0.127199 -17.700373 36.101799
v 0.552099 -17.700373 36.101799
v 1.074900 -17.700373 36.101799
v 1.123899 -17.700373 36.101799
v 0.895200 -17.700373 37.000500
v 0.895200 -17.700373 37.752098
v 0.862499 -14.710272 37.163799
v 0.862499 -14.710272 37.768398
v 0.829800 -11.720272 37.310898
v 0.829800 -11.720272 37.801098
v 4.800200 -14.710272 37.768398
v 2.823199 -11.720272 37.801098
v 4.816599 -11.720272 37.801098
v 5.323099 -11.720272 38.307598
v 4.816599 -11.720272 37.310898
v 5.323099 -11.720272 37.310898
v 4.800200 -14.710272 37.163799
v 5.502800 -13.713573 37.212898
v 5.519199 -14.007672 38.716099
v 5.519199 -14.073072 38.716099
v 5.470100 -14.154772 38.716099
v 5.290400 -14.154772 38.716099
v 3.885200 -14.154772 38.716099
v 5.519199 -14.007672 38.748699
v 5.519199 -14.007672 38.879498
v 5.486500 -13.582872 39.385998
v 2.823199 -13.582872 39.385998
v 5.274099 -14.007672 38.879498
v 4.685900 -14.007672 38.879498
v 3.917900 -14.007672 38.879498
v 3.395100 -14.007672 38.879498
v 2.823199 -14.007672 38.879498
v 2.496400 -14.007672 38.879498
v 1.989900 -14.007672 38.879498
v 0.241600 -12.831272 39.385998
v 2.823199 -12.831272 39.385998
v 0.339700 -11.720272 38.307598
v 0.339700 -11.720272 37.310898
v 2.823199 -11.720272 38.307598
v 5.421099 -12.831272 39.385998
v 4.767600 -17.700373 37.752098
v 3.836200 -17.700373 37.752098
v 2.594500 -17.700373 36.510300
v 2.169600 -17.700373 36.101799
v 2.659800 -17.700373 36.101799
v -0.232201 -17.700373 36.984100
v -0.232201 -17.700373 37.915398
v -0.232201 -17.700373 38.013500
v -0.232201 -17.700373 38.683399
v -0.232201 -17.700373 36.118099
v -0.232201 -17.700373 36.101799
v -0.199500 -17.700373 36.101799
v 4.555200 -16.213472 40.774799
v 6.238100 -16.213472 41.232300
v 6.221699 -17.847372 41.248600
v 7.479900 -16.213472 41.967598
v 7.757599 -17.831072 42.245300
v 8.737999 -17.847372 43.781200
v 8.770599 -16.213472 43.764900
v 9.309799 -17.863771 47.163399
v 9.179100 -16.213472 45.202698
v 9.522200 -16.213472 42.229000
v 11.564600 -16.213472 45.235401
v 9.342499 -16.213472 47.163399
v 11.678999 -16.213472 48.225399
v 9.293499 -16.213472 48.241798
v 10.927399 -16.213472 51.215500
v 8.770599 -16.213472 50.578300
v 8.345800 -16.213472 51.395199
v 10.469900 -16.213472 54.205601
v 7.675900 -16.213472 54.205601
v 9.277199 -16.213472 57.211998
v 11.793400 -16.213472 57.211998
v 11.793400 -16.213472 59.434101
v 11.826099 -14.220172 58.698799
v 11.826099 -14.220172 56.574699
v 11.826099 -14.220172 54.434299
v 11.793400 -16.213472 54.417999
v 12.594000 -16.213472 54.417999
v 13.280199 -16.213472 54.205601
v 13.492701 -16.213472 55.169598
v 12.594000 -16.213472 55.169598
v 12.594000 -14.857372 55.169598
v 13.508999 -14.857372 55.169598
v 12.577700 -14.628572 55.234898
v 13.508999 -14.628572 55.234898
v 12.577700 -14.448873 55.414700
v 13.508999 -14.448873 55.414700
v 12.577700 -14.383472 55.643398
v 13.508999 -14.383472 55.643398
v 12.577700 -14.448873 55.888500
v 13.508999 -14.448873 55.888500
v 13.508999 -14.628572 56.051899
v 13.508999 -14.220172 56.117199
v 13.508999 -14.857372 56.117199
v 14.276899 -14.220172 56.117199
v 14.276899 -14.220172 54.434299
v 13.508999 -14.220172 54.434299
v 14.293299 -16.213472 54.417999
v 13.492701 -16.213472 54.417999
v 16.074200 -16.213472 54.205601
v 13.737700 -16.213472 51.215500
v 16.515400 -16.213472 51.754700
v 16.564400 -16.213472 51.215500
v 14.195200 -16.213472 48.225399
v 16.695099 -16.213472 49.467201
v 16.744101 -16.213472 48.225399
v 16.711500 -16.213472 45.153698
v 14.129900 -16.213472 45.235401
v 14.521999 -16.213472 42.229000
v 16.466400 -16.213472 42.212601
v 15.812799 -16.213472 39.206200
v 16.057899 -16.213472 40.072201
v 15.633101 -16.213472 38.699699
v 14.440300 -16.213472 36.526600
v 14.293299 -16.213472 38.193199
v 14.293299 -16.213472 39.238899
v 14.276899 -14.220172 38.944798
v 14.276899 -14.220172 41.183300
v 13.508999 -14.220172 41.183300
v 13.492701 -16.213472 41.199600
v 13.492701 -16.213472 39.238899
v 13.508999 -14.220172 38.944798
v 13.508999 -14.955372 38.193199
v 14.276899 -14.955372 38.193199
v 13.492701 -16.213472 38.193199
v 14.162600 -16.213472 36.199799
v 12.594000 -16.213472 36.248898
v 12.594000 -16.213472 39.238899
v 12.594000 -15.527272 38.176899
v 12.577700 -14.220172 39.533001
v 12.577700 -14.220172 41.346699
v 11.826099 -14.220172 41.346699
v 11.826099 -14.220172 43.160301
v 12.577700 -14.220172 43.160301
v 11.793400 -16.213472 43.176598
v 11.793400 -16.213472 42.229000
v 12.594000 -16.213472 43.176598
v 12.594000 -16.213472 42.229000
v 11.826099 -14.220172 39.533001
v 11.793400 -16.213472 39.238899
v 11.809700 -15.527272 38.176899
v 12.594000 -15.527272 36.297901
v 11.809700 -15.527272 36.297901
v 12.577700 -14.220172 34.958099
v 12.594000 -16.213472 34.958099
v 12.594000 -15.265872 34.206501
v 14.293299 -16.213472 41.199600
v 17.185299 -14.318172 39.729099
v 17.430399 -14.514272 41.575397
v 18.851900 -14.563272 41.706100
v 17.577400 -14.661272 43.470798
v 18.982599 -14.693973 43.405399
v 18.900900 -14.595972 42.327000
v 18.900900 -14.710272 42.147301
v 18.982599 -14.693973 43.536098
v 17.626499 -14.759273 45.317101
v 19.031599 -14.791972 45.300701
v 19.031599 -14.791972 45.235401
v 18.998899 -14.742972 44.353100
v 19.031599 -14.808372 45.235401
v 19.031599 -14.808372 45.464100
v 17.610100 -14.824672 47.163399
v 19.031599 -14.857372 47.179699
v 17.577400 -14.857372 48.633900
v 19.015299 -14.873672 47.686199
v 19.015299 -14.873672 47.506500
v 18.998899 -15.118773 48.274498
v 19.015299 -15.363873 47.915001
v 18.949900 -14.890072 49.320198
v 18.949900 -14.890072 49.336498
v 18.933599 -14.890072 50.006401
v 17.512100 -14.857372 50.104401
v 18.884600 -14.873672 50.757999
v 18.851900 -14.873672 51.182800
v 18.851900 -14.873672 51.199200
v 18.802900 -14.857372 51.803699
v 18.884600 -14.906372 50.741699
v 17.365000 -14.808372 52.081501
v 18.721199 -14.824672 52.571701
v 18.688499 -14.824672 52.800400
v 18.655800 -14.824672 52.980099
v 16.956600 -14.693973 54.712101
v 16.580799 -14.563272 56.198898
v 15.240900 -16.213472 56.574699
v 18.672199 -14.824672 52.947498
v 17.185299 -15.543572 47.163399
v 16.744101 -16.213472 47.163399
v 16.662500 -16.213472 44.238701
v 16.417400 -16.213472 41.902199
v 14.293299 -16.213472 56.117199
v 12.594000 -16.213472 56.117199
v 12.594000 -16.213472 57.211998
v 12.577700 -14.220172 56.460400
v 12.577700 -14.220172 58.502800
v 12.577700 -14.220172 54.434299
v 12.594000 -16.213472 59.286999
v 12.594000 -15.886673 59.303398
v 12.773699 -15.037072 59.875198
v 12.839100 -14.726672 60.055000
v 12.577700 -14.220172 60.528797
v 12.594000 -15.086072 59.924301
v 12.594000 -15.478272 59.630199
v 11.826099 -14.220172 60.839298
v 12.218199 -14.220172 60.692196
v 10.682301 -14.187472 61.215099
v 13.051500 -13.452172 60.741199
v 8.362200 -12.145072 62.554897
v 8.035400 -14.269172 61.672596
v 5.421099 -14.220172 61.934002
v 5.241400 -16.213472 60.724903
v 2.823199 -16.213472 60.773899
v 2.823199 -14.138473 62.032001
v 2.153299 -16.213472 60.773899
v 0.568399 -16.213472 60.692196
v 1.842899 -16.213472 60.202000
v 4.326400 -16.213472 60.202000
v 4.130300 -16.213472 59.188999
v 3.917900 -14.007672 59.123600
v 0.911500 -14.007672 59.123600
v 3.917900 -14.007672 58.159599
v 2.823199 -14.007672 58.159599
v 3.117300 -17.700373 58.192299
v 2.774199 -17.700373 58.192299
v 2.757800 -17.700373 57.849201
v 1.842899 -17.700373 58.192299
v 0.274300 -17.700373 58.192299
v 0.225300 -17.700373 58.192299
v 0.127199 -17.700373 58.192299
v 0.911500 -14.007672 58.159599
v 0.094600 -14.007672 58.159599
v -0.068800 -15.854073 58.175999
v -0.232201 -17.700373 58.192299
v 0.829800 -17.700373 57.342701
v -0.232201 -17.700373 57.767498
v -0.068800 -15.854073 55.561699
v -0.232201 -17.700373 56.542099
v -0.183201 -17.700373 57.342701
v -0.183201 -17.700373 55.692398
v -0.232201 -17.700373 55.741398
v -0.232201 -17.700373 55.545399
v -0.150500 -17.700373 55.545399
v 0.127199 -17.700373 55.545399
v 0.094600 -14.007672 55.578098
v 0.127199 -14.105772 55.578098
v 0.552099 -14.105772 55.578098
v 0.110900 -14.220172 55.692398
v 0.127199 -14.007672 55.578098
v 0.159900 -13.713573 57.130299
v 0.078199 -14.710272 57.179298
v -0.036201 -15.952072 55.692398
v -0.019800 -15.706972 57.228298
v 0.617399 -17.700373 55.692398
v 0.437699 -17.700373 55.545399
v 0.895200 -14.105772 55.578098
v 0.633800 -17.700373 55.545399
v 0.976900 -14.105772 55.578098
v 2.823199 -14.105772 55.578098
v 2.823199 -14.220172 55.692398
v 2.839499 -14.105772 55.578098
v 3.247999 -14.105772 55.578098
v 3.885200 -14.105772 55.578098
v 3.966900 -14.105772 55.578098
v 4.016000 -14.105772 55.578098
v 5.731600 -15.854073 55.561699
v 5.535500 -14.105772 55.578098
v 5.568199 -14.007672 55.578098
v 5.519199 -14.007672 55.578098
v 5.535500 -14.220172 55.692398
v 2.823199 -17.700373 55.692398
v 4.849300 -17.700373 55.692398
v 4.734900 -17.700373 55.545399
v 3.558499 -17.700373 55.545399
v 5.175999 -17.700373 55.545399
v 5.895000 -17.700373 55.545399
v 5.895000 -17.700373 55.643398
v 5.731600 -15.854073 58.175999
v 5.568199 -14.007672 58.159599
v 4.359099 -17.700373 58.192299
v 4.816599 -17.700373 56.591099
v 4.816599 -17.700373 57.342701
v 4.816599 -14.710272 57.179298
v 4.816599 -14.710272 56.574699
v 1.516100 -17.700373 56.591099
v 0.829800 -17.700373 56.591099
v 0.829800 -14.710272 56.574699
v 0.829800 -14.710272 57.179298
v 0.829800 -11.720272 57.032200
v 0.829800 -11.720272 56.542099
v 0.339700 -11.720272 56.035500
v 0.339700 -11.720272 57.032200
v 0.241600 -12.831272 54.940800
v 0.176300 -13.582872 54.940800
v 0.127199 -14.007672 55.463699
v 2.823199 -13.582872 54.940800
v 0.192599 -14.007672 55.463699
v 0.911500 -14.007672 55.463699
v 0.976900 -14.007672 55.463699
v 1.287300 -14.007672 55.463699
v 2.823199 -14.007672 55.463699
v 5.486500 -13.582872 54.940800
v 2.953899 -14.007672 55.463699
v 3.672800 -14.007672 55.463699
v 3.917900 -14.007672 55.463699
v 4.244699 -14.007672 55.463699
v 5.519199 -14.007672 55.463699
v 5.502800 -13.713573 57.130299
v 6.564899 -14.007672 54.597698
v 5.421099 -12.831272 54.940800
v 5.323099 -11.720272 57.032200
v 4.816599 -11.720272 57.032200
v 5.584499 -14.710272 57.179298
v 5.666199 -15.706972 57.228298
v 5.698900 -15.952072 55.692398
v 5.845900 -17.700373 57.342701
v 5.845900 -17.700373 56.689098
v 5.895000 -17.700373 57.260998
v 5.895000 -17.700373 56.738098
v 5.895000 -17.700373 56.672798
v 5.895000 -17.700373 56.623798
v 5.895000 -17.700373 55.659698
v 5.845900 -17.700373 55.692398
v 5.895000 -17.700373 57.751198
v 5.895000 -17.700373 58.192299
v 5.012600 -17.700373 58.192299
v 4.473499 -17.700373 58.192299
v 4.816599 -11.720272 56.542099
v 5.323099 -11.720272 56.035500
v 2.823199 -11.720272 56.035500
v 2.823199 -12.831272 54.940800
v 2.823199 -11.720272 56.542099
v 3.917900 -14.007672 54.597698
v 4.130300 -16.213472 54.548698
v 6.760900 -16.213472 54.548698
v 4.881899 -16.213472 54.205601
v 2.823199 -16.213472 53.682701
v 1.107599 -16.213472 53.551998
v -0.575300 -17.847372 53.078197
v 2.823199 -17.863771 53.649998
v 0.748099 -17.978172 52.146801
v -1.000200 -17.994473 50.986801
v 0.061899 -17.814772 51.068501
v 0.454000 -17.814772 51.297199
v 0.829800 -17.814772 51.509598
v 1.025900 -17.700373 51.166500
v 1.221999 -17.602373 50.839699
v 0.878799 -15.216772 51.378899
v 1.434400 -15.102472 50.414898
v 1.434400 -12.618873 50.382198
v 0.927899 -12.618873 51.248199
v 0.159900 -15.216772 50.970398
v 0.257999 -17.700373 50.725300
v 0.454000 -17.602373 50.398499
v -0.738700 -17.602373 48.977001
v 0.682799 -17.602373 50.006401
v -0.346601 -17.602373 48.748299
v -0.722401 -17.602373 47.163399
v -0.689700 -12.618873 47.163399
v -0.313900 -12.618873 48.748299
v -0.379300 -12.618873 47.163399
v 0.045500 -12.618873 45.562199
v -0.313900 -12.618873 45.594799
v 0.960500 -12.618873 44.565498
v 1.238299 -10.118972 44.402100
v 0.061899 -10.118972 45.578499
v 0.878799 -10.118972 46.052299
v 0.601100 -10.118972 46.967300
v 0.715500 -11.622172 46.477200
v 0.715500 -11.622172 47.866001
v 0.878799 -10.118972 48.290798
v 1.516100 -11.622172 48.977001
v 1.712100 -10.118972 49.107800
v 2.823199 -10.118972 49.418198
v 2.823199 -11.622172 49.401901
v 1.532399 -14.612272 48.960701
v 0.731800 -14.612272 47.849598
v 0.944200 -17.602373 48.258099
v 0.650100 -17.602373 47.163399
v 0.731800 -14.612272 46.493500
v 0.944200 -17.602373 46.084999
v 1.532399 -14.612272 45.382401
v 1.744800 -17.602373 45.284401
v 2.823199 -17.602373 44.990299
v 2.823199 -14.612272 44.957600
v 1.516100 -11.622172 45.366100
v 2.823199 -11.622172 44.941299
v 1.712100 -10.118972 45.218998
v 2.823199 -10.118972 44.924900
v 2.823199 -10.118972 43.977299
v 2.202300 -12.618873 44.026299
v 2.823199 -12.618873 43.960899
v 2.300300 -12.618873 43.699501
v 3.476800 -12.618873 43.715801
v 1.450700 -17.602373 43.895599
v 1.434400 -15.102472 43.928299
v 0.878799 -15.216772 42.947899
v 1.221999 -17.602373 43.503399
v 1.025900 -17.700373 43.160301
v 0.829800 -17.814772 42.833500
v 0.454000 -17.814772 43.045898
v 0.159900 -15.216772 43.372700
v 0.061899 -17.814772 43.274700
v 0.257999 -17.700373 43.617798
v 0.454000 -17.602373 43.944599
v 0.715500 -15.102472 44.336700
v 0.731800 -12.618873 44.353100
v 0.241600 -12.618873 43.487099
v 1.434400 -12.618873 43.944599
v 0.927899 -12.618873 43.078598
v 0.682799 -17.602373 44.336700
v -0.346601 -17.602373 45.594799
v -1.179900 -17.602373 47.163399
v -0.738700 -17.602373 45.366100
v -2.552381 -17.978172 47.163399
v -2.143900 -17.978172 49.254799
v -3.107910 -17.929071 47.163399
v -2.143900 -17.978172 45.088299
v -0.983800 -17.994473 43.340000
v 0.748099 -17.978172 42.196301
v 2.006200 -17.602373 43.242001
v 2.823199 -17.602373 43.160301
v 3.901600 -17.602373 43.307400
v 2.823199 -17.978172 41.787800
v 4.914600 -17.978172 42.196301
v 2.823199 -17.929071 41.232300
v 2.823199 -17.863771 40.693100
v 6.646599 -17.994473 43.356400
v 5.502800 -17.602373 44.189701
v 6.385099 -17.602373 45.333401
v 5.796900 -17.602373 45.202698
v 6.352499 -17.602373 46.722198
v 6.809999 -17.602373 46.722198
v 6.336100 -15.102472 46.754898
v 6.074699 -12.618873 45.839901
v 6.319799 -12.618873 46.771297
v 7.447199 -15.216772 46.754898
v 7.316500 -12.618873 46.771297
v 7.447199 -15.216772 47.588200
v 7.594200 -17.814772 47.620899
v 7.594200 -17.814772 47.392097
v 7.594200 -17.814772 47.163399
v 7.594200 -17.814772 46.951000
v 7.594200 -17.814772 46.722198
v 7.185699 -17.700373 46.722198
v 7.806601 -17.978172 45.088299
v 8.215099 -17.978172 47.163399
v 8.754299 -17.929071 47.163399
v 7.806601 -17.978172 49.254799
v 8.737999 -17.847372 50.561901
v 6.646599 -17.994473 50.986801
v 7.741301 -17.831072 52.097801
v 6.221699 -17.847372 53.078197
v 6.238100 -16.213472 53.110798
v 4.555200 -16.213472 53.551998
v 2.823199 -17.929071 53.110798
v 2.823199 -17.978172 52.555298
v 4.914600 -17.978172 52.146801
v 2.823199 -17.602373 51.182800
v 3.901600 -17.602373 51.035801
v 2.006200 -17.602373 51.084801
v 1.450700 -17.602373 50.447598
v 3.852600 -17.602373 50.578300
v 2.300300 -12.618873 50.643600
v 3.476800 -12.618873 50.627300
v 2.823199 -12.618873 50.382198
v 4.587800 -12.618873 50.202499
v 4.277400 -12.618873 50.039101
v 5.600899 -12.618873 49.320198
v 5.404800 -12.618873 49.091400
v 5.617199 -12.618873 48.780998
v 4.767600 -10.118972 49.695999
v 5.584499 -10.118972 48.764599
v 6.042000 -12.618873 47.163399
v 6.009300 -10.118972 46.967300
v 5.061699 -10.118972 46.967300
v 4.767600 -10.118972 48.290798
v 4.947300 -11.622172 47.866001
v 4.947300 -11.622172 46.477200
v 4.767600 -10.118972 46.052299
v 4.146700 -11.622172 45.366100
v 3.950600 -10.118972 45.218998
v 4.424399 -10.118972 44.402100
v 5.584499 -10.118972 45.578499
v 5.404800 -12.618873 45.251698
v 4.277400 -12.618873 44.304001
v 4.587800 -12.618873 44.124298
v 5.600899 -12.618873 45.022999
v 4.604199 -17.602373 44.091599
v 3.852600 -17.602373 43.764900
v 5.617199 -12.618873 45.562199
v 4.931000 -14.612272 46.493500
v 4.931000 -14.612272 47.849598
v 5.012600 -17.602373 47.163399
v 4.718499 -17.602373 48.258099
v 4.130300 -14.612272 48.960701
v 3.966900 -17.602373 49.026100
v 2.823199 -17.602373 49.352798
v 2.823199 -14.612272 49.369198
v 1.744800 -17.602373 49.058701
v 4.146700 -11.622172 48.977001
v 3.950600 -10.118972 49.107800
v 3.656500 -10.118972 50.251499
v 2.823199 -10.118972 50.365898
v 2.006200 -10.118972 50.251499
v 2.202300 -12.618873 50.316799
v 0.960500 -12.618873 49.777699
v 0.731800 -12.618873 49.990101
v 0.241600 -12.618873 50.855999
v 0.715500 -15.102472 49.990101
v 0.045500 -12.618873 48.780998
v 0.895200 -10.118972 49.695999
v 0.061899 -10.118972 48.764599
v -0.346601 -10.118972 46.967300
v 2.332999 -17.602373 48.813599
v 3.819900 -17.602373 47.571899
v 3.051900 -17.602373 47.571899
v 4.473499 -16.605673 47.555500
v 4.506100 -17.602373 47.571899
v 4.555200 -17.602373 47.163399
v 4.522500 -16.605673 47.163399
v 4.342700 -16.099173 47.555500
v 4.212000 -15.608973 47.555500
v 3.051900 -15.608973 47.555500
v 4.261000 -15.608973 47.163399
v 2.382000 -15.608973 47.163399
v 4.212000 -15.608973 46.787598
v 3.051900 -15.608973 46.787598
v 4.342700 -16.099173 46.787598
v 4.473499 -16.605673 46.771297
v 4.506100 -17.602373 46.771297
v 3.819900 -17.602373 46.771297
v 3.051900 -17.602373 46.771297
v 2.463699 -15.608973 45.790901
v 1.810200 -15.608973 46.166698
v 2.120600 -15.608973 45.938000
v 1.744800 -16.099173 46.052299
v 1.663099 -16.605673 45.938000
v 1.646800 -17.602373 45.921600
v 2.365700 -17.602373 47.163399
v 1.810200 -15.608973 48.176399
v 1.744800 -16.099173 48.290798
v 1.663099 -16.605673 48.405201
v 1.973599 -16.605673 48.633900
v 1.973599 -17.602373 48.666599
v 1.646800 -17.602373 48.421501
v 2.349400 -16.605673 48.797298
v 2.120600 -15.608973 48.405201
v 2.414700 -16.099173 48.666599
v 2.463699 -15.608973 48.552200
v 1.973599 -16.605673 45.709198
v 1.973599 -17.602373 45.676498
v 2.349400 -16.605673 45.545799
v 2.332999 -17.602373 45.513100
v 2.414700 -16.099173 45.660198
v 3.966900 -17.602373 45.317101
v 4.718499 -17.602373 46.084999
v 4.130300 -14.612272 45.382401
v 6.319799 -12.618873 47.571899
v 7.316500 -12.618873 47.571899
v 6.336100 -15.102472 47.588200
v 6.074699 -12.618873 48.486900
v 6.352499 -17.602373 47.604599
v 6.809999 -17.602373 47.604599
v 7.185699 -17.700373 47.620899
v 6.385099 -17.602373 49.009701
v 5.796900 -17.602373 49.140400
v 5.502800 -17.602373 50.153500
v 4.604199 -17.602373 50.251499
v 6.564899 -14.007672 56.868801
v 6.564899 -14.007672 59.123600
v 6.760900 -16.213472 57.211998
v 6.760900 -16.213472 59.188999
v 6.809999 -16.213472 60.202000
v 5.715200 -16.213472 60.692196
v 7.659599 -16.213472 60.512501
v 8.149799 -16.213472 60.430798
v 9.342499 -16.213472 60.218403
v 10.045099 -16.213472 60.055000
v 10.175800 -16.213472 60.022301
v 11.809700 -15.265872 60.169399
v 0.127199 -14.007672 55.512699
v 3.117300 -17.700373 55.545399
v 2.823199 -17.700373 55.545399
v 1.940900 -17.700373 55.545399
v 13.231199 -11.981672 61.362103
v 13.410999 -11.099372 61.917599
v 13.394600 -10.298772 61.917599
v 13.558001 -9.105972 62.473202
v 15.110199 -8.256332 61.884998
v 16.449999 -7.880532 60.937298
v 17.789900 -9.465432 60.708500
v 17.789900 -9.449092 60.708500
v 17.855200 -8.926242 60.790203
v 17.871500 -8.779192 60.806599
v 17.789900 -9.465432 60.692196
v 17.773500 -9.514452 60.692196
v 17.773500 -9.547132 60.724903
v 17.250700 -12.243073 59.858898
v 17.201599 -12.520872 59.760899
v 13.590700 -8.240003 62.652897
v 13.656000 -6.736792 62.914303
v 13.574400 -6.164922 62.767300
v 13.508999 -8.354372 62.391499
v 11.646299 -9.040612 62.832600
v 11.695400 -9.253022 62.783596
v 11.417599 -9.253022 64.352203
v 11.352200 -8.991602 64.433907
v 11.417599 -9.236682 64.352203
v 11.303200 -8.909903 64.466507
v 11.188799 -8.762852 64.515602
v 12.594000 -14.857372 56.117199
v 12.577700 -14.628572 56.051899
v -3.500051 -16.213472 57.211998
v -4.071910 -16.213472 60.006001
v -5.558780 -16.213472 59.466801
v -7.143671 -16.213472 58.568100
v -5.901900 -16.213472 57.211998
v -7.682870 -16.213472 58.126999
v 4.113999 -10.396772 64.139801
v 4.342700 8.981458 64.041702
v 2.594500 8.099138 64.205101
v 2.202300 8.278868 64.156105
v 2.006200 8.311548 65.365204
v 1.826500 8.295208 64.417503
v 1.450700 8.311548 64.352203
v 0.502999 8.344228 65.234505
v 2.398399 8.115479 65.397903
v 2.431100 8.001108 65.414200
v 2.463699 7.919408 65.414200
v 2.398399 7.429238 65.512199
v 2.398399 7.412898 65.512199
v 2.332999 7.282178 65.528603
v 2.545400 7.690668 65.463203
v 2.431100 7.265848 65.528603
v 2.545400 7.265848 65.528603
v 2.708799 7.282178 65.528603
v 2.627100 7.265848 65.528603
v 2.594500 7.429238 65.512199
v 2.741500 7.118798 65.544907
v 2.708799 7.135128 65.544907
v 1.940900 7.200488 65.495903
v 2.235000 7.265848 65.528603
v 2.235000 7.249508 65.528603
v 0.617399 7.265848 64.188805
v 0.192599 -4.302262 65.643005
v 0.731800 -4.236902 64.482903
v 1.009600 -4.106192 64.515602
v 1.140300 -3.828432 64.548203
v 2.529099 -4.073512 64.613602
v 2.676100 -4.057182 64.613602
v 2.447400 -4.089852 65.839005
v 2.578099 -3.387272 64.662605
v 1.172899 -3.387272 64.580902
v 1.254600 -1.818712 64.679001
v 1.303699 -0.331853 64.744301
v 2.708799 -0.331853 64.809700
v 2.006200 0.240017 64.793304
v 2.708799 0.240017 64.809700
v 2.382000 -2.472282 66.002403
v 2.708799 0.811885 64.809700
v 2.659800 -1.933092 64.744301
v 2.316700 -6.736792 65.528603
v 2.283999 -6.769472 65.528603
v -4.545750 -6.148592 64.319504
v -4.284330 -8.060272 64.025406
v -3.990221 -10.167973 63.780300
v -4.039240 -10.200672 63.910999
v -3.973880 -10.086272 63.960003
v 14.048199 4.177748 66.639603
v 13.868500 5.370508 66.525307
v 10.551600 5.762648 66.901100
v 13.688700 6.269158 66.410904
v 13.754099 8.246188 65.071106
v 13.574400 8.148158 64.809700
v 13.476299 8.540298 64.629906
v 13.100500 8.458598 64.695305
v 13.100500 8.703688 64.450203
v 13.100500 8.148158 64.809700
v 13.100500 6.383538 65.071106
v 13.656000 8.834398 64.760605
v 13.639700 8.932438 64.221504
v 13.100500 0.240017 65.250801
v 13.100500 -2.194512 65.430603
v 13.051500 0.240017 65.103806
v 13.100500 -3.354592 65.087402
v 13.100500 -4.138872 65.267204
v 13.100500 -5.576722 64.875000
v 13.100500 -5.903502 65.071106
v 13.100500 -7.668122 64.809700
v 13.574400 -7.668122 64.809700
v 14.080900 -5.446002 65.120102
v 13.476299 -8.060272 64.629906
v 13.100500 -7.978572 64.695305
v 13.100500 -8.207322 64.450203
v 14.424000 -3.272902 65.348900
v 13.018799 -3.697722 64.777000
v 14.587400 -1.410232 65.479607
v 13.639700 -8.452402 64.221504
v 12.855400 -3.697722 64.809700
v 12.871799 1.105991 64.973000
v 12.643000 5.321488 64.744301
v 13.443600 9.193868 64.973000
v 12.283600 11.465028 63.698597
v 12.871799 11.072828 63.960003
v 12.806400 13.752528 63.012402
v 10.306499 10.435628 64.417503
v 5.061699 19.079027 60.692196
v 2.823199 19.160728 60.528797
v 2.823199 19.193428 60.283703
v 4.555200 19.193428 60.250996
v 5.911299 19.193428 60.185699
v 6.123699 19.193428 59.613800
v 8.247799 19.193428 59.891598
v 8.786999 19.193428 59.221699
v 7.708599 18.899328 59.123600
v 10.666000 18.899328 58.306698
v 10.813000 19.193428 58.568100
v 11.777000 19.193428 58.045300
v 12.643000 18.899328 56.999599
v 12.839100 19.193428 57.195599
v 14.211599 19.193428 55.169598
v 13.966499 18.899328 55.038898
v 14.260599 19.193428 55.071499
v 14.963200 19.193428 52.702400
v 14.783400 18.899328 52.097801
v 15.322599 19.193428 49.548901
v 15.028500 18.899328 49.761299
v 15.388000 19.193428 47.163399
v 15.110199 18.899328 47.163399
v 15.371700 19.193428 45.676498
v 15.028500 18.899328 44.598198
v 15.077600 19.193428 42.310699
v 14.783400 18.899328 42.294300
v 14.456699 19.193428 39.761799
v 13.966499 18.899328 39.320599
v 14.227900 19.193428 39.173599
v 12.659399 18.899328 37.359898
v 12.855400 19.193428 37.147499
v 12.724699 19.193428 37.016800
v 10.829399 19.193428 35.791401
v 10.698700 18.899328 36.036400
v 8.803299 19.193428 35.121498
v 7.757599 18.899328 35.219498
v 6.156399 19.193428 34.729298
v 5.421099 18.899328 34.974400
v 2.823199 19.193428 34.614899
v 2.823199 18.899328 34.892700
v -0.461000 19.193428 34.729298
v 0.257999 18.899328 34.974400
v -2.062201 18.899328 35.203098
v -3.124250 19.193428 35.121498
v -5.019590 18.899328 36.020100
v -5.166640 19.193428 35.774998
v -7.061980 19.193428 37.033100
v -6.980280 18.899328 37.343601
v -7.192690 19.193428 37.147499
v -8.548841 19.193428 39.157200
v -8.303750 18.899328 39.304298
v -8.793930 19.193428 39.761799
v -8.385450 18.196728 39.533001
v -7.012960 18.196728 37.392601
v -8.042330 18.196728 39.451298
v -6.816890 18.196728 37.653999
v -6.767870 18.196728 37.572300
v -5.934580 18.196728 37.016800
v -5.950921 18.196728 36.542999
v -5.558780 18.196728 36.771698
v -4.872530 18.196728 36.297901
v -2.895500 18.196728 35.382900
v -2.928181 18.196728 35.676998
v -2.895500 18.196728 35.676998
v -2.160240 18.196728 35.578899
v -0.379300 18.196728 35.317501
v -0.134200 18.196728 35.007099
v -0.166901 18.196728 35.317501
v -0.052501 18.196728 35.317501
v 2.398399 18.196728 35.219498
v 3.198999 18.196728 34.909000
v 2.823199 18.196728 34.909000
v 2.823199 18.196728 35.203098
v 3.182699 18.196728 35.203098
v 5.274099 19.193428 35.268497
v 2.823199 19.193428 35.203098
v 5.094299 19.552828 37.131199
v 2.823199 19.405828 36.069099
v 2.823199 19.552828 36.951401
v 5.012600 19.520227 37.735699
v 2.823199 19.552828 37.278198
v 0.437699 19.552828 37.147499
v 2.823199 19.503828 37.605000
v 1.058599 19.520227 37.686699
v -0.444600 19.520227 37.931801
v 0.339700 19.193428 39.124500
v 2.823199 19.193428 38.895798
v 2.823199 18.196728 38.895798
v 3.019300 18.196728 38.912098
v 3.166300 18.196728 38.912098
v 2.823199 18.196728 39.189899
v 3.264400 18.196728 39.206200
v 3.901600 19.209728 39.255299
v 2.823199 19.209728 39.206200
v 6.156399 19.683628 40.055901
v 4.881899 19.209728 39.369598
v 5.747900 19.209728 39.549400
v 6.515800 19.209728 39.778099
v 8.525600 19.683628 41.477398
v 7.202099 19.209728 40.072201
v 7.806601 19.209728 40.398998
v 8.329500 19.209728 40.774799
v 8.803299 19.209728 41.199600
v 9.211800 19.209728 41.673401
v 9.947100 19.683628 43.846600
v 9.587599 19.209728 42.196301
v 9.930700 19.209728 42.800800
v 10.208500 19.209728 43.470798
v 10.453600 19.209728 44.255001
v 10.404600 19.683628 47.163399
v 10.633299 19.209728 45.120998
v 10.747700 19.209728 46.101398
v 10.600599 19.454828 47.163399
v 10.780399 19.209728 47.163399
v 10.764000 18.196728 46.084999
v 10.796700 18.196728 47.163399
v 11.074499 18.196728 46.853001
v 11.025400 18.196728 46.019699
v 10.649599 18.196728 45.120998
v 10.960100 18.196728 45.251698
v 10.960100 18.196728 45.153698
v 10.862099 18.196728 44.777901
v 10.469900 18.196728 44.238701
v 10.682301 18.196728 44.058998
v 10.224800 18.196728 43.454399
v 10.502600 18.196728 43.372700
v 9.914400 18.196728 42.751801
v 10.486300 18.196728 43.291000
v 10.224800 18.196728 42.751801
v 10.094099 18.196728 42.506699
v 9.571301 18.196728 42.130898
v 9.865400 18.196728 42.049198
v 9.783699 18.196728 41.934898
v 9.015699 19.193428 40.970898
v 9.391500 18.196728 41.444698
v 9.179100 18.196728 41.183300
v 9.146400 18.196728 41.150600
v 9.015699 18.196728 40.970898
v 8.868700 18.196728 40.856499
v 8.394800 18.196728 40.496998
v 8.231499 18.196728 40.693100
v 8.803299 18.196728 41.183300
v 9.162800 18.196728 41.575397
v 7.577900 18.196728 40.251900
v 7.904699 18.196728 40.121201
v 6.809999 18.196728 39.876099
v 7.774000 18.196728 40.006901
v 7.349100 18.196728 39.810799
v 7.087700 18.196728 39.696400
v 7.398199 19.193428 39.810799
v 6.744600 18.196728 39.533001
v 6.695601 18.196728 39.516701
v 6.074699 18.196728 39.614700
v 6.074699 18.196728 39.369598
v 5.323099 19.193428 39.124500
v 6.025700 18.196728 39.353298
v 5.437500 18.196728 39.206200
v 5.241400 18.196728 39.402298
v 4.293699 18.196728 39.271599
v 4.881899 18.196728 39.075500
v 4.457100 18.196728 38.993801
v 4.571500 18.196728 38.993801
v 7.675900 19.520227 38.438301
v 9.750999 19.536528 39.729099
v 11.139799 19.536528 41.477398
v 10.192200 19.193428 42.604801
v 12.054800 19.520227 43.895599
v 10.878399 19.193428 44.679901
v 12.299900 19.520227 45.398800
v 11.107100 19.193428 47.163399
v 12.397900 19.503828 47.163399
v 12.839100 19.552828 44.794201
v 12.724699 19.552828 47.163399
v 12.250900 19.520227 49.352798
v 13.035200 19.552828 47.163399
v 12.871799 19.552828 49.434498
v 13.917500 19.405828 47.163399
v 14.734400 19.193428 44.728901
v 14.473000 19.193428 42.294300
v 12.316200 19.569227 42.849899
v 13.835800 19.193428 39.810799
v 11.548300 19.585527 41.264999
v 12.430599 19.193428 37.572300
v 10.012400 19.585527 39.418598
v 10.192200 19.193428 36.150799
v 7.872000 19.585527 37.980801
v 7.708599 19.193428 35.513599
v 7.969999 18.196728 35.562599
v 7.888300 18.196728 35.546299
v 6.630199 18.196728 35.399200
v 8.117100 18.196728 35.284798
v 6.303400 18.196728 35.039799
v 9.162800 18.196728 35.513599
v 6.270800 18.196728 35.350201
v 6.189100 18.196728 35.333900
v 6.042000 18.196728 35.317501
v 5.551800 18.196728 35.301201
v 4.097699 18.196728 35.219498
v 8.590900 18.196728 35.693298
v 8.639900 18.196728 35.709698
v 9.130100 18.196728 35.856701
v 9.799999 18.196728 36.069099
v 10.698700 18.196728 36.052799
v 12.152800 18.196728 36.935101
v 12.610300 18.196728 37.327198
v 12.152800 18.196728 37.359898
v 12.430599 18.196728 37.572300
v 11.891399 18.196728 37.163799
v 11.809700 18.196728 37.098499
v 11.270500 18.196728 36.689999
v 11.172499 18.196728 36.624699
v 10.535299 18.196728 36.297901
v 9.947100 18.196728 36.118099
v 12.545000 18.196728 37.719398
v 13.263899 18.196728 38.634399
v 13.705099 18.196728 39.467701
v 14.015499 18.196728 39.467701
v 13.721399 18.196728 39.549400
v 14.309599 18.196728 41.411999
v 14.342300 18.196728 41.559101
v 14.391300 18.196728 41.787800
v 14.701799 18.196728 41.804199
v 14.407700 18.196728 41.918499
v 14.669100 18.196728 43.960899
v 14.685400 18.196728 44.091599
v 14.701799 18.196728 44.385700
v 14.995899 18.196728 44.238701
v 14.767099 18.196728 45.594799
v 14.783400 18.196728 47.016300
v 14.799799 19.193428 47.163399
v 14.799799 18.196728 47.163399
v 15.093899 18.196728 47.163399
v 14.783400 18.196728 47.310398
v 14.701799 18.196728 49.908398
v 14.734400 19.193428 49.614300
v 14.701799 18.196728 50.006401
v 14.995899 18.196728 50.055401
v 14.685400 18.196728 50.202499
v 14.669100 18.196728 50.382198
v 14.473000 19.193428 52.048798
v 14.391300 18.196728 52.342899
v 14.342300 18.196728 52.735001
v 14.701799 18.196728 52.457298
v 14.048199 18.196728 54.810101
v 13.737700 18.196728 54.728401
v 13.705099 18.196728 54.875500
v 13.084200 18.196728 55.986500
v 12.430599 19.193428 56.770798
v 12.430599 18.196728 56.770798
v 12.169199 18.196728 57.408001
v 12.152800 18.196728 56.999599
v 11.875099 18.196728 57.228298
v 11.646299 18.196728 57.424400
v 10.518900 18.196728 58.045300
v 10.192200 19.193428 58.175999
v 9.162800 18.196728 58.470100
v 8.819700 18.196728 58.584499
v 9.162800 18.196728 58.813198
v 8.590900 18.196728 58.649799
v 6.303400 18.196728 58.976601
v 6.319799 18.196728 59.286999
v 6.205400 18.196728 58.992901
v 6.025700 18.196728 59.009300
v 5.666199 18.196728 59.042000
v 3.917900 18.196728 59.107300
v 5.404800 18.899328 59.368698
v 8.198799 18.196728 59.042000
v 2.823199 19.193428 59.139999
v 5.274099 19.193428 59.074600
v 2.823199 19.405828 58.257698
v 0.568399 19.552828 57.211998
v -2.045860 19.193428 58.813198
v -2.225591 19.585527 56.362301
v -4.529410 19.193428 58.175999
v -2.552381 18.196728 58.731499
v -2.241930 18.196728 58.764198
v -2.176580 18.196728 58.780499
v -1.817121 18.196728 58.829498
v -2.895500 18.196728 58.666100
v -2.928181 18.196728 58.649799
v -4.267991 18.196728 58.224998
v -4.872530 18.196728 58.045300
v -6.767870 19.193428 56.770798
v -5.656810 18.196728 57.636799
v -5.705831 18.196728 57.604099
v -5.852880 18.196728 57.489700
v -5.934580 18.196728 57.424400
v -6.767870 18.196728 56.770798
v -8.189381 19.193428 54.532299
v -6.784210 18.196728 56.754498
v -6.996620 18.196728 56.460400
v -7.715540 18.196728 55.512699
v -7.993310 18.196728 54.957199
v -8.042330 18.196728 54.859100
v -8.238400 18.196728 54.238201
v -8.532500 18.196728 53.306900
v -8.646880 18.196728 52.963799
v -8.663210 18.196728 52.931099
v -8.826611 19.193428 52.048798
v -8.777590 18.196728 52.310200
v -8.875620 18.196728 51.558598
v -8.908300 18.196728 51.264500
v -8.990000 18.196728 50.578300
v -9.022671 18.196728 50.365898
v -9.071691 19.193428 49.614300
v -9.088030 18.196728 49.173100
v -9.120710 18.196728 48.437798
v -9.137051 19.193428 47.163399
v -9.120710 18.196728 47.816998
v -9.137051 18.196728 47.163399
v -9.071691 19.193428 44.728901
v -9.104370 18.196728 46.509800
v -9.071691 18.196728 45.251698
v -9.022671 18.196728 44.042599
v -8.826611 19.193428 42.294300
v -8.990000 18.196728 43.781200
v -8.908300 18.196728 43.176598
v -8.875620 18.196728 42.931599
v -8.663210 18.196728 41.411999
v -8.189381 19.193428 39.810799
v -8.614201 18.196728 41.264999
v -8.565180 18.196728 41.117901
v -8.565180 18.196728 41.101601
v -8.124021 18.196728 39.712799
v -8.042330 18.196728 39.467701
v -6.767870 19.193428 37.572300
v -4.921550 19.585527 39.990498
v -6.359400 19.585527 42.114601
v -4.611110 19.536528 40.251900
v -5.901900 19.520227 42.310699
v -4.529410 19.193428 42.604801
v -3.369330 19.193428 40.970898
v -2.862821 19.536528 38.846798
v -1.735420 19.193428 39.810799
v -3.075231 19.585527 38.454597
v -1.490331 19.569227 37.670399
v -4.529410 19.193428 36.150799
v -2.045860 19.193428 35.513599
v 0.388700 19.193428 35.268497
v -3.369330 18.196728 40.970898
v -3.189600 18.196728 40.872799
v -2.960860 18.196728 40.725800
v -2.519700 18.196728 40.447998
v -1.506670 18.196728 39.810799
v -1.049200 18.196728 39.516701
v -0.869400 18.196728 39.451298
v -2.487020 18.196728 40.627701
v -1.931490 18.196728 40.251900
v -0.820400 18.196728 39.451298
v -0.640700 18.196728 39.385998
v -1.310600 18.196728 39.941498
v -0.591701 18.196728 39.663700
v -0.297601 18.196728 39.287899
v 0.405000 18.196728 39.418598
v 0.290600 18.196728 39.140900
v -0.019800 18.196728 39.206200
v 0.666400 18.196728 39.059200
v 2.365700 18.196728 38.928501
v 2.594500 18.196728 38.912098
v 1.548699 18.196728 39.255299
v 0.780800 19.209728 39.369598
v -0.085200 19.209728 39.549400
v 2.823199 19.683628 39.598400
v 1.761200 19.209728 39.255299
v 2.823199 19.454828 39.402298
v 5.028999 19.945028 41.787800
v 2.823199 19.830627 40.464401
v 2.823199 19.928728 41.346699
v 4.636800 19.847029 42.784500
v 2.823199 19.928728 41.902199
v 0.780800 19.945028 41.738800
v 2.823199 19.830627 42.441399
v 1.156600 19.847029 42.735500
v 2.823199 19.585527 43.372700
v 3.721900 19.585527 43.470798
v 5.519199 19.585527 44.483799
v 5.698900 19.847029 43.372700
v 6.695601 19.847029 44.418400
v 6.336100 19.585527 45.709198
v 7.267399 19.847029 45.496799
v 6.630199 19.585527 47.163399
v 7.545200 19.830627 47.163399
v 8.264099 19.945028 45.120998
v 7.545200 19.945028 43.813900
v 8.656300 19.928728 47.163399
v 9.538599 19.830627 47.163399
v 8.198799 19.945028 49.369198
v 7.218399 19.847029 48.977001
v 8.100700 19.928728 47.163399
v 6.336100 19.585527 48.617599
v 6.613899 19.847029 50.039101
v 5.519199 19.585527 49.859398
v 5.584499 19.847029 51.035801
v 3.721900 19.585527 50.872398
v 4.506100 19.847029 51.607601
v 2.823199 19.585527 50.970398
v 2.823199 19.830627 51.885399
v 0.568399 19.585527 50.235199
v 1.025900 19.847029 51.558598
v -0.036201 19.847029 50.954098
v 0.143600 19.585527 49.859398
v -1.049200 19.847029 49.924698
v -0.689700 19.585527 48.617599
v -1.604711 19.847029 48.846298
v -0.967501 19.585527 47.163399
v -1.898810 19.830627 47.163399
v -0.689700 19.585527 45.709198
v -1.555691 19.847029 45.366100
v -0.967501 19.847029 44.304001
v 0.143600 19.585527 44.483799
v 0.568399 19.585527 44.107998
v 0.078199 19.847029 43.307400
v -1.800780 19.945028 43.683201
v -2.552381 19.945028 44.973999
v -4.284330 19.683628 43.846600
v -4.741820 19.683628 47.163399
v -3.875850 19.830627 47.163399
v -2.993530 19.928728 47.163399
v -2.438001 19.928728 47.163399
v -2.601391 19.945028 49.205799
v -4.284330 19.683628 50.496601
v -1.898810 19.945028 50.529301
v -2.879160 19.683628 52.865799
v -0.657001 19.945028 51.787399
v -0.493600 19.683628 54.287300
v 0.633800 19.945028 52.538998
v 2.823199 19.683628 54.744801
v 2.823199 19.830627 53.878799
v 2.823199 19.928728 52.996498
v 2.823199 19.928728 52.440899
v 4.865601 19.945028 52.604298
v 6.156399 19.683628 54.287300
v 6.172699 19.945028 51.885399
v 8.525600 19.683628 52.865799
v 7.447199 19.945028 50.660000
v 9.947100 19.683628 50.496601
v 10.208500 19.209728 50.855999
v 9.930700 19.209728 51.542301
v 9.587599 19.209728 52.146801
v 9.211800 19.209728 52.669701
v 8.803299 19.209728 53.143497
v 8.329500 19.209728 53.551998
v 8.803299 18.196728 53.143497
v 9.162800 18.196728 52.767700
v 9.162800 18.196728 53.143497
v 9.342499 18.196728 52.865799
v 9.489599 18.196728 52.620701
v 9.571301 18.196728 52.212200
v 9.783699 18.196728 52.146801
v 9.914400 18.196728 51.591301
v 10.143099 18.196728 51.575001
v 10.224800 18.196728 50.872398
v 10.486300 18.196728 51.035801
v 10.502600 18.196728 50.970398
v 10.682301 18.196728 50.316799
v 10.469900 18.196728 50.104401
v 10.845699 18.196728 49.761299
v 10.649599 18.196728 49.222099
v 10.894699 18.196728 49.581600
v 10.943699 18.196728 49.336498
v 10.960100 18.196728 49.091400
v 10.764000 18.196728 48.241798
v 11.009100 18.196728 48.307098
v 11.058100 18.196728 47.686199
v 11.107100 18.196728 47.163399
v 10.747700 19.209728 48.241798
v 10.633299 19.209728 49.222099
v 10.453600 19.209728 50.088100
v 10.878399 19.193428 49.663300
v 10.192200 19.193428 51.738400
v 11.548300 19.520227 52.016098
v 10.273800 19.536528 54.091198
v 9.015699 19.193428 53.355900
v 8.509199 19.536528 55.496399
v 7.398199 19.193428 54.532299
v 6.091000 19.520227 56.395000
v 5.323099 19.193428 55.218601
v 4.604199 19.520227 56.656399
v 2.823199 19.193428 55.447300
v 2.823199 19.503828 56.738098
v 5.208700 19.552828 57.179298
v 2.823199 19.552828 57.064899
v 0.650100 19.520227 56.607399
v 2.823199 19.552828 57.375401
v -2.029520 19.520227 55.888500
v 0.339700 19.193428 55.218601
v -1.735420 19.193428 54.532299
v -4.088260 19.536528 54.613998
v -3.369330 19.193428 53.355900
v -5.493421 19.536528 52.865799
v -4.529410 19.193428 51.738400
v -6.408411 19.520227 50.431198
v -5.215661 19.193428 49.663300
v -6.653501 19.520227 48.944401
v -5.444410 19.193428 47.163399
v -6.735200 19.503828 47.163399
v -7.192690 19.552828 49.548901
v -7.061980 19.552828 47.163399
v -6.604480 19.520227 44.990299
v -7.388761 19.552828 47.163399
v -7.209030 19.552828 44.908600
v -8.271070 19.405828 47.163399
v -5.215661 19.193428 44.679901
v -5.281010 18.196728 45.006599
v -5.248331 18.196728 44.826900
v -4.807180 18.196728 44.238701
v -4.578430 18.196728 43.454399
v -4.562090 19.209728 43.470798
v -4.790840 19.209728 44.255001
v -4.970571 19.209728 45.120998
v -5.084940 19.209728 46.101398
v -5.133960 19.209728 47.163399
v -4.937891 19.454828 47.163399
v -5.084940 19.209728 48.241798
v -5.101280 18.196728 48.241798
v -4.970571 19.209728 49.222099
v -4.790840 19.209728 50.088100
v -4.562090 19.209728 50.855999
v -4.267991 19.209728 51.542301
v -3.941210 19.209728 52.146801
v -3.565401 19.209728 52.669701
v -3.941210 18.196728 52.163200
v -3.565401 18.196728 52.686001
v -3.140591 19.209728 53.143497
v -2.666750 19.209728 53.551998
v -2.143900 19.209728 53.927799
v -1.539351 19.209728 54.270901
v -0.869400 19.209728 54.548698
v -1.310600 18.196728 54.401600
v -0.591701 18.196728 54.663101
v -0.085200 19.209728 54.793800
v 0.780800 19.209728 54.973499
v 1.761200 19.209728 55.087898
v 2.823199 19.209728 55.120598
v 2.823199 19.454828 54.940800
v 3.901600 19.209728 55.087898
v 3.264400 18.196728 55.136898
v 4.293699 18.196728 55.071499
v 4.881899 19.209728 54.973499
v 5.747900 19.209728 54.793800
v 6.515800 19.209728 54.548698
v 7.202099 19.209728 54.270901
v 7.806601 19.209728 53.927799
v 8.231499 18.196728 53.649998
v 7.577900 18.196728 54.091198
v 8.313099 18.196728 53.813400
v 8.852299 18.196728 53.470299
v 9.015699 18.196728 53.355900
v 7.692299 18.196728 54.205601
v 7.414499 18.196728 54.385300
v 6.695601 18.196728 54.826500
v 6.809999 18.196728 54.466999
v 6.074699 18.196728 54.728401
v 6.091000 18.196728 55.006199
v 6.009300 18.196728 55.022499
v 5.241400 18.196728 55.234898
v 4.996300 18.196728 55.284000
v 3.721900 18.196728 55.382000
v 3.689199 18.196728 55.382000
v 3.493099 18.196728 55.398300
v 3.166300 18.196728 55.414700
v 3.035600 18.196728 55.431000
v 2.823199 18.196728 55.447300
v 1.467099 18.196728 55.349300
v 2.823199 18.196728 55.153198
v 0.878799 18.196728 55.300301
v 0.813499 18.196728 55.300301
v 0.290600 18.196728 55.169598
v 1.548699 18.196728 55.087898
v 0.405000 18.196728 54.924500
v -0.313900 18.196728 55.022499
v -0.477301 18.196728 54.973499
v -0.869400 18.196728 54.875500
v -1.049200 18.196728 54.826500
v -1.506670 18.196728 54.597698
v -2.062201 18.196728 54.336300
v -2.290951 18.196728 54.205601
v -1.931490 18.196728 54.074898
v -2.536040 18.196728 54.025799
v -2.487020 18.196728 53.715401
v -2.960860 18.196728 53.682701
v -2.977190 18.196728 53.323299
v -3.189600 18.196728 53.502998
v -3.352990 18.196728 53.372299
v -3.369330 18.196728 53.355900
v -3.451030 18.196728 53.241600
v -3.156930 18.196728 53.143497
v -3.728800 18.196728 52.882099
v -4.022901 18.196728 52.506298
v -4.333340 18.196728 52.114201
v -4.366020 18.196728 52.032501
v -4.545750 18.196728 51.640301
v -4.284330 18.196728 51.558598
v -4.578430 18.196728 51.558598
v -4.823520 18.196728 51.035801
v -4.578430 18.196728 50.872398
v -4.839860 18.196728 51.019398
v -4.986910 18.196728 50.365898
v -5.166640 18.196728 49.679600
v -4.807180 18.196728 50.104401
v -4.986910 18.196728 49.222099
v -5.281010 18.196728 49.124100
v -5.346370 18.196728 48.911701
v -5.362710 18.196728 48.486900
v -5.411730 18.196728 47.816998
v -5.150301 18.196728 47.163399
v -5.444410 18.196728 47.326797
v -5.101280 18.196728 46.084999
v -5.444410 18.196728 47.163399
v -5.362710 18.196728 46.084999
v -4.986910 18.196728 45.120998
v -5.313690 18.196728 45.480499
v -5.281010 18.196728 45.071999
v 5.241400 18.196728 54.924500
v -2.879160 19.683628 41.477398
v -4.267991 19.209728 42.800800
v -3.941210 19.209728 42.196301
v -4.284330 18.196728 42.784500
v -4.872530 18.196728 43.438099
v -5.133960 18.196728 44.320400
v -4.823520 18.196728 43.291000
v -4.578430 18.196728 42.898899
v -4.529410 18.196728 42.817200
v -4.431380 18.196728 42.670101
v -3.941210 18.196728 42.180000
v -4.120930 18.196728 42.180000
v -3.859510 18.196728 41.755100
v -3.777811 18.196728 41.624401
v -3.565401 18.196728 41.657101
v -3.156930 18.196728 41.183300
v -3.532721 18.196728 41.232300
v -3.483710 18.196728 41.166901
v -2.977190 18.196728 41.019897
v -3.385670 18.196728 41.019897
v -3.140591 19.209728 41.199600
v -2.666750 19.209728 40.774799
v -3.565401 19.209728 41.673401
v -0.493600 19.683628 40.055901
v -2.143900 19.209728 40.398998
v -1.539351 19.209728 40.072201
v -0.869400 19.209728 39.778099
v -0.526300 19.945028 42.441399
v -6.669840 19.569227 51.493298
v -5.885561 19.585527 53.078197
v -4.349680 19.585527 54.924500
v 7.708599 19.193428 58.813198
v 7.153099 19.569227 56.656399
v 8.737999 19.585527 55.888500
v 10.584299 19.585527 54.352600
v 13.835800 19.193428 54.532299
v 12.022100 19.585527 52.212200
v 14.309599 18.196728 52.931099
v 0.650100 19.585527 47.163399
v 3.640200 19.585527 46.019699
v 3.640200 19.585527 48.323498
v 6.319799 19.945028 42.555798
v -8.908300 18.196728 41.183300
v -9.055350 18.196728 41.869499
v 10.698700 18.196728 58.290298
v 12.659399 18.196728 56.950500
v -2.536040 18.196728 35.301201
v -4.464060 18.196728 35.807701
v -7.780900 19.193428 36.902401
v -6.637160 19.193428 35.922100
v -5.084940 19.193428 35.137798
v -3.091570 19.193428 34.549599
v -0.738700 19.193428 34.206501
v 0.862499 19.193428 34.092098
v 2.823199 19.193428 34.043098
v 2.823199 19.160728 33.814301
v 3.787200 19.193428 34.059399
v 10.747700 19.193428 35.121498
v 12.822800 19.193428 36.297901
v 13.525299 19.193428 36.984100
v 14.244299 19.193428 37.964500
v 14.946800 19.193428 39.451298
v 15.649399 19.079027 40.219299
v 15.355299 19.193428 40.791100
v 15.992500 19.079027 41.673401
v 15.633101 19.193428 42.196301
v 16.221300 19.079027 43.225700
v 16.891199 18.784927 44.353100
v 16.351999 19.079027 44.941299
v 16.956600 18.784927 45.758198
v 18.688499 16.366728 44.892300
v 16.972900 18.784927 47.163399
v 18.051300 17.445127 47.163399
v 16.940199 18.784927 49.140400
v 16.351999 19.079027 49.385498
v 16.270300 19.079027 50.529301
v 16.858500 18.784927 50.414898
v 16.057899 19.079027 52.359200
v 15.257299 19.095428 55.251301
v 14.848799 19.193428 55.169598
v 14.309599 19.193428 56.264297
v 13.982800 19.111729 57.391701
v 12.724699 19.193428 58.110600
v 12.038500 19.193428 58.584499
v 12.234499 19.111729 58.927601
v 10.339199 19.193428 59.352398
v 9.783699 19.079027 59.989601
v 8.329500 19.079027 60.332699
v 15.600399 19.193428 52.277500
v 15.682100 19.193428 51.722000
v 15.878201 19.193428 49.646900
v 15.927200 19.193428 48.535900
v 16.384699 19.079027 48.127399
v 15.943501 19.193428 48.127399
v 15.910900 19.193428 45.447800
v 15.943501 19.193428 47.163399
v 16.188601 19.160728 47.163399
v 16.400999 19.079027 47.163399
v 15.812799 19.193428 43.715801
v 18.688499 16.366728 49.450901
v 18.721199 16.399427 47.163399
v 6.760900 19.079027 60.561497
v 15.208300 13.752528 61.803303
v 17.610100 11.023828 60.986301
v 17.381399 12.118527 60.708500
v 17.152599 13.703428 60.006001
v 18.263700 12.608727 60.512501
v 17.593800 11.105528 60.937298
v 18.492399 10.043498 61.165997
v 18.606800 12.576028 60.365398
v 18.574100 14.046628 59.499401
v 18.214699 14.177328 59.613800
v 18.802900 15.108628 57.702099
v 18.427099 15.304728 57.702099
v 18.655800 15.549828 56.476700
v 18.982599 15.696828 54.712101
v 18.100300 15.549828 56.019199
v 18.067600 15.598827 56.198898
v 19.178699 15.647828 54.712101
v 19.342100 15.517128 54.761101
v 19.685200 15.615128 52.506298
v 21.351799 12.919228 52.784100
v 20.371399 14.111928 54.728401
v 21.041298 12.821128 54.646698
v 21.482498 12.478028 52.784100
v 21.825600 12.543427 50.022701
v 21.678600 13.000928 50.006401
v 19.930300 15.680528 50.120800
v 20.044699 15.664128 47.816998
v 21.825600 12.968227 48.029400
v 20.077299 15.598827 45.611198
v 21.890999 12.902828 45.692898
v 21.874599 12.837528 44.238701
v 20.044699 15.451728 43.013298
v 21.841999 12.723127 42.670101
v 20.011999 15.321028 41.460999
v 21.727600 12.461728 39.957798
v 20.992298 13.736128 39.827099
v 19.930300 15.157628 39.680099
v 19.815899 15.255728 39.663700
v 21.662201 12.200228 38.585400
v 21.809299 12.249328 39.974201
v 21.988998 12.298327 42.702801
v 22.037998 12.396328 44.271400
v 22.037998 12.478028 45.709198
v 21.972698 12.543427 48.045700
v 21.172100 12.396328 54.646698
v 21.123001 12.608727 54.646698
v 20.747200 12.527028 56.378700
v 19.015299 15.353728 56.525700
v 20.649200 12.053227 57.162998
v 20.632900 11.154528 57.832901
v 18.835600 10.043498 61.019001
v 19.962999 9.782068 59.662800
v 18.688499 10.010818 61.133396
v 18.590500 9.014138 61.362103
v 18.100300 7.772358 61.541798
v 18.084000 7.903068 61.525501
v -10.280789 19.193428 46.232098
v -10.297129 19.193428 47.163399
v -10.525876 19.160728 47.163399
v -4.758161 16.285028 62.064701
v -1.261590 12.788427 64.580902
v 8.362200 6.138448 67.015503
v 6.303400 6.416208 67.031807
v 6.139999 6.448888 67.031807
v 4.293699 6.661298 66.950104
v 8.002699 5.272468 66.688705
v 5.404800 -0.756671 66.476303
v 5.404800 1.236708 66.476303
v 5.372099 2.233388 66.443604
v 5.175999 5.484878 66.198502
v 5.404800 1.318398 66.459900
v 5.372099 -1.753362 66.443604
v 5.274099 -3.534322 66.296501
v 2.725200 4.537208 65.234505
v 3.509399 -1.540952 65.969704
v 3.689199 -1.688002 64.760605
v 6.826300 0.240017 64.695305
v 6.826300 -0.511585 64.679001
v 6.826300 -1.246842 64.662605
v 6.809999 -0.593280 64.809700
v 6.809999 -0.838367 64.793304
v 6.646599 -1.246842 65.871704
v 6.630199 -1.475592 65.855400
v 6.760900 -1.655322 65.839005
v 6.891600 -1.720682 65.839005
v 6.907999 -1.704342 65.839005
v 7.349100 -1.688002 63.388203
v 7.104099 -1.246842 63.339100
v 6.646599 -0.674976 65.888000
v 6.760900 -0.789350 65.120102
v 6.597500 -0.674976 65.888000
v 6.597500 -0.723993 65.888000
v 6.597500 -0.756671 65.888000
v 6.581200 0.240017 65.920700
v 6.646599 1.465448 65.888000
v 7.104099 1.743218 63.339100
v 7.349100 2.168038 63.388203
v 6.907999 2.184378 65.839005
v 6.924299 2.233388 65.839005
v 6.924299 2.217048 65.839005
v 6.826300 2.168038 65.839005
v 6.760900 2.151698 65.839005
v 6.630199 1.955628 65.855400
v 5.584499 -3.289242 65.806305
v 5.535500 -3.256562 65.822701
v 5.372099 -3.321912 65.822701
v 5.290400 -3.403612 65.822701
v 5.175999 -3.142182 65.839005
v 5.061699 5.566578 65.692001
v -0.297601 6.595938 65.365204
v -1.653720 6.661298 65.087402
v -1.686400 6.661298 65.071106
v -1.702741 6.661298 65.071106
v -2.290951 11.121928 64.156105
v -2.225591 10.974828 64.205101
v -2.192921 10.925828 64.221504
v -2.127561 10.876828 64.254105
v -2.062201 10.909428 64.270500
v -1.621040 11.203527 64.286804
v -1.245251 9.046808 64.809700
v -0.885800 9.389937 64.809700
v -0.477301 9.112167 64.924004
v 0.519400 10.059838 64.924004
v -0.297601 10.746128 64.629906
v -0.166901 11.023828 64.580902
v 0.666400 11.285228 64.613602
v 0.895200 10.844128 64.744301
v 1.058599 10.713428 64.777000
v 1.401700 10.599028 64.842300
v 1.989900 10.501028 64.891403
v 2.823199 10.141528 65.038406
v 2.823199 10.027158 65.054802
v 1.744800 9.275558 65.136406
v 1.483399 10.729728 64.809700
v 1.761200 9.259218 65.136406
v 2.692499 9.422607 65.169106
v 2.365700 8.197178 65.381500
v 2.447400 8.099138 65.397903
v 1.499700 10.893127 64.760605
v 2.676100 9.112167 65.218102
v 2.692499 9.340918 65.185501
v 2.512799 8.229857 65.365204
v 2.708799 8.050128 65.397903
v 2.708799 9.438948 65.169106
v 2.741500 9.553328 65.152802
v 2.823199 9.618678 65.136406
v 3.215300 9.733058 65.103806
v 3.836200 9.733058 65.087402
v 5.306799 10.141528 64.989403
v 4.653199 9.389937 65.136406
v 5.192400 10.451928 64.907700
v 5.306799 9.063148 65.185501
v 5.388399 10.435628 64.907700
v 5.698900 9.602347 65.071106
v 5.698900 10.288628 64.924004
v 5.731600 9.635017 65.054802
v 6.058300 10.141528 64.940407
v 3.689199 10.402927 64.956703
v 3.133599 10.664428 64.891403
v 2.823199 10.746128 64.875000
v -0.232201 8.393248 65.120102
v -0.787701 10.517328 64.597305
v -1.408640 8.834398 64.826004
v -1.604711 9.161188 64.744301
v -1.572030 8.311548 64.891403
v -1.719080 8.736368 64.760605
v -1.441320 8.246188 64.940407
v -1.196200 8.442258 64.940407
v -2.339971 2.772578 65.234505
v -2.176580 3.867308 63.943699
v -2.094880 2.625528 64.041702
v -3.369330 0.811885 63.682301
v -3.418350 2.429458 63.600597
v -3.614420 2.298748 64.924004
v -3.369330 0.240017 63.682301
v -3.565401 0.240017 64.989403
v -3.614420 -1.802372 64.924004
v -3.777811 -4.040842 64.744301
v -3.516390 -3.370932 63.502499
v -3.418350 -1.933092 63.600597
v -2.176580 -3.387272 63.943699
v -2.519700 -4.449312 65.054802
v -2.339971 -2.276212 65.234505
v -2.094880 -2.129162 64.041702
v -2.029520 -0.331853 64.123405
v -2.029520 0.240017 64.139801
v -2.029520 0.811885 64.123405
v -2.715771 0.240017 63.927296
v -3.369330 -0.315515 63.682301
v -2.601391 0.240017 65.528603
v -2.634070 -1.671662 65.463203
v -2.993530 0.240017 65.397903
v -1.343281 7.429238 65.054802
v -1.539351 7.641648 64.989403
v -1.310600 7.821378 63.780300
v -1.424980 7.837718 64.205101
v 1.581400 7.216828 64.989403
v -1.326941 9.912787 57.015900
v 17.299700 14.210028 58.633499
v 16.270300 14.030228 58.911198
v 16.205000 14.013927 58.911198
v 18.410700 15.124928 54.695698
v 18.753901 15.223028 52.408298
v 18.459799 15.239327 54.270901
v 18.410700 15.223028 54.712101
v 18.672199 15.304728 52.947498
v 18.721199 15.321028 52.538998
v 18.802900 15.337428 51.803699
v 18.851900 15.353728 51.199200
v 18.851900 15.353728 51.182800
v 18.884600 15.370028 50.757999
v 18.884600 15.386428 50.741699
v 18.933599 15.451728 49.875698
v 18.410700 15.174027 54.712101
v 18.394400 15.206628 54.777401
v 17.593800 14.732828 57.604099
v 15.289999 16.415728 50.774300
v 15.289999 16.399427 52.016098
v 15.289999 16.301428 54.368999
v 16.188601 16.301428 54.450600
v 17.119900 14.732828 54.630398
v 20.616499 7.690668 52.800400
v 20.175400 6.220138 55.741398
v 20.845299 5.256128 52.669701
v 20.355099 3.262758 55.676098
v 20.992298 2.772578 52.620701
v 21.025002 0.240017 52.620701
v 20.828899 0.240017 53.682701
v 20.567499 0.240017 54.973499
v 20.420500 0.240017 55.676098
v 20.992298 -2.276212 52.620701
v 20.355099 -2.766382 55.676098
v 20.322399 0.240017 56.166298
v 20.044699 0.240017 57.309998
v 19.750500 0.240017 58.551800
v 19.750500 -1.246842 58.519100
v 19.717899 -2.750042 58.453701
v 18.443399 -1.475592 60.577801
v 18.410700 -3.207542 60.496098
v 19.685200 -4.008162 58.355698
v 18.312700 -5.429662 60.300098
v 19.603500 -5.919842 58.143299
v 19.407400 -8.844543 57.653099
v 18.851900 -9.007932 58.682499
v 19.309401 -10.315072 57.244598
v 18.034899 -9.220343 59.728199
v 17.740799 -12.194072 58.862198
v 19.325699 -11.148372 56.623798
v 17.757200 -13.011072 58.159599
v 19.358400 -11.344472 56.297001
v 17.936899 -13.419472 57.195599
v 19.505499 -11.622172 55.447300
v 18.476099 -13.729972 54.564999
v 19.717899 -11.720272 54.352600
v 19.227699 -12.651572 54.450600
v 19.832199 -11.752872 53.666401
v 20.028299 -11.801972 52.424599
v 18.884600 -13.860672 51.738400
v 20.240700 -11.834572 50.937698
v 19.031599 -13.893373 50.365898
v 20.404100 -11.834572 49.205799
v 19.129700 -13.893373 48.895298
v 20.518499 -11.785572 47.522900
v 19.211399 -13.844372 46.428101
v 20.567499 -11.736572 45.823601
v 20.551199 -11.654872 44.287701
v 19.195000 -13.680972 43.323700
v 20.453100 -11.409772 41.183300
v 20.387800 -11.295372 40.104900
v 19.864899 -12.259472 39.990498
v 20.306099 -10.919572 38.323898
v 19.080599 -13.354172 39.843498
v 18.949900 -12.765972 36.935101
v 20.306099 -10.576472 37.817398
v 18.998899 -12.128673 36.085499
v 18.312700 -13.386872 39.843498
v 17.446699 -13.648273 39.876099
v 20.959599 -9.530792 47.147099
v 20.992298 -9.432753 44.075298
v 21.286400 -7.210632 46.820301
v 21.302799 -7.145272 43.797501
v 21.531498 -4.792442 46.656898
v 21.547901 -4.743422 43.666798
v 21.662201 -2.292552 46.607899
v 21.302799 -4.776102 49.646900
v 21.433498 -2.292552 49.597900
v 21.482498 0.240017 49.597900
v 21.531498 0.240017 49.042400
v 21.319099 0.240017 50.757999
v 21.090401 0.240017 52.277500
v 20.845299 -4.776102 52.669701
v 21.678600 0.240017 47.261398
v 20.616499 -7.194292 52.800400
v 20.175400 -5.723772 55.741398
v 19.848600 -8.566782 55.888500
v 20.289700 -9.514452 53.045498
v 20.730900 -9.514452 50.104401
v 21.057701 -7.210632 49.810299
v 16.695099 -13.452172 57.162998
v 16.923899 -13.615572 56.362301
v 17.348700 -13.762672 54.646698
v 16.482700 -13.223473 57.832901
v 15.976200 -12.439172 59.254398
v 16.351999 -12.243073 58.878601
v 16.188601 -11.181072 59.744499
v 16.678801 -10.543772 59.483101
v 21.172100 -2.619332 42.653801
v 21.106701 -2.831742 42.555798
v 20.616499 -4.089852 41.493698
v 20.583799 -4.302262 41.395699
v 20.551199 -4.531012 41.281300
v 20.502100 -4.743422 41.134300
v 20.469500 -4.923152 40.938198
v 20.420500 -5.053862 40.644100
v 20.404100 -5.102882 40.333599
v 20.387800 -5.102882 39.990498
v 20.371399 -5.086542 39.663700
v 20.355099 -5.070202 39.336899
v 20.338800 -5.037522 39.010201
v 20.338800 -4.972172 38.683399
v 20.338800 -4.857792 38.389297
v 20.338800 -4.710742 38.127899
v 20.404100 -7.128932 37.588699
v 20.453100 -9.024272 37.229198
v 20.453100 -6.753132 37.376301
v 20.551199 -7.864202 36.967800
v 20.583799 -7.406702 36.902401
v 20.583799 -7.390362 36.886101
v 20.616499 -6.818492 36.820698
v 20.616499 -6.785812 36.804398
v 20.649200 -6.442692 36.771698
v 20.665499 -6.066892 36.722698
v 20.665499 -6.034212 36.706299
v 20.681900 -5.772792 36.673698
v 20.698200 -5.740112 36.673698
v 20.698200 -5.609392 36.657299
v 20.681900 -5.609392 36.657299
v 20.698200 -5.593052 36.657299
v 20.698200 -5.658412 36.673698
v 20.698200 -5.576722 36.657299
v 20.665499 -4.743422 36.738998
v 20.730900 -5.086542 36.591999
v 20.714600 -5.478682 36.640999
v 20.763599 -4.465652 36.542999
v 20.698200 -4.302262 36.657299
v 20.681900 -5.609392 36.640999
v 20.632900 -5.168242 36.837101
v 20.681900 -5.593052 36.640999
v 20.583799 -5.576722 36.935101
v 20.698200 -5.674752 36.673698
v 20.534800 -5.985192 37.049500
v 20.502100 -6.377332 37.196499
v 17.250700 -14.432572 54.532299
v 17.136299 -14.236472 54.532299
v 10.126801 -10.217072 40.235600
v 10.126801 -9.383732 40.235600
v 8.345800 -9.383732 40.840099
v 7.528900 -10.217072 40.742100
v 5.551800 -11.654872 39.042801
v 5.535500 -10.217072 38.977501
v 7.512499 -9.383732 40.725800
v 5.535500 -9.383732 38.944798
v 5.535500 -9.383732 36.755398
v 6.074699 -9.383732 38.013500
v 6.973299 -9.383732 36.052799
v 8.313099 -9.383732 36.052799
v 6.973299 -11.115672 36.069099
v 9.653000 -9.383732 36.052799
v 9.653000 -11.115672 36.069099
v 10.551600 -9.383732 38.013500
v 9.391500 -9.383732 39.810799
v 10.518900 -12.863972 38.013500
v 9.653000 -12.863972 36.085499
v 9.407900 -12.863972 37.850098
v 9.260799 -12.863972 38.389297
v 8.852299 -12.863972 38.797798
v 8.852299 -14.367172 38.797798
v 8.313099 -14.367172 38.944798
v 8.313099 -12.863972 38.944798
v 7.512499 -12.863972 39.908798
v 7.757599 -12.863972 38.797798
v 7.757599 -14.367172 38.797798
v 7.365499 -14.367172 38.389297
v 7.414499 -12.863972 38.471001
v 7.218399 -14.367172 37.850098
v 7.218399 -12.863972 37.850098
v 7.365499 -14.367172 37.294598
v 7.414499 -12.863972 37.212898
v 6.107399 -12.863972 38.013500
v 7.528900 -12.863972 36.085499
v 7.757599 -12.863972 36.902401
v 6.973299 -12.863972 36.085499
v 8.313099 -12.863972 36.755398
v 8.852299 -12.863972 36.902401
v 8.852299 -14.367172 36.902401
v 9.260799 -14.367172 37.294598
v 9.260799 -12.863972 37.294598
v 9.407900 -14.367172 37.850098
v 9.260799 -14.367172 38.389297
v 9.799999 -14.367172 38.699699
v 10.028799 -14.367172 37.850098
v 9.816299 -17.700373 38.716099
v 9.440599 -17.700373 39.108200
v 9.211800 -17.700373 39.336899
v 9.179100 -17.700373 39.353298
v 9.162800 -14.367172 39.336899
v 8.313099 -14.367172 39.565701
v 8.264099 -17.700373 39.598400
v 7.447199 -17.700373 39.353298
v 7.447199 -14.367172 39.336899
v 7.430799 -17.700373 39.336899
v 9.260799 -17.700373 38.928501
v 6.907999 -17.700373 38.830399
v 7.447199 -17.700373 37.114799
v 6.793600 -17.700373 38.716099
v 6.842600 -14.367172 38.732399
v 6.597500 -17.700373 37.931801
v 6.564899 -17.700373 37.850098
v 6.777300 -17.700373 37.065800
v 7.055000 -17.700373 36.722698
v 6.793600 -17.700373 36.984100
v 6.597500 -14.367172 37.850098
v 6.842600 -14.367172 36.967800
v 7.104099 -17.700373 36.673698
v 7.447199 -17.700373 36.330498
v 8.247799 -17.700373 36.118099
v 7.447199 -14.367172 36.363201
v 8.264099 -17.700373 36.101799
v 9.113800 -17.700373 36.297901
v 9.424200 -17.700373 36.591999
v 9.162800 -14.367172 36.363201
v 8.313099 -14.367172 36.134499
v 9.799999 -14.367172 36.984100
v 8.313099 -14.367172 36.755398
v 7.757599 -14.367172 36.902401
v 9.816299 -17.700373 36.984100
v 9.963400 -17.700373 37.474300
v 10.061399 -17.700373 37.850098
v 9.914400 -17.700373 38.372898
v 7.234800 -9.383732 39.810799
v 7.251101 -12.863972 39.794399
v 8.313099 -9.383732 40.088501
v 9.375200 -12.863972 39.794399
v 5.895000 -17.700373 37.000500
v 5.895000 -17.700373 38.601700
v 5.895000 -17.700373 38.699699
v 5.895000 -17.700373 38.748699
v 5.715200 -17.700373 38.748699
v 4.849300 -17.700373 38.748699
v 4.800200 -17.700373 38.748699
v -0.673400 -11.475172 64.254105
v -0.820400 -11.458772 64.237801
v 4.146700 -11.932673 62.816296
v 3.493099 -12.096072 62.767300
v 2.823199 -12.030672 62.799999
v 2.823199 -11.654872 62.914303
v 4.130300 -11.458772 62.963299
v 2.823199 -12.112372 62.767300
v 2.823199 -12.210372 62.734600
v 3.542100 -12.096072 61.917599
v 2.839499 -12.210372 61.803303
v 0.192599 -12.357472 62.522198
v 0.780800 -12.341172 61.656200
v -1.163600 -12.161372 61.427502
v -1.114500 -12.145072 61.100697
v -1.114500 -10.511172 61.394802
v -0.951100 -10.511172 60.398098
v -1.637390 -12.046972 61.019001
v 1.189300 -10.723572 60.773899
v 0.846200 -10.723572 61.607197
v 2.888599 -10.560172 61.754200
v 3.051900 -10.543772 61.770596
v 3.068299 -12.161372 61.803303
v 3.247999 -12.128673 61.819599
v 3.215300 -10.511172 61.770596
v 3.329700 -10.511172 61.149700
v 3.574800 -11.295372 59.842598
v 3.885200 -10.511172 57.930901
v 4.440800 -10.380472 58.028900
v 4.980000 -10.249672 58.126999
v 6.287100 -9.726862 58.355698
v 7.414499 -9.122313 58.551800
v 3.770900 -10.756272 58.649799
v -2.454340 -10.968672 62.424099
v -2.454340 -10.690872 62.424099
v 4.113999 -10.968672 63.110401
v 9.636600 -2.897102 64.303200
v 10.045099 -1.344882 64.319504
v 8.966700 -1.573632 64.466507
v 8.999399 -1.246842 64.466507
v 8.345800 -2.504962 64.482903
v 7.659599 -2.782722 64.531906
v 8.999399 -0.511585 64.499207
v 8.999399 0.240017 64.515602
v 9.603899 0.240017 64.433907
v 8.999399 1.007956 64.499207
v 2.741500 -4.318602 66.100502
v -6.473770 4.913008 63.388203
v -7.339740 8.523958 61.656200
v -7.388761 8.458598 61.623501
v -7.339740 8.458598 61.656200
v -6.588140 8.556638 62.113697
v -6.555460 8.589318 62.130001
v -5.248331 9.667698 62.636600
v -3.826830 10.599028 63.045002
v -6.392070 10.664428 61.035297
v -8.793930 9.814748 59.368698
v -8.957320 7.249508 59.548500
v -8.009650 6.726658 60.430798
v -8.761250 5.680948 60.871899
v -8.793930 5.599248 60.839298
v -9.153391 5.631928 60.528797
v -7.519481 7.592628 61.607197
v -11.522566 11.791828 55.627098
v -11.931043 9.030468 55.806801
v -13.107460 9.095828 53.061798
v -13.434240 6.220138 53.143497
v -14.202181 6.252818 50.202499
v -14.006110 9.242878 47.163399
v -13.564960 11.187228 47.163399
v -14.300220 6.122108 44.745201
v -14.022450 6.122108 43.127598
v -14.365570 6.122108 45.169998
v -15.378601 6.122108 44.892300
v -14.414591 5.991388 45.513100
v -15.509310 5.991388 45.218998
v -14.447270 5.762648 45.643898
v -14.463611 5.648268 45.660198
v -14.659680 3.083028 45.676498
v -14.430930 6.481568 47.163399
v -14.676021 2.641868 45.676498
v -14.708700 3.148378 47.163399
v -14.430930 3.295438 50.235199
v -14.545300 0.240017 50.251499
v -14.823071 0.240017 47.163399
v -14.806730 0.240017 46.444500
v -14.757710 0.240017 45.725601
v -14.823071 -0.756671 46.444500
v -14.790390 -0.756671 45.709198
v -15.264231 -0.756671 45.594799
v -15.427620 -0.756671 46.918301
v -15.803421 -0.756671 46.918301
v -15.509310 0.240017 46.934601
v -15.509310 0.240017 47.049000
v -15.427620 -0.756671 47.049000
v -14.839411 -0.756671 47.163399
v -15.427620 -0.756671 47.163399
v -14.594320 -0.756671 50.120800
v -15.313240 -0.756671 49.205799
v -15.558331 0.240017 47.163399
v -15.443960 0.240017 49.287498
v -15.345921 -0.903722 49.254799
v -15.149851 0.240017 51.003098
v -15.100830 0.240017 51.264500
v -14.790390 -0.903722 47.392097
v -14.692360 0.762868 47.604599
v -14.528971 1.007956 47.604599
v -14.349230 1.236708 47.604599
v -14.349230 1.236708 47.392097
v -14.692360 0.762868 47.392097
v -14.741370 0.240017 48.715599
v -13.826380 0.240017 53.012798
v -13.744690 0.240017 53.241600
v -13.646650 3.262758 53.208900
v -12.339520 3.230078 56.002899
v -12.192469 6.154778 55.921200
v -11.489886 0.240017 58.633499
v -11.473547 -0.250158 58.584499
v -11.587921 0.240017 58.584499
v -12.355861 0.240017 57.555099
v -12.960410 0.240017 56.591099
v -13.025770 0.240017 56.493000
v -13.189160 0.240017 56.215298
v -13.270850 0.240017 56.084599
v -13.319870 0.240017 55.986500
v -13.368891 0.240017 55.888500
v -11.555243 0.240017 58.633499
v -11.457208 0.240017 58.764198
v -5.918241 -8.779192 62.391499
v -4.022901 8.997787 61.149700
v -2.568721 9.700377 61.394802
v -2.797461 9.291898 56.754498
v -4.611110 8.082798 56.444000
v -5.182981 8.671008 56.329700
v -4.790840 8.033788 57.211998
v -4.970571 7.984768 57.979900
v -5.395391 8.638328 57.097599
v -5.591460 8.605658 57.881901
v -5.738510 8.540298 58.110600
v -5.950921 8.360568 58.175999
v -6.245020 8.082798 58.126999
v -6.506450 7.805038 58.077900
v -6.669840 7.592628 57.947201
v -5.117620 7.903068 58.224998
v -4.104590 9.210197 63.992702
v -4.186290 8.099138 64.107101
v -4.251650 7.903068 64.123405
v -4.317000 7.919408 64.254105
v -4.202631 7.919408 64.123405
v 4.931000 6.252818 66.754005
v -1.621040 7.037098 65.038406
v -1.572030 7.788698 64.973000
v -1.588370 7.069778 65.054802
v -1.457661 7.151468 65.071106
v -1.441320 7.167808 65.071106
v -1.277921 7.380218 65.087402
v -1.130900 7.249508 65.120102
v -1.604711 7.053438 65.054802
v -1.588370 7.037098 65.054802
v -16.767429 6.122108 43.650501
v -17.322960 6.122108 43.781200
v -16.767429 8.115479 43.650501
v -17.322960 8.115479 43.781200
v -17.355640 6.122108 43.977299
v -16.424311 6.122108 42.130898
v -16.996170 6.122108 42.212601
v -16.424311 8.115479 42.130898
v -17.045191 6.122108 42.392399
v -15.525650 6.122108 40.644100
v -15.394940 6.122108 40.611401
v -15.280571 6.122108 40.464401
v -14.823071 6.122108 39.206200
v -14.823071 8.115479 39.206200
v -14.953780 6.122108 39.222599
v -14.953780 8.115479 39.222599
v -16.130199 8.115479 39.533001
v -16.048500 8.115479 39.353298
v -16.130199 6.122108 39.533001
v -15.705380 6.122108 39.925198
v -15.705380 8.115479 39.925198
v -15.362261 6.122108 40.219299
v -15.362261 8.115479 40.219299
v -15.280571 6.122108 40.317299
v -15.280571 8.115479 40.317299
v -15.394940 6.122108 39.173599
v -15.983150 6.122108 39.157200
v -15.394940 8.115479 39.173599
v -15.983150 8.115479 39.157200
v -16.048500 6.122108 39.353298
v -15.966810 6.122108 40.644100
v -15.966810 8.115479 40.644100
v -16.538681 6.122108 40.660400
v -16.604040 6.122108 40.856499
v -11.865687 6.122108 35.791401
v -11.604260 6.122108 37.458000
v -10.280789 6.122108 35.709698
v -9.088030 6.122108 34.451500
v -8.499821 6.122108 32.801300
v -6.849570 6.122108 32.719601
v -6.882250 6.122108 30.301399
v -7.225370 6.122108 29.991001
v -7.437780 6.122108 29.827599
v -7.225370 8.115479 29.991001
v -7.682870 6.122108 29.647800
v -7.682870 8.115479 29.647800
v -8.025990 8.115479 29.843899
v -6.882250 8.115479 30.301399
v -7.911611 6.122108 30.415798
v -8.025990 6.122108 29.843899
v -7.846260 8.115479 29.745899
v -7.846260 6.122108 29.745899
v -12.355861 6.122108 35.235798
v -12.274160 6.122108 35.056099
v -12.045416 6.122108 33.945000
v -11.620599 6.122108 34.124798
v -12.045416 8.115479 33.945000
v -12.846030 8.115479 34.043098
v -12.568271 8.115479 34.549599
v -12.323180 8.115479 34.941700
v -12.323180 6.122108 34.941700
v -12.274160 8.115479 35.056099
v -12.568271 6.122108 34.549599
v -12.584610 6.122108 33.749001
v -12.715321 6.122108 33.896000
v -12.584610 8.115479 33.749001
v -12.715321 8.115479 33.896000
v -12.846030 6.122108 34.043098
v -13.826380 6.122108 35.317501
v -13.712010 8.115479 35.154099
v -13.712010 6.122108 35.154099
v -13.581301 8.115479 34.990700
v -13.581301 6.122108 34.990700
v -13.025770 8.115479 35.154099
v -13.025770 6.122108 35.154099
v -10.983373 6.122108 32.801300
v -11.522566 6.122108 33.389500
v -11.702294 6.122108 32.801300
v -11.767652 6.122108 32.866600
v -11.620599 8.115479 32.719601
v -11.767652 8.115479 32.866600
v -10.950695 8.115479 32.817600
v -11.473547 8.115479 32.572498
v -11.620599 6.122108 32.719601
v -11.473547 6.122108 32.572498
v -10.215430 6.122108 32.719601
v -9.790621 6.122108 31.771900
v -9.414810 6.122108 32.016998
v -9.414810 8.115479 32.016998
v -9.790621 8.115479 31.771900
v -10.297129 6.122108 31.494198
v -10.297129 8.115479 31.494198
v -10.444181 8.115479 31.624901
v -10.591233 8.115479 31.755600
v -10.591233 6.122108 31.755600
v -10.444181 6.122108 31.624901
v -10.395164 6.122108 32.294800
v -9.186070 6.122108 30.628201
v -9.202411 6.122108 31.314400
v -9.349461 6.122108 30.758900
v -9.186070 8.115479 30.628201
v -3.156930 9.863768 53.486599
v -3.549070 9.863768 54.973499
v -3.908520 9.863768 53.486599
v -5.019590 9.863768 55.414700
v -3.908520 11.366928 53.486599
v -5.052270 11.366928 53.486599
v -5.264670 11.366928 52.816700
v -5.362710 11.366928 51.395199
v -5.035930 11.366928 51.542301
v -5.019590 9.863768 51.542301
v -6.146990 9.863768 51.231800
v -5.591460 11.366928 52.538998
v -5.591460 12.853827 52.538998
v -6.686181 12.853827 52.538998
v -4.937891 12.853827 52.016098
v -5.199320 12.853827 51.836399
v -5.166640 18.196728 51.803699
v -5.852880 18.196728 51.558598
v -7.094660 12.853827 51.836399
v -6.588140 18.196728 51.705700
v -7.111001 18.196728 51.803699
v -7.715540 18.196728 52.833099
v -8.091340 18.196728 53.486599
v -5.967260 18.196728 53.682701
v -4.758161 18.196728 52.522598
v -4.202631 18.196728 53.470299
v -4.202631 18.196728 53.486599
v -4.937891 18.196728 54.744801
v -4.937891 12.853827 54.940800
v -5.166640 18.196728 55.153198
v -5.199320 12.853827 55.120598
v -5.852880 18.196728 55.398300
v -7.111001 18.196728 55.153198
v -8.042330 12.853827 53.486599
v -7.209030 18.196728 54.989799
v -4.251650 12.853827 53.486599
v -5.052270 12.853827 53.486599
v -7.633850 9.863768 56.068199
v 12.577700 14.700128 39.582001
v 13.492701 16.693527 41.199600
v 15.289999 15.941928 40.072201
v 15.289999 15.451728 40.072201
v 17.838900 14.210028 37.114799
v 16.433701 12.429028 35.366501
v 16.842199 11.808127 35.562599
v 16.646099 11.187228 34.892700
v 17.168999 9.553328 34.141098
v 16.825800 11.317927 34.516899
v 17.871500 11.317927 34.484200
v 17.920599 11.154528 34.386200
v 18.230999 9.471628 34.010399
v 18.247299 9.455288 34.010399
v 18.443399 7.935748 33.487499
v 17.871500 11.399628 34.451500
v 17.855200 11.448627 34.467899
v 20.387800 10.386628 37.343601
v 20.387800 10.272228 37.294598
v 21.172100 4.063378 42.751801
v 21.204700 3.622218 42.768200
v 21.237400 3.181058 42.768200
v 21.270100 -0.691316 40.676800
v 21.270100 -0.429888 40.709400
v 21.270100 -0.119445 40.725800
v 21.270100 0.240017 40.742100
v 21.547901 0.240017 40.742100
v 21.057701 3.295438 37.049500
v 20.894299 3.671238 37.310898
v 20.583799 4.439168 38.372898
v 20.600199 4.504528 39.157200
v 20.338800 5.092738 38.274899
v 20.338800 5.141758 38.471001
v 20.338800 5.158098 38.683399
v 20.338800 5.174438 38.912098
v 20.338800 5.174438 39.157200
v 20.355099 5.158098 39.467701
v 20.649200 4.308458 40.235600
v 20.371399 5.125418 39.778099
v 20.371399 5.076398 40.023201
v 20.387800 5.011048 40.268299
v 20.404100 4.962028 40.464401
v 20.420500 4.896668 40.660400
v 20.747200 4.063378 40.676800
v 20.453100 4.831318 40.823799
v 20.485800 4.749618 40.970898
v 20.502100 4.684258 41.101601
v 20.534800 4.618908 41.216000
v 20.894299 3.687568 41.085201
v 20.567499 4.553548 41.330299
v 20.600199 4.471848 41.428398
v 20.632900 4.422838 41.510098
v 20.338800 5.060068 38.095200
v 21.858299 -0.969082 37.653999
v 22.037998 -1.998442 37.458000
v 22.037998 -2.390582 37.490601
v 22.021698 -2.782722 37.539600
v 22.332100 -4.776102 37.082100
v 22.430199 -4.841452 36.689999
v 22.381100 -3.942802 37.016800
v 22.479198 -3.991822 36.624699
v 22.413799 -3.125842 36.951401
v 22.054401 -1.573632 37.425301
v 22.446499 -2.292552 36.886101
v 22.070698 -1.132472 37.392601
v 21.890999 -0.609620 37.605000
v 21.890999 -0.429888 37.588699
v 22.070698 -0.691316 37.359898
v 21.890999 -0.168462 37.572300
v 22.086998 -0.233820 37.343601
v 21.890999 0.011269 37.572300
v 22.495499 -0.625958 36.787998
v 22.462799 -1.475592 36.837101
v 22.577198 -1.018102 36.477600
v 22.577198 -0.380871 36.444901
v 22.479198 -2.782722 36.150799
v 22.479198 -2.619332 36.150799
v 22.381100 -2.635672 35.758698
v 22.413799 -4.155212 36.248898
v 20.910599 -0.936402 32.980999
v 22.430199 -1.018102 35.693298
v 20.910599 -0.021411 32.964699
v 22.315800 -5.740112 36.412201
v 22.528198 -2.701032 36.542999
v 22.511898 -3.305582 36.591999
v 22.544498 -2.145502 36.526600
v 22.560898 -1.638982 36.493900
v 22.495499 0.240017 35.873100
v 21.841999 1.318398 37.653999
v 21.874599 1.318398 37.621300
v 21.874599 1.400098 37.637699
v 21.858299 1.514468 37.670399
v 21.841999 1.612508 37.702999
v 21.841999 1.710538 37.752098
v 21.760300 1.677858 37.931801
v 21.841999 1.824908 37.882801
v 21.825600 1.906608 38.029800
v 21.825600 1.939288 38.160500
v 21.825600 1.955628 38.274899
v 21.760300 1.808578 38.405598
v 21.825600 1.971968 38.389297
v 21.825600 1.988308 38.585400
v 21.825600 2.004648 38.699699
v 21.841999 2.020978 38.863098
v 21.760300 1.857588 38.928501
v 21.841999 2.020978 39.059200
v 21.841999 2.020978 39.304298
v 21.760300 1.857588 39.451298
v 21.841999 2.020978 39.516701
v 21.841999 2.004648 39.696400
v 21.841999 1.988308 39.843498
v 21.841999 1.971968 39.957798
v 21.760300 1.808578 39.990498
v 21.841999 1.955628 40.121201
v 21.841999 1.922948 40.284599
v 21.841999 1.857588 40.431698
v 21.841999 1.808578 40.529701
v 21.760300 1.677858 40.447998
v 21.841999 1.726878 40.627701
v 21.858299 1.579828 40.709400
v 21.858299 1.449108 40.742100
v 21.874599 1.285718 40.774799
v 21.841999 1.318398 40.725800
v 21.890999 1.171348 40.791100
v 21.890999 1.040633 40.807499
v 21.890999 0.958939 40.807499
v 21.890999 0.860904 40.807499
v 21.874599 0.779207 40.791100
v 21.890999 1.089652 37.605000
v 21.890999 0.926261 37.588699
v 21.890999 0.387069 40.823799
v 21.890999 0.501442 40.823799
v 21.890999 0.615817 40.823799
v 21.890999 -0.119445 40.823799
v 21.890999 -0.380871 40.807499
v 21.890999 -0.478906 40.807499
v 21.890999 -0.560603 40.807499
v 21.890999 -0.674976 40.791100
v 21.890999 -0.021411 40.823799
v 21.890999 0.109302 40.823799
v 21.841999 -1.230502 40.627701
v 21.841999 -1.328542 40.529701
v 21.841999 -1.377562 40.431698
v 21.841999 -1.426572 40.284599
v 21.841999 -1.459252 40.121201
v 21.858299 -1.099792 40.709400
v 21.858299 -0.969082 40.742100
v 21.841999 -1.491932 39.957798
v 21.841999 -1.508272 39.843498
v 21.841999 -1.508272 39.696400
v 21.841999 -1.524612 39.516701
v 21.841999 -1.540952 39.304298
v 21.841999 -1.540952 39.059200
v 21.841999 -1.524612 38.863098
v 21.825600 -1.524612 38.699699
v 21.825600 -1.508272 38.585400
v 21.825600 -1.491932 38.389297
v 21.825600 -1.475592 38.274899
v 21.825600 -1.459252 38.160500
v 10.992800 0.240017 28.618500
v 11.009100 0.240017 28.618500
v 11.074499 0.240017 28.634800
v 18.884600 1.710538 32.768600
v 18.884600 1.694198 32.768600
v 18.884600 1.628848 32.768600
v 18.884600 1.579828 32.850300
v 18.884600 1.530808 32.866600
v 18.884600 1.596168 32.882999
v 18.900900 -0.740331 33.029999
v 12.561300 -2.259872 30.579201
v 9.293499 -5.266272 30.187000
v 6.940701 -5.249932 29.958298
v 2.904900 -8.615802 30.383099
v 0.094600 -5.593052 30.252399
v -2.274611 -5.593052 30.742599
v -2.323630 -5.593052 29.206699
v 0.241600 -5.593052 28.700199
v -4.251650 -5.593052 31.396099
v -4.856190 -5.593052 30.023598
v -5.869220 -5.593052 31.396099
v -6.032610 -5.593052 32.245800
v -7.503140 -5.593052 31.363400
v -6.914930 -5.593052 31.003998
v -9.006340 -5.593052 32.425499
v -8.107680 -5.593052 33.618198
v -8.973660 -5.593052 34.353500
v -9.986680 -5.593052 35.366501
v -11.114086 -5.593052 34.369801
v -11.555243 -5.593052 37.376301
v -11.604260 -5.593052 37.458000
v -13.319870 -5.593052 37.359898
v -12.535590 -5.593052 36.150799
v -13.908080 -5.593052 38.438301
v -14.757710 -5.593052 40.366299
v -13.140141 -5.593052 40.366299
v -13.842720 -5.593052 42.408699
v -14.071470 -5.593052 43.356400
v -14.953780 -5.593052 40.938198
v -12.911390 -5.593052 39.827099
v -10.901677 -5.593052 34.141098
v 2.823199 -10.625472 29.288399
v -16.113861 -4.008162 46.951000
v -14.528971 1.007956 46.722198
v -10.182751 1.792238 60.006001
v -10.493197 0.174660 59.956898
v -9.382140 -15.755972 59.385098
v -11.016050 -15.772372 57.228298
v -12.061756 -15.804972 54.761101
v -12.698980 -15.821372 52.212200
v -13.009430 -15.821372 49.679600
v -11.293817 -18.304873 45.938000
v -9.431150 -18.697073 54.466999
v -8.973660 -18.697073 55.627098
v -8.401791 -18.697073 56.656399
v -7.160010 -18.697073 58.028900
v -6.914930 -18.697073 58.208698
v -4.758161 -18.697073 59.336098
v -1.980511 -18.697073 59.989601
v 7.969999 -9.677842 64.809700
v 8.002699 -9.661502 64.809700
v 8.051699 -9.645163 64.809700
v 8.133400 -9.547132 64.809700
v 7.969999 -9.481772 64.842300
v 7.823000 -9.204012 64.907700
v 7.626900 -9.628822 64.842300
v 7.545200 -9.645163 64.842300
v 11.041800 -8.664812 64.580902
v 10.960100 -8.615802 64.597305
v 10.666000 -8.550442 64.679001
v 10.126801 -8.893562 64.695305
v 10.192200 -8.746512 64.711601
v 10.143099 -8.860882 64.695305
v 10.110500 -8.942582 64.695305
v 9.996099 -9.204012 64.646301
v 9.996099 -9.220343 64.646301
v 10.159500 -9.514452 64.352203
v 10.208500 -9.694182 64.499207
v 10.143099 -9.530792 64.564606
v 9.914400 -8.958922 64.711601
v 9.963400 -8.795532 64.728004
v 10.126801 -8.844543 64.711601
v 9.979700 -9.024272 64.695305
v 10.878399 -9.694182 63.502499
v 17.185299 13.229628 59.728199
v 22.952999 -5.429662 42.947899
v 23.018398 -4.776102 42.947899
v 23.051098 -4.253242 42.947899
v 23.083698 -3.681382 42.947899
v 21.662201 11.791828 37.719398
v 21.727600 10.974828 36.984100
v 19.995600 12.690428 34.614899
v 22.430199 5.321488 36.689999
v 22.479198 4.471848 36.624699
v 22.511898 3.801948 36.591999
v 22.544498 2.641868 36.526600
v 22.560898 2.135358 36.493900
v 21.335400 9.275558 35.121498
v 18.459799 8.001108 33.275101
v 15.943501 10.958528 31.837299
v 16.319300 8.033788 31.265400
v 13.394600 10.958528 30.530201
v 13.688700 8.033788 29.958298
v 10.682301 10.942128 29.794899
v 8.002699 10.925828 29.402798
v 18.492399 7.641648 33.242500
v 18.492399 7.608968 33.226101
v 18.018600 10.746128 33.732601
v 14.767099 11.775428 32.866600
v 12.659399 -17.700373 56.950500
v 12.577700 -17.700373 56.574699
v 13.263899 -17.700373 55.708797
v 13.705099 -17.700373 54.859100
v 0.388700 -18.697073 59.074600
v -0.379300 -17.700373 59.009300
v -2.192921 -17.700373 58.764198
v 10.535299 -17.700373 58.045300
v 2.823199 -17.700373 59.434101
v -8.369110 -17.700373 54.875500
v -8.908300 -17.700373 53.176201
v -9.039010 -17.700373 52.538998
v 15.976200 5.011048 63.796597
v 13.476299 8.621988 64.025406
v 13.623400 8.818058 63.927296
v 13.656000 9.406268 63.796597
v 13.705099 9.438948 63.927296
v 13.721399 9.210197 63.813000
v 13.786800 8.997787 63.829296
v 13.508999 8.621988 64.172401

f 1 2 3
f 4 1 3
f 4 3 5
f 4 5 6
f 7 4 6
f 7 6 8
f 9 7 8
f 9 8 10
f 11 9 10
f 12 11 10
f 10 13 12
f 14 12 13
f 13 8 14
f 12 14 15
f 12 15 16
f 12 16 17
f 12 17 18
f 19 18 17
f 19 17 20
f 19 20 21
f 19 21 22
f 19 22 23
f 19 23 24
f 19 24 25
f 25 26 19
f 26 27 19
f 27 28 19
f 29 19 28
f 30 29 28
f 28 31 30
f 30 31 32
f 33 32 31
f 33 31 29
f 34 33 29
f 29 32 34
f 34 32 35
f 34 35 36
f 34 36 37
f 34 37 38
f 39 34 38
f 39 38 40
f 41 39 40
f 41 40 42
f 43 41 42
f 43 42 44
f 43 44 45
f 43 45 46
f 47 43 46
f 47 46 48
f 47 48 49
f 47 49 50
f 51 47 50
f 51 50 52
f 53 51 52
f 53 52 54
f 53 54 55
f 53 55 39
f 39 55 56
f 39 56 57
f 58 57 56
f 58 34 57
f 58 59 34
f 59 60 34
f 59 61 60
f 60 61 62
f 60 62 63
f 33 60 63
f 33 63 64
f 63 65 64
f 64 65 66
f 67 64 66
f 67 66 68
f 69 67 68
f 70 69 68
f 68 71 70
f 70 71 72
f 70 72 73
f 73 74 70
f 73 75 74
f 74 75 76
f 74 76 77
f 77 69 74
f 67 77 76
f 78 67 76
f 78 76 79
f 78 79 80
f 78 80 81
f 78 81 82
f 83 78 82
f 84 83 82
f 82 85 84
f 38 84 85
f 38 86 84
f 64 84 86
f 64 86 87
f 64 87 37
f 37 87 88
f 37 88 89
f 88 90 89
f 24 89 90
f 24 90 91
f 24 38 89
f 38 24 88
f 38 88 92
f 92 87 38
f 93 88 24
f 93 91 88
f 93 25 91
f 94 25 93
f 94 93 23
f 95 94 23
f 96 94 95
f 96 95 97
f 96 97 22
f 22 98 96
f 99 96 98
f 98 100 99
f 101 99 100
f 102 99 101
f 102 101 103
f 102 103 104
f 102 104 105
f 102 105 106
f 102 106 107
f 102 107 108
f 102 108 109
f 102 109 110
f 111 102 110
f 111 110 112
f 111 112 113
f 113 114 111
f 115 111 114
f 114 116 115
f 117 115 116
f 118 117 116
f 118 116 119
f 120 118 119
f 120 119 121
f 122 120 121
f 122 121 123
f 124 122 123
f 125 124 123
f 125 123 126
f 127 125 126
f 127 126 128
f 128 129 127
f 130 129 128
f 130 128 131
f 132 130 131
f 133 132 131
f 133 131 134
f 135 133 134
f 135 134 136
f 137 135 136
f 138 137 136
f 138 136 139
f 140 138 139
f 141 140 139
f 141 139 142
f 141 142 143
f 141 143 138
f 141 138 144
f 145 138 143
f 145 143 146
f 145 146 147
f 145 147 148
f 145 148 149
f 149 148 150
f 149 150 151
f 152 149 151
f 152 151 153
f 152 153 154
f 152 154 155
f 156 152 155
f 156 155 157
f 158 156 157
f 158 157 159
f 158 159 160
f 161 158 160
f 161 160 162
f 161 162 163
f 161 163 164
f 164 165 161
f 161 165 166
f 167 161 166
f 167 166 168
f 169 167 168
f 169 168 170
f 169 170 171
f 169 171 172
f 169 172 173
f 174 169 173
f 174 173 175
f 174 175 176
f 174 176 177
f 174 177 178
f 174 178 179
f 174 179 180
f 174 180 167
f 180 179 181
f 180 181 182
f 180 182 183
f 180 183 161
f 183 182 184
f 183 184 185
f 183 185 158
f 185 186 158
f 185 187 186
f 187 188 186
f 189 186 188
f 188 190 189
f 189 190 191
f 189 191 192
f 193 189 192
f 194 193 192
f 194 192 195
f 196 194 195
f 195 197 196
f 197 198 196
f 198 199 196
f 200 196 199
f 200 199 201
f 202 200 201
f 198 202 201
f 202 203 200
f 203 204 200
f 200 204 205
f 205 206 200
f 206 205 204
f 206 204 207
f 208 206 207
f 208 207 209
f 210 208 209
f 210 209 211
f 212 210 211
f 212 211 213
f 214 212 213
f 214 213 215
f 215 216 214
f 216 217 214
f 218 214 217
f 217 219 218
f 219 220 218
f 221 218 220
f 220 222 221
f 222 223 221
f 221 223 224
f 221 224 225
f 221 225 226
f 226 225 227
f 226 227 228
f 226 228 229
f 230 226 229
f 230 229 231
f 232 230 231
f 232 231 233
f 234 232 233
f 234 233 235
f 236 234 235
f 236 235 237
f 236 237 238
f 236 238 239
f 208 236 239
f 240 208 239
f 240 239 206
f 206 239 241
f 196 206 241
f 196 241 242
f 243 242 241
f 243 244 242
f 244 245 242
f 194 242 245
f 244 246 245
f 246 247 245
f 193 245 247
f 193 247 248
f 248 247 249
f 250 248 249
f 250 249 251
f 250 251 252
f 250 252 253
f 253 252 254
f 255 253 254
f 255 254 256
f 255 256 257
f 257 186 255
f 255 186 258
f 259 255 258
f 260 259 258
f 259 260 261
f 259 261 262
f 263 259 262
f 264 263 262
f 264 262 265
f 264 265 266
f 264 266 267
f 267 268 264
f 261 264 268
f 261 186 264
f 268 267 262
f 266 269 267
f 270 267 269
f 271 270 269
f 271 269 272
f 271 272 273
f 274 271 273
f 273 275 274
f 274 275 276
f 276 277 274
f 278 277 276
f 279 277 278
f 279 278 280
f 279 280 281
f 279 281 282
f 282 283 279
f 283 284 279
f 284 285 279
f 285 286 279
f 286 287 279
f 286 288 287
f 288 289 287
f 287 289 290
f 287 290 291
f 292 287 291
f 266 292 291
f 266 291 293
f 266 277 292
f 277 266 270
f 266 294 270
f 270 294 295
f 265 270 295
f 188 265 295
f 188 295 191
f 296 191 295
f 296 295 294
f 294 188 296
f 192 296 188
f 297 192 188
f 297 202 192
f 192 202 298
f 298 202 299
f 298 299 195
f 299 202 197
f 297 300 202
f 202 300 301
f 302 301 300
f 302 300 303
f 304 302 303
f 304 303 305
f 304 305 306
f 307 304 306
f 307 306 184
f 308 307 184
f 308 309 307
f 307 309 310
f 307 310 311
f 312 311 310
f 312 310 313
f 314 312 313
f 314 313 315
f 316 314 315
f 316 315 317
f 318 316 317
f 318 317 319
f 320 318 319
f 320 319 321
f 322 320 321
f 322 321 323
f 324 322 323
f 325 324 323
f 325 323 326
f 327 325 326
f 327 326 328
f 327 328 329
f 327 329 330
f 331 327 330
f 331 330 332
f 333 331 332
f 333 332 334
f 333 334 335
f 336 333 335
f 336 335 337
f 338 336 337
f 338 337 339
f 338 339 340
f 338 340 341
f 340 342 341
f 342 343 341
f 344 341 343
f 344 343 345
f 345 346 344
f 347 344 346
f 348 347 346
f 349 348 346
f 350 349 346
f 346 351 350
f 352 350 351
f 353 352 351
f 354 353 351
f 355 354 351
f 356 355 351
f 351 357 356
f 358 356 357
f 359 358 357
f 360 359 357
f 357 361 360
f 360 361 362
f 362 363 360
f 363 362 364
f 331 363 364
f 362 365 364
f 365 366 364
f 367 364 366
f 366 361 367
f 368 367 361
f 361 369 368
f 368 369 370
f 368 370 371
f 364 368 371
f 371 372 364
f 327 364 372
f 327 372 371
f 327 371 373
f 374 373 371
f 371 375 374
f 375 376 374
f 376 377 374
f 378 374 377
f 377 379 378
f 378 379 380
f 380 381 378
f 320 378 381
f 381 380 382
f 381 382 383
f 381 383 384
f 381 384 385
f 381 385 386
f 386 387 381
f 318 381 387
f 318 387 388
f 389 388 387
f 388 389 390
f 388 390 391
f 388 391 392
f 388 392 393
f 316 388 393
f 316 393 394
f 393 395 394
f 395 396 394
f 397 394 396
f 396 398 397
f 397 398 399
f 400 399 398
f 401 400 398
f 402 401 398
f 403 402 398
f 403 398 404
f 405 403 404
f 405 404 406
f 407 405 406
f 407 406 408
f 407 408 409
f 407 409 410
f 407 410 411
f 412 407 411
f 413 412 411
f 413 411 414
f 413 414 415
f 416 415 414
f 416 414 417
f 416 417 418
f 416 418 419
f 420 419 418
f 418 421 420
f 420 421 422
f 422 423 420
f 422 424 423
f 424 425 423
f 419 423 425
f 419 425 426
f 419 426 427
f 427 415 419
f 412 415 427
f 428 412 427
f 428 427 429
f 430 428 429
f 430 429 431
f 432 430 431
f 432 431 433
f 434 432 433
f 434 433 435
f 436 434 435
f 436 435 437
f 436 437 438
f 436 438 439
f 440 439 438
f 440 438 441
f 440 441 442
f 441 443 442
f 443 444 442
f 444 445 442
f 439 442 445
f 439 445 446
f 447 439 446
f 447 446 401
f 446 448 401
f 449 401 448
f 449 448 450
f 451 449 450
f 452 451 450
f 452 450 453
f 452 453 454
f 452 454 455
f 452 455 312
f 456 455 454
f 456 454 457
f 302 456 457
f 302 457 458
f 302 458 459
f 459 458 460
f 459 460 461
f 459 461 462
f 459 462 463
f 459 463 301
f 203 301 463
f 203 463 464
f 464 463 462
f 464 462 465
f 464 465 209
f 465 462 466
f 465 466 467
f 465 467 468
f 465 468 469
f 465 469 211
f 469 468 470
f 471 469 470
f 471 470 472
f 473 471 472
f 473 472 474
f 473 474 475
f 476 473 475
f 476 475 477
f 478 476 477
f 478 477 479
f 480 478 479
f 480 479 481
f 482 480 481
f 482 481 483
f 482 483 484
f 485 482 484
f 485 484 486
f 487 485 486
f 487 486 488
f 489 487 488
f 489 488 490
f 491 489 490
f 491 490 492
f 491 492 493
f 491 493 494
f 495 491 494
f 495 494 496
f 495 496 497
f 495 497 498
f 499 495 498
f 499 498 500
f 499 500 501
f 499 501 502
f 499 502 503
f 499 503 504
f 499 504 505
f 504 506 505
f 505 506 489
f 504 507 506
f 507 508 506
f 506 508 487
f 507 509 508
f 509 510 508
f 508 510 485
f 509 511 510
f 511 512 510
f 510 512 482
f 511 513 512
f 513 514 512
f 514 515 512
f 512 515 480
f 515 516 480
f 516 517 480
f 518 517 516
f 519 518 516
f 519 516 514
f 520 519 514
f 520 514 521
f 520 521 522
f 520 522 523
f 520 523 524
f 525 524 523
f 526 525 523
f 526 523 527
f 527 528 526
f 528 529 526
f 529 530 526
f 526 530 531
f 531 530 532
f 531 532 533
f 534 531 533
f 535 534 533
f 535 533 536
f 535 536 537
f 535 537 538
f 539 535 538
f 539 538 540
f 541 539 540
f 541 540 542
f 543 541 542
f 543 542 544
f 545 543 544
f 545 544 546
f 547 545 546
f 547 546 548
f 549 547 548
f 549 548 550
f 551 549 550
f 551 550 552
f 553 551 552
f 553 552 554
f 555 553 554
f 555 554 556
f 557 555 556
f 557 556 558
f 559 557 558
f 559 558 560
f 561 559 560
f 561 560 562
f 563 561 562
f 563 562 564
f 565 563 564
f 565 564 566
f 567 565 566
f 567 566 568
f 569 567 568
f 569 568 570
f 571 569 570
f 571 570 572
f 573 571 572
f 573 572 574
f 575 573 574
f 575 574 576
f 577 575 576
f 577 576 578
f 579 577 578
f 579 578 580
f 581 579 580
f 581 580 582
f 583 581 582
f 583 582 584
f 583 584 585
f 586 583 585
f 587 586 585
f 588 586 587
f 588 587 589
f 590 588 589
f 590 589 591
f 592 590 591
f 592 591 593
f 594 592 593
f 594 593 595
f 596 594 595
f 596 595 597
f 598 596 597
f 598 597 599
f 600 598 599
f 600 599 601
f 602 600 601
f 602 601 603
f 604 602 603
f 604 603 605
f 606 604 605
f 606 605 607
f 608 606 607
f 608 607 609
f 610 608 609
f 610 609 611
f 612 610 611
f 612 611 613
f 614 612 613
f 614 613 615
f 616 614 615
f 616 615 617
f 618 616 617
f 618 617 619
f 620 618 619
f 620 619 621
f 622 620 621
f 622 621 623
f 624 622 623
f 624 623 625
f 626 624 625
f 626 625 627
f 628 626 627
f 628 627 629
f 630 628 629
f 630 629 631
f 632 630 631
f 632 631 633
f 634 632 633
f 634 633 635
f 636 634 635
f 636 635 637
f 638 636 637
f 638 637 639
f 640 638 639
f 640 639 641
f 642 640 641
f 642 641 643
f 644 642 643
f 644 643 645
f 646 644 645
f 646 645 647
f 648 646 647
f 648 647 649
f 650 648 649
f 650 649 651
f 652 650 651
f 652 651 653
f 654 652 653
f 654 653 655
f 654 655 656
f 654 656 657
f 654 657 658
f 654 658 659
f 660 659 658
f 661 660 658
f 661 658 662
f 661 662 663
f 664 661 663
f 664 663 665
f 666 664 665
f 666 665 667
f 668 666 667
f 669 668 667
f 669 667 670
f 669 670 671
f 669 671 672
f 669 672 673
f 669 673 674
f 675 669 674
f 675 674 676
f 677 675 676
f 677 676 678
f 677 678 679
f 680 677 679
f 680 679 681
f 681 682 680
f 683 680 682
f 682 684 683
f 684 682 685
f 686 684 685
f 687 686 685
f 687 685 688
f 689 687 688
f 689 688 690
f 691 689 690
f 691 690 692
f 691 692 693
f 694 691 693
f 695 694 693
f 695 693 696
f 695 696 697
f 695 697 698
f 699 695 698
f 699 698 700
f 699 700 701
f 699 701 694
f 702 694 701
f 703 702 701
f 704 703 701
f 704 701 705
f 704 705 706
f 704 706 707
f 708 704 707
f 707 709 708
f 709 710 708
f 708 710 711
f 708 711 703
f 712 703 711
f 712 711 713
f 714 712 713
f 715 714 713
f 715 713 716
f 715 716 717
f 715 717 718
f 719 715 718
f 719 718 720
f 720 718 721
f 722 720 721
f 723 722 721
f 724 723 721
f 721 725 724
f 725 726 724
f 727 724 726
f 726 728 727
f 729 727 728
f 725 729 728
f 730 729 725
f 725 731 730
f 731 732 730
f 733 730 732
f 732 734 733
f 735 733 734
f 735 734 736
f 736 737 735
f 738 735 737
f 737 739 738
f 738 739 740
f 740 741 738
f 741 742 738
f 741 722 742
f 740 722 741
f 740 739 743
f 720 740 743
f 715 720 743
f 739 714 743
f 744 714 739
f 744 739 745
f 744 745 746
f 747 744 746
f 747 746 748
f 749 747 748
f 749 748 750
f 749 750 751
f 752 749 751
f 752 751 753
f 752 753 754
f 755 752 754
f 755 754 756
f 755 756 757
f 758 755 757
f 758 757 759
f 760 758 759
f 760 759 761
f 760 761 762
f 763 760 762
f 763 762 764
f 765 763 764
f 765 764 766
f 765 766 767
f 765 767 768
f 769 765 768
f 769 768 770
f 769 770 771
f 772 769 771
f 772 771 773
f 772 773 774
f 772 774 775
f 772 775 776
f 772 776 777
f 772 777 778
f 778 777 779
f 778 779 780
f 778 780 781
f 778 781 782
f 778 782 769
f 781 783 782
f 782 783 763
f 781 784 783
f 784 785 783
f 783 785 760
f 784 786 785
f 786 787 785
f 785 787 758
f 786 788 787
f 788 789 787
f 787 789 755
f 788 790 789
f 790 791 789
f 789 791 752
f 790 792 791
f 792 793 791
f 791 793 749
f 792 794 793
f 794 795 793
f 793 795 747
f 794 796 795
f 795 796 797
f 795 797 798
f 795 798 799
f 795 799 744
f 744 799 800
f 799 801 800
f 801 712 800
f 802 712 801
f 802 801 803
f 802 803 804
f 805 802 804
f 805 804 806
f 807 805 806
f 807 806 808
f 809 807 808
f 809 808 810
f 811 809 810
f 811 810 812
f 813 811 812
f 814 813 812
f 814 812 815
f 816 814 815
f 816 815 817
f 818 816 817
f 818 817 819
f 818 819 820
f 818 820 821
f 818 821 822
f 822 821 823
f 822 823 824
f 822 824 814
f 824 825 814
f 825 826 814
f 825 813 826
f 824 827 825
f 827 828 825
f 828 829 825
f 829 830 825
f 830 831 825
f 832 825 831
f 832 831 833
f 832 833 834
f 835 832 834
f 835 834 836
f 835 836 837
f 838 835 837
f 838 837 839
f 839 840 838
f 838 840 841
f 842 838 841
f 841 843 842
f 843 814 842
f 814 844 842
f 844 816 842
f 816 845 842
f 845 817 842
f 842 817 846
f 842 846 847
f 842 847 848
f 842 848 849
f 842 849 850
f 842 850 835
f 835 850 851
f 835 851 852
f 851 853 852
f 854 852 853
f 855 854 853
f 855 853 856
f 855 856 857
f 855 857 858
f 855 858 859
f 855 859 860
f 861 855 860
f 861 860 862
f 861 862 863
f 864 861 863
f 865 864 863
f 866 865 863
f 867 866 863
f 867 863 860
f 867 868 866
f 869 866 868
f 868 870 869
f 870 871 869
f 871 872 869
f 872 851 869
f 873 869 851
f 874 873 851
f 875 874 851
f 875 851 876
f 877 875 876
f 878 877 876
f 879 878 876
f 880 879 876
f 880 876 849
f 849 881 880
f 882 880 881
f 881 846 882
f 883 846 881
f 884 883 881
f 884 885 883
f 885 886 883
f 883 886 887
f 883 887 817
f 887 888 817
f 880 817 888
f 880 888 889
f 889 890 880
f 890 889 891
f 891 892 890
f 890 892 893
f 890 893 894
f 890 894 895
f 879 890 895
f 895 894 896
f 896 897 895
f 897 898 895
f 878 895 898
f 897 899 898
f 900 898 899
f 901 900 899
f 899 902 901
f 901 902 903
f 903 904 901
f 905 901 904
f 906 905 904
f 907 906 904
f 907 904 875
f 875 904 908
f 908 909 875
f 908 910 909
f 910 911 909
f 909 911 874
f 912 874 911
f 913 912 911
f 911 914 913
f 914 915 913
f 913 915 916
f 913 916 917
f 913 917 869
f 918 913 869
f 912 918 869
f 869 917 865
f 917 919 865
f 865 919 920
f 919 921 920
f 697 920 921
f 697 922 920
f 922 864 920
f 922 923 864
f 924 923 922
f 925 924 922
f 925 922 926
f 696 925 926
f 696 927 925
f 927 928 925
f 929 925 928
f 928 930 929
f 930 931 929
f 931 932 929
f 931 933 932
f 932 933 934
f 934 935 932
f 936 932 935
f 937 936 935
f 937 935 938
f 939 937 938
f 939 938 940
f 941 939 940
f 941 940 942
f 943 941 942
f 943 942 944
f 945 943 944
f 945 944 946
f 947 945 946
f 947 946 948
f 947 948 949
f 950 947 949
f 950 949 951
f 952 950 951
f 951 953 952
f 952 953 954
f 954 955 952
f 954 956 955
f 950 955 956
f 957 956 954
f 957 954 958
f 957 958 959
f 957 959 960
f 960 961 957
f 960 962 961
f 956 961 962
f 956 962 947
f 962 960 947
f 963 947 960
f 960 964 963
f 963 964 965
f 965 964 966
f 965 966 967
f 965 967 943
f 968 943 967
f 967 966 968
f 968 966 969
f 968 969 970
f 968 970 939
f 970 969 936
f 936 969 924
f 969 971 924
f 969 966 971
f 966 972 971
f 971 972 973
f 971 973 923
f 923 973 861
f 973 974 861
f 975 974 973
f 976 975 973
f 977 975 976
f 976 978 977
f 977 978 979
f 980 977 979
f 981 980 979
f 982 981 979
f 982 979 983
f 982 983 984
f 982 984 985
f 985 986 982
f 987 982 986
f 987 986 988
f 987 988 989
f 990 987 989
f 990 989 991
f 990 991 992
f 993 990 992
f 993 992 994
f 993 994 995
f 993 995 996
f 993 996 997
f 997 996 998
f 998 999 997
f 997 999 1000
f 1001 997 1000
f 1001 1000 981
f 1000 1002 981
f 1002 1003 981
f 981 1003 684
f 684 1004 981
f 1005 981 1004
f 1003 1005 1004
f 1004 684 1003
f 1002 1005 1003
f 1006 1005 1002
f 975 1005 1006
f 975 1006 1007
f 1006 1000 1007
f 1008 1007 1000
f 1009 1008 1000
f 1010 1009 1000
f 1011 1010 1000
f 1000 1012 1011
f 1013 1011 1012
f 1014 1013 1012
f 1014 1012 1010
f 1014 1015 1013
f 686 1015 1014
f 686 1014 1016
f 1017 686 1016
f 1017 1016 1011
f 1018 1017 1011
f 1019 1018 1011
f 1019 1011 1020
f 1019 1020 1021
f 827 1019 1021
f 827 1022 1019
f 1023 1019 1022
f 1023 1022 1024
f 1023 1024 1025
f 1023 1025 1017
f 1017 1025 1026
f 1017 1026 684
f 1026 680 684
f 1026 1025 680
f 680 1025 1027
f 1027 1025 1028
f 1027 1028 666
f 1028 1029 666
f 1028 1025 1029
f 1025 1030 1029
f 1030 1031 1029
f 1031 1032 1029
f 1029 1032 1033
f 1029 1033 661
f 1033 1032 661
f 1031 1034 1032
f 1035 1032 1034
f 1035 1034 1036
f 1035 1036 1037
f 1036 1038 1037
f 1032 1037 1038
f 1039 1032 1038
f 1040 1039 1038
f 1041 1040 1038
f 1042 1041 1038
f 1042 1038 1043
f 638 1042 1043
f 1043 1038 1044
f 1045 1043 1044
f 1045 1044 1046
f 1047 1045 1046
f 1048 1047 1046
f 1048 1046 1049
f 1050 1048 1049
f 1051 1050 1049
f 1051 1049 1052
f 1053 1051 1052
f 1054 1053 1052
f 1055 1054 1052
f 1056 1055 1052
f 1056 1052 1057
f 1058 1056 1057
f 1058 1057 1059
f 1060 1058 1059
f 1061 1060 1059
f 1062 1061 1059
f 1063 1062 1059
f 1064 1063 1059
f 1065 1064 1059
f 1066 1065 1059
f 1066 1059 1067
f 1068 1066 1067
f 1069 1068 1067
f 1070 1069 1067
f 1070 1067 1071
f 1072 1070 1071
f 1073 1072 1071
f 1073 1071 1074
f 1075 1073 1074
f 1075 1074 1076
f 1077 1075 1076
f 1077 1076 1078
f 1077 1078 1079
f 1077 1079 1080
f 1077 1080 1081
f 1082 1077 1081
f 1083 1082 1081
f 1084 1083 1081
f 1084 1085 1083
f 1083 1085 1086
f 1083 1086 1087
f 1083 1087 1088
f 1089 1083 1088
f 1089 1088 20
f 16 1089 20
f 16 1090 1089
f 1089 1090 1091
f 1089 1091 1092
f 1091 1082 1092
f 1091 1093 1082
f 1091 1094 1093
f 1093 1094 1095
f 1093 1095 1096
f 1093 1096 1077
f 1096 1095 1097
f 1096 1097 1098
f 1096 1098 1075
f 1098 1097 1099
f 1098 1099 1100
f 1098 1100 1073
f 1100 1099 1101
f 1100 1101 1102
f 1100 1102 1072
f 1102 1101 1103
f 1104 1102 1103
f 594 1104 1103
f 1104 1105 1102
f 1105 1106 1102
f 1106 1107 1102
f 1107 1108 1102
f 1102 1108 1070
f 1108 1109 1070
f 1109 1110 1070
f 1110 1111 1070
f 604 1111 1110
f 604 1069 1111
f 602 1110 1109
f 600 1109 1108
f 600 1108 1107
f 598 1107 1106
f 596 1106 1105
f 596 1105 1104
f 1112 1103 1101
f 1113 1112 1101
f 1114 1113 1101
f 1114 1101 1115
f 1114 1115 1116
f 588 1114 1116
f 1117 1116 1115
f 1118 1117 1115
f 1119 1118 1115
f 1120 1119 1115
f 1121 1120 1115
f 1121 1115 1122
f 1123 1121 1122
f 1123 1122 1124
f 1125 1123 1124
f 1125 1124 1126
f 1127 1125 1126
f 1127 1126 1128
f 1129 1127 1128
f 1129 1128 1130
f 3 1129 1130
f 3 1130 14
f 1094 1130 1128
f 1094 1131 1130
f 1131 15 1130
f 1132 1127 1129
f 1132 1129 2
f 1132 2 1133
f 1132 1133 1134
f 1135 1132 1134
f 1135 1134 1136
f 1137 1135 1136
f 1137 1136 1138
f 1139 1137 1138
f 1139 1138 1140
f 1141 1139 1140
f 1141 1140 1142
f 1143 1141 1142
f 1144 1143 1142
f 1145 1144 1142
f 1145 1142 1146
f 569 1145 1146
f 1146 1142 1147
f 567 1146 1147
f 1147 1142 1148
f 1147 1148 1149
f 1150 1147 1149
f 1151 1150 1149
f 1152 1151 1149
f 1153 1152 1149
f 1154 1153 1149
f 1154 1149 1155
f 1156 1154 1155
f 1157 1156 1155
f 1158 1157 1155
f 1159 1158 1155
f 1160 1159 1155
f 1160 1155 1161
f 1162 1160 1161
f 1162 1161 1163
f 1164 1162 1163
f 1165 1164 1163
f 1166 1165 1163
f 1167 1166 1163
f 1167 1163 1168
f 1169 1167 1168
f 534 1169 1168
f 539 1167 1169
f 1170 1168 1163
f 1170 1163 1171
f 1170 1171 1172
f 1170 1172 1173
f 525 1170 1173
f 518 1173 1172
f 518 1172 1174
f 1174 1172 1175
f 1174 1175 1176
f 1177 1174 1176
f 1177 1176 225
f 224 1174 1177
f 1176 1175 1178
f 1176 1178 1179
f 1176 1179 227
f 1179 1178 227
f 1178 1180 227
f 227 1180 1181
f 1181 1180 1149
f 1178 1155 1180
f 1182 1155 1178
f 1182 1178 1171
f 1182 1171 1161
f 1171 1178 1175
f 1171 1175 1172
f 525 1168 1170
f 525 531 1168
f 541 1166 1167
f 543 1165 1166
f 545 1164 1165
f 547 1162 1164
f 1171 1163 1161
f 549 1160 1162
f 1182 1161 1155
f 551 1159 1160
f 553 1158 1159
f 555 1157 1158
f 557 1156 1157
f 559 1154 1156
f 1180 1155 1149
f 561 1153 1154
f 561 1152 1153
f 563 1151 1152
f 565 1150 1151
f 565 1147 1150
f 1181 1149 1148
f 1183 1181 1148
f 1184 1183 1148
f 1184 1148 1185
f 1186 1184 1185
f 1186 1185 1187
f 1188 1186 1187
f 1188 1187 1189
f 1190 1188 1189
f 1190 1189 1191
f 1192 1190 1191
f 1192 1191 237
f 237 1191 243
f 243 1191 1193
f 1133 1193 1191
f 1133 1194 1193
f 244 1193 1194
f 1133 1195 1194
f 246 1194 1195
f 1196 246 1195
f 1196 1197 246
f 246 1197 249
f 249 1197 1198
f 249 1198 1199
f 1198 1197 1199
f 1197 1133 1199
f 1199 1133 1200
f 1199 1200 2
f 1199 2 4
f 1201 1199 4
f 1202 1201 4
f 7 1201 1202
f 1203 1201 7
f 1203 7 1204
f 1203 1204 1205
f 1206 1203 1205
f 1206 1205 1207
f 1207 1208 1206
f 1208 1209 1206
f 1210 1206 1209
f 1209 1211 1210
f 1211 1212 1210
f 1213 1210 1212
f 1213 1212 1214
f 1213 1214 1215
f 1213 1215 1216
f 1213 1216 1217
f 1213 1217 59
f 1218 1213 59
f 1218 1219 1213
f 1219 1220 1213
f 1213 1220 1221
f 1222 1213 1221
f 1221 1212 1222
f 1212 1223 1222
f 1210 1222 1223
f 1210 1223 1224
f 1224 1203 1210
f 1225 1224 1223
f 1209 1225 1223
f 1221 1224 1225
f 1226 1221 1225
f 1225 1227 1226
f 1226 1227 1228
f 1228 1227 1229
f 1229 1221 1228
f 1221 1229 1230
f 1221 1230 1231
f 1231 252 1221
f 252 1232 1221
f 254 1231 1230
f 156 254 1230
f 156 1230 1227
f 156 1227 149
f 1227 138 149
f 1233 138 1227
f 1233 135 138
f 1234 135 1233
f 1234 1233 1235
f 1234 1235 1236
f 1236 1237 1234
f 1238 1234 1237
f 1239 1238 1237
f 1239 1240 1238
f 1241 1238 1240
f 1240 1234 1241
f 1242 1234 1240
f 1243 1234 1242
f 1242 125 1243
f 1243 125 1244
f 1243 1244 129
f 1245 129 1244
f 129 1245 125
f 1244 125 1245
f 1239 125 1242
f 1246 125 1239
f 1246 1239 1236
f 1247 1246 1236
f 1236 1248 1247
f 1249 1247 1248
f 1248 1250 1249
f 1250 1246 1249
f 1251 1246 1250
f 1252 1246 1251
f 1253 1252 1251
f 1251 1235 1253
f 1253 1235 1254
f 1235 1255 1254
f 1256 1254 1255
f 1255 1204 1256
f 1256 1204 1257
f 1258 1257 1204
f 1204 1259 1258
f 1259 31 1258
f 1260 1258 31
f 31 1257 1260
f 31 1254 1257
f 1252 1254 31
f 1261 31 1259
f 1261 1259 1262
f 1261 1262 19
f 1262 1259 7
f 1262 7 18
f 1258 1260 1257
f 1257 1254 1256
f 1235 1204 1255
f 1248 1235 1251
f 1252 1253 1254
f 1246 1252 31
f 1248 1251 1250
f 1249 1246 1247
f 1234 1243 130
f 1242 1240 1239
f 1241 1234 1238
f 1239 1237 1236
f 1236 1235 1248
f 1233 1208 1235
f 1235 1208 1263
f 1205 1235 1263
f 1263 1264 1205
f 1264 59 1205
f 1265 1205 59
f 1266 1265 59
f 1265 1266 1217
f 1217 1264 1265
f 1264 1207 1265
f 1217 1267 1264
f 1268 1264 1267
f 1268 1267 59
f 59 1267 1269
f 1269 1267 1270
f 61 1269 1270
f 1270 1271 61
f 1271 1272 61
f 1271 1273 1272
f 1272 1273 1274
f 1274 1275 1272
f 1275 62 1272
f 1275 1274 1276
f 1275 1276 1277
f 1277 63 1275
f 1277 1278 63
f 1279 1278 1277
f 1279 1277 1280
f 1281 1279 1280
f 1281 1280 1282
f 1283 1281 1282
f 1283 1282 65
f 1283 65 1278
f 1284 1282 1280
f 1284 1280 1285
f 1284 1285 1286
f 1286 1287 1284
f 1287 1288 1284
f 1284 1288 1289
f 1284 1289 1290
f 1290 1291 1284
f 1290 1292 1291
f 1292 66 1291
f 1291 66 1282
f 1292 1290 1293
f 1294 1292 1293
f 1294 1293 1295
f 1295 1296 1294
f 1295 1297 1296
f 1298 1296 1297
f 1299 1298 1297
f 1299 1297 1300
f 1299 1300 1301
f 1301 1302 1299
f 1299 1302 1303
f 1303 71 1299
f 1304 1299 71
f 1305 1299 1304
f 1305 1304 68
f 1296 1305 68
f 1292 1296 68
f 1296 1306 1305
f 1306 1296 1307
f 1307 1299 1306
f 1308 1299 1307
f 1308 1307 1298
f 1306 1299 1305
f 1302 1309 1303
f 1303 1309 1310
f 1310 72 1303
f 72 1310 1311
f 73 1311 1310
f 73 1310 1312
f 73 1312 1313
f 1314 73 1313
f 1314 1313 1315
f 1314 1315 1316
f 1314 1316 1317
f 1318 1314 1317
f 1319 1318 1317
f 1317 1320 1319
f 1321 1319 1320
f 1322 1321 1320
f 1323 1322 1320
f 1324 1323 1320
f 1325 1324 1320
f 1325 1320 1326
f 1325 1326 1327
f 1325 1327 1328
f 1328 1329 1325
f 1329 1330 1325
f 1331 1330 1329
f 1332 1331 1329
f 1331 1332 1333
f 1334 1333 1332
f 1330 1334 1332
f 1330 1332 1335
f 1335 1336 1330
f 1328 1330 1336
f 1328 1336 1332
f 1335 1332 1336
f 1334 1330 1337
f 1338 1334 1337
f 1337 1339 1338
f 1340 1338 1339
f 1340 1339 1341
f 1340 1341 1342
f 1342 1343 1340
f 1340 1343 1344
f 1340 1344 1345
f 1345 1346 1340
f 1345 1347 1346
f 1346 1347 1338
f 1347 1345 1318
f 1318 1334 1347
f 1318 1326 1334
f 1345 1344 1314
f 1314 1344 75
f 75 1344 79
f 75 79 1348
f 1343 1349 1344
f 1344 1349 80
f 1349 1350 80
f 80 1350 1351
f 1352 1351 1350
f 1352 1353 1351
f 1353 1354 1351
f 1354 1355 1351
f 81 1351 1355
f 1356 81 1355
f 1356 1355 1357
f 1356 1357 1358
f 1359 1356 1358
f 1358 1360 1359
f 40 1359 1360
f 40 1361 1359
f 82 1359 1361
f 82 1361 1362
f 40 1362 1361
f 1363 1362 40
f 101 1363 40
f 101 40 1364
f 97 1364 40
f 85 1364 97
f 85 97 1365
f 85 1365 40
f 1365 22 40
f 22 1365 1366
f 22 1366 95
f 1365 95 1366
f 85 1362 1364
f 101 1364 1363
f 1363 1364 1362
f 1358 1367 1360
f 1360 1367 1368
f 1360 1368 1369
f 1360 1369 1370
f 1360 1370 42
f 42 1370 101
f 101 1369 42
f 1369 101 1370
f 1368 42 1369
f 1367 1371 1368
f 1371 44 1368
f 44 1371 1372
f 1372 1367 44
f 44 1367 1373
f 44 1373 1374
f 44 1374 1375
f 1376 1375 1374
f 1377 1376 1374
f 1377 1378 1376
f 1377 1379 1378
f 1378 1379 1380
f 1378 1380 1381
f 1375 1378 1381
f 1375 1381 1382
f 1382 1383 1375
f 1384 1375 1383
f 1384 1383 1385
f 1384 1385 1386
f 1387 1384 1386
f 1387 1386 1388
f 1387 1388 1389
f 1387 1389 1390
f 1387 1390 1391
f 1387 1391 1392
f 1387 1392 1393
f 1394 1387 1393
f 1394 1393 1395
f 48 1394 1395
f 48 1384 1394
f 1395 1393 1396
f 1395 1396 49
f 1393 1397 1396
f 1397 1398 1396
f 1396 1398 1399
f 1396 1399 1400
f 1396 1400 1401
f 1402 1396 1401
f 1402 1401 1403
f 1404 1402 1403
f 1404 1403 1405
f 1406 1404 1405
f 1406 1405 1407
f 1406 1407 1408
f 1406 1408 1409
f 54 1406 1409
f 54 1409 1410
f 54 1410 1411
f 1411 1410 1412
f 55 1411 1412
f 1413 55 1412
f 1413 1412 1414
f 1415 1413 1414
f 1415 1414 1416
f 1417 1415 1416
f 1417 1416 1418
f 1417 1418 1419
f 1417 1419 1420
f 1417 1420 1421
f 1421 1420 1422
f 1422 1423 1421
f 1421 1423 1219
f 1423 1424 1219
f 1425 1219 1424
f 1424 1426 1425
f 1221 1425 1426
f 1221 1426 1219
f 1219 1426 1427
f 1219 1427 1428
f 1219 1428 1429
f 1219 1429 1430
f 1430 1429 1431
f 1431 1432 1430
f 1220 1430 1432
f 1215 1220 1432
f 1432 1431 1433
f 1432 1433 1270
f 1432 1270 1216
f 1433 1434 1270
f 1433 1435 1434
f 1435 1436 1434
f 1436 1437 1434
f 1438 1434 1437
f 1438 1437 1439
f 1440 1438 1439
f 1439 1302 1440
f 1438 1440 1441
f 1441 1274 1438
f 1441 1285 1274
f 1440 1301 1441
f 1442 1441 1301
f 1289 1442 1301
f 1289 1443 1442
f 1443 1289 1444
f 1441 1443 1444
f 1444 1286 1441
f 1286 1444 1288
f 1286 1288 1445
f 1446 1445 1288
f 1275 1446 1288
f 1275 1288 1447
f 1288 1448 1447
f 1448 1445 1447
f 1445 1448 1287
f 1275 1447 1446
f 1445 1446 1447
f 1441 1442 1443
f 1309 1439 1437
f 1438 1273 1434
f 1309 1437 1436
f 1449 1309 1436
f 1309 1449 1450
f 1450 1449 1451
f 1452 1450 1451
f 1453 1452 1451
f 1453 1451 1454
f 1453 1454 1455
f 1456 1453 1455
f 1456 1455 1457
f 1456 1457 1458
f 1456 1458 1459
f 1456 1459 1460
f 1461 1456 1460
f 1461 1460 1462
f 1461 1462 1463
f 1464 1461 1463
f 1465 1464 1463
f 1466 1465 1463
f 1463 1467 1466
f 1468 1466 1467
f 1469 1468 1467
f 1469 1467 1470
f 1471 1469 1470
f 1472 1471 1470
f 1472 1470 1473
f 1474 1472 1473
f 1475 1474 1473
f 1476 1475 1473
f 1473 1477 1476
f 1478 1476 1477
f 1478 1477 1479
f 1478 1479 1480
f 1480 1481 1478
f 1482 1478 1481
f 1478 1482 1483
f 1480 1483 1482
f 1480 1484 1483
f 1485 1483 1484
f 1485 1484 1486
f 1474 1485 1486
f 1486 1487 1474
f 1488 1474 1487
f 1489 1488 1487
f 1490 1489 1487
f 1487 1491 1490
f 1492 1490 1491
f 1491 1493 1492
f 1492 1493 1494
f 1493 1495 1494
f 1494 1495 1496
f 1494 1496 1497
f 1471 1494 1497
f 1471 1497 1498
f 1498 1497 1499
f 1499 1500 1498
f 1498 1500 1501
f 1498 1501 1502
f 1502 1503 1498
f 1503 1504 1498
f 1505 1498 1504
f 1504 1506 1505
f 1465 1505 1506
f 1465 1507 1505
f 1505 1507 1469
f 1506 1504 1500
f 1504 1508 1500
f 1504 1501 1508
f 1498 1505 1469
f 1504 1503 1501
f 1509 1501 1503
f 1510 1501 1509
f 1502 1510 1509
f 1511 1510 1502
f 1512 1511 1502
f 1512 1502 1513
f 1512 1513 1514
f 1514 162 1512
f 162 1515 1512
f 1515 1516 1512
f 1516 1517 1512
f 1517 1518 1512
f 1518 1519 1512
f 1520 1512 1519
f 1520 1519 1521
f 1521 1522 1520
f 1520 1522 1523
f 1523 1522 1511
f 157 1522 1521
f 1524 1521 1519
f 160 1521 1524
f 160 1524 1515
f 1512 1520 1523
f 1524 1519 1518
f 1518 1517 1524
f 1525 1524 1517
f 1526 1525 1517
f 1526 1527 1525
f 1526 1528 1527
f 1529 1527 1528
f 1529 1528 1473
f 1473 1530 1529
f 1531 1529 1530
f 1531 1530 1532
f 1531 1532 1533
f 1533 1534 1531
f 1535 1531 1534
f 1535 1534 1536
f 1535 1536 1537
f 1535 1537 1538
f 1535 1538 1539
f 1540 1535 1539
f 1539 1541 1540
f 1540 1541 1542
f 1540 1542 1543
f 1543 1544 1540
f 1544 1545 1540
f 1546 1540 1545
f 1546 1545 1547
f 1547 1548 1546
f 1547 1535 1548
f 1549 1547 1545
f 170 1547 1549
f 170 1549 1550
f 170 1550 1551
f 1551 1550 1552
f 1551 1552 171
f 1552 1553 171
f 1554 1553 1552
f 1554 1552 1555
f 1554 1555 1556
f 1554 1556 1557
f 1554 1557 1558
f 1554 1558 1559
f 1559 1560 1554
f 1561 1554 1560
f 1561 1560 1562
f 1563 1561 1562
f 1564 1563 1562
f 1564 1562 1565
f 1566 1564 1565
f 1566 1565 1567
f 1566 1567 1568
f 1568 1569 1566
f 1570 1566 1569
f 1571 1570 1569
f 1569 1572 1571
f 1573 1571 1572
f 1573 1572 1574
f 1573 1574 1575
f 1573 1575 1576
f 1573 1576 1577
f 1577 1578 1573
f 1579 1573 1578
f 1579 1578 1580
f 1579 1580 1581
f 1582 1579 1581
f 1583 1582 1581
f 1583 1581 1584
f 1585 1583 1584
f 1584 1586 1585
f 1586 1587 1585
f 1585 1587 1588
f 1589 1585 1588
f 1585 1589 1590
f 1591 1590 1589
f 1591 1589 1587
f 1591 1592 1590
f 1593 1590 1592
f 1593 1592 1583
f 1594 1593 1583
f 1595 1594 1583
f 1595 1583 1590
f 1595 1590 1594
f 1594 1590 1593
f 1591 1596 1592
f 1582 1592 1596
f 1596 1597 1582
f 1596 1573 1597
f 1596 1598 1573
f 1573 1598 1599
f 1573 1599 1600
f 1573 1600 1601
f 1601 1600 1602
f 1601 1602 1571
f 1571 1602 1603
f 1571 1603 1604
f 1571 1604 1605
f 1605 1604 1564
f 1603 1606 1604
f 1604 1606 1607
f 1604 1607 1554
f 1604 1554 1563
f 1608 1607 1606
f 1609 1608 1606
f 1609 1606 1602
f 1610 1608 1609
f 1610 1609 1611
f 1610 1611 1612
f 1610 1612 1613
f 1610 1613 1614
f 176 1610 1614
f 1615 1614 1613
f 1616 1615 1613
f 1617 1616 1613
f 1617 1618 1616
f 1616 1618 1619
f 1620 1616 1619
f 1620 1619 1621
f 1620 1621 1615
f 1622 1615 1621
f 1622 1621 1623
f 1622 1623 1624
f 1622 1624 178
f 1624 1623 1625
f 1624 1625 1626
f 1624 1626 181
f 1626 1625 308
f 1626 308 182
f 319 1625 1623
f 319 1623 1621
f 319 1621 1619
f 1619 1618 321
f 1618 1627 321
f 1617 1627 1618
f 1628 1627 1617
f 1628 1617 1612
f 1628 1612 1629
f 1628 1629 1630
f 1631 1628 1630
f 1631 1630 1632
f 1633 1631 1632
f 1633 1632 1634
f 1633 1634 1635
f 1636 1633 1635
f 1636 1635 1637
f 1638 1636 1637
f 1638 1637 1639
f 1638 1639 1640
f 1641 1638 1640
f 1641 1640 1642
f 1643 1641 1642
f 1643 1642 1644
f 1643 1644 1645
f 1643 1645 1646
f 1643 1646 1647
f 1647 1646 337
f 1648 1647 337
f 1641 1647 1648
f 1649 1646 1645
f 1649 1645 1650
f 1649 1650 1651
f 1650 1652 1651
f 1651 1652 1653
f 1646 1651 1653
f 1653 339 1646
f 339 1653 1654
f 1655 1654 1653
f 1653 1656 1655
f 1657 1655 1656
f 1658 1655 1657
f 1658 1657 1659
f 1658 1659 1660
f 1661 1658 1660
f 1661 1660 1662
f 1661 1662 1663
f 1664 1661 1663
f 1664 1663 1665
f 1666 1664 1665
f 1666 1665 1667
f 1668 1666 1667
f 1668 1667 1669
f 1668 1669 1670
f 1671 1668 1670
f 1671 1670 1672
f 1673 1671 1672
f 1673 1672 493
f 1673 493 1674
f 1673 1674 1675
f 1673 1675 1676
f 1677 1676 1675
f 1675 1678 1677
f 1679 1677 1678
f 1679 1678 1680
f 1679 1680 1681
f 1679 1681 1682
f 1682 1681 1683
f 1682 1683 1684
f 1682 1684 1685
f 1682 1685 1686
f 1682 1686 1687
f 1682 1687 1677
f 1686 1688 1687
f 1688 1689 1687
f 1690 1687 1689
f 1668 1690 1689
f 1668 1689 1691
f 1687 1690 1676
f 1671 1676 1690
f 1689 1688 1691
f 1692 1691 1688
f 1693 1692 1688
f 1693 1694 1692
f 1695 1692 1694
f 1695 1694 1696
f 1696 1697 1695
f 1664 1695 1697
f 1697 1696 1698
f 1697 1698 1699
f 1661 1697 1699
f 1661 1699 1700
f 1655 1700 1699
f 1699 1701 1655
f 1701 1699 1698
f 1702 1701 1698
f 1703 1702 1698
f 1703 1704 1702
f 1702 1704 1705
f 1702 1705 1706
f 1706 1705 342
f 1705 1707 342
f 1708 342 1707
f 1708 1707 1709
f 1709 345 1708
f 1710 1708 345
f 1711 345 1709
f 1711 1709 1712
f 1711 1712 1713
f 1714 1711 1713
f 1715 1714 1713
f 1715 1713 1716
f 1715 1716 1717
f 1718 1717 1716
f 1718 1716 1719
f 1718 1719 1720
f 1718 1720 1721
f 1720 1722 1721
f 1723 1721 1722
f 1722 1724 1723
f 1725 1723 1724
f 1726 1725 1724
f 1726 1724 1727
f 1726 1727 1728
f 1729 1726 1728
f 1730 1729 1728
f 1731 1730 1728
f 1732 1731 1728
f 1732 1728 1733
f 1734 1732 1733
f 1735 1734 1733
f 1736 1735 1733
f 1737 1736 1733
f 1737 1733 1738
f 1739 1737 1738
f 1740 1739 1738
f 1741 1740 1738
f 1742 1741 1738
f 1743 1742 1738
f 1743 1738 1744
f 1745 1743 1744
f 1746 1745 1744
f 1747 1746 1744
f 1747 1744 1748
f 1747 1748 1749
f 1747 1749 422
f 1748 1750 1749
f 1750 1751 1749
f 1751 424 1749
f 1751 1752 424
f 1751 1753 1752
f 1754 1752 1753
f 1753 1755 1754
f 1755 427 1754
f 427 1755 1756
f 427 1756 1757
f 427 1757 1758
f 1759 1758 1757
f 1758 1759 1760
f 1760 1761 1758
f 1758 1761 429
f 1762 429 1761
f 429 1762 1763
f 1764 1763 1762
f 1764 1762 1760
f 1765 1764 1760
f 1765 1760 1766
f 1767 1765 1766
f 1750 1767 1766
f 1750 1766 1768
f 1750 1768 1769
f 1750 1769 1770
f 1769 1771 1770
f 1770 1771 1753
f 1768 1771 1769
f 1768 1759 1771
f 1756 1771 1759
f 1766 1759 1768
f 1772 1767 1750
f 1773 1772 1750
f 1773 1750 1744
f 1774 1773 1744
f 1774 1775 1773
f 1776 1773 1775
f 1777 1776 1775
f 1777 1775 1778
f 1777 1778 1779
f 1780 1779 1778
f 1780 1778 1781
f 1780 1781 1782
f 1780 1782 1783
f 1780 1783 1784
f 1783 1785 1784
f 1779 1784 1785
f 1776 1779 1785
f 1776 1785 1786
f 1787 1776 1786
f 1787 1786 1788
f 1789 1787 1788
f 1789 1788 1790
f 1791 1789 1790
f 1791 1790 1792
f 1793 1791 1792
f 1793 1792 1794
f 1795 1793 1794
f 1796 1795 1794
f 1796 1794 1797
f 1798 1796 1797
f 1798 1797 1799
f 1800 1798 1799
f 1800 1799 1801
f 1800 1801 1802
f 1800 1802 1803
f 1800 1803 1804
f 1800 1804 1805
f 1805 1804 1806
f 1805 1806 1807
f 1808 1805 1807
f 1808 1807 1809
f 1810 1808 1809
f 1810 1809 1811
f 1810 1811 1812
f 1810 1812 1813
f 1795 1810 1813
f 1814 1795 1813
f 1814 1813 1815
f 1814 1815 1793
f 1815 1813 1816
f 1817 1815 1816
f 1817 1816 1767
f 1767 1816 1818
f 1767 1818 1819
f 1767 1819 1820
f 1819 1821 1820
f 1820 1821 1764
f 1821 1822 1764
f 1822 1821 1823
f 1822 1823 431
f 1763 1822 431
f 1823 1824 431
f 1825 431 1824
f 1826 1825 1824
f 1826 1824 1827
f 1818 1826 1827
f 1828 1826 1818
f 1828 1829 1826
f 1830 1826 1829
f 1829 1831 1830
f 1830 1831 431
f 1831 1832 431
f 1832 1833 431
f 1834 1833 1832
f 1834 1832 1829
f 1833 1834 1835
f 1833 1835 433
f 1835 1836 433
f 1836 1837 433
f 1838 1837 1836
f 1838 1836 1839
f 1840 1838 1839
f 1840 1839 1841
f 1816 1840 1841
f 1816 1841 1828
f 1841 1834 1828
f 1816 1842 1840
f 1816 1843 1842
f 1843 1844 1842
f 1842 1844 1838
f 1844 1845 1838
f 1846 1838 1845
f 1846 1845 435
f 1837 1846 435
f 1845 1847 435
f 1847 1848 435
f 1848 1849 435
f 1849 1850 435
f 1850 1851 435
f 1851 1852 435
f 1852 1853 435
f 1854 1853 1852
f 1854 1852 1855
f 1856 1854 1855
f 1856 1855 1857
f 1858 1856 1857
f 1811 1858 1857
f 1811 1857 1859
f 1811 1859 1860
f 1811 1860 1843
f 1860 1861 1843
f 1860 1862 1861
f 1862 1848 1861
f 1859 1862 1860
f 1859 1855 1862
f 1855 1850 1862
f 1809 1856 1858
f 1809 1863 1856
f 1809 1864 1863
f 1864 1865 1863
f 1863 1865 1854
f 1865 1866 1854
f 1866 1865 1867
f 1866 1867 437
f 1853 1866 437
f 1867 1868 437
f 1868 1869 437
f 1869 1870 437
f 1870 1871 437
f 1872 437 1871
f 1871 1873 1872
f 1873 1874 1872
f 1874 1875 1872
f 1875 1876 1872
f 1877 1872 1876
f 1876 1878 1877
f 1878 1879 1877
f 1879 1880 1877
f 1880 1881 1877
f 1881 1882 1877
f 1882 1883 1877
f 1884 1877 1883
f 1883 1885 1884
f 1886 1884 1885
f 1887 1886 1885
f 1887 1885 1888
f 1889 1887 1888
f 1889 1888 1890
f 1889 1890 1891
f 1889 1891 1892
f 1893 1892 1891
f 1893 1891 1894
f 1893 1894 1895
f 1894 1896 1895
f 1897 1895 1896
f 1897 1896 1898
f 1899 1897 1898
f 1900 1899 1898
f 1898 1901 1900
f 1900 1901 1902
f 1903 1900 1902
f 1904 1903 1902
f 1905 1904 1902
f 1906 1905 1902
f 1907 1906 1902
f 1908 1907 1902
f 1909 1908 1902
f 1902 1910 1909
f 1911 1909 1910
f 1911 1910 1912
f 1911 1912 1913
f 1911 1913 1914
f 1911 1914 1915
f 1911 1915 1916
f 1917 1911 1916
f 1917 1916 1918
f 1919 1917 1918
f 1919 1918 1920
f 1921 1919 1920
f 1921 1920 1922
f 1923 1921 1922
f 1923 1922 1924
f 1923 1924 1925
f 1923 1925 1926
f 1923 1926 1927
f 1926 1928 1927
f 1928 1929 1927
f 1929 1930 1927
f 1930 1931 1927
f 1932 1927 1931
f 1931 1933 1932
f 1932 1933 1934
f 1932 1934 1935
f 1934 1936 1935
f 1937 1935 1936
f 1936 1933 1937
f 1937 1933 1938
f 1939 1938 1933
f 1940 1939 1933
f 443 1940 1933
f 443 1933 1941
f 443 1941 1942
f 1941 1943 1942
f 1944 1942 1943
f 1943 1928 1944
f 1945 1944 1928
f 1946 1945 1928
f 1947 1946 1928
f 1948 1947 1928
f 453 1947 1948
f 453 1948 1949
f 1948 1950 1949
f 1950 460 1949
f 457 1949 460
f 460 1950 1951
f 1951 1952 460
f 1953 1952 1951
f 1953 1951 1954
f 1953 1954 466
f 461 1953 466
f 1954 1955 466
f 1956 1955 1954
f 1956 1954 1957
f 1956 1957 1958
f 1958 1957 1951
f 1957 1959 1951
f 1954 1959 1957
f 1956 1958 1955
f 1960 1955 1958
f 1960 1958 1961
f 1960 1961 1962
f 1960 1962 472
f 1962 1961 1963
f 1962 1963 1964
f 1962 1964 474
f 1964 1963 1965
f 1964 1965 1966
f 1964 1966 475
f 1966 1965 1967
f 1966 1967 1968
f 1966 1968 1969
f 1966 1969 477
f 1969 1968 1970
f 1969 1970 1971
f 1969 1971 1972
f 1969 1972 479
f 1972 1971 1973
f 1972 1973 1974
f 1972 1974 483
f 1974 1973 1975
f 1974 1975 1976
f 1974 1976 486
f 1976 1975 1977
f 1976 1977 1978
f 1976 1978 488
f 1978 1977 1979
f 1978 1979 1980
f 1978 1980 490
f 1980 1979 1981
f 1980 1981 1982
f 1980 1982 492
f 1982 1674 492
f 1983 1674 1982
f 1983 1982 1984
f 1983 1984 1675
f 1982 1981 1984
f 1984 1981 1678
f 1981 1979 1678
f 1985 1678 1979
f 1979 1977 1985
f 1913 1985 1977
f 1977 1975 1913
f 1975 1973 1914
f 1973 1971 1915
f 1971 1970 1915
f 1968 1918 1970
f 1967 1920 1968
f 1967 1965 1963
f 1963 1922 1967
f 1963 1961 1958
f 1963 1958 1924
f 1960 467 1955
f 1960 470 467
f 1954 1951 1959
f 461 1952 1953
f 1958 1951 1950
f 1950 1925 1958
f 1948 1926 1950
f 1946 1947 1986
f 1986 445 1946
f 1987 445 1986
f 1987 1986 1947
f 1988 1987 1947
f 450 1988 1947
f 1988 450 1989
f 1989 446 1988
f 1990 446 1989
f 1990 1989 450
f 1988 446 1987
f 1946 445 1945
f 1942 1945 445
f 1945 1942 1944
f 1943 1941 1929
f 1991 1940 443
f 1992 1940 1991
f 1992 1991 1877
f 1992 1993 1940
f 1886 1993 1992
f 1886 1994 1993
f 1993 1994 1995
f 1993 1995 1939
f 1995 1996 1939
f 1997 1939 1996
f 1996 1998 1997
f 1938 1997 1998
f 1935 1938 1998
f 1921 1935 1998
f 1921 1927 1935
f 1998 1996 1999
f 1998 1999 2000
f 2000 2001 1998
f 1919 1998 2001
f 1917 2001 2000
f 1917 2000 2002
f 2000 2003 2002
f 2003 2004 2002
f 2004 2005 2002
f 2006 2002 2005
f 2006 2005 2007
f 2008 2006 2007
f 2009 2008 2007
f 2010 2009 2007
f 2011 2010 2007
f 1994 2011 2007
f 1887 2011 1994
f 1887 1892 2011
f 2011 1892 2010
f 1892 1899 2010
f 1899 1903 2010
f 1892 1895 1899
f 2009 2010 1908
f 2008 2009 1909
f 2006 2008 1909
f 2002 2006 1909
f 2004 2007 2005
f 2007 2004 2003
f 2007 2003 2012
f 2007 2012 2013
f 2007 2013 2014
f 2007 2014 2015
f 2007 2015 2016
f 2007 2016 1995
f 1999 1995 2016
f 2016 2015 2000
f 2015 2014 2000
f 2014 2013 2000
f 2012 2000 2013
f 2000 2012 2003
f 1999 2016 2000
f 1996 1995 1999
f 1994 2007 1995
f 1940 1993 1939
f 1938 1939 1997
f 1935 1937 1938
f 1934 1933 1936
f 1933 1931 1941
f 1927 1932 1935
f 1930 1941 1931
f 1929 1941 1930
f 1928 1943 1929
f 1948 1928 1926
f 1926 1925 1950
f 1925 1924 1958
f 1922 1963 1924
f 1923 1927 1921
f 1920 1967 1922
f 1921 1998 1919
f 1918 1968 1920
f 1919 2001 1917
f 1918 1916 1970
f 1917 2002 1911
f 1916 1915 1970
f 1915 1914 1973
f 1914 1913 1975
f 1912 1985 1913
f 1912 2017 1985
f 2017 1680 1985
f 2017 2018 1680
f 2017 2019 2018
f 2018 2019 1681
f 2020 1681 2019
f 2021 2020 2019
f 1901 2021 2019
f 1898 2020 2021
f 2020 1898 2022
f 2022 2023 2020
f 2022 2024 2023
f 1681 2023 2024
f 1681 2024 2025
f 2024 2022 2025
f 2026 2025 2022
f 2027 2026 2022
f 1896 2027 2022
f 1896 2028 2027
f 2028 2029 2027
f 2029 2030 2027
f 2030 2031 2027
f 2031 2032 2027
f 2033 2027 2032
f 1684 2033 2032
f 1684 2032 2031
f 1684 2031 2030
f 1684 2030 2034
f 1684 2034 2035
f 2029 2035 2034
f 2029 2036 2035
f 2036 1685 2035
f 1685 2036 2037
f 1685 2037 2038
f 2039 2038 2037
f 2040 2039 2037
f 2040 2037 2029
f 2041 2040 2029
f 2041 2042 2040
f 2042 2043 2040
f 2040 2043 2044
f 2045 2040 2044
f 2044 2046 2045
f 2038 2045 2046
f 1693 2038 2046
f 1693 2046 1703
f 1703 2046 2047
f 1703 2047 2048
f 2047 2049 2048
f 2050 2048 2049
f 2050 2049 2043
f 2051 2050 2043
f 2043 2052 2051
f 2053 2051 2052
f 2054 2053 2052
f 2055 2054 2052
f 2056 2055 2052
f 2057 2056 2052
f 2058 2057 2052
f 2059 2058 2052
f 2052 2060 2059
f 2061 2059 2060
f 2062 2061 2060
f 2060 1709 2062
f 1705 2061 2062
f 2061 1705 2059
f 1716 2060 2052
f 2063 1716 2052
f 2058 2059 1705
f 1704 2057 2058
f 1704 2056 2057
f 2056 1704 2048
f 2048 2055 2056
f 2048 2054 2055
f 2048 2053 2054
f 2048 2051 2053
f 2063 2052 2043
f 2049 2064 2043
f 2064 2065 2043
f 2065 2066 2043
f 2066 2067 2043
f 2067 2068 2043
f 2068 2069 2043
f 2046 2069 2068
f 2046 2068 2067
f 2066 2047 2067
f 2047 2066 2065
f 2047 2065 2064
f 2048 2050 2051
f 2047 2064 2049
f 2046 2067 2047
f 1686 2038 1693
f 2038 2070 2045
f 2046 2044 2069
f 2040 2045 2070
f 2069 2044 2043
f 2042 2063 2043
f 1719 2063 2042
f 1719 2042 2071
f 1719 2071 2072
f 2071 2073 2072
f 2073 2074 2072
f 2075 2072 2074
f 2075 2074 2076
f 2077 2075 2076
f 2078 2077 2076
f 2078 2076 2079
f 2078 2079 2080
f 2081 2078 2080
f 2082 2081 2080
f 2083 2082 2080
f 2083 2080 2084
f 2085 2083 2084
f 2086 2085 2084
f 2087 2086 2084
f 2087 2084 2088
f 2087 2088 1727
f 2087 1727 2089
f 1728 2088 2084
f 2090 1728 2084
f 2090 2084 2091
f 2090 2091 2092
f 2093 2090 2092
f 2094 2093 2092
f 2094 2092 2095
f 2094 2095 2096
f 2097 2096 2095
f 2097 2095 2098
f 2097 2098 2099
f 2097 2099 2100
f 2097 2100 2101
f 2102 2101 2100
f 2102 2100 2103
f 2102 2103 2104
f 2104 2105 2102
f 2106 2102 2105
f 2105 1792 2106
f 2102 2106 2107
f 1785 2107 2106
f 2105 2104 1801
f 1801 1794 2105
f 2104 2108 1801
f 2109 2108 2104
f 2110 2109 2104
f 2110 2111 2109
f 2109 2111 2112
f 2113 2109 2112
f 2113 2112 1804
f 2113 1803 2109
f 2111 2114 2112
f 2114 1806 2112
f 2114 2115 1806
f 1806 2115 2116
f 1806 2116 2117
f 1806 2117 2118
f 1806 2118 2119
f 1806 2119 2120
f 1806 2120 2121
f 2120 2122 2121
f 2121 2122 2123
f 2121 2123 2124
f 1807 2121 2124
f 1807 2124 2125
f 1807 2125 2126
f 1807 2126 2127
f 2126 2128 2127
f 2127 2128 2129
f 2127 2129 2130
f 1809 2127 2130
f 1809 2130 2131
f 2130 2132 2131
f 2131 2132 2133
f 2131 2133 1864
f 2132 1869 2133
f 2130 2129 2132
f 2129 1873 2132
f 2128 1874 2129
f 2126 2134 2128
f 2134 1875 2128
f 2125 2134 2126
f 2125 2135 2134
f 2135 1879 2134
f 2124 2135 2125
f 2124 2123 2135
f 2123 1880 2135
f 2123 2122 2136
f 2136 1882 2123
f 2137 2136 2122
f 2122 2138 2137
f 2139 2137 2138
f 2140 2139 2138
f 2120 2140 2138
f 2139 2140 2141
f 1885 2139 2141
f 1885 2141 2142
f 1885 2142 2143
f 2143 2144 1885
f 2145 1885 2144
f 2145 2144 2146
f 2146 2147 2145
f 2148 2145 2147
f 2147 2149 2148
f 2150 2148 2149
f 2151 2150 2149
f 2152 2151 2149
f 2149 2153 2152
f 2154 2152 2153
f 2153 2155 2154
f 2156 2154 2155
f 2155 2157 2156
f 2158 2156 2157
f 2157 2159 2158
f 2160 2158 2159
f 2159 2161 2160
f 2162 2160 2161
f 2162 2161 1890
f 2163 1890 2161
f 2164 1890 2163
f 2165 2164 2163
f 2166 2165 2163
f 2163 2159 2166
f 2167 2166 2159
f 2167 2159 2168
f 2167 2168 2169
f 2170 2167 2169
f 2171 2170 2169
f 2172 2171 2169
f 2173 2172 2169
f 2173 2169 2174
f 2175 2173 2174
f 2176 2175 2174
f 2177 2176 2174
f 2178 2177 2174
f 2178 2174 2080
f 2098 2080 2174
f 2179 2098 2174
f 2178 2180 2177
f 2177 2180 2181
f 2180 2182 2181
f 2183 2181 2182
f 2073 2183 2182
f 2073 2182 2184
f 2073 2184 2185
f 2186 2073 2185
f 2187 2073 2186
f 2186 2180 2187
f 2188 2187 2180
f 2187 2188 2189
f 2190 2189 2188
f 2191 2190 2188
f 2079 2191 2188
f 2079 2188 2178
f 2190 2191 2192
f 2192 2073 2190
f 2193 2073 2192
f 2192 2076 2193
f 2076 2192 2191
f 2190 2073 2189
f 2180 2186 2184
f 2189 2073 2187
f 2186 2185 2184
f 2073 2194 2183
f 2194 2195 2183
f 2195 2194 2196
f 2195 2196 2197
f 2175 2195 2197
f 2198 2197 2196
f 2198 2196 2199
f 2199 2200 2198
f 2198 2200 2201
f 2200 2202 2201
f 2201 2202 2203
f 2204 2201 2203
f 2204 2203 2205
f 2205 2206 2204
f 2172 2204 2206
f 2206 2205 2207
f 2207 2208 2206
f 2171 2206 2208
f 2208 2207 2165
f 2165 2207 2202
f 2205 2202 2207
f 2201 2204 2197
f 2173 2197 2204
f 2203 2202 2205
f 2199 2202 2200
f 2209 2202 2199
f 2210 2209 2199
f 2210 2199 2073
f 2210 2028 2209
f 2210 2041 2028
f 2071 2041 2210
f 2209 1894 2202
f 2197 2198 2201
f 2194 2199 2196
f 2073 2199 2194
f 2181 2183 2195
f 2176 2181 2195
f 2180 2184 2182
f 2178 2188 2180
f 2177 2181 2176
f 2176 2195 2175
f 2175 2197 2173
f 2179 2174 2169
f 2111 2179 2169
f 2111 2169 2115
f 2169 2211 2115
f 2115 2211 2212
f 2115 2212 2213
f 2115 2213 2214
f 2213 2153 2214
f 2212 2155 2213
f 2211 2168 2212
f 2168 2157 2212
f 2173 2204 2172
f 2172 2206 2171
f 2171 2208 2170
f 2170 2208 2166
f 2169 2168 2211
f 2170 2166 2167
f 2165 2166 2208
f 2202 2164 2165
f 2202 1890 2164
f 2162 1888 2160
f 2159 2163 2161
f 2160 1888 2158
f 2168 2159 2157
f 2158 1888 2156
f 2212 2157 2155
f 2156 1888 2154
f 2213 2155 2153
f 2154 1888 2152
f 2152 1888 2215
f 2152 2215 2216
f 2215 1888 2216
f 2151 2216 1888
f 2214 2153 2149
f 2214 2149 2116
f 2152 2216 2151
f 1888 2150 2151
f 1888 2148 2150
f 1888 2217 2148
f 2117 2149 2147
f 2148 2217 2145
f 2118 2147 2146
f 2217 1885 2145
f 2144 2143 2146
f 2143 2142 2146
f 2141 2146 2142
f 2146 2141 2140
f 2119 2146 2140
f 1885 2137 2139
f 1885 2136 2137
f 2120 2138 2122
f 2119 2140 2120
f 2118 2146 2119
f 2117 2147 2118
f 2116 2149 2117
f 2115 2214 2116
f 2111 2115 2114
f 2110 2179 2111
f 2099 2179 2110
f 2099 2110 2103
f 2109 1803 2108
f 2110 2104 2103
f 2101 2102 2107
f 2107 2218 2101
f 2096 2101 2218
f 2093 2096 2218
f 2219 2093 2218
f 2219 2218 2220
f 2219 2220 2107
f 1782 2219 2107
f 1782 2221 2219
f 2219 2221 2090
f 2107 2220 2218
f 2099 2103 2100
f 2099 2098 2179
f 2098 2095 2080
f 2097 2101 2096
f 2095 2092 2080
f 2094 2096 2093
f 2219 2090 2093
f 2091 2080 2092
f 2090 2221 1728
f 2087 2089 2086
f 2086 2089 2222
f 2089 2223 2222
f 2223 2224 2222
f 2225 2222 2224
f 2224 1720 2225
f 2225 1720 2226
f 2226 1720 2227
f 2227 2228 2226
f 2222 2226 2228
f 2085 2222 2228
f 2228 2227 2229
f 2083 2228 2229
f 2230 2229 2227
f 2229 2230 2231
f 2082 2229 2231
f 2232 2231 2230
f 2230 1720 2232
f 2232 1720 2233
f 2072 2233 1720
f 2233 2072 2234
f 2233 2234 2077
f 2231 2233 2077
f 2081 2231 2077
f 2231 2232 2233
f 2227 1720 2230
f 2222 2225 2226
f 2223 1720 2224
f 2235 1720 2223
f 2223 2089 2235
f 1724 2235 2089
f 2086 2222 2085
f 2085 2228 2083
f 2091 2084 2080
f 2083 2229 2082
f 2082 2231 2081
f 2079 2178 2080
f 2079 2076 2191
f 2081 2077 2078
f 2075 2077 2234
f 2074 2193 2076
f 2234 2072 2075
f 2074 2073 2193
f 2071 2210 2073
f 2071 2042 2041
f 2040 2070 2039
f 2038 2039 2070
f 2036 2029 2037
f 2029 2034 2030
f 2028 2041 2029
f 2209 2028 1896
f 2027 2033 2026
f 1683 2026 2033
f 1683 2025 2026
f 1681 2020 2023
f 2017 1902 2019
f 1912 1902 2017
f 1911 2002 1909
f 1912 1910 1902
f 1908 1909 2009
f 1907 1908 2010
f 1906 1907 2010
f 1905 1906 2010
f 1904 1905 2010
f 1903 1904 2010
f 2019 1902 1901
f 1898 2021 1901
f 1899 1900 1903
f 1896 2022 1898
f 1899 1895 1897
f 2209 1896 1894
f 1894 1891 2202
f 1893 1895 1892
f 1891 1890 2202
f 1890 1888 2162
f 1889 1892 1887
f 1888 1885 2217
f 1887 1994 1886
f 1886 1992 1884
f 1885 1883 2136
f 1992 1877 1884
f 2136 1883 1882
f 1882 1881 2123
f 1880 2123 1881
f 1879 2135 1880
f 1878 2134 1879
f 2134 1878 1876
f 1991 1872 1877
f 1991 441 1872
f 2134 1876 1875
f 1874 2128 1875
f 1873 2129 1874
f 1871 2132 1873
f 2132 1871 1870
f 2132 1870 1869
f 1868 2133 1869
f 2133 1868 1867
f 2133 1867 1865
f 1864 2133 1865
f 1809 2131 1864
f 1857 1855 1859
f 1863 1854 1856
f 1853 1854 1866
f 1851 1855 1852
f 1855 1851 1850
f 1849 1862 1850
f 1862 1849 1848
f 1847 1861 1848
f 1861 1847 1844
f 1845 1844 1847
f 1843 1861 1844
f 1816 1811 1843
f 1841 1839 1834
f 1842 1838 1840
f 1838 1846 1837
f 1835 1839 1836
f 1839 1835 1834
f 1831 1829 1832
f 1828 1834 1829
f 1826 1830 1825
f 1825 1830 431
f 1823 1827 1824
f 1827 1823 1821
f 1819 1827 1821
f 1818 1827 1819
f 1816 1828 1818
f 1791 1815 1817
f 1812 1816 1813
f 1812 1811 1816
f 1809 1858 1811
f 1796 1808 1810
f 1809 1807 2127
f 1798 1805 1808
f 1807 1806 2121
f 1804 2112 1806
f 2113 1804 1803
f 1803 1802 2108
f 1802 1801 2108
f 1800 1805 1798
f 1801 1799 1797
f 1798 1808 1796
f 1801 1797 1794
f 1796 1810 1795
f 1814 1793 1795
f 1792 2105 1794
f 1793 1815 1791
f 1790 2106 1792
f 1791 1817 1789
f 1789 1817 1772
f 2106 1790 1788
f 1789 1772 1787
f 2106 1788 1786
f 2106 1786 1785
f 1785 1783 2107
f 1782 2107 1783
f 1782 1781 2221
f 2221 1781 1733
f 1781 1778 1738
f 1780 1784 1779
f 1778 1775 1738
f 1777 1779 1776
f 1787 1773 1776
f 1738 1775 1774
f 1787 1772 1773
f 1772 1817 1767
f 1767 1820 1765
f 1820 1764 1765
f 1763 1764 1822
f 1761 1760 1762
f 1766 1760 1759
f 1759 1757 1756
f 1771 1756 1755
f 1755 1753 1771
f 1752 1754 426
f 1770 1753 1751
f 1750 1770 1751
f 1748 1744 1750
f 1747 422 1746
f 1746 422 2236
f 1746 2236 1745
f 1745 2236 2237
f 2237 2236 2238
f 2238 2239 2237
f 2239 2240 2237
f 2240 2241 2237
f 2241 2242 2237
f 2243 2237 2242
f 2242 2244 2243
f 2245 2243 2244
f 2244 2246 2245
f 2247 2245 2246
f 2246 2248 2247
f 2249 2247 2248
f 2248 2250 2249
f 2250 2251 2249
f 2251 2252 2249
f 2253 2249 2252
f 2253 2252 2254
f 2255 2253 2254
f 2256 2255 2254
f 2257 2256 2254
f 417 2257 2254
f 417 2258 2257
f 2257 2258 2259
f 2257 2259 2260
f 2260 2259 2261
f 2260 2261 2262
f 2260 2262 2263
f 2260 2263 2256
f 2262 2264 2263
f 2264 2265 2263
f 2266 2263 2265
f 2265 2267 2266
f 2268 2266 2267
f 2269 2268 2267
f 1735 2269 2267
f 2268 2269 2270
f 2270 2263 2268
f 2271 2263 2270
f 2272 2263 2271
f 2271 2273 2272
f 2274 2272 2273
f 1737 2274 2273
f 2272 2274 2275
f 2276 2275 2274
f 1739 2276 2274
f 1739 2249 2276
f 2275 2276 2255
f 2255 2263 2275
f 2273 2271 2269
f 1736 2273 2269
f 2275 2263 2272
f 2271 2270 2269
f 2267 2265 2277
f 2277 2278 2267
f 1734 2267 2278
f 2278 2277 2279
f 2279 2280 2278
f 1732 2278 2280
f 2280 2279 2281
f 2280 2281 2282
f 1731 2280 2282
f 2283 2282 2281
f 2281 2264 2283
f 2283 2264 2284
f 2283 2284 2285
f 2284 2286 2285
f 2287 2285 2286
f 2286 1721 2287
f 2287 1725 2285
f 1729 2285 1725
f 2284 1721 2286
f 1721 2284 2264
f 2264 1717 1721
f 1714 1717 2264
f 2288 2264 2281
f 2279 2264 2288
f 2282 2283 2285
f 1730 2282 2285
f 2279 2288 2281
f 2277 2264 2279
f 2268 2263 2266
f 2265 2264 2277
f 2262 1714 2264
f 2262 2261 1711
f 1711 2261 346
f 2261 2259 351
f 2259 2258 357
f 417 2289 2258
f 2258 2289 361
f 2257 2260 2256
f 2263 2255 2256
f 2253 2255 2276
f 2249 2253 2276
f 2251 2254 2252
f 2254 2251 2250
f 2254 2250 2248
f 1740 2247 2249
f 2254 2248 2246
f 1741 2245 2247
f 2254 2246 2244
f 1742 2243 2245
f 2254 2244 2242
f 1743 2237 2243
f 2254 2242 2241
f 2254 2241 418
f 2241 2240 418
f 2239 418 2240
f 418 2239 2238
f 421 2238 2236
f 1745 2237 1743
f 1738 1774 1744
f 1743 2243 1742
f 1742 2245 1741
f 1741 2247 1740
f 1740 2249 1739
f 1739 2274 1737
f 1781 1738 1733
f 1737 2273 1736
f 1736 2269 1735
f 1735 2267 1734
f 1734 2278 1732
f 2221 1733 1728
f 1732 2280 1731
f 1731 2282 1730
f 1730 2285 1729
f 1728 1727 2088
f 1727 1724 2089
f 1729 1725 1726
f 1725 2287 1723
f 1724 1722 2235
f 2287 1721 1723
f 1722 1720 2235
f 1719 2072 1720
f 1719 1716 2063
f 1718 1721 1717
f 1716 1713 2060
f 1715 1717 1714
f 2262 1711 1714
f 1712 2060 1713
f 1712 1709 2060
f 1707 2062 1709
f 342 1708 1710
f 1705 2062 1707
f 1704 2058 1705
f 1703 2048 1704
f 1702 1706 1701
f 1706 1654 1701
f 1706 340 1654
f 1703 1698 1696
f 1703 1696 1694
f 1693 1703 1694
f 1692 1695 1691
f 1666 1691 1695
f 1686 1693 1688
f 1686 1685 2038
f 1684 2035 1685
f 2033 1684 1683
f 2025 1683 1681
f 1680 2018 1681
f 1680 1678 1985
f 1679 1682 1677
f 1678 1675 1984
f 1676 1677 1687
f 1983 1675 1674
f 1673 1676 1671
f 2290 1672 1670
f 2291 2290 1670
f 2292 2290 2291
f 2293 2292 2291
f 2293 2291 2294
f 2295 2293 2294
f 2295 2294 2296
f 2297 2295 2296
f 2297 2296 2298
f 2299 2297 2298
f 2299 2298 2300
f 2301 2299 2300
f 2301 2300 2302
f 2303 2301 2302
f 2303 2302 2304
f 2305 2303 2304
f 2305 2304 2306
f 2307 2305 2306
f 2307 2306 2308
f 2307 2308 2309
f 2310 2307 2309
f 2310 2309 2311
f 2312 2310 2311
f 2313 2312 2311
f 2314 2312 2313
f 2315 2314 2313
f 2315 2313 2316
f 2317 2315 2316
f 2317 2316 2318
f 2319 2317 2318
f 2319 2318 2320
f 2321 2319 2320
f 2321 2320 2322
f 2323 2321 2322
f 2323 2322 2324
f 2325 2323 2324
f 2325 2324 2326
f 1599 2325 2326
f 1599 2326 1609
f 2327 2326 2324
f 2327 2324 2328
f 2327 2328 1632
f 1611 2326 2327
f 1611 2327 1629
f 2329 2323 2325
f 2330 2329 2325
f 2330 2325 1598
f 1591 2329 2330
f 2331 2329 1591
f 2331 1591 1586
f 2331 1586 2332
f 2332 2333 2331
f 2334 2331 2333
f 2334 2333 1584
f 2335 2334 1584
f 2335 1584 2336
f 2337 2335 2336
f 2337 2336 2338
f 2338 2339 2337
f 2339 2340 2337
f 2340 2341 2337
f 2342 2337 2341
f 2343 2342 2341
f 2344 2343 2341
f 2345 2344 2341
f 2346 2345 2341
f 2347 2346 2341
f 2347 2341 2348
f 2347 2348 2349
f 2350 2347 2349
f 2351 2350 2349
f 2352 2351 2349
f 2352 2349 2353
f 2352 2353 2354
f 2354 2355 2352
f 2356 2352 2355
f 2357 2356 2355
f 2358 2356 2357
f 2352 2358 2357
f 2352 2357 2359
f 2352 2359 2360
f 2359 2361 2360
f 2360 2361 2362
f 2360 2362 2363
f 2360 2363 2364
f 2360 2364 2365
f 2360 2365 2366
f 2360 2366 2350
f 2367 2350 2366
f 2368 2367 2366
f 2368 2366 2369
f 2370 2368 2369
f 2371 2370 2369
f 2372 2371 2369
f 2373 2372 2369
f 2369 2374 2373
f 2375 2373 2374
f 2375 2374 2376
f 2377 2375 2376
f 2377 2376 2378
f 2377 2378 2379
f 2377 2379 2380
f 2377 2380 2381
f 2377 2381 2382
f 2377 2382 2383
f 2384 2377 2383
f 2384 2383 2385
f 2384 2385 2386
f 2387 2384 2386
f 2388 2387 2386
f 2388 2386 2389
f 2388 2389 2390
f 2388 2390 2391
f 2388 2391 2392
f 2388 2392 2393
f 2388 2393 2394
f 2394 2393 2395
f 2394 2395 2396
f 2394 2396 2397
f 2394 2397 2398
f 2394 2398 2387
f 2398 2397 2399
f 2398 2399 2377
f 2399 2397 2371
f 2397 2396 2371
f 2396 2395 2370
f 2400 2370 2395
f 2400 2395 2401
f 2402 2400 2401
f 2402 2401 2403
f 2402 2403 2404
f 2402 2404 2405
f 2402 2405 2367
f 2405 2404 2347
f 2404 2406 2347
f 2407 2406 2404
f 2407 2408 2406
f 2406 2408 2346
f 2408 2409 2346
f 2408 2410 2409
f 2410 2411 2409
f 2409 2411 2412
f 2409 2412 2413
f 2409 2413 2345
f 2413 2414 2345
f 2414 2415 2345
f 2415 2416 2345
f 2415 2344 2416
f 2415 2417 2344
f 2418 2417 2415
f 2418 2419 2417
f 2417 2419 2420
f 2417 2420 2421
f 2422 2417 2421
f 2422 2421 2423
f 2422 2423 2424
f 2422 2424 2425
f 2422 2425 2426
f 2427 2422 2426
f 2428 2427 2426
f 2426 2429 2428
f 2428 2429 2430
f 2431 2428 2430
f 2431 2422 2428
f 2432 2422 2431
f 2433 2432 2431
f 2433 2431 2434
f 2433 2434 2435
f 2436 2433 2435
f 2436 2435 2437
f 2436 2437 2438
f 2436 2438 2439
f 2439 2440 2436
f 2441 2436 2440
f 2440 2442 2441
f 2442 2443 2441
f 2444 2441 2443
f 2445 2444 2443
f 2443 2446 2445
f 2447 2445 2446
f 2441 2447 2446
f 2441 2446 2448
f 2441 2448 2356
f 2356 2449 2441
f 2441 2449 2450
f 2450 2449 2451
f 2452 2450 2451
f 2451 2453 2452
f 2453 2454 2452
f 2454 2455 2452
f 2455 2456 2452
f 2456 2457 2452
f 2457 2458 2452
f 2458 2459 2452
f 2452 2459 2460
f 2461 2452 2460
f 2460 2462 2461
f 2462 2463 2461
f 2463 2464 2461
f 2464 2465 2461
f 2465 2466 2461
f 2467 2461 2466
f 2466 2468 2467
f 2468 2469 2467
f 2469 2470 2467
f 2470 2471 2467
f 2471 2472 2467
f 2472 2473 2467
f 2474 2467 2473
f 2473 2475 2474
f 2475 2476 2474
f 2476 2477 2474
f 2477 2478 2474
f 2474 2478 2479
f 2480 2474 2479
f 2481 2480 2479
f 2481 2479 2482
f 2481 2482 2483
f 2483 2484 2481
f 2485 2481 2484
f 2486 2485 2484
f 2487 2486 2484
f 2487 2484 2488
f 2487 2488 2489
f 2487 2489 2490
f 2489 2491 2490
f 2490 2491 2492
f 2493 2490 2492
f 2493 2492 2494
f 2495 2493 2494
f 2495 2494 2496
f 2496 2497 2495
f 2498 2495 2497
f 2497 2499 2498
f 2500 2498 2499
f 2499 2501 2500
f 2502 2500 2501
f 2501 2503 2502
f 2504 2502 2503
f 2503 2505 2504
f 2506 2504 2505
f 2505 2507 2506
f 2508 2506 2507
f 2507 2509 2508
f 2509 2510 2508
f 2511 2508 2510
f 2511 2510 2512
f 2510 2513 2512
f 2513 2514 2512
f 2515 2512 2514
f 2512 2515 2516
f 2512 2516 2517
f 2517 2518 2512
f 2519 2512 2518
f 2520 2519 2518
f 2520 2518 2521
f 2520 2521 2522
f 2523 2520 2522
f 2523 2522 2524
f 2523 2524 2525
f 2526 2523 2525
f 2526 2525 2527
f 2528 2526 2527
f 2528 2527 2529
f 2528 2529 2530
f 2531 2528 2530
f 2531 2530 2532
f 2533 2531 2532
f 2533 2532 2534
f 2535 2533 2534
f 2535 2534 2536
f 2537 2535 2536
f 2537 2536 2538
f 2539 2537 2538
f 2540 2539 2538
f 2538 2541 2540
f 2542 2540 2541
f 2543 2542 2541
f 2543 2541 2544
f 2545 2543 2544
f 2545 2544 2546
f 2545 2546 2547
f 2545 2547 2548
f 2549 2545 2548
f 2549 2548 2550
f 2549 2550 2551
f 2549 2551 2552
f 2549 2552 2553
f 2549 2553 2554
f 2549 2554 2555
f 2555 2554 2556
f 2555 2556 2557
f 2555 2557 2558
f 2555 2558 2545
f 2545 2558 2559
f 2545 2559 2542
f 2560 2542 2559
f 2560 2559 2561
f 2560 2561 2562
f 2563 2560 2562
f 2563 2562 2564
f 2540 2563 2564
f 2564 2562 2565
f 2564 2565 2566
f 2564 2566 2567
f 2564 2567 2568
f 2564 2568 2539
f 2569 2539 2568
f 2567 2569 2568
f 2567 2570 2569
f 2569 2570 2571
f 2569 2571 2535
f 2571 2570 2572
f 2571 2572 2573
f 2571 2573 2533
f 2573 2572 2574
f 2573 2574 2575
f 2573 2575 2531
f 2575 2574 2576
f 2575 2576 2577
f 2575 2577 2528
f 2577 2576 2578
f 2577 2578 2579
f 2577 2579 2526
f 2579 2578 2580
f 2579 2580 2581
f 2579 2581 2523
f 2581 2580 2582
f 2581 2582 2583
f 2581 2583 2520
f 2583 2582 2584
f 2583 2584 2585
f 2583 2585 2519
f 2506 2519 2585
f 2585 2584 2586
f 2587 2585 2586
f 2504 2587 2586
f 2504 2585 2587
f 2588 2586 2584
f 2588 2584 2589
f 2590 2588 2589
f 2590 2589 2591
f 2590 2591 2592
f 2590 2592 2593
f 2590 2593 2594
f 2590 2594 2595
f 2594 2596 2595
f 2597 2595 2596
f 2598 2597 2596
f 2599 2598 2596
f 2600 2599 2596
f 2600 2598 2599
f 2600 2601 2598
f 2601 2602 2598
f 2603 2598 2602
f 2602 2481 2603
f 2603 2604 2598
f 2605 2598 2604
f 2498 2605 2604
f 2498 2604 2485
f 2498 2606 2605
f 2606 2598 2605
f 2603 2485 2604
f 2601 2481 2602
f 2481 2601 2600
f 2597 2598 2606
f 2500 2597 2606
f 2500 2607 2597
f 2500 2608 2607
f 2586 2607 2608
f 2502 2586 2608
f 2586 2595 2607
f 2607 2595 2597
f 2594 2600 2596
f 2594 2609 2600
f 2600 2609 2610
f 2600 2610 2480
f 2611 2480 2610
f 2611 2610 2609
f 2611 2609 2612
f 2611 2612 2613
f 2614 2611 2613
f 2614 2613 2615
f 2614 2615 2616
f 2614 2616 2314
f 2616 2615 2617
f 2616 2617 2312
f 2592 2617 2615
f 2592 2618 2617
f 2618 2619 2617
f 2619 2620 2617
f 2310 2617 2620
f 2310 2620 2621
f 2621 2620 2622
f 2621 2622 2623
f 2621 2623 2305
f 2623 2622 2624
f 2623 2624 2625
f 2623 2625 2303
f 2625 2624 2626
f 2625 2626 2627
f 2625 2627 2301
f 2627 2626 2628
f 2627 2628 2629
f 2627 2629 2299
f 2629 2628 2630
f 2629 2630 2631
f 2629 2631 2297
f 2631 2630 2632
f 2631 2632 2633
f 2631 2633 2295
f 2633 2632 2634
f 2633 2634 2635
f 2633 2635 2293
f 2635 2634 2636
f 2637 2635 2636
f 2638 2637 2636
f 2638 2636 2639
f 2640 2638 2639
f 2639 2641 2640
f 2640 2641 2642
f 2640 2642 2643
f 2642 2644 2643
f 2644 2645 2643
f 2646 2643 2645
f 2647 2646 2645
f 2647 2645 2648
f 2647 2648 2649
f 2647 2649 2650
f 2649 2651 2650
f 2652 2650 2651
f 503 2652 2651
f 2653 503 2651
f 2654 2653 2651
f 2655 2654 2651
f 2656 2654 2655
f 2656 2655 2657
f 2656 2657 2658
f 2656 2658 928
f 931 928 2658
f 931 2658 2659
f 2660 931 2659
f 2661 2660 2659
f 2661 2659 2662
f 2663 2661 2662
f 2664 2663 2662
f 2665 2664 2662
f 2665 2662 2666
f 2665 2666 2667
f 2668 2665 2667
f 2668 2667 2669
f 2668 2669 2670
f 2671 2668 2670
f 2671 2670 2672
f 2671 2672 2673
f 2674 2671 2673
f 2674 2673 2675
f 2674 2675 2676
f 2674 2676 2677
f 2678 2674 2677
f 2678 2677 2679
f 2678 2679 2680
f 2678 2680 2681
f 2678 2681 2682
f 2678 2682 2671
f 2682 2681 2683
f 2684 2682 2683
f 2683 2685 2684
f 2683 2686 2685
f 2685 2686 2687
f 2685 2687 2688
f 2688 2682 2685
f 2682 2688 2668
f 2688 2687 2689
f 2688 2689 2690
f 2688 2690 2665
f 2690 2691 2665
f 2690 2692 2691
f 2691 2692 2693
f 2694 2691 2693
f 2694 2693 2695
f 2694 2695 2696
f 2695 2697 2696
f 2691 2696 2697
f 2691 2697 2664
f 2664 2697 2698
f 2664 2698 2699
f 2700 2699 2698
f 2700 2698 2701
f 2700 2701 2695
f 2700 2695 2699
f 2699 2695 2702
f 2699 2702 2663
f 2702 2703 2663
f 2703 2704 2663
f 2705 2704 2703
f 2693 2705 2703
f 2692 2704 2705
f 2706 2704 2692
f 2692 2707 2706
f 2706 2707 2708
f 2706 2708 944
f 944 2709 2706
f 2710 2706 2709
f 2709 942 2710
f 2711 2706 2710
f 940 2711 2710
f 2711 940 2712
f 2712 2706 2711
f 2713 2706 2712
f 938 2713 2712
f 2713 938 2714
f 2714 2704 2713
f 2715 2704 2714
f 2716 2704 2715
f 935 2716 2715
f 2716 935 2717
f 2716 2717 2718
f 2718 2719 2716
f 2718 2660 2719
f 2720 2718 2717
f 934 2718 2720
f 2718 934 2721
f 2721 2722 2718
f 2722 931 2718
f 2721 931 2722
f 2720 2717 935
f 2704 2716 2719
f 2719 2661 2704
f 2715 2714 938
f 2723 944 2708
f 2708 2724 2723
f 2724 948 2723
f 948 2725 2723
f 946 2723 2725
f 2726 946 2725
f 954 2726 2725
f 2725 2727 954
f 2727 946 954
f 946 2726 954
f 2727 2725 948
f 2724 2708 2707
f 2707 2728 2724
f 2724 2728 951
f 2728 2729 951
f 2730 951 2729
f 2730 2729 2731
f 983 2730 2731
f 983 2732 2730
f 2733 2732 983
f 983 953 2733
f 953 2734 2733
f 2735 2733 2734
f 674 2735 2734
f 2735 2736 2733
f 2737 2733 2736
f 2738 2737 2736
f 2736 2739 2738
f 2739 2740 2738
f 2741 2738 2740
f 2741 2740 2742
f 2742 2743 2741
f 2743 2742 2744
f 2745 2743 2744
f 2746 2745 2744
f 2747 2746 2744
f 2748 2747 2744
f 2749 2748 2744
f 2737 2749 2744
f 2750 2737 2744
f 2751 2750 2744
f 2752 2751 2744
f 2734 2752 2744
f 2753 2734 2744
f 2744 2754 2753
f 2754 2755 2753
f 2756 2755 2754
f 2754 2757 2756
f 2758 2756 2757
f 2759 2758 2757
f 2744 2759 2757
f 2744 2760 2759
f 2744 2761 2760
f 2760 2761 685
f 685 2756 2760
f 685 2762 2756
f 2756 2762 678
f 685 2763 2762
f 2762 2763 679
f 2763 2764 679
f 979 679 2764
f 979 2764 2765
f 2765 2766 979
f 979 2766 2767
f 976 2767 2766
f 976 2768 2767
f 2767 2768 983
f 2768 2769 983
f 954 2769 2768
f 2768 959 954
f 2768 976 959
f 959 976 972
f 964 959 972
f 2765 2764 2766
f 2770 2766 2764
f 978 2766 2770
f 679 979 2770
f 679 2770 2771
f 679 2771 2772
f 679 2772 2773
f 679 2773 2774
f 685 2774 2773
f 685 2773 2772
f 2763 2772 2771
f 2763 2771 2770
f 2763 2770 2764
f 685 2772 2763
f 2775 685 2761
f 2761 2776 2775
f 2777 2775 2776
f 2776 2778 2777
f 2777 2778 2779
f 685 2777 2779
f 685 2779 2780
f 685 2780 2781
f 685 2781 2782
f 2781 2783 2782
f 2783 2784 2782
f 2785 2782 2784
f 2785 2784 2786
f 2787 2785 2786
f 2787 2786 2788
f 2789 2787 2788
f 2790 2789 2788
f 2790 2788 2791
f 2791 2792 2790
f 2791 690 2792
f 2793 2792 690
f 2794 2793 690
f 2795 2794 690
f 2787 2795 690
f 2795 2789 2794
f 2794 2789 2793
f 2792 2793 2789
f 690 2791 2796
f 690 2796 2797
f 690 2797 2798
f 690 2798 2799
f 690 2799 2800
f 690 2800 2801
f 690 2801 2802
f 690 2802 2803
f 2799 2803 2802
f 2799 2804 2803
f 2805 2803 2804
f 2805 2804 927
f 2805 927 2806
f 692 2805 2806
f 692 2806 927
f 2656 927 2804
f 2656 2804 2807
f 2804 2808 2807
f 2807 2808 2654
f 2804 2788 2808
f 2788 2809 2808
f 2808 2809 2810
f 2808 2810 2653
f 507 2653 2810
f 2809 2811 2810
f 509 2810 2811
f 2809 2812 2811
f 2812 2813 2811
f 2813 2814 2811
f 2814 2815 2811
f 2815 2816 2811
f 2816 2817 2811
f 511 2811 2817
f 521 511 2817
f 521 2817 2818
f 2819 2818 2817
f 2818 2819 522
f 2819 2820 522
f 2821 522 2820
f 2820 2822 2821
f 2822 2823 2821
f 2824 2821 2823
f 2740 2824 2823
f 2823 2825 2740
f 2823 2742 2825
f 2742 2823 2812
f 2740 2826 2824
f 2824 2826 2827
f 2824 2827 2828
f 2829 2828 2827
f 2829 2830 2828
f 2830 2831 2828
f 2832 2828 2831
f 2832 2831 527
f 2832 522 2828
f 2830 529 2831
f 2833 529 2830
f 2833 2830 2834
f 2833 2834 530
f 530 2834 2835
f 530 2835 2836
f 2837 530 2836
f 2838 2837 2836
f 2838 2836 2839
f 2838 2839 2840
f 2838 2840 2841
f 2842 2838 2841
f 2842 2841 2843
f 536 2842 2843
f 536 532 2842
f 2842 532 2844
f 2842 2844 2837
f 2843 2841 2845
f 2843 2845 2846
f 537 2843 2846
f 537 2846 2847
f 537 2847 2848
f 2849 2848 2847
f 2849 2847 2850
f 2849 2850 2851
f 2849 2851 2852
f 2853 2849 2852
f 2853 2852 2854
f 2855 2853 2854
f 2855 2854 2856
f 2855 2856 2857
f 2858 2855 2857
f 2858 2857 2859
f 2858 2859 2860
f 2858 2860 2861
f 2862 2858 2861
f 2862 2861 2863
f 2862 2863 2864
f 2865 2862 2864
f 2865 2864 2866
f 2865 2866 2867
f 2868 2865 2867
f 2868 2867 2869
f 2868 2869 2870
f 2868 2870 2871
f 2872 2868 2871
f 2873 2872 2871
f 2873 2871 2874
f 2875 2873 2874
f 2875 2874 2876
f 2877 2875 2876
f 2877 2876 2878
f 2879 2877 2878
f 2880 2879 2878
f 2880 2878 2881
f 2882 2880 2881
f 2882 2881 2883
f 2884 2882 2883
f 2885 2884 2883
f 2885 2883 2886
f 2887 2885 2886
f 2888 2887 2886
f 2888 2886 2889
f 2890 2888 2889
f 2891 2890 2889
f 2891 2889 2892
f 2893 2891 2892
f 2893 2892 2894
f 2895 2893 2894
f 2895 2894 2896
f 2897 2895 2896
f 2898 2897 2896
f 2899 2898 2896
f 2900 2899 2896
f 2900 2896 2901
f 2902 2900 2901
f 2903 2902 2901
f 2903 2901 2904
f 2905 2903 2904
f 2905 2904 2906
f 2907 2905 2906
f 2907 2906 2908
f 2909 2907 2908
f 2909 2908 2910
f 2909 2910 2911
f 2912 2909 2911
f 2912 2911 2913
f 2912 2913 2914
f 2912 2914 2915
f 2912 2915 651
f 2915 2914 2916
f 2915 2916 653
f 2916 2914 653
f 2914 2913 2917
f 2914 2917 2918
f 2919 2914 2918
f 2919 2918 2920
f 2919 2920 2921
f 2922 2919 2921
f 2922 2921 2923
f 2922 2923 2924
f 2922 2924 2925
f 2850 2922 2925
f 2850 2925 2926
f 2850 2926 2927
f 2927 2926 2928
f 2851 2927 2928
f 2926 2925 2928
f 2925 2929 2928
f 2930 2928 2929
f 2930 2929 2931
f 2930 2931 2932
f 2930 2932 2933
f 2930 2933 2934
f 2930 2934 2910
f 2910 2935 2930
f 2936 2930 2935
f 2937 2936 2935
f 2937 2935 2938
f 2939 2937 2938
f 2939 2938 2940
f 2941 2939 2940
f 2942 2941 2940
f 2943 2942 2940
f 2944 2943 2940
f 2945 2944 2940
f 2945 2940 2946
f 2947 2945 2946
f 2947 2946 2948
f 2949 2947 2948
f 2950 2949 2948
f 2950 2948 2951
f 2952 2950 2951
f 2951 2953 2952
f 2953 2954 2952
f 2954 2955 2952
f 2955 2956 2952
f 2956 2955 2954
f 2950 2956 2954
f 2954 2953 2950
f 2953 2957 2950
f 2957 2958 2950
f 2959 2950 2958
f 2958 2960 2959
f 2959 2960 2961
f 2959 2961 2962
f 2959 2962 2963
f 2959 2963 2964
f 2959 2964 2965
f 2966 2959 2965
f 2958 2966 2965
f 2953 2958 2965
f 2965 2955 2953
f 2967 2955 2965
f 2967 2965 2968
f 2967 2968 2969
f 2967 2969 2970
f 2967 2970 2971
f 2967 2971 2972
f 2967 2972 2973
f 2967 2973 2974
f 2967 2974 2975
f 2967 2975 2976
f 2967 2976 2950
f 2977 2950 2976
f 2977 2976 2978
f 2977 2978 2979
f 2980 2977 2979
f 2980 2979 2981
f 2982 2980 2981
f 2982 2981 2983
f 2984 2982 2983
f 2984 2983 2985
f 2986 2984 2985
f 2986 2985 2987
f 2988 2986 2987
f 2988 2987 2989
f 2990 2988 2989
f 2990 2989 2991
f 2992 2990 2991
f 2992 2991 2993
f 2994 2992 2993
f 2994 2993 2995
f 2996 2994 2995
f 2996 2995 2997
f 2998 2996 2997
f 2998 2997 2999
f 3000 2998 2999
f 3000 2999 3001
f 3002 3000 3001
f 3002 3001 3003
f 3004 3002 3003
f 3004 3003 3005
f 3006 3004 3005
f 3006 3005 3007
f 3008 3006 3007
f 3008 3007 3009
f 3010 3008 3009
f 3010 3009 3011
f 3012 3010 3011
f 3012 3011 3013
f 3014 3012 3013
f 3014 3013 3015
f 3016 3014 3015
f 3016 3015 3017
f 3018 3016 3017
f 3019 3018 3017
f 3019 3017 3020
f 3021 3019 3020
f 3021 3020 3022
f 3023 3021 3022
f 3024 3023 3022
f 3024 3022 3025
f 3026 3024 3025
f 3026 3025 3027
f 3028 3026 3027
f 3029 3028 3027
f 3029 3027 3030
f 3029 3030 3031
f 3032 3029 3031
f 3032 3031 3033
f 3032 3033 3034
f 3035 3034 3033
f 3035 3033 3036
f 3037 3035 3036
f 3037 3036 3038
f 3037 3038 3039
f 3040 3037 3039
f 3040 3039 3041
f 3040 3041 3042
f 3040 3042 3043
f 3044 3040 3043
f 3044 3043 3045
f 3044 3045 3046
f 3044 3046 3047
f 3044 3047 2939
f 3047 3046 2937
f 3046 3048 2937
f 3049 2937 3048
f 3049 3048 3050
f 3049 3050 3051
f 3052 3049 3051
f 3052 3051 3053
f 3054 3052 3053
f 3054 3053 3055
f 3056 3054 3055
f 3056 3055 3057
f 3058 3056 3057
f 3058 3057 3059
f 3058 3059 3060
f 3061 3058 3060
f 3061 3060 3062
f 3063 3061 3062
f 3062 3064 3063
f 3063 3064 3065
f 3063 3065 3066
f 3067 3063 3066
f 3067 3066 3068
f 3069 3067 3068
f 3069 3068 3070
f 3069 3070 3071
f 3069 3071 3072
f 3069 3072 3073
f 3069 3073 3074
f 3069 3074 3075
f 3069 3075 3076
f 3077 3069 3076
f 3077 3076 3078
f 3077 3078 3079
f 3077 3079 3080
f 3077 3080 3081
f 3082 3077 3081
f 3082 3081 3083
f 3082 3083 3084
f 3082 3084 3085
f 3082 3085 3086
f 3082 3086 3087
f 3088 3082 3087
f 3088 3087 3089
f 3088 3089 3090
f 3088 3090 3091
f 3088 3091 3092
f 3088 3092 3093
f 3094 3088 3093
f 3094 3093 3095
f 3094 3095 3096
f 3094 3096 3097
f 3094 3097 3098
f 3099 3094 3098
f 3099 3098 3100
f 3099 3100 3101
f 3099 3101 3102
f 3099 3102 3103
f 3099 3103 3104
f 3105 3099 3104
f 3105 3104 3106
f 3105 3106 3107
f 3105 3107 3108
f 3105 3108 3109
f 3105 3109 3110
f 3105 3110 3111
f 3105 3111 3112
f 3105 3112 3113
f 3105 3113 3114
f 3114 3113 3115
f 3114 3115 3116
f 3117 3114 3116
f 3118 3117 3116
f 3118 3116 3119
f 3120 3118 3119
f 3120 3119 2930
f 3121 3120 2930
f 3122 3121 2930
f 3123 3122 2930
f 3124 3122 3123
f 3124 3123 2936
f 3124 2936 3056
f 3124 3056 3125
f 3124 3125 3126
f 3126 3125 3127
f 3126 3127 3061
f 3126 3061 3128
f 3126 3128 3122
f 3128 3061 3067
f 3128 3067 3120
f 3127 3125 3058
f 3129 3056 2936
f 3124 3126 3122
f 3128 3121 3122
f 3128 3120 3121
f 3130 2930 3119
f 3131 3118 3120
f 3131 3120 3069
f 3131 3069 3118
f 3130 3119 3116
f 3116 3132 3130
f 2854 3130 3132
f 3133 3132 3116
f 3134 3133 3116
f 3133 3134 3135
f 2859 3133 3135
f 3136 3135 3134
f 2951 3136 3134
f 3134 2960 2951
f 3134 3137 2960
f 3134 3138 3137
f 3138 2961 3137
f 2961 3138 3139
f 3139 3138 3140
f 3139 3140 3141
f 3112 3139 3141
f 3112 3141 3142
f 3142 3141 3134
f 3142 3134 3115
f 3112 3143 3139
f 2962 3139 3143
f 2962 3143 3144
f 3144 3143 3145
f 3144 3145 3146
f 2963 3144 3146
f 3147 2963 3146
f 3147 3146 3148
f 3149 3147 3148
f 3150 3149 3148
f 3151 3150 3148
f 3152 3151 3148
f 3153 3152 3148
f 3153 3148 3154
f 3155 3153 3154
f 3156 3155 3154
f 3157 3156 3154
f 3158 3157 3154
f 3159 3158 3154
f 3159 3154 3160
f 3161 3159 3160
f 3162 3161 3160
f 3163 3162 3160
f 3164 3163 3160
f 3164 3160 3165
f 3166 3164 3165
f 3167 3166 3165
f 3168 3167 3165
f 3169 3168 3165
f 3170 3169 3165
f 3170 3165 3171
f 3172 3170 3171
f 3173 3172 3171
f 3174 3173 3171
f 3175 3174 3171
f 3176 3175 3171
f 3177 3176 3171
f 3178 3177 3171
f 3178 3171 3179
f 3180 3178 3179
f 3180 3179 3181
f 3180 3181 3182
f 3183 3180 3182
f 3183 3182 3184
f 3185 3183 3184
f 3186 3185 3184
f 3186 3184 3187
f 3186 3187 3188
f 3186 3188 3189
f 3186 3189 3190
f 3191 3186 3190
f 3191 3190 3192
f 3191 3192 3193
f 3191 3193 3194
f 3191 3194 3195
f 3191 3195 3196
f 3196 3195 3197
f 3196 3197 3198
f 3196 3198 3199
f 3196 3199 3183
f 3199 3198 3200
f 3199 3200 3201
f 3199 3201 3180
f 3201 3200 3202
f 3201 3202 3203
f 3201 3203 3178
f 3203 3204 3178
f 3178 3204 3205
f 3205 3204 3206
f 3206 3207 3205
f 3207 3208 3205
f 3205 3208 3209
f 3205 3209 3210
f 3205 3210 3177
f 3210 3211 3177
f 3210 3209 3211
f 3209 3212 3211
f 3003 3211 3212
f 3003 3212 3213
f 3209 3213 3212
f 3209 3214 3213
f 3005 3213 3214
f 3209 3215 3214
f 3007 3214 3215
f 3209 3216 3215
f 3216 3217 3215
f 3009 3215 3217
f 3216 3218 3217
f 3011 3217 3218
f 3011 3218 3219
f 3220 3219 3218
f 3220 3221 3219
f 3222 3219 3221
f 3222 3221 3223
f 3222 3223 3224
f 3222 3224 3225
f 3222 3225 3226
f 3222 3226 3227
f 3222 3227 3228
f 3222 3228 3229
f 3222 3229 3015
f 3229 3228 3230
f 3229 3230 3231
f 3229 3231 3017
f 3231 3232 3017
f 3233 3232 3231
f 3233 3234 3232
f 3232 3234 3020
f 3235 3234 3233
f 3236 3235 3233
f 3237 3236 3233
f 3233 3238 3237
f 3239 3237 3238
f 3239 3238 3240
f 3239 3240 3241
f 3242 3239 3241
f 3241 3238 3242
f 3242 3238 3027
f 3237 3242 3027
f 3238 3243 3027
f 3238 3241 3244
f 3240 3244 3241
f 3240 3238 3244
f 3237 3239 3242
f 3233 3243 3238
f 3233 3245 3243
f 3243 3245 3030
f 3245 3246 3030
f 3233 3246 3245
f 3233 3247 3246
f 3246 3247 3031
f 3247 3248 3031
f 3233 3248 3247
f 3233 3036 3248
f 3236 3237 3025
f 3235 3236 3022
f 3234 3235 3022
f 3233 3231 3230
f 3039 3233 3230
f 3249 3230 3228
f 3250 3249 3228
f 3251 3250 3228
f 3251 3228 3220
f 3252 3251 3220
f 3252 3220 3216
f 3208 3252 3216
f 3253 3252 3208
f 3253 3208 3206
f 3254 3253 3206
f 3254 3206 3255
f 3256 3254 3255
f 3257 3256 3255
f 3257 3255 3204
f 3257 3258 3256
f 886 3256 3258
f 3259 886 3258
f 3260 3259 3258
f 887 3259 3260
f 3261 887 3260
f 3262 3261 3260
f 3262 3260 3263
f 3262 3263 3264
f 3262 3264 3265
f 3262 3265 3266
f 3262 3266 3267
f 3267 3266 3268
f 3267 3268 3269
f 3267 3269 3270
f 3267 3270 3261
f 3261 3270 3271
f 3270 3272 3271
f 3272 3273 3271
f 3271 3273 3274
f 3271 3274 888
f 888 3275 3271
f 3275 3276 3271
f 3277 3271 3276
f 3277 3276 3273
f 3277 3273 3278
f 892 3277 3278
f 892 3278 3279
f 3278 3280 3279
f 3279 3280 3281
f 3281 896 3279
f 893 3279 896
f 3281 3282 896
f 3283 896 3282
f 3282 3284 3283
f 3285 3283 3284
f 3286 3285 3284
f 3284 3287 3286
f 3286 3287 3288
f 3288 3289 3286
f 3290 3286 3289
f 3291 3290 3289
f 3289 3292 3291
f 3293 3291 3292
f 3293 3292 914
f 910 3293 914
f 3293 910 3294
f 3292 3295 914
f 3292 3296 3295
f 3296 3297 3295
f 916 3295 3297
f 3297 3298 916
f 3299 916 3298
f 3299 3298 3300
f 3301 3299 3300
f 3300 3302 3301
f 3303 3301 3302
f 3304 3303 3302
f 3302 3305 3304
f 3305 3306 3304
f 3307 3304 3306
f 3308 3307 3306
f 3308 3306 3309
f 3310 3308 3309
f 3310 3309 3311
f 3312 3310 3311
f 3313 3312 3311
f 3313 3311 3314
f 3313 3314 3315
f 3313 3315 3316
f 3317 3313 3316
f 3317 3316 3318
f 3317 3318 3319
f 3320 3317 3319
f 3320 3319 3321
f 3322 3320 3321
f 3322 3321 3323
f 3322 3323 3324
f 3325 3322 3324
f 3325 3324 3326
f 3325 3326 3327
f 3328 3325 3327
f 3329 3328 3327
f 3330 3329 3327
f 3330 3331 3329
f 3332 3329 3331
f 3332 3331 3333
f 3333 3334 3332
f 3335 3332 3334
f 3336 3335 3334
f 3337 3336 3334
f 3338 3337 3334
f 3334 3339 3338
f 3340 3338 3339
f 3341 3340 3339
f 3342 3341 3339
f 3343 3342 3339
f 3344 3343 3339
f 3345 3343 3344
f 3346 3345 3344
f 3347 3346 3344
f 3347 3344 3334
f 3347 3334 3348
f 3347 3348 3349
f 3350 3347 3349
f 3350 3349 3351
f 3350 3351 3352
f 3353 3350 3352
f 3353 3352 3354
f 3353 3354 3355
f 3356 3353 3355
f 3356 3355 3357
f 3356 3357 3358
f 3356 3358 3359
f 3356 3359 3360
f 3356 3360 3361
f 3361 3360 3362
f 3361 3362 3363
f 3361 3363 3350
f 3363 3362 3364
f 3363 3364 3365
f 3363 3365 3346
f 3346 3365 3366
f 3367 3366 3365
f 3365 3368 3367
f 3369 3367 3368
f 3370 3369 3368
f 3370 3368 3371
f 3370 3371 3372
f 3373 3370 3372
f 3372 3374 3373
f 3374 3375 3373
f 3376 3373 3375
f 3375 3377 3376
f 3376 3377 3378
f 3379 3376 3378
f 3378 3380 3379
f 3379 3380 3381
f 3370 3379 3381
f 3381 3380 3382
f 3382 3383 3381
f 3383 3384 3381
f 3381 3384 3367
f 3367 3384 3385
f 3384 3386 3385
f 3387 3385 3386
f 3387 3386 3388
f 3387 3388 3389
f 3387 3389 3343
f 3343 3389 3390
f 3389 3391 3390
f 3390 3391 3392
f 3342 3390 3392
f 3392 3393 3342
f 3342 3393 3394
f 3394 3395 3342
f 3394 3396 3395
f 3396 3397 3395
f 3395 3397 3398
f 3395 3398 3341
f 3397 3399 3398
f 3398 3399 3400
f 3398 3400 3329
f 3337 3398 3329
f 3399 3401 3400
f 3400 3401 3402
f 3400 3402 3328
f 3403 3328 3402
f 3403 3402 3404
f 3403 3404 3405
f 3403 3405 3406
f 3403 3406 3325
f 3406 3405 3407
f 3406 3407 3408
f 3406 3408 3322
f 3408 3407 3409
f 3408 3409 3410
f 3408 3410 3320
f 3410 3409 3411
f 3410 3411 3412
f 3410 3412 3317
f 3412 3411 3413
f 3412 3413 3414
f 3412 3414 3313
f 3414 3413 3415
f 3414 3415 3416
f 3414 3416 3312
f 3416 3415 3417
f 3416 3417 3418
f 3416 3418 3310
f 3418 3417 3419
f 3418 3419 3420
f 3418 3420 3308
f 3420 3421 3308
f 3422 3421 3420
f 3422 3420 921
f 3422 3307 3421
f 3423 3307 3422
f 3424 3423 3422
f 3424 3422 919
f 3301 3423 3424
f 921 3420 3419
f 921 3419 3425
f 921 3425 3426
f 3427 921 3426
f 700 3427 3426
f 700 3426 707
f 3427 698 921
f 3426 3425 707
f 3419 3428 3425
f 709 3425 3428
f 721 709 3428
f 721 3428 3429
f 721 3429 3430
f 3431 721 3430
f 3431 3430 3432
f 3433 3431 3432
f 3433 3432 3434
f 3434 3435 3433
f 3435 3436 3433
f 3437 3433 3436
f 3436 3438 3437
f 3439 3437 3438
f 3438 3440 3439
f 746 3439 3440
f 746 3441 3439
f 3439 3441 3442
f 3442 3441 3443
f 3442 3443 3444
f 3442 3444 3437
f 3437 3444 3445
f 3445 3446 3437
f 3447 3446 3445
f 3445 3448 3447
f 3448 3443 3447
f 3449 3443 3448
f 3448 3450 3449
f 3451 3449 3450
f 3450 3452 3451
f 3451 3452 3453
f 3454 3451 3453
f 3453 3455 3454
f 3456 3454 3455
f 3457 3456 3455
f 3457 3455 3458
f 3444 3457 3458
f 3458 3459 3444
f 3458 3450 3459
f 3452 3458 3455
f 3456 3457 3449
f 3454 3456 3451
f 3455 3453 3452
f 3450 3458 3452
f 3449 3451 3456
f 3448 3459 3450
f 3443 3449 3457
f 3459 3448 3445
f 3446 3447 3441
f 3441 3460 3446
f 3433 3446 3460
f 3433 3460 3461
f 3433 3461 3462
f 3433 3462 3463
f 3463 3464 3433
f 3464 3465 3433
f 3465 3466 3433
f 3433 3466 3467
f 3433 3467 3468
f 3469 3468 3467
f 3467 3470 3469
f 3470 3471 3469
f 3469 3471 3472
f 3473 3472 3471
f 3473 3471 3474
f 3473 3474 3475
f 3475 3476 3473
f 3477 3476 3475
f 3477 3475 3431
f 3431 3468 3477
f 3478 3477 3468
f 3468 3479 3478
f 3479 3480 3478
f 3481 3478 3480
f 3480 3482 3481
f 3483 3481 3482
f 3484 3483 3482
f 3484 3485 3483
f 3486 3483 3485
f 3485 3479 3486
f 3472 3486 3479
f 3486 3472 3476
f 3476 3487 3486
f 3483 3486 3487
f 3479 3485 3484
f 3487 3481 3483
f 3482 3480 3484
f 3487 3478 3481
f 3479 3484 3480
f 3479 3468 3472
f 3487 3477 3478
f 3487 3476 3477
f 3475 3474 3431
f 3474 3488 3431
f 3431 3488 3489
f 3431 3489 3490
f 3431 3490 3491
f 3431 3491 3492
f 3492 3493 3431
f 3493 3494 3431
f 3494 3495 3431
f 3495 736 3431
f 3494 3496 3495
f 3497 3495 3496
f 3496 739 3497
f 739 3496 3471
f 3471 3496 3498
f 3498 3488 3471
f 3498 3496 3499
f 3498 3499 3489
f 3500 3499 3496
f 3496 3501 3500
f 3502 3500 3501
f 3502 3501 3503
f 3504 3502 3503
f 3503 3491 3504
f 3491 3503 3505
f 3504 3506 3502
f 3490 3506 3504
f 3506 3490 3500
f 3505 3503 3501
f 3501 3492 3505
f 3500 3502 3506
f 3496 3493 3501
f 3499 3500 3490
f 3495 3497 737
f 3493 3496 3494
f 3492 3501 3493
f 3505 3492 3491
f 3490 3504 3491
f 3490 3489 3499
f 3498 3489 3488
f 3474 3471 3488
f 3476 3472 3473
f 739 3471 3470
f 3469 3472 3468
f 3470 3467 3466
f 3466 3507 3470
f 746 3470 3507
f 3508 746 3507
f 3507 3466 3508
f 3465 3508 3466
f 3464 3508 3465
f 3508 3464 3509
f 3508 3509 3510
f 3510 3511 3508
f 3512 3508 3511
f 3512 3511 3461
f 3441 3508 3512
f 3511 3510 3462
f 3513 3462 3510
f 3510 3514 3513
f 3515 3513 3514
f 3515 3514 3516
f 3516 3517 3515
f 3462 3515 3517
f 3517 3516 3518
f 3518 3463 3517
f 3509 3463 3518
f 3509 3518 3514
f 3514 3518 3516
f 3462 3513 3515
f 3514 3510 3509
f 3463 3509 3464
f 3462 3517 3463
f 3462 3461 3511
f 3512 3461 3460
f 3460 3441 3512
f 3459 3445 3444
f 3457 3444 3443
f 3443 3441 3447
f 746 3508 3441
f 3440 3438 3519
f 3519 3520 3440
f 3520 750 3440
f 3521 750 3520
f 3521 3520 3522
f 3523 3521 3522
f 3523 3522 3524
f 3524 3525 3523
f 3523 3525 3526
f 3526 3527 3523
f 3527 3526 3528
f 3527 3528 3436
f 3436 3528 3529
f 3436 3529 3524
f 3528 3530 3529
f 3531 3529 3530
f 3530 3526 3531
f 3529 3531 3525
f 3530 3528 3526
f 3526 3525 3531
f 3525 3524 3529
f 3524 3522 3436
f 3522 3519 3436
f 3523 3527 3521
f 3532 3521 3527
f 3527 3435 3532
f 3435 3533 3532
f 3534 3532 3533
f 3533 3535 3534
f 3536 3534 3535
f 3536 3535 3537
f 3537 3538 3536
f 3539 3536 3538
f 3539 3538 3540
f 3539 3540 3541
f 3541 3542 3539
f 3543 3539 3542
f 3542 3544 3543
f 3545 3543 3544
f 3545 3544 3546
f 3546 3547 3545
f 3547 750 3545
f 3547 3546 3548
f 3548 3549 3547
f 3549 753 3547
f 3550 753 3549
f 3551 3550 3549
f 3552 3550 3551
f 3552 3551 3553
f 3552 3553 3554
f 3552 3554 3555
f 3555 3556 3552
f 3557 3552 3556
f 3557 3556 3558
f 3558 3559 3557
f 3560 3557 3559
f 3559 3561 3560
f 3562 3560 3561
f 3562 3561 3563
f 3563 3564 3562
f 753 3562 3564
f 753 3564 3565
f 3565 3566 753
f 3567 753 3566
f 3567 3566 3568
f 3567 3568 3569
f 3567 3569 3570
f 3570 3569 3571
f 3571 3572 3570
f 3572 753 3570
f 3572 3571 3573
f 3573 3574 3572
f 3574 3575 3572
f 754 3572 3575
f 3575 3576 754
f 3577 754 3576
f 3576 3578 3577
f 3578 3579 3577
f 3580 3577 3579
f 3580 3579 3581
f 3580 3581 3582
f 3582 754 3580
f 3583 754 3582
f 3583 3582 3584
f 3583 3584 3585
f 3585 756 3583
f 756 3585 3586
f 3586 3587 756
f 3587 3586 3588
f 3587 3588 3589
f 3589 3590 3587
f 3590 3591 3587
f 3587 3591 757
f 3592 757 3591
f 3592 3591 3593
f 3593 3594 3592
f 3595 3592 3594
f 3594 3596 3595
f 3597 3595 3596
f 3597 3596 3598
f 3597 3598 3599
f 3599 757 3597
f 3600 757 3599
f 3600 3599 3601
f 3600 3601 3602
f 3602 3603 3600
f 3604 3600 3603
f 3605 3604 3603
f 3603 3606 3605
f 3607 3605 3606
f 3608 3607 3606
f 3606 3609 3608
f 3608 3609 3610
f 3610 3611 3608
f 3611 3612 3608
f 3612 3611 3605
f 3613 3605 3611
f 3610 3613 3611
f 3604 3613 3610
f 3614 3604 3610
f 3610 3615 3614
f 3616 3614 3615
f 3615 3617 3616
f 3618 3616 3617
f 3618 3617 3619
f 3618 3619 3620
f 3620 757 3618
f 3621 3620 3619
f 3622 3621 3619
f 3619 3623 3622
f 3624 3622 3623
f 3625 3624 3623
f 3405 3625 3623
f 3405 3626 3625
f 3624 3625 3626
f 3626 3627 3624
f 3624 3627 3628
f 3628 3629 3624
f 3628 3630 3629
f 3629 3630 3631
f 3631 3622 3629
f 3631 3632 3622
f 3622 3632 3633
f 3633 3634 3622
f 3633 3635 3634
f 3634 3635 3636
f 3636 3621 3634
f 3635 759 3636
f 3620 3636 759
f 3630 3635 3633
f 3637 3630 3633
f 3637 3633 3638
f 3638 3639 3637
f 3639 3640 3637
f 3640 3639 3641
f 3641 3642 3640
f 3643 3640 3642
f 3642 3632 3643
f 3632 3642 3638
f 3643 3630 3640
f 3642 3641 3638
f 3638 3641 3639
f 3637 3640 3630
f 3630 762 3635
f 3638 3633 3632
f 3631 3643 3632
f 3631 3630 3643
f 762 3630 3628
f 762 3628 3644
f 762 3644 3645
f 762 3645 3646
f 762 3646 3647
f 762 3647 3648
f 3648 3649 762
f 3650 762 3649
f 3650 3649 3651
f 3651 3652 3650
f 3653 3650 3652
f 3652 3654 3653
f 3655 3653 3654
f 3654 3656 3655
f 3657 3655 3656
f 3657 3656 3658
f 3657 3658 3659
f 3659 762 3657
f 3660 762 3659
f 3660 3659 3661
f 3660 3661 3662
f 3662 3663 3660
f 764 3660 3663
f 764 3663 3664
f 3664 3665 764
f 3666 764 3665
f 3666 3665 3667
f 3667 3668 3666
f 3669 3666 3668
f 3668 3670 3669
f 3671 3669 3670
f 3670 3672 3671
f 3673 3671 3672
f 3672 3674 3673
f 3675 3673 3674
f 3674 3676 3675
f 3677 3675 3676
f 3677 3676 3678
f 3678 3679 3677
f 3680 3677 3679
f 3680 3679 3681
f 3680 3681 3682
f 3682 3683 3680
f 3684 3680 3683
f 3683 3685 3684
f 3686 3684 3685
f 3685 3687 3686
f 3688 3686 3687
f 3688 3687 3689
f 3688 3689 3690
f 3690 766 3688
f 3691 766 3690
f 3691 3690 3692
f 3691 3692 3693
f 3693 3694 3691
f 3694 3693 3695
f 3695 3696 3694
f 3697 3694 3696
f 3698 3697 3696
f 3698 3699 3697
f 3700 3697 3699
f 3699 3701 3700
f 3702 3700 3701
f 3703 3702 3701
f 3704 3702 3703
f 3704 3703 3705
f 3704 3705 3706
f 3706 766 3704
f 3707 766 3706
f 3707 3706 3708
f 3709 3707 3708
f 3709 3708 3692
f 3710 3709 3692
f 3710 3692 3689
f 3689 3711 3710
f 3712 3710 3711
f 3713 3712 3711
f 3713 3711 3714
f 3713 3714 3715
f 3713 3715 3716
f 3716 3715 3717
f 3716 3717 3718
f 3716 3718 3719
f 3716 3719 3712
f 3719 3720 3712
f 3720 3721 3712
f 3721 3722 3712
f 3722 3723 3712
f 3724 3712 3723
f 3725 3724 3723
f 3723 3726 3725
f 3726 3727 3725
f 3725 3727 3728
f 3729 3725 3728
f 3729 3728 3730
f 3729 3730 3731
f 3731 3732 3729
f 3729 3732 3733
f 3734 3729 3733
f 3734 3733 3735
f 3734 3735 3736
f 3734 3736 3737
f 3734 3737 3738
f 3734 3738 3724
f 3739 3738 3737
f 3737 3740 3739
f 3740 3732 3739
f 3739 3732 3741
f 3741 3732 3742
f 3741 3742 3743
f 3743 3738 3741
f 3738 3743 3712
f 3743 3744 3712
f 3744 3745 3712
f 3744 3746 3745
f 3746 3747 3745
f 3747 3748 3745
f 3745 3748 3749
f 3745 3749 3710
f 3710 3749 3750
f 3751 3710 3750
f 3750 3752 3751
f 3753 3751 3752
f 3752 3754 3753
f 3755 3753 3754
f 3754 3756 3755
f 3757 3755 3756
f 3756 3758 3757
f 3759 3757 3758
f 3759 3758 3760
f 3760 3761 3759
f 3761 3760 3762
f 3762 3763 3761
f 3753 3761 3763
f 3763 3762 3764
f 3764 3765 3763
f 3751 3763 3765
f 3765 3764 3766
f 3765 3766 3709
f 3764 766 3766
f 767 3764 3762
f 767 3762 3756
f 3758 3762 3760
f 3759 3761 3757
f 3756 3762 3758
f 3755 3757 3761
f 3756 3754 767
f 3753 3755 3761
f 3752 767 3754
f 3751 3753 3763
f 3750 767 3752
f 3710 3751 3765
f 3749 767 3750
f 3748 767 3749
f 3767 767 3748
f 3732 767 3767
f 3732 3767 3768
f 3732 3768 3769
f 3769 3770 3732
f 3771 3732 3770
f 3771 3770 3772
f 3772 3746 3771
f 3773 3771 3746
f 3746 3772 3774
f 3772 3775 3774
f 3768 3774 3775
f 3775 3776 3768
f 3777 3768 3776
f 3778 3777 3776
f 3778 3779 3777
f 3769 3777 3779
f 3779 3780 3769
f 3780 3779 3775
f 3779 3778 3775
f 3776 3775 3778
f 3772 3780 3775
f 3780 3772 3770
f 3773 3732 3771
f 3770 3769 3780
f 3769 3768 3777
f 3774 3768 3767
f 3767 3747 3774
f 3747 3767 3748
f 3746 3774 3747
f 3746 3744 3773
f 3742 3773 3744
f 3744 3743 3742
f 3742 3732 3773
f 3739 3741 3738
f 3740 3737 3736
f 3736 3781 3740
f 3782 3740 3781
f 3783 3782 3781
f 3783 3784 3782
f 3785 3782 3784
f 3784 3735 3785
f 3784 3783 3736
f 3785 3740 3782
f 3733 3740 3785
f 3781 3736 3783
f 3735 3784 3736
f 3733 3785 3735
f 3733 3732 3740
f 3786 3732 3731
f 3787 3786 3731
f 3787 3731 3788
f 3789 3787 3788
f 3789 3788 3790
f 3791 3789 3790
f 3791 3790 3792
f 3793 3791 3792
f 3793 3792 3794
f 3795 3793 3794
f 3795 3794 3796
f 3797 3795 3796
f 3798 3797 3796
f 3799 3798 3796
f 3800 3799 3796
f 3801 3800 3796
f 3801 3796 3802
f 3803 3801 3802
f 3803 3802 3804
f 3805 3803 3804
f 3805 3804 3806
f 2356 3805 3806
f 2356 3806 3807
f 3806 3808 3807
f 3807 3808 3809
f 3807 3809 2449
f 3810 2449 3809
f 3811 3810 3809
f 3812 3811 3809
f 2453 3812 3809
f 3813 2453 3809
f 3809 3814 3813
f 3814 3815 3813
f 3815 2456 3813
f 2458 3815 3814
f 3816 2458 3814
f 3817 3816 3814
f 3818 3817 3814
f 2462 3818 3814
f 3819 2462 3814
f 3814 3820 3819
f 2465 3819 3820
f 3821 2465 3820
f 3822 3821 3820
f 2468 3822 3820
f 3823 2468 3820
f 3820 3824 3823
f 2472 3823 3824
f 3825 2472 3824
f 3826 3825 3824
f 2475 3826 3824
f 3827 2475 3824
f 3827 3824 2477
f 3828 2477 3824
f 3824 3726 3828
f 3829 3828 3726
f 3830 3829 3726
f 3829 3830 2478
f 3726 3824 3831
f 3831 3824 3727
f 3824 3832 3727
f 3727 3832 3730
f 3832 3788 3730
f 3832 3833 3788
f 3820 3833 3832
f 3828 3829 2477
f 3825 3826 2473
f 3820 3832 3824
f 3821 3822 2466
f 3814 3833 3820
f 3814 3834 3833
f 3833 3834 3790
f 3817 3818 2460
f 3816 3817 2459
f 3809 3834 3814
f 3812 2451 3811
f 3810 3811 2451
f 3809 3808 3834
f 3834 3808 3792
f 3806 3804 3808
f 3808 3804 3794
f 3803 3805 3835
f 3835 3836 3803
f 3837 3803 3836
f 3838 3837 3836
f 3838 3836 3839
f 3838 3839 3840
f 3841 3838 3840
f 3841 3840 3842
f 3842 3843 3841
f 3843 3844 3841
f 3841 3844 3845
f 3841 3845 3846
f 3846 3847 3841
f 3846 3848 3847
f 3848 3844 3847
f 3801 3847 3844
f 3848 3849 3844
f 3848 3850 3849
f 3845 3849 3850
f 3845 3850 3851
f 3845 3851 3852
f 3845 3852 3853
f 3853 3854 3845
f 3854 3855 3845
f 3845 3855 2369
f 3855 3854 3856
f 3857 3855 3856
f 3857 3856 3858
f 3857 3858 3859
f 3859 3860 3857
f 3861 3860 3859
f 3862 3861 3859
f 3863 3862 3859
f 3864 3863 3859
f 3865 3864 3859
f 3859 3866 3865
f 3867 3865 3866
f 3866 3868 3867
f 3869 3867 3868
f 3863 3869 3868
f 3863 3868 3870
f 3871 3870 3868
f 3872 3870 3871
f 3871 3873 3872
f 3874 3872 3873
f 3875 3874 3873
f 3876 3875 3873
f 3877 3876 3873
f 3878 3877 3873
f 3873 3879 3878
f 3878 3879 3880
f 3878 3880 3881
f 3882 3881 3880
f 3880 3883 3882
f 3883 3884 3882
f 3885 3882 3884
f 3884 3886 3885
f 3887 3885 3886
f 3887 3886 3888
f 3887 3888 3889
f 3887 3889 3890
f 3890 3891 3887
f 3891 3892 3887
f 3892 3893 3887
f 3894 3887 3893
f 3893 3895 3894
f 3896 3894 3895
f 3896 3895 3897
f 3898 3896 3897
f 3899 3898 3897
f 3899 3897 3900
f 3899 3900 3901
f 3901 3902 3899
f 3903 3899 3902
f 3903 3902 3904
f 3903 3904 3905
f 3903 3905 3906
f 3907 3903 3906
f 3907 3906 3908
f 3907 3908 3909
f 3907 3909 3898
f 3909 3908 3910
f 3909 3910 3911
f 3909 3911 3912
f 3909 3912 3913
f 3909 3913 3896
f 3913 3912 3914
f 3913 3914 3915
f 3913 3915 3916
f 3913 3916 3894
f 3916 3917 3894
f 3917 3918 3894
f 3917 3919 3918
f 3920 3918 3919
f 3919 3921 3920
f 3921 3922 3920
f 3922 3923 3920
f 3924 3920 3923
f 3924 3923 3925
f 3926 3924 3925
f 3927 3926 3925
f 3927 3925 3928
f 3927 3928 3929
f 3930 3929 3928
f 3931 3930 3928
f 3932 3931 3928
f 3932 3933 3931
f 3934 3931 3933
f 3934 3933 3935
f 3934 3935 3936
f 3937 3934 3936
f 3937 3936 3938
f 3937 3938 3939
f 3940 3937 3939
f 3940 3939 3941
f 3940 3941 3942
f 3940 3942 3943
f 3940 3943 3944
f 3940 3944 3930
f 3940 3930 3934
f 3944 3945 3930
f 3944 3946 3945
f 3946 3947 3945
f 3945 3947 3948
f 3945 3948 3929
f 3919 3929 3948
f 3919 3948 3949
f 3919 3949 3950
f 3919 3950 3951
f 3919 3951 3952
f 3919 3952 3893
f 3919 3893 3884
f 3953 3952 3951
f 3953 3951 3895
f 3890 3953 3895
f 3895 3952 3890
f 3890 3954 3953
f 3954 3890 3955
f 3954 3955 3956
f 3954 3956 3957
f 3957 3958 3954
f 3951 3954 3958
f 3959 3958 3957
f 3957 3960 3959
f 3960 3961 3959
f 3961 3962 3959
f 3959 3962 3963
f 3963 3900 3959
f 3963 3964 3900
f 3963 3965 3964
f 3965 3966 3964
f 3966 3967 3964
f 3967 3968 3964
f 3968 3969 3964
f 3969 3970 3964
f 3971 3964 3970
f 3970 3972 3971
f 3973 3971 3972
f 3972 3974 3973
f 3975 3973 3974
f 3975 3974 3976
f 3975 3976 3977
f 3975 3977 3978
f 3975 3978 3979
f 3980 3975 3979
f 3981 3980 3979
f 3982 3981 3979
f 3983 3982 3979
f 3984 3983 3979
f 3985 3984 3979
f 3979 3986 3985
f 3986 3987 3985
f 3985 3987 3988
f 3988 3989 3985
f 3985 3989 3990
f 3991 3990 3989
f 3991 3989 3992
f 3993 3991 3992
f 3993 3992 3994
f 3995 3993 3994
f 3995 3994 3996
f 3995 3996 3997
f 3995 3997 3998
f 3995 3998 3999
f 3995 3999 4000
f 3995 4000 4001
f 3995 4001 4002
f 3995 4002 4003
f 3995 4003 4004
f 4003 4005 4004
f 4004 4005 4006
f 4007 4004 4006
f 4007 4006 4008
f 4007 4008 4009
f 4009 4010 4007
f 4007 4010 4011
f 4007 4011 4012
f 4007 4012 4013
f 4014 4007 4013
f 3990 4014 4013
f 3984 3990 4013
f 3990 4015 4014
f 4014 4015 4007
f 4015 4016 4007
f 4016 4017 4007
f 4018 4007 4017
f 4008 4018 4017
f 4017 4005 4008
f 4005 4017 3993
f 4019 4005 3993
f 4006 4019 3993
f 4020 4006 3993
f 4020 3993 4004
f 4021 4006 4020
f 4007 4021 4020
f 4021 4007 4005
f 4019 4006 4021
f 4005 4019 4021
f 4018 4008 4005
f 4007 4018 4005
f 3993 4017 4016
f 3993 4016 4015
f 3983 4013 4012
f 3982 4012 4011
f 4010 4022 4011
f 4022 3964 4011
f 3981 4011 3964
f 4022 4023 3964
f 4023 3902 3964
f 4024 3902 4023
f 4024 4023 4022
f 4009 4024 4022
f 4009 4025 4024
f 4024 4025 4026
f 4024 4026 4027
f 4024 4027 3904
f 4026 4028 4027
f 4028 4029 4027
f 4029 3905 4027
f 4029 4028 4030
f 4029 4030 4031
f 4032 4029 4031
f 4032 3910 4029
f 4032 4031 4030
f 4032 4030 4033
f 4032 4033 3911
f 3911 4033 4034
f 4034 4033 4035
f 3912 4034 4035
f 4033 4036 4035
f 4036 4037 4035
f 3887 4035 4037
f 3887 4037 4038
f 4038 4039 3887
f 3887 4039 4040
f 4038 4040 4039
f 4038 4041 4040
f 4040 4041 4042
f 4042 4043 4040
f 4044 4040 4043
f 4043 4045 4044
f 4044 4045 4046
f 4047 4044 4046
f 4048 4047 4046
f 4049 4048 4046
f 4049 4046 4050
f 4051 4049 4050
f 4052 4051 4050
f 4053 4052 4050
f 4054 4053 4050
f 4050 4055 4054
f 4056 4054 4055
f 4057 4056 4055
f 4058 4057 4055
f 4055 4059 4058
f 4060 4058 4059
f 4059 4061 4060
f 4062 4060 4061
f 4063 4062 4061
f 4064 4063 4061
f 4061 4065 4064
f 4066 4064 4065
f 4065 4067 4066
f 4068 4066 4067
f 4067 4069 4068
f 4070 4068 4069
f 4071 4070 4069
f 4072 4071 4069
f 4069 4073 4072
f 4074 4072 4073
f 4075 4074 4073
f 4076 4075 4073
f 4077 4076 4073
f 4073 4078 4077
f 4079 4077 4078
f 4080 4079 4078
f 4078 4081 4080
f 4082 4080 4081
f 4083 4082 4081
f 4084 4083 4081
f 4085 4084 4081
f 4081 4086 4085
f 4087 4085 4086
f 4086 4088 4087
f 4088 4089 4087
f 4089 4090 4087
f 4090 4091 4087
f 4091 4092 4087
f 4093 4087 4092
f 4092 4094 4093
f 4093 4094 4095
f 4095 4084 4093
f 4095 4094 4096
f 4096 4079 4095
f 4096 4094 4097
f 4096 4097 4076
f 4097 4098 4076
f 4099 4076 4098
f 4098 4100 4099
f 4099 4100 4101
f 4099 4101 4075
f 4102 4075 4101
f 4101 4100 4102
f 4102 4100 4103
f 4102 4103 4071
f 4103 4104 4071
f 4105 4071 4104
f 4104 4106 4105
f 4105 4106 4107
f 4107 4070 4105
f 4107 4106 4108
f 4108 4066 4107
f 4109 4108 4106
f 4110 4109 4106
f 4110 4106 4111
f 4110 4111 4112
f 4110 4112 4113
f 4114 4110 4113
f 4114 4113 4115
f 4114 4115 4116
f 4114 4116 4117
f 4114 4117 4109
f 4117 4118 4109
f 4119 4109 4118
f 4118 4062 4119
f 4120 4119 4062
f 4120 4109 4119
f 4118 4117 4121
f 4121 4057 4118
f 4121 4117 4122
f 4121 4122 4056
f 4123 4056 4122
f 4122 4117 4123
f 4123 4117 4124
f 4123 4124 4053
f 4125 4053 4124
f 4124 3882 4125
f 4125 3882 4126
f 4126 4051 4125
f 4126 3882 4127
f 4126 4127 4048
f 4128 4048 4127
f 4127 3882 4128
f 3882 4124 4117
f 4129 3882 4117
f 4129 4117 4116
f 4129 4116 3881
f 4116 4130 3881
f 3875 3881 4130
f 4116 4115 4130
f 4115 4131 4130
f 4130 4131 3874
f 4115 4132 4131
f 4132 4133 4131
f 4133 4134 4131
f 4131 4134 3870
f 3870 4134 4135
f 3870 4135 3862
f 4136 4135 4134
f 4137 4136 4134
f 4138 4137 4134
f 4139 4137 4138
f 4139 4138 4140
f 4139 4140 4141
f 4142 4139 4141
f 4143 4142 4141
f 4143 4141 4144
f 4143 4144 4145
f 4146 4145 4144
f 4147 4146 4144
f 4148 4147 4144
f 4148 4144 4149
f 4150 4148 4149
f 4150 4149 4151
f 4150 4151 4152
f 4153 4150 4152
f 4153 4152 4154
f 4153 4154 4155
f 4153 4155 4156
f 4153 4156 4148
f 4157 4156 4155
f 4157 4155 4158
f 4157 4158 4159
f 4159 4158 4160
f 4159 4160 4161
f 4159 4161 4162
f 4159 4162 4156
f 4163 4156 4162
f 4164 4163 4162
f 4165 4163 4164
f 4165 4164 4166
f 4165 4166 4167
f 4168 4165 4167
f 4169 4168 4167
f 4169 4167 4170
f 4169 4170 4171
f 4172 4169 4171
f 4172 4171 4173
f 4174 4172 4173
f 2383 4174 4173
f 2383 4173 4175
f 4173 4176 4175
f 4175 4176 4177
f 4175 4177 4178
f 4175 4178 4179
f 4175 4179 4180
f 4175 4180 4181
f 4175 4181 4182
f 4175 4182 2385
f 4183 4182 4181
f 4183 4184 4182
f 4185 4182 4184
f 4185 4184 4186
f 4185 4186 4187
f 4185 4187 4188
f 4188 4187 2390
f 2386 4188 2390
f 4182 4188 2386
f 4187 4189 2390
f 2390 4189 4190
f 4189 4191 4190
f 4190 4191 4192
f 4190 4192 4193
f 4190 4193 2391
f 4193 4192 4194
f 2392 4193 4194
f 2392 4194 4195
f 2392 4195 4196
f 2392 4196 4197
f 2392 4197 4198
f 4197 2395 4198
f 4197 4196 2395
f 4195 4199 4196
f 2401 4196 4199
f 2401 4199 4200
f 2401 4200 4201
f 4195 4201 4200
f 4195 4202 4201
f 4202 2403 4201
f 4202 2407 2403
f 4202 4203 2407
f 4203 4204 2407
f 4204 4205 2407
f 4204 4206 4205
f 4206 4207 4205
f 4205 4207 2410
f 4207 4208 2410
f 4208 4209 2410
f 4209 4210 2410
f 4209 4211 4210
f 4210 4211 2411
f 4211 4212 2411
f 4212 4213 2411
f 2411 4213 4214
f 2411 4214 4215
f 4214 4216 4215
f 4216 4217 4215
f 4217 4218 4215
f 4218 4219 4215
f 4220 4215 4219
f 4219 4221 4220
f 4220 4221 4222
f 4223 4220 4222
f 4224 4223 4222
f 4225 4224 4222
f 4225 4222 2412
f 4225 2412 4215
f 2412 4222 4226
f 4224 4225 4227
f 4220 4227 4225
f 4227 4220 4228
f 4227 4228 4229
f 4227 4229 4223
f 4223 4229 4228
f 4227 4223 4224
f 4223 4228 4220
f 4222 4221 4226
f 4226 4221 4230
f 4226 4230 2413
f 4230 4231 2413
f 4231 4232 2413
f 4232 4233 2413
f 2413 4233 4234
f 4235 2413 4234
f 2413 4235 2335
f 2335 4236 2413
f 4236 2335 4237
f 4236 4237 2334
f 2334 4235 4236
f 4236 4235 2414
f 4233 2414 4235
f 2414 4233 2418
f 4238 2334 4237
f 4238 4237 2335
f 4235 4234 4233
f 4232 2418 4233
f 4221 2418 4232
f 4221 4232 4231
f 4230 4221 4231
f 4221 4219 4239
f 4239 4240 4221
f 4221 4240 4241
f 4221 4241 2419
f 2419 4241 4242
f 4241 4243 4242
f 4242 4243 4244
f 4242 4244 4245
f 2420 4242 4245
f 2420 4245 4246
f 4247 4246 4245
f 4248 4247 4245
f 4249 4247 4248
f 4250 4249 4248
f 4250 4248 4251
f 4252 4250 4251
f 4252 4251 4253
f 4254 4252 4253
f 4254 4253 4255
f 4256 4254 4255
f 4256 4255 4257
f 4256 4257 4258
f 4259 4256 4258
f 4258 4260 4259
f 4259 4260 4261
f 4261 4262 4259
f 4260 4262 4261
f 4260 4263 4262
f 4262 4263 2507
f 4262 2507 4264
f 4265 4262 4264
f 4265 4264 4266
f 4265 4266 4267
f 4268 4265 4267
f 4268 4267 4269
f 4270 4268 4269
f 4270 4269 4271
f 4272 4270 4271
f 4272 4271 4273
f 4274 4272 4273
f 4274 4273 4275
f 4274 4275 4276
f 4276 4277 4274
f 4278 4274 4277
f 4278 4277 4279
f 4279 4280 4278
f 4281 4278 4280
f 4281 4280 4282
f 4283 4281 4282
f 4284 4283 4282
f 4284 4282 4285
f 4285 4286 4284
f 4287 4284 4286
f 4286 4288 4287
f 4287 4288 4289
f 4290 4287 4289
f 4290 4289 4291
f 4291 4292 4290
f 4292 4291 4293
f 4293 4294 4292
f 4292 4294 4295
f 4292 4295 4296
f 4292 4296 4287
f 4297 4287 4296
f 4296 4298 4297
f 4297 4298 4283
f 4298 4299 4283
f 4299 4300 4283
f 4301 4283 4300
f 4300 4278 4301
f 4299 4278 4300
f 4278 4299 4302
f 4278 4302 4303
f 4304 4303 4302
f 4305 4303 4304
f 4304 4306 4305
f 4307 4305 4306
f 4306 4308 4307
f 4307 4308 4309
f 4310 4309 4308
f 4311 4310 4308
f 4308 4312 4311
f 2425 4311 4312
f 4312 4313 2425
f 4313 4314 2425
f 4314 4315 2425
f 4315 4316 2425
f 4317 2425 4316
f 4316 4318 4317
f 4319 4317 4318
f 4319 4318 4320
f 2429 4319 4320
f 2429 4320 4321
f 4322 2429 4321
f 4322 4321 4323
f 4324 4322 4323
f 4324 4323 4325
f 4326 4324 4325
f 4326 4325 4327
f 4328 4326 4327
f 4328 4327 4329
f 4330 4328 4329
f 4330 4329 3396
f 4331 4328 4330
f 4332 4331 4330
f 4332 4330 3393
f 4333 4331 4332
f 4334 4333 4332
f 4334 4332 4335
f 4334 4335 4336
f 4334 4336 4337
f 4334 4337 4338
f 4338 4337 4339
f 4338 4339 4340
f 4338 4340 4341
f 4342 4338 4341
f 4342 4341 4050
f 4342 4050 4343
f 4344 4342 4343
f 4046 4344 4343
f 4046 3873 4344
f 3873 4046 3883
f 4046 4345 3883
f 3883 4345 4346
f 4346 4345 4347
f 4347 3884 4346
f 4348 3884 4347
f 4348 4347 4349
f 4349 4350 4348
f 4351 4348 4350
f 4352 4351 4350
f 4352 4350 4353
f 4352 4353 3863
f 4352 3863 4354
f 4355 4352 4354
f 4356 4352 4355
f 3864 4356 4355
f 4356 3864 4357
f 4357 4358 4356
f 4358 4357 4359
f 4352 4358 4359
f 3857 4352 4359
f 3857 4357 4352
f 4357 3857 4359
f 4357 3864 4352
f 4358 4352 4356
f 3863 4355 4354
f 4353 4350 4360
f 4360 4345 4353
f 4361 4353 4345
f 4345 4362 4361
f 4362 4348 4361
f 4363 4361 4348
f 4348 4364 4363
f 4351 4363 4364
f 4351 4364 4365
f 4348 4365 4364
f 4351 4361 4363
f 4362 4366 4348
f 4348 4366 4367
f 4348 4367 4368
f 3921 4368 4367
f 3921 4367 4369
f 3921 4369 4370
f 4370 4369 4366
f 4370 4366 3923
f 3921 3884 4368
f 4369 4367 4366
f 4371 4366 4362
f 4362 3799 4371
f 4371 3799 4372
f 4372 3799 4373
f 4374 4372 4373
f 4374 4373 4375
f 4374 4375 3853
f 4374 3853 4376
f 4374 4376 4377
f 4374 4377 4366
f 4366 4377 3932
f 4366 3932 3925
f 4377 3842 3932
f 3932 3842 4378
f 3932 4378 4379
f 4380 4379 4378
f 4381 4380 4378
f 4381 4378 4382
f 4383 4381 4382
f 4383 4382 4384
f 4383 4384 4385
f 4383 4385 4184
f 4385 4384 4386
f 4385 4386 4186
f 4386 4387 4186
f 4388 4186 4387
f 4388 4387 4389
f 4388 4389 4390
f 4388 4390 4192
f 4192 4390 4389
f 4192 4389 4391
f 4391 4389 4392
f 4393 4391 4392
f 4393 4392 4394
f 4393 4394 4202
f 4394 4392 4395
f 4396 4394 4395
f 4396 4395 4397
f 4398 4396 4397
f 4398 4397 4399
f 4400 4398 4399
f 4401 4400 4399
f 4401 4399 4402
f 4403 4401 4402
f 4403 4402 4404
f 4405 4403 4404
f 4406 4405 4404
f 4406 4404 4407
f 4408 4406 4407
f 4408 4407 4409
f 4408 4409 4410
f 4411 4408 4410
f 4411 4410 4412
f 4411 4412 4413
f 4411 4413 4414
f 4413 4415 4414
f 4414 4415 4416
f 4414 4416 4417
f 4418 4414 4417
f 4419 4418 4417
f 4419 4417 4420
f 4421 4419 4420
f 4421 4420 4422
f 4421 4422 4423
f 4421 4423 4424
f 4425 4421 4424
f 4425 4424 4426
f 4427 4425 4426
f 4428 4427 4426
f 4428 4426 4429
f 4430 4428 4429
f 4430 4429 4431
f 4432 4430 4431
f 4432 4431 4209
f 4433 4432 4209
f 4433 4428 4432
f 4400 4428 4433
f 4429 4434 4431
f 4434 4435 4431
f 4431 4435 4436
f 4431 4436 4211
f 4436 4435 4437
f 4436 4437 4438
f 4439 4436 4438
f 4440 4439 4438
f 4440 4438 4441
f 4440 4441 4442
f 4440 4442 4434
f 4440 4434 4443
f 4443 4434 4444
f 4445 4443 4444
f 4445 4444 4446
f 4445 4446 4436
f 4446 4447 4436
f 4447 4212 4436
f 4448 4212 4447
f 4448 4447 4449
f 4448 4449 4213
f 4449 4450 4213
f 4449 4451 4450
f 4451 4452 4450
f 4452 4453 4450
f 4453 4454 4450
f 4450 4454 4214
f 4214 4454 4455
f 4454 4456 4455
f 4456 4457 4455
f 4457 4458 4455
f 4458 4459 4455
f 4460 4455 4459
f 4460 4459 4461
f 4461 4459 4462
f 4461 4462 4455
f 4455 4462 4216
f 4462 4463 4216
f 4463 4464 4216
f 4464 1577 4216
f 4216 1577 1580
f 4465 1580 1577
f 4465 1577 4466
f 4466 1576 4465
f 1580 4465 1576
f 4464 4239 1577
f 1577 4239 4217
f 4239 4464 4467
f 4463 4467 4464
f 4462 4467 4463
f 4458 4467 4462
f 4460 4461 4455
f 4458 4462 4459
f 4457 4467 4458
f 4468 4467 4457
f 4469 4468 4457
f 4469 4470 4468
f 4469 4471 4470
f 1572 4470 4471
f 1572 4471 4472
f 4473 4472 4471
f 4471 4456 4473
f 4474 4473 4456
f 4475 4473 4474
f 4475 4474 4453
f 4476 4475 4453
f 4476 4453 4477
f 4476 4477 4478
f 4476 4478 4479
f 4478 4480 4479
f 4481 4479 4480
f 4481 4480 4482
f 4481 4482 4483
f 4481 4483 4484
f 4483 4485 4484
f 4485 4486 4484
f 4484 4486 4487
f 4484 4487 4475
f 4479 4484 4475
f 4475 4487 4488
f 4488 4487 4489
f 4489 4490 4488
f 4490 4491 4488
f 4491 4492 4488
f 4472 4488 4492
f 1574 4472 4492
f 4491 4493 4492
f 4493 4494 4492
f 4495 4492 4494
f 4495 4494 4496
f 1580 4495 4496
f 1580 4496 4497
f 4497 4496 4498
f 4497 4498 4499
f 4497 4499 4500
f 4497 4500 4501
f 4497 4501 4502
f 1581 4497 4502
f 4503 4502 4501
f 4503 4501 4504
f 4505 4503 4504
f 4506 4505 4504
f 4506 4504 4507
f 4508 4506 4507
f 4509 4508 4507
f 4510 4509 4507
f 4510 4507 4511
f 4512 4510 4511
f 4512 4511 4513
f 4512 4513 4514
f 4515 4512 4514
f 4515 4514 4516
f 4515 4516 4517
f 4515 4517 4518
f 4515 4518 4519
f 4515 4519 4509
f 4519 4520 4509
f 4520 4521 4509
f 4521 4522 4509
f 4522 4523 4509
f 4524 4509 4523
f 4525 4524 4523
f 4525 4523 4526
f 4525 4526 4527
f 4525 4527 4528
f 4525 4528 4529
f 4525 4529 4530
f 4525 4530 4508
f 4530 4529 4531
f 4530 4531 4532
f 4530 4532 4505
f 4532 4531 3936
f 4532 3936 4533
f 4532 4533 4534
f 4532 4534 4535
f 4532 4535 4536
f 4532 4536 4503
f 4503 4536 4537
f 4538 4537 4536
f 4538 4536 4539
f 4540 4538 4539
f 4540 4539 4541
f 4540 4541 4542
f 4540 4542 4543
f 4540 4543 4544
f 4540 4544 4545
f 4540 4545 4537
f 4545 4546 4537
f 4537 4546 4502
f 4546 4547 4502
f 4547 4548 4502
f 4548 1584 4502
f 4548 2338 1584
f 4549 2338 4548
f 4550 4549 4548
f 4551 4550 4548
f 4551 4552 4550
f 4551 4553 4552
f 4552 4553 4554
f 4549 4552 4554
f 4555 4549 4554
f 4555 4554 4556
f 4557 4555 4556
f 4557 4556 2443
f 2443 2439 4557
f 4558 2443 4556
f 2354 2443 4558
f 2354 4558 4559
f 2354 4559 2359
f 2359 4559 3839
f 3839 4560 2359
f 4560 4561 2359
f 4560 3805 4561
f 2361 4561 3805
f 3805 2352 2361
f 4560 3839 3835
f 4559 4558 3839
f 4558 4562 3839
f 4562 4563 3839
f 4562 4564 4563
f 4564 4565 4563
f 4384 4563 4565
f 4384 4566 4563
f 3842 4563 4566
f 3842 4566 4382
f 4564 4386 4565
f 4564 4553 4386
f 4562 4553 4564
f 4558 4554 4562
f 4557 4567 4555
f 4567 2338 4555
f 4568 2338 4567
f 4568 4569 2338
f 4569 4570 2338
f 4571 4570 4569
f 4569 4572 4571
f 4571 4572 4573
f 4571 4573 4574
f 2436 4571 4574
f 2436 4574 4575
f 2436 4575 4576
f 4572 2436 4576
f 4572 4576 4557
f 4577 4572 4557
f 4557 2438 4577
f 2438 4578 4577
f 4578 2348 4577
f 4578 2438 4579
f 4579 2435 4578
f 2435 4580 4578
f 4578 4580 4581
f 4578 4581 2349
f 2349 4581 4582
f 4582 4583 2349
f 4583 4584 2349
f 4583 4582 4584
f 4584 4582 4585
f 4585 4586 4584
f 2353 4584 4586
f 2353 4586 4587
f 4586 4588 4587
f 4589 4587 4588
f 2352 4587 4589
f 2352 4589 4590
f 2352 4590 4591
f 2352 4591 2363
f 4591 4590 2429
f 4590 2431 2429
f 2431 4590 4592
f 4593 2431 4592
f 4592 4594 4593
f 4593 4594 2434
f 4594 4595 2434
f 4582 2434 4595
f 4595 4596 4582
f 4582 4596 2447
f 2447 4597 4582
f 2447 4598 4597
f 4597 4598 4596
f 4594 4597 4596
f 4594 4599 4597
f 4597 4599 4585
f 4599 4590 4585
f 4594 4590 4599
f 2445 4596 4598
f 4598 2441 2445
f 2441 4598 4600
f 2447 4600 4598
f 2434 4582 4580
f 4594 4596 4595
f 4592 4590 4594
f 4585 4590 4589
f 4589 4588 4586
f 4585 4589 4586
f 4597 4585 4582
f 4580 4582 4581
f 4577 2348 4572
f 2348 4601 4572
f 4602 4572 4601
f 2348 4602 4601
f 2348 4573 4602
f 4573 2348 4568
f 4603 4568 2348
f 4604 4603 2348
f 4605 4604 2348
f 2417 4604 4605
f 4605 2343 2417
f 4604 4572 4603
f 4604 2422 4572
f 4568 4603 4606
f 4569 4606 4603
f 2436 4572 2432
f 4557 4576 4575
f 4557 4575 4574
f 4557 4574 4568
f 2436 4607 4571
f 4571 4607 4608
f 4609 4571 4608
f 2331 4609 4608
f 4609 2331 4238
f 4609 4238 4610
f 4609 4610 2340
f 4610 4605 2340
f 4611 2340 4605
f 4611 4605 2341
f 2342 4605 4610
f 2337 4610 4238
f 4571 4609 2339
f 4608 4607 4612
f 4608 4612 2329
f 4612 4607 4613
f 4612 4613 4614
f 4612 4614 2321
f 4614 4613 4615
f 4614 4615 4616
f 4614 4616 2319
f 4616 4615 4617
f 4616 4617 4618
f 4616 4618 2317
f 4618 4617 4619
f 4618 4619 2614
f 4618 2614 2315
f 4619 4617 2467
f 4617 4615 2461
f 4615 4613 2452
f 4613 4620 2452
f 4613 4607 4620
f 2436 4620 4607
f 2436 2450 4620
f 4568 4574 4573
f 4573 4572 4602
f 4603 4572 4569
f 4571 2339 4570
f 4606 4569 4568
f 4557 4568 4567
f 4558 4556 4554
f 4562 4554 4553
f 4551 4386 4553
f 4551 4621 4386
f 4545 4621 4551
f 4550 4552 4549
f 4555 2338 4549
f 4551 4548 4547
f 4551 4547 4546
f 4545 4551 4546
f 4545 4544 4621
f 4621 4544 4622
f 4621 4622 4387
f 4387 4622 4623
f 4622 4624 4623
f 4623 4624 4392
f 4624 4625 4392
f 4625 4626 4392
f 4626 4627 4392
f 4542 4627 4626
f 4542 4628 4627
f 4627 4628 4395
f 4628 4629 4395
f 4629 4630 4395
f 4630 4631 4395
f 4631 4632 4395
f 4632 4633 4395
f 4632 4634 4633
f 4634 4635 4633
f 4635 4636 4633
f 4636 4637 4633
f 4637 4638 4633
f 4399 4633 4638
f 4399 4638 4639
f 4399 4639 4640
f 4399 4640 4641
f 4399 4641 4642
f 4399 4642 4643
f 4642 4644 4643
f 4643 4644 4645
f 4402 4643 4645
f 4402 4645 4646
f 4402 4646 4647
f 4646 4648 4647
f 4649 4647 4648
f 4648 4650 4649
f 4651 4649 4650
f 4651 4650 4652
f 4652 4653 4651
f 4653 4652 4654
f 4653 4654 4655
f 4655 4656 4653
f 4653 4656 4657
f 4649 4653 4657
f 4649 4657 4658
f 4649 4658 4404
f 4658 4657 4409
f 4657 4659 4409
f 4657 4660 4659
f 4661 4659 4660
f 4662 4661 4660
f 4662 4660 4663
f 4662 4663 4664
f 4665 4662 4664
f 4665 4664 4666
f 4665 4666 4667
f 4665 4667 4668
f 4665 4668 4669
f 4665 4669 4670
f 4665 4670 4671
f 4665 4671 4672
f 4665 4672 4673
f 4672 4674 4673
f 4673 4674 4661
f 4674 4675 4661
f 4675 4676 4661
f 4677 4676 4675
f 4677 4675 4678
f 4679 4678 4675
f 4672 4679 4675
f 4672 4680 4679
f 4679 4680 4681
f 4681 4682 4679
f 4679 4682 4683
f 4683 4682 4684
f 4683 4684 4685
f 4683 4685 4686
f 4683 4686 4678
f 4678 4686 4687
f 4678 4687 4688
f 4678 4688 4676
f 4676 4688 4659
f 4688 4687 4659
f 4687 4689 4659
f 4690 4659 4689
f 4691 4690 4689
f 4692 4691 4689
f 4692 4689 4693
f 4692 4693 4694
f 4692 4694 4695
f 4692 4695 4696
f 4692 4696 4697
f 4692 4697 4698
f 4692 4698 4699
f 4700 4692 4699
f 4700 4699 4701
f 4700 4701 4702
f 4703 4700 4702
f 4703 4702 4704
f 4703 4704 4705
f 4703 4705 4706
f 4703 4706 4707
f 4708 4703 4707
f 4708 4707 4709
f 4708 4709 4710
f 4708 4710 4711
f 4712 4708 4711
f 4712 4711 4713
f 4712 4713 4714
f 4712 4714 4715
f 4712 4715 4716
f 4712 4716 4717
f 4718 4717 4716
f 4719 4718 4716
f 4719 4716 4720
f 4721 4719 4720
f 4721 4720 4722
f 4721 4722 4723
f 4721 4723 4724
f 4721 4724 4725
f 4721 4725 4718
f 4725 4726 4718
f 4727 4726 4725
f 4727 4725 4728
f 4729 4727 4728
f 4729 4728 4730
f 4413 4729 4730
f 4730 4728 4731
f 4730 4731 4732
f 4730 4732 4733
f 4415 4730 4733
f 4733 4732 4734
f 4733 4734 4735
f 4733 4735 4736
f 4416 4733 4736
f 4737 4736 4735
f 4738 4737 4735
f 4738 4739 4737
f 4739 4740 4737
f 4740 4741 4737
f 4741 4742 4737
f 4742 4743 4737
f 4743 4744 4737
f 4745 4737 4744
f 4744 4746 4745
f 4747 4745 4746
f 4748 4747 4746
f 4749 4748 4746
f 4749 4746 4750
f 4485 4749 4750
f 4485 4750 4751
f 4485 4751 4752
f 4752 4751 4753
f 4753 4754 4752
f 4486 4752 4754
f 4754 4755 4486
f 4755 4756 4486
f 4756 4757 4486
f 4756 4758 4757
f 4758 4759 4757
f 4760 4757 4759
f 4759 4761 4760
f 4760 4761 4762
f 4762 4763 4760
f 4762 4764 4763
f 4763 4764 4487
f 4757 4763 4487
f 4764 4765 4487
f 4765 4766 4487
f 4766 4767 4487
f 4768 4767 4766
f 4768 4766 4769
f 4769 4770 4768
f 4768 4770 4771
f 4768 4771 4489
f 4772 4489 4771
f 4771 1572 4772
f 4771 4773 1572
f 1572 4773 4774
f 4467 4774 4773
f 4775 4467 4773
f 4770 4775 4773
f 4770 4776 4775
f 4776 4777 4775
f 4778 4775 4777
f 4778 4777 4779
f 4778 4779 4780
f 4778 4780 4781
f 4240 4778 4781
f 4781 4780 4782
f 4781 4782 4243
f 4243 4782 4783
f 4243 4783 4784
f 4253 4784 4783
f 4782 4785 4783
f 4255 4783 4785
f 4255 4785 4786
f 4787 4786 4785
f 4788 4787 4785
f 4788 4789 4787
f 4789 4790 4787
f 4258 4787 4790
f 4790 4791 4258
f 4792 4791 4790
f 4793 4792 4790
f 4793 4790 4794
f 4795 4793 4794
f 4795 4794 4796
f 4797 4795 4796
f 4797 4796 4798
f 4799 4797 4798
f 4799 4798 4800
f 4799 4800 4801
f 4802 4799 4801
f 4802 4801 4803
f 4804 4802 4803
f 4804 4803 4805
f 4804 4805 4806
f 4807 4804 4806
f 4807 4806 4808
f 4809 4807 4808
f 4809 4808 4810
f 4809 4810 4811
f 4812 4809 4811
f 4812 4811 4813
f 4812 4813 4791
f 4260 4791 4813
f 4813 4811 4260
f 2516 4260 4811
f 4814 4809 4812
f 4815 4814 4812
f 4815 4812 4792
f 4815 4792 4816
f 4815 4816 4817
f 4815 4817 4818
f 4817 4819 4818
f 4814 4818 4819
f 4814 4819 4820
f 4820 4819 4821
f 4820 4821 4822
f 4820 4822 4807
f 4822 4821 4823
f 4822 4823 4824
f 4822 4824 4825
f 4822 4825 4804
f 4825 4824 4826
f 4825 4826 4827
f 4825 4827 4802
f 4827 4826 4828
f 4827 4828 4829
f 4827 4829 4799
f 4829 4828 4830
f 4829 4830 4831
f 4831 4797 4829
f 4831 4830 4832
f 4831 4832 4833
f 4831 4833 4795
f 4833 4832 4834
f 4833 4834 4835
f 4833 4835 4816
f 4833 4816 4793
f 4835 4834 4836
f 4836 4837 4835
f 4835 4837 4817
f 4838 4837 4836
f 4838 4836 4839
f 4840 4838 4839
f 4840 4839 4841
f 4840 4841 4842
f 4840 4842 4843
f 4842 4844 4843
f 4843 4844 4823
f 4826 4823 4844
f 4844 4845 4826
f 4846 4845 4844
f 4847 4846 4844
f 4842 4846 4847
f 4846 4842 4848
f 4846 4848 4849
f 4849 4850 4846
f 4851 4846 4850
f 4852 4851 4850
f 4853 4852 4850
f 4850 4854 4853
f 4855 4853 4854
f 4855 4854 4856
f 4856 4857 4855
f 4857 4858 4855
f 4859 4855 4858
f 4858 4860 4859
f 4861 4859 4860
f 4860 4862 4861
f 4862 4863 4861
f 4861 4863 4864
f 4865 4861 4864
f 4864 4866 4865
f 4855 4865 4866
f 4866 4867 4855
f 4866 4868 4867
f 4868 4869 4867
f 4852 4867 4869
f 4869 4868 4870
f 4870 4851 4869
f 4871 4851 4870
f 4870 4872 4871
f 4839 4871 4872
f 4839 4872 4873
f 4872 4874 4873
f 4874 4875 4873
f 4876 4873 4875
f 4875 4877 4876
f 4878 4876 4877
f 4877 4879 4878
f 4880 4878 4879
f 4879 4881 4880
f 4882 4880 4881
f 4881 4883 4882
f 4848 4882 4883
f 4883 4884 4848
f 4885 4884 4883
f 4884 4885 4856
f 4885 4886 4856
f 4887 4856 4886
f 4887 4886 4888
f 4887 4888 4889
f 4890 4889 4888
f 4888 4860 4890
f 4890 4860 4891
f 4891 4857 4890
f 4890 4857 4889
f 4860 4888 4886
f 4860 4886 4892
f 4860 4892 4893
f 4893 4894 4860
f 4895 4860 4894
f 4895 4894 4896
f 4895 4896 4897
f 4895 4897 4898
f 4899 4895 4898
f 4900 4899 4898
f 4898 4901 4900
f 4901 4902 4900
f 4903 4900 4902
f 4902 4904 4903
f 4862 4903 4904
f 4904 4902 4901
f 4863 4904 4901
f 4901 4874 4863
f 4905 4863 4874
f 4863 4905 4868
f 4901 4898 4906
f 4906 4875 4901
f 4899 4900 4903
f 4903 4895 4899
f 4898 4897 4906
f 4897 4896 4906
f 4907 4906 4896
f 4906 4907 4885
f 4885 4881 4906
f 4885 4907 4893
f 4896 4894 4907
f 4903 4860 4895
f 4894 4893 4907
f 4893 4892 4885
f 4856 4887 4889
f 4892 4886 4885
f 4885 4883 4881
f 4882 4842 4880
f 4881 4879 4906
f 4880 4842 4878
f 4879 4877 4906
f 4876 4878 4842
f 4875 4906 4877
f 4841 4873 4876
f 4901 4875 4874
f 4874 4872 4905
f 4839 4908 4871
f 4870 4905 4872
f 4851 4871 4908
f 4908 4909 4851
f 4851 4909 4910
f 4910 4909 4911
f 4910 4911 4912
f 4912 4846 4910
f 4912 4911 4845
f 4830 4845 4911
f 4909 4832 4911
f 4908 4836 4909
f 4905 4870 4868
f 4868 4866 4863
f 4866 4864 4863
f 4904 4863 4862
f 4860 4903 4862
f 4859 4861 4865
f 4891 4860 4858
f 4865 4855 4859
f 4858 4857 4891
f 4857 4856 4889
f 4856 4854 4884
f 4849 4884 4854
f 4853 4855 4867
f 4867 4852 4853
f 4869 4851 4852
f 4910 4846 4851
f 4854 4850 4849
f 4849 4848 4884
f 4848 4842 4882
f 4912 4845 4846
f 4847 4844 4842
f 4842 4841 4876
f 4839 4873 4841
f 4843 4838 4840
f 4838 4843 4913
f 4843 4821 4913
f 4908 4839 4836
f 4913 4837 4838
f 4913 4819 4837
f 4909 4836 4834
f 4834 4832 4909
f 4830 4911 4832
f 4845 4830 4828
f 4828 4826 4845
f 4823 4826 4824
f 4823 4821 4843
f 4819 4913 4821
f 4819 4817 4837
f 4816 4835 4817
f 4815 4818 4814
f 4809 4814 4820
f 2516 4811 4810
f 2516 4810 4808
f 2516 4808 4914
f 4809 4820 4807
f 4806 4914 4808
f 4822 4804 4807
f 4805 4914 4806
f 4914 4805 4915
f 4915 4916 4914
f 2517 4914 4916
f 4916 4917 2517
f 2517 4917 2521
f 4917 4916 4918
f 4918 4919 4917
f 2525 4917 4919
f 4919 4918 4920
f 4920 4921 4919
f 2529 4919 4921
f 4921 4920 4922
f 4922 2532 4921
f 4923 4922 4920
f 4920 4924 4923
f 4923 4924 4925
f 4925 4926 4923
f 4927 4923 4926
f 4926 4928 4927
f 4929 4927 4928
f 4929 4928 4930
f 4929 4930 4931
f 4931 2536 4929
f 4932 4931 4930
f 4930 4933 4932
f 4934 4932 4933
f 4933 4935 4934
f 4936 4934 4935
f 4936 4935 4937
f 4937 4938 4936
f 4939 4936 4938
f 4938 4940 4939
f 4939 4940 4941
f 4942 4941 4940
f 4943 4942 4940
f 4943 4940 4944
f 4943 4944 4945
f 4943 4945 4946
f 4947 4946 4945
f 4947 4945 4948
f 4948 4949 4947
f 4950 4947 4949
f 4949 4951 4950
f 4950 4951 4952
f 4952 4953 4950
f 4954 4950 4953
f 4955 4954 4953
f 4955 4953 4956
f 4955 4956 4957
f 4957 4958 4955
f 4955 4958 4949
f 4959 4955 4949
f 4959 4960 4955
f 4960 4959 4961
f 4960 4961 4962
f 4962 4947 4960
f 4963 4947 4962
f 4964 4963 4962
f 4962 4965 4964
f 4965 4966 4964
f 4967 4964 4966
f 4966 2547 4967
f 2547 4968 4967
f 4967 4968 4936
f 4936 4969 4967
f 4969 4936 4941
f 4968 2546 4936
f 2547 4966 4970
f 4966 4971 4970
f 4972 4970 4971
f 4971 4973 4972
f 4974 4972 4973
f 4973 4975 4974
f 4976 4974 4975
f 4975 4977 4976
f 4976 4977 4978
f 4979 4976 4978
f 4979 4978 4980
f 4979 4980 4981
f 4982 4979 4981
f 4982 4981 4983
f 4982 4983 4984
f 2558 4982 4984
f 4984 4983 4985
f 4985 2561 4984
f 2561 4985 4986
f 2561 4986 2676
f 4986 4987 2676
f 4988 2676 4987
f 4989 4988 4987
f 2677 4988 4989
f 2677 4989 4986
f 4990 2677 4986
f 4990 4991 2677
f 4992 2677 4991
f 4992 4991 2679
f 4992 2679 4993
f 4991 4994 2679
f 4995 2679 4994
f 4996 4995 4994
f 4997 4996 4994
f 4997 4994 4998
f 4999 4997 4998
f 5000 4999 4998
f 5001 5000 4998
f 5002 5001 4998
f 5003 5002 4998
f 5004 5003 4998
f 5005 5004 4998
f 5005 4998 5006
f 5007 5005 5006
f 5007 5006 5008
f 5007 5008 5009
f 5007 5009 5010
f 5011 5007 5010
f 5011 5010 5012
f 5013 5011 5012
f 5012 5014 5013
f 5014 5015 5013
f 5015 5016 5013
f 516 5013 5016
f 5017 5013 516
f 516 5018 5017
f 5018 517 5017
f 5017 517 5019
f 5019 5020 5017
f 5020 5019 5021
f 5013 5020 5021
f 5021 5022 5013
f 5013 5022 5019
f 5023 5019 5022
f 5023 5022 5024
f 5024 223 5023
f 5021 5023 223
f 220 5021 223
f 5025 220 223
f 223 5026 5025
f 5026 5027 5025
f 5027 5026 5028
f 5029 5027 5028
f 5030 5029 5028
f 5030 5028 5031
f 5032 5030 5031
f 5032 5031 5033
f 5034 5032 5033
f 5034 5033 5035
f 5036 5034 5035
f 5037 5036 5035
f 5038 5037 5035
f 5038 5035 5039
f 5040 5038 5039
f 5041 5040 5039
f 5041 5039 5042
f 5041 5042 5043
f 5044 5041 5043
f 5045 5041 5044
f 5045 5044 5046
f 5045 5046 5047
f 5045 5047 282
f 283 5047 5046
f 283 5046 5048
f 5048 192 283
f 5049 283 192
f 5049 192 5044
f 5042 5049 5044
f 5042 5050 5049
f 5050 5042 5051
f 200 5050 5051
f 200 283 5050
f 200 5052 283
f 5042 5052 200
f 200 5051 5042
f 5050 283 5049
f 192 5048 5044
f 5046 5044 5048
f 5053 5041 5045
f 5053 5045 5054
f 5055 5053 5054
f 5055 5054 5056
f 5055 5056 5057
f 5055 5057 5058
f 5059 5055 5058
f 5059 5058 5060
f 5061 5059 5060
f 5062 5061 5060
f 5063 5062 5060
f 5063 5060 5064
f 5065 5063 5064
f 5065 5064 5066
f 5067 5065 5066
f 5068 5067 5066
f 5068 5066 5069
f 5070 5068 5069
f 5071 5070 5069
f 5071 5069 5072
f 5073 5071 5072
f 5074 5073 5072
f 5074 5072 5075
f 5076 5074 5075
f 5076 5075 5077
f 5076 5077 5078
f 5076 5078 5079
f 5079 5080 5076
f 5076 5080 5081
f 5076 5081 5082
f 5082 5081 5083
f 5084 5082 5083
f 5084 5083 5085
f 5086 5084 5085
f 5086 5085 5087
f 5088 5086 5087
f 5089 5088 5087
f 5089 5087 5090
f 5091 5089 5090
f 5091 5090 5092
f 5093 5091 5092
f 5093 5092 5094
f 5093 5094 5095
f 5067 5093 5095
f 5067 5095 5096
f 5096 5095 5097
f 5098 5096 5097
f 5098 5097 5099
f 5100 5098 5099
f 5100 5099 5101
f 5102 5100 5101
f 5102 5101 5103
f 5101 5104 5103
f 5103 5104 5061
f 5061 5104 5105
f 5061 5105 5040
f 5105 5101 5040
f 5105 5104 5101
f 5100 5102 5103
f 5100 5103 5063
f 5099 5038 5101
f 5097 5037 5099
f 5096 5098 5100
f 5096 5100 5065
f 5095 5094 5097
f 5094 5036 5097
f 5092 5034 5094
f 5106 5034 5092
f 5106 5090 5034
f 5070 5091 5093
f 5106 5092 5090
f 5070 5089 5091
f 5087 5030 5090
f 5070 5088 5089
f 5073 5086 5088
f 5085 5029 5087
f 5085 5080 5029
f 5073 5084 5086
f 5084 5074 5082
f 5081 5085 5083
f 5081 5080 5085
f 5079 5027 5080
f 5079 5078 5027
f 5078 5021 5027
f 5078 5107 5021
f 5108 5021 5107
f 5109 5108 5107
f 5110 5109 5107
f 5110 5107 5111
f 5112 5110 5111
f 5112 5111 5113
f 5112 5113 5114
f 5112 5114 5115
f 5116 5112 5115
f 5116 5115 5117
f 5118 5116 5117
f 5118 5117 5119
f 5120 5118 5119
f 5121 5120 5119
f 5121 5119 5122
f 5121 5122 5123
f 5124 5121 5123
f 5124 5123 5125
f 5126 5124 5125
f 5126 5125 5127
f 986 5126 5127
f 5128 986 5127
f 5128 5127 5129
f 988 5128 5129
f 988 5129 5130
f 5130 5129 5131
f 5132 5130 5131
f 5132 5131 5133
f 5132 5133 5134
f 5134 5133 5135
f 5134 5135 5136
f 5134 5136 5130
f 5136 5137 5130
f 5137 5138 5130
f 5138 5139 5130
f 989 5130 5139
f 5138 5140 5139
f 5140 5141 5139
f 991 5139 5141
f 5140 5142 5141
f 5142 3249 5141
f 5143 5142 5140
f 5143 3230 5142
f 5143 3041 3230
f 5143 5140 5138
f 3045 5143 5138
f 3045 5138 5137
f 5136 3046 5137
f 5136 5135 3046
f 3046 5135 5133
f 5133 5131 5144
f 5133 5144 3048
f 5144 5131 3050
f 5145 3050 5131
f 5127 5145 5131
f 5132 5134 5130
f 5127 5131 5129
f 986 5146 5126
f 5126 5146 5147
f 5147 5146 5148
f 5147 5148 5149
f 5150 5147 5149
f 5150 5149 5151
f 5150 5151 5152
f 5150 5152 5153
f 5121 5150 5153
f 5153 5152 5154
f 5155 5153 5154
f 5154 5156 5155
f 5156 5157 5155
f 5157 5158 5155
f 5158 5159 5155
f 5160 5155 5159
f 5161 5160 5159
f 5004 5161 5159
f 5004 5162 5161
f 5004 5012 5162
f 5004 5007 5012
f 5160 5161 5162
f 5160 5162 5110
f 5116 5160 5110
f 5162 5010 5110
f 5118 5155 5160
f 5158 5003 5159
f 5163 5003 5158
f 5163 5158 5164
f 514 5163 5164
f 514 5164 5165
f 514 5165 5166
f 514 5166 5167
f 514 5167 5151
f 5151 5167 5154
f 5168 5154 5167
f 5167 5002 5168
f 5168 5002 5165
f 5168 5165 5156
f 5165 5002 5163
f 5169 5002 5167
f 5169 5167 521
f 5151 5169 521
f 5169 5151 5170
f 5171 5169 5170
f 5171 5170 5172
f 5149 5171 5172
f 5149 5172 2820
f 2820 5173 5149
f 5149 5173 5170
f 5173 2820 2814
f 2814 5172 5173
f 2814 5174 5172
f 2820 5172 5174
f 5149 5175 5171
f 5175 5176 5171
f 5176 5175 5177
f 5178 5176 5177
f 5179 5178 5177
f 5179 5177 5180
f 5181 5179 5180
f 5182 5181 5180
f 5183 5182 5180
f 5183 5180 2683
f 5184 5183 2683
f 5185 5184 2683
f 5185 2683 2680
f 5185 2680 5186
f 5185 5186 4995
f 5187 5185 4995
f 5188 5185 5187
f 5188 5187 5178
f 5188 5178 5182
f 5187 5000 5178
f 5188 5184 5185
f 5188 5183 5184
f 5188 5182 5183
f 5182 5178 5181
f 5189 5180 5177
f 5189 2686 5180
f 5190 2686 5189
f 5189 5191 5190
f 5190 5191 5192
f 5193 5192 5191
f 5193 5191 5148
f 5194 5193 5148
f 2731 5194 5148
f 2731 5195 5194
f 5196 5194 5195
f 5196 5195 5197
f 2746 5196 5197
f 2746 5197 2731
f 2746 2731 2738
f 5196 2738 2731
f 5198 5196 2731
f 5199 5198 2731
f 5199 5192 5198
f 5198 5192 5194
f 5192 5199 2728
f 2728 5200 5192
f 5192 5200 2686
f 2738 5196 5201
f 2738 5201 2747
f 2746 5201 5196
f 5198 5194 5196
f 2731 5197 5195
f 5191 5202 5148
f 2823 5148 5202
f 5202 5203 2823
f 2823 5203 5149
f 5202 5189 5203
f 5203 5189 5175
f 5194 5192 5193
f 5191 5189 5202
f 5190 5192 2686
f 5181 5178 5179
f 5178 5002 5176
f 5177 5175 5189
f 5175 5149 5203
f 5172 5170 5173
f 5171 5176 5169
f 5169 5176 5002
f 5166 521 5167
f 5163 521 5166
f 5163 513 521
f 5163 5166 5165
f 5165 5164 5156
f 5164 5158 5156
f 5156 5158 5157
f 5154 5168 5156
f 5120 5153 5155
f 5152 5151 5154
f 5149 5170 5151
f 5124 5147 5150
f 2823 5149 5148
f 5146 2731 5148
f 5146 984 2731
f 5127 5125 5145
f 5125 5204 5145
f 5145 5204 3055
f 5126 5147 5124
f 5125 5123 5204
f 5123 5205 5204
f 5204 5205 5206
f 5204 5206 3057
f 5205 3059 5206
f 5205 5207 3059
f 3059 5207 5208
f 3060 5208 5207
f 3060 5207 5209
f 5210 3060 5209
f 5210 5209 5211
f 5210 5211 5212
f 5210 5212 5213
f 5210 5213 5214
f 5210 5214 5215
f 5216 5210 5215
f 5216 5215 5217
f 5216 5217 5218
f 5216 5218 5219
f 5216 5219 5220
f 5216 5220 5221
f 5222 5216 5221
f 5222 5221 5223
f 5224 5222 5223
f 5224 5223 5225
f 5226 5224 5225
f 5226 5225 5227
f 5228 5226 5227
f 5228 5227 5229
f 5230 5228 5229
f 5230 5229 5231
f 5230 5231 5232
f 5233 5230 5232
f 5233 5232 5234
f 5233 5234 5235
f 5236 5233 5235
f 5236 5235 5237
f 5238 5236 5237
f 5238 5237 5239
f 5240 5238 5239
f 5240 5239 5241
f 5242 5240 5241
f 5242 5241 5243
f 5244 5242 5243
f 5244 5243 5245
f 5246 5244 5245
f 5246 5245 5247
f 5246 5247 5248
f 5249 5246 5248
f 5249 5248 5250
f 5251 5249 5250
f 5251 5250 5252
f 5253 5251 5252
f 5253 5252 5254
f 5255 5253 5254
f 5255 5254 5256
f 5255 5256 5257
f 5258 5255 5257
f 5258 5257 5259
f 5260 5258 5259
f 5260 5259 5261
f 5262 5260 5261
f 5262 5261 5263
f 5264 5262 5263
f 5264 5263 5265
f 5266 5264 5265
f 5266 5265 5267
f 5268 5266 5267
f 5268 5267 5269
f 5270 5268 5269
f 5270 5269 5271
f 5272 5270 5271
f 5273 5272 5271
f 5273 5271 5274
f 5275 5273 5274
f 5275 5274 5276
f 5275 5276 5277
f 5278 5275 5277
f 5278 5277 5279
f 3143 5278 5279
f 5279 5277 5280
f 3145 5279 5280
f 3112 5275 5278
f 5277 5276 5280
f 5276 5274 5280
f 5274 5281 5280
f 5282 5280 5281
f 5282 5281 5283
f 5284 5282 5283
f 5284 5283 5285
f 5284 5285 5286
f 5287 5284 5286
f 5287 5286 5288
f 5289 5287 5288
f 5289 5288 5290
f 5291 5289 5290
f 5291 5290 3184
f 3181 5291 3184
f 3171 5291 3181
f 3184 5290 3188
f 5290 5292 3188
f 5293 3188 5292
f 5294 5293 5292
f 5294 5292 5295
f 5296 5294 5295
f 5297 5296 5295
f 5297 5295 5298
f 1397 5297 5298
f 1392 5297 1397
f 5298 5295 5299
f 1398 5298 5299
f 1392 5296 5297
f 1392 5300 5296
f 5300 5301 5296
f 5301 5302 5296
f 5302 3190 5296
f 5302 5303 3190
f 3190 5303 5304
f 5304 5303 5305
f 3192 5304 5305
f 3192 5305 5306
f 3192 5306 5307
f 5307 5306 5308
f 5308 5309 5307
f 3193 5307 5309
f 3193 5309 5310
f 3193 5310 5311
f 5312 5311 5310
f 5312 5310 5313
f 5314 5312 5313
f 5314 5313 5315
f 5316 5314 5315
f 5316 5315 5317
f 5318 5316 5317
f 5318 5317 5319
f 5318 5319 5320
f 5318 5320 5321
f 5318 5321 5322
f 5318 5322 5323
f 5323 5322 5324
f 5323 5324 3198
f 5321 5324 5322
f 3269 5324 5321
f 3269 5321 5325
f 5321 5320 5325
f 5320 5319 5325
f 5325 5319 3272
f 5319 5326 3272
f 3272 5326 5327
f 3272 5327 5328
f 3272 5328 3274
f 3274 5329 3272
f 5329 5330 3272
f 5330 5331 3272
f 3278 5331 5330
f 3278 5330 5327
f 3278 5327 5332
f 3278 5332 5333
f 5334 5333 5332
f 5334 5332 5326
f 5335 5334 5326
f 5328 5335 5326
f 5328 5326 5336
f 5326 5337 5336
f 5336 5337 5335
f 5326 5338 5337
f 5339 5337 5338
f 5338 5340 5339
f 5339 5340 5341
f 5342 5339 5341
f 5343 5342 5341
f 5344 5343 5341
f 5345 5344 5341
f 5345 5341 5346
f 5347 5345 5346
f 5348 5347 5346
f 5348 5346 5349
f 5350 5348 5349
f 5351 5350 5349
f 5349 5352 5351
f 5353 5351 5352
f 5353 5352 5354
f 5355 5353 5354
f 5356 5355 5354
f 5354 5357 5356
f 5356 5357 5351
f 5358 5351 5357
f 5351 5358 5359
f 5351 5359 5360
f 5360 5359 5361
f 5360 5361 5362
f 5350 5360 5362
f 5348 5362 5361
f 5361 5363 5348
f 5363 5364 5348
f 5364 5365 5348
f 5366 5348 5365
f 5366 5365 5367
f 5367 5368 5366
f 5368 5369 5366
f 5370 5366 5369
f 5370 5369 5371
f 5372 5370 5371
f 5371 5373 5372
f 5373 5374 5372
f 5375 5372 5374
f 5374 5376 5375
f 5377 5375 5376
f 5376 5378 5377
f 5379 5377 5378
f 5378 5380 5379
f 5380 5381 5379
f 3354 5379 5381
f 5379 3354 5382
f 5382 5383 5379
f 5383 5384 5379
f 5383 5385 5384
f 5384 5385 5386
f 5384 5386 5377
f 5377 5386 5387
f 5387 5386 5388
f 5387 5388 5389
f 5375 5387 5389
f 5389 5388 5390
f 5389 5390 5391
f 5372 5389 5391
f 5391 5390 5392
f 5393 5391 5392
f 5393 5392 5394
f 5395 5393 5394
f 5396 5395 5394
f 5396 5394 5397
f 5398 5396 5397
f 5399 5398 5397
f 5399 5397 5400
f 5399 5400 5401
f 5401 5402 5399
f 5402 5401 5403
f 5402 5403 5404
f 5402 5404 3289
f 5405 3289 5404
f 5406 5405 5404
f 5407 5406 5404
f 5408 5406 5407
f 5409 5408 5407
f 5409 5407 5410
f 5411 5409 5410
f 5411 5410 5412
f 5411 5412 5413
f 5411 5413 5414
f 5411 5414 5415
f 5411 5415 5416
f 5411 5416 5417
f 5415 5417 5416
f 5417 5415 5418
f 5418 5419 5417
f 5417 5419 5420
f 5417 5420 5421
f 5409 5417 5421
f 5409 5421 5422
f 5423 5422 5421
f 5422 5423 5424
f 5424 5425 5422
f 5408 5422 5425
f 5408 5425 5426
f 5426 5425 5427
f 5426 5427 5428
f 5426 5428 5429
f 5426 5429 5430
f 5426 5430 5431
f 5426 5431 5406
f 5406 5431 3296
f 5431 5430 3298
f 5429 5432 5430
f 5433 5430 5432
f 5434 5433 5432
f 5434 5432 5435
f 5435 5436 5434
f 5437 5434 5436
f 5436 5438 5437
f 5439 5437 5438
f 5438 5440 5439
f 5440 5441 5439
f 5442 5439 5441
f 5441 5443 5442
f 5442 5443 5444
f 5442 5444 5445
f 5445 5446 5442
f 3305 5442 5446
f 5445 5447 5446
f 3309 5446 5447
f 5447 5445 5448
f 5449 5447 5448
f 5448 5450 5449
f 3315 5449 5450
f 5450 3318 3315
f 3318 5450 5451
f 3318 5451 3323
f 5452 3323 5451
f 5451 5453 5452
f 5454 5452 5453
f 5453 5455 5454
f 5455 5456 5454
f 5457 5454 5456
f 5456 5458 5457
f 5457 5458 5459
f 5457 5459 5460
f 5460 5461 5457
f 5461 5460 3351
f 5460 5459 5462
f 5460 5462 3352
f 5382 3352 5462
f 5462 5459 5382
f 5382 5459 5463
f 5382 5463 5464
f 5465 5464 5463
f 5466 5465 5463
f 5467 5465 5466
f 5468 5467 5466
f 5469 5468 5466
f 5470 5469 5466
f 5470 5466 5471
f 5472 5470 5471
f 5472 5471 5473
f 5472 5473 5474
f 5472 5474 5475
f 5472 5475 5476
f 5472 5476 5468
f 5476 5475 5477
f 5476 5477 5478
f 5476 5478 5479
f 5476 5479 5480
f 5476 5480 5481
f 5476 5481 5467
f 5467 5481 5482
f 5481 5480 5482
f 5483 5482 5480
f 5480 5484 5483
f 5484 5485 5483
f 5483 5485 5465
f 5484 5486 5485
f 5487 5485 5486
f 5385 5487 5486
f 5388 5385 5486
f 5388 5486 5488
f 5489 5488 5486
f 5490 5488 5489
f 5489 5491 5490
f 5492 5490 5491
f 5493 5492 5491
f 5493 5491 5494
f 5495 5493 5494
f 5495 5494 5496
f 5497 5495 5496
f 5498 5497 5496
f 5498 5496 5479
f 5479 5496 5484
f 5498 5499 5497
f 5500 5497 5499
f 5501 5500 5499
f 5502 5501 5499
f 5502 5499 5503
f 5504 5502 5503
f 5504 5503 5505
f 5504 5505 5506
f 5504 5506 5507
f 5507 5508 5504
f 5509 5508 5507
f 5510 5509 5507
f 5510 5507 5511
f 5512 5510 5511
f 5512 5511 5513
f 5514 5512 5513
f 5514 5513 5515
f 5514 5515 5516
f 5514 5516 5517
f 5514 5517 5518
f 5518 5517 5519
f 5518 5519 5520
f 5521 5518 5520
f 5521 5520 5522
f 5521 5522 5523
f 5510 5521 5523
f 5523 5522 5524
f 5525 5523 5524
f 5525 5524 5526
f 5527 5525 5526
f 5527 5526 5528
f 5529 5527 5528
f 5529 5528 5530
f 5529 5530 5531
f 5532 5529 5531
f 5532 5531 5519
f 5533 5529 5532
f 5533 5532 5516
f 5533 5516 5534
f 5535 5533 5534
f 5535 5534 5536
f 5535 5536 5537
f 5538 5535 5537
f 5538 5537 5508
f 5502 5508 5537
f 5538 5527 5535
f 5536 5539 5537
f 5540 5537 5539
f 5540 5539 5541
f 5540 5541 5500
f 5541 5493 5500
f 5493 5541 5542
f 5493 5542 5543
f 5544 5543 5542
f 5544 5542 5545
f 5544 5545 5546
f 5544 5546 5547
f 5544 5547 5548
f 5544 5548 5549
f 5544 5549 5550
f 5544 5550 5551
f 5544 5551 5552
f 5552 5553 5544
f 5552 5554 5553
f 5490 5553 5554
f 5552 5551 5554
f 5551 5550 5554
f 5550 5549 5554
f 5549 5555 5554
f 5392 5554 5555
f 5392 5555 5556
f 5557 5556 5555
f 5547 5557 5555
f 5557 5547 5558
f 5558 5559 5557
f 5560 5557 5559
f 5561 5560 5559
f 5559 5562 5561
f 5563 5561 5562
f 5564 5563 5562
f 5546 5564 5562
f 5546 5565 5564
f 5565 5566 5564
f 5566 5565 5545
f 5545 5567 5566
f 5568 5566 5567
f 5569 5568 5567
f 5570 5569 5567
f 5570 5567 5541
f 5569 5570 5539
f 5569 5571 5568
f 5571 5572 5568
f 5572 5563 5568
f 5563 5572 5573
f 5574 5573 5572
f 5575 5574 5572
f 5576 5575 5572
f 5577 5576 5572
f 5577 5578 5576
f 5578 5577 5515
f 5577 5571 5515
f 5534 5515 5571
f 5578 5575 5576
f 5578 5579 5575
f 5580 5575 5579
f 5581 5580 5579
f 5579 5582 5581
f 5583 5581 5582
f 5583 5582 5584
f 5585 5583 5584
f 5585 5584 5586
f 5585 5586 5587
f 5585 5587 5588
f 5585 5588 5589
f 5590 5585 5589
f 5590 5589 5591
f 5590 5591 5592
f 5590 5592 5593
f 5593 5594 5590
f 5590 5594 5595
f 5590 5595 5580
f 5595 5596 5580
f 5595 5597 5596
f 5596 5597 5598
f 5574 5596 5598
f 5574 5598 5599
f 5599 5598 5600
f 5601 5599 5600
f 5601 5600 5602
f 5601 5602 5603
f 5601 5603 5560
f 5400 5603 5602
f 5604 5400 5602
f 5604 5602 5605
f 5604 5605 5606
f 5604 5606 5607
f 5608 5604 5607
f 5608 5607 5609
f 5608 5609 5610
f 5610 5611 5608
f 5401 5608 5611
f 5410 5611 5610
f 5612 5410 5610
f 5612 5610 5613
f 5612 5613 5614
f 5614 5613 5615
f 5614 5615 5616
f 5616 5617 5614
f 5614 5617 5410
f 5617 5618 5410
f 5616 5618 5617
f 5616 5619 5618
f 5619 5620 5618
f 5618 5620 5621
f 5618 5621 5432
f 5432 5412 5618
f 5412 5432 5622
f 5623 5621 5620
f 5620 5624 5623
f 5623 5624 5625
f 5625 5626 5623
f 5625 5627 5626
f 5626 5627 5628
f 5629 5626 5628
f 5629 5628 5630
f 5631 5629 5630
f 5631 5630 5632
f 5631 5632 5633
f 5631 5633 5634
f 5633 5635 5634
f 5635 5636 5634
f 5636 5637 5634
f 5637 5638 5634
f 5638 5639 5634
f 5639 5640 5634
f 5640 5641 5634
f 5641 5642 5634
f 5643 5634 5642
f 5643 5642 5644
f 5645 5643 5644
f 5645 5644 5646
f 5646 5647 5645
f 5648 5645 5647
f 5649 5648 5647
f 5650 5649 5647
f 5651 5650 5647
f 5652 5651 5647
f 5652 5647 5653
f 5653 5654 5652
f 5655 5652 5654
f 5654 5656 5655
f 5656 5657 5655
f 5658 5655 5657
f 5659 5658 5657
f 5657 5660 5659
f 5661 5659 5660
f 5660 5662 5661
f 5443 5661 5662
f 5658 5661 5443
f 5663 5662 5660
f 5663 5660 5664
f 5663 5664 5665
f 5666 5663 5665
f 5667 5666 5665
f 5668 5667 5665
f 5665 5669 5668
f 5670 5668 5669
f 5671 5670 5669
f 5672 5671 5669
f 5669 5673 5672
f 5674 5672 5673
f 5632 5674 5673
f 5632 5675 5674
f 5672 5674 5675
f 5669 5627 5673
f 5676 5673 5627
f 5676 5627 5677
f 5676 5677 5678
f 5679 5676 5678
f 5678 5639 5679
f 5680 5676 5679
f 5679 5636 5680
f 5681 5678 5677
f 5677 5682 5681
f 5683 5681 5682
f 5683 5682 5625
f 5625 5684 5683
f 5683 5684 5685
f 5683 5685 5686
f 5686 5685 5687
f 5687 5688 5686
f 5688 5653 5686
f 5646 5686 5653
f 5646 5681 5686
f 5688 5687 5654
f 5654 5687 5689
f 5654 5689 5690
f 5691 5654 5690
f 5691 5690 5692
f 5691 5692 5693
f 5691 5693 5656
f 5693 5694 5656
f 5693 5695 5694
f 5695 5660 5694
f 5696 5660 5695
f 5695 5693 5696
f 5664 5696 5693
f 5665 5693 5692
f 5665 5692 5697
f 5697 5698 5665
f 5697 5699 5698
f 5700 5698 5699
f 5700 5699 5663
f 5701 5663 5699
f 5702 5698 5700
f 5702 5700 5668
f 5703 5698 5702
f 5671 5703 5702
f 5671 5704 5703
f 5671 5705 5704
f 5705 5698 5704
f 5705 5675 5698
f 5675 5630 5698
f 5705 5671 5675
f 5704 5698 5703
f 5699 5697 5701
f 5706 5701 5697
f 5690 5706 5697
f 5706 5707 5701
f 5662 5701 5707
f 5662 5707 5708
f 5662 5708 5709
f 5662 5709 5710
f 5444 5662 5710
f 5444 5710 5711
f 5712 5711 5710
f 5713 5712 5710
f 5710 5714 5713
f 5613 5713 5714
f 5713 5613 5715
f 5713 5715 5716
f 5713 5716 5717
f 5716 5718 5717
f 5717 5718 5719
f 5712 5717 5719
f 5719 5718 5720
f 5719 5720 5721
f 5719 5721 5722
f 5722 5455 5719
f 5711 5719 5455
f 5448 5711 5455
f 5722 5721 5458
f 5723 5458 5721
f 5724 5723 5721
f 5725 5724 5721
f 5726 5725 5721
f 5727 5725 5726
f 5727 5726 5587
f 5728 5725 5727
f 5729 5728 5727
f 5727 5730 5729
f 5731 5729 5730
f 5732 5731 5730
f 5732 5730 5586
f 5733 5731 5732
f 5733 5732 5734
f 5735 5733 5734
f 5735 5734 5579
f 5735 5736 5733
f 5506 5733 5736
f 5736 5511 5506
f 5735 5513 5736
f 5513 5735 5578
f 5582 5734 5732
f 5731 5733 5505
f 5505 5737 5731
f 5731 5737 5729
f 5737 5738 5729
f 5737 5739 5738
f 5739 5740 5738
f 5728 5738 5740
f 5740 5724 5728
f 5740 5741 5724
f 5740 5466 5741
f 5741 5466 5459
f 5740 5739 5471
f 5737 5473 5739
f 5730 5727 5586
f 5728 5729 5738
f 5728 5724 5725
f 5741 5723 5724
f 5741 5458 5723
f 5726 5721 5720
f 5726 5720 5718
f 5742 5726 5718
f 5742 5718 5607
f 5715 5607 5718
f 5589 5726 5742
f 5715 5718 5716
f 5609 5715 5613
f 5714 5710 5743
f 5743 5744 5714
f 5744 5745 5714
f 5745 5746 5714
f 5615 5714 5746
f 5746 5747 5615
f 5747 5748 5615
f 5748 5749 5615
f 5749 5750 5615
f 5749 5624 5750
f 5750 5624 5616
f 5624 5749 5751
f 5624 5751 5752
f 5753 5752 5751
f 5751 5754 5753
f 5753 5754 5755
f 5753 5755 5756
f 5756 5757 5753
f 5757 5756 5685
f 5758 5685 5756
f 5756 5759 5758
f 5760 5758 5759
f 5761 5760 5759
f 5762 5761 5759
f 5762 5759 5755
f 5689 5761 5762
f 5689 5762 5706
f 5706 5762 5754
f 5761 5687 5760
f 5760 5687 5758
f 5756 5755 5759
f 5762 5755 5754
f 5751 5744 5754
f 5752 5753 5757
f 5684 5752 5757
f 5748 5751 5749
f 5747 5751 5748
f 5746 5751 5747
f 5745 5751 5746
f 5744 5751 5745
f 5743 5754 5744
f 5709 5754 5743
f 5712 5713 5717
f 5711 5712 5719
f 5709 5743 5710
f 5709 5708 5754
f 5708 5707 5754
f 5707 5706 5754
f 5690 5697 5692
f 5689 5706 5690
f 5761 5689 5687
f 5685 5758 5687
f 5757 5685 5684
f 5752 5684 5625
f 5683 5686 5681
f 5681 5644 5678
f 5627 5682 5677
f 5680 5673 5676
f 5673 5680 5633
f 5698 5627 5669
f 5671 5672 5675
f 5702 5670 5671
f 5670 5702 5668
f 5669 5665 5698
f 5667 5668 5700
f 5666 5667 5700
f 5663 5666 5700
f 5693 5665 5664
f 5696 5664 5660
f 5663 5701 5662
f 5694 5660 5657
f 5658 5659 5661
f 5658 5440 5655
f 5657 5656 5694
f 5691 5656 5654
f 5655 5440 5652
f 5653 5688 5654
f 5652 5440 5651
f 5651 5440 5650
f 5649 5650 5440
f 5649 5634 5648
f 5634 5649 5436
f 5629 5634 5436
f 5648 5634 5645
f 5646 5653 5647
f 5646 5644 5681
f 5678 5644 5642
f 5642 5640 5678
f 5645 5634 5643
f 5642 5641 5640
f 5639 5678 5640
f 5639 5638 5679
f 5637 5679 5638
f 5679 5637 5636
f 5635 5680 5636
f 5680 5635 5633
f 5673 5633 5632
f 5675 5632 5630
f 5634 5629 5631
f 5628 5698 5630
f 5629 5621 5626
f 5435 5621 5629
f 5698 5628 5627
f 5627 5625 5682
f 5624 5752 5625
f 5623 5626 5621
f 5619 5624 5620
f 5616 5624 5619
f 5750 5616 5615
f 5714 5615 5613
f 5612 5614 5410
f 5410 5403 5611
f 5613 5610 5609
f 5609 5607 5715
f 5401 5604 5608
f 5742 5607 5606
f 5742 5606 5605
f 5763 5742 5605
f 5763 5605 5764
f 5600 5763 5764
f 5763 5600 5594
f 5597 5594 5600
f 5763 5594 5742
f 5764 5605 5602
f 5764 5602 5600
f 5599 5601 5561
f 5573 5599 5561
f 5600 5598 5597
f 5595 5594 5597
f 5593 5742 5594
f 5593 5592 5742
f 5592 5591 5742
f 5591 5589 5742
f 5590 5765 5585
f 5590 5581 5765
f 5726 5589 5588
f 5588 5587 5726
f 5587 5586 5727
f 5584 5732 5586
f 5585 5765 5583
f 5584 5582 5732
f 5581 5583 5765
f 5582 5579 5734
f 5590 5580 5581
f 5575 5580 5596
f 5735 5579 5578
f 5574 5575 5596
f 5573 5574 5599
f 5571 5577 5572
f 5571 5569 5534
f 5566 5568 5563
f 5564 5566 5563
f 5563 5573 5561
f 5546 5562 5559
f 5560 5561 5601
f 5560 5603 5557
f 5397 5557 5603
f 5546 5559 5558
f 5557 5394 5556
f 5392 5488 5554
f 5548 5555 5549
f 5548 5547 5555
f 5546 5558 5547
f 5565 5546 5545
f 5545 5542 5567
f 5544 5553 5543
f 5543 5553 5492
f 5567 5542 5541
f 5539 5570 5541
f 5537 5540 5501
f 5539 5536 5569
f 5536 5534 5569
f 5535 5529 5533
f 5531 5530 5519
f 5766 5519 5530
f 5530 5528 5766
f 5535 5527 5529
f 5526 5766 5528
f 5538 5525 5527
f 5509 5525 5538
f 5766 5526 5524
f 5524 5520 5766
f 5509 5523 5525
f 5520 5524 5522
f 5512 5518 5521
f 5519 5766 5520
f 5517 5532 5519
f 5517 5516 5532
f 5516 5515 5534
f 5578 5515 5513
f 5514 5518 5512
f 5511 5736 5513
f 5512 5521 5510
f 5510 5523 5509
f 5509 5538 5508
f 5511 5507 5506
f 5506 5505 5733
f 5737 5505 5503
f 5737 5503 5474
f 5767 5474 5503
f 5503 5768 5767
f 5767 5768 5478
f 5478 5768 5498
f 5502 5504 5508
f 5503 5499 5768
f 5537 5501 5502
f 5501 5540 5500
f 5498 5768 5499
f 5500 5495 5497
f 5484 5496 5494
f 5484 5494 5489
f 5495 5500 5493
f 5493 5543 5492
f 5492 5553 5490
f 5491 5489 5494
f 5490 5554 5488
f 5464 5487 5385
f 5464 5485 5487
f 5489 5486 5484
f 5483 5465 5482
f 5484 5480 5479
f 5478 5498 5479
f 5477 5767 5478
f 5477 5475 5767
f 5474 5767 5475
f 5737 5474 5473
f 5473 5471 5739
f 5471 5466 5740
f 5472 5469 5470
f 5472 5468 5469
f 5476 5467 5468
f 5467 5482 5465
f 5465 5485 5464
f 5466 5463 5459
f 5741 5459 5458
f 5722 5458 5456
f 5454 5457 5461
f 5455 5722 5456
f 5455 5453 5448
f 5452 5454 5461
f 5461 3333 5452
f 5452 3333 3330
f 3326 5452 3330
f 3333 5461 3348
f 5452 3326 3323
f 5453 5451 5450
f 5450 5448 5453
f 5447 5449 3311
f 5711 5448 5445
f 5711 5445 5444
f 5662 5444 5443
f 5443 5441 5658
f 5442 3305 5439
f 5440 5658 5441
f 5440 5438 5649
f 5439 3302 5437
f 5436 5649 5438
f 5436 5435 5629
f 5621 5435 5432
f 5437 5433 5434
f 5437 5769 5433
f 5437 3300 5769
f 5769 3300 5430
f 5430 5433 5769
f 5429 5622 5432
f 5429 5770 5622
f 5413 5622 5770
f 5429 5771 5770
f 5771 5772 5770
f 5414 5770 5772
f 5772 5773 5414
f 5774 5414 5773
f 5774 5773 5772
f 5774 5772 5771
f 5771 5775 5774
f 5418 5774 5775
f 5776 5418 5775
f 5776 5775 5777
f 5778 5776 5777
f 5777 5779 5778
f 5778 5779 5420
f 5779 5780 5420
f 5780 5423 5420
f 5781 5423 5780
f 5780 5782 5781
f 5782 5783 5781
f 5784 5781 5783
f 5783 5785 5784
f 5785 5786 5784
f 5786 5787 5784
f 5784 5787 5788
f 5784 5788 5424
f 5784 5424 5789
f 5424 5788 5427
f 5788 5790 5427
f 5790 5788 5787
f 5790 5787 5771
f 5791 5787 5786
f 5777 5791 5786
f 5786 5792 5777
f 5792 5793 5777
f 5792 5794 5793
f 5793 5794 5795
f 5795 5796 5793
f 5793 5796 5779
f 5779 5796 5797
f 5797 5782 5779
f 5797 5796 5798
f 5798 5799 5797
f 5783 5797 5799
f 5799 5800 5783
f 5799 5801 5800
f 5800 5801 5802
f 5802 5803 5800
f 5803 5785 5800
f 5785 5803 5792
f 5802 5804 5803
f 5803 5804 5794
f 5805 5794 5804
f 5804 5806 5805
f 5807 5805 5806
f 5807 5806 5808
f 5807 5808 5809
f 5810 5807 5809
f 5811 5810 5809
f 5809 5812 5811
f 5812 5813 5811
f 5814 5811 5813
f 5805 5814 5813
f 5813 5815 5805
f 5805 5815 5795
f 5798 5795 5815
f 5815 5816 5798
f 5816 5815 5817
f 5816 5817 5818
f 5801 5816 5818
f 5818 5819 5801
f 5820 5801 5819
f 5820 5819 5821
f 5820 5821 5822
f 5822 5823 5820
f 5802 5820 5823
f 5824 5802 5823
f 5825 5802 5824
f 5825 5824 5822
f 5809 5825 5822
f 5809 5826 5825
f 5826 5802 5825
f 5802 5826 5827
f 5808 5827 5826
f 5824 5823 5822
f 5809 5822 5821
f 5821 5828 5809
f 5828 5829 5809
f 5829 5830 5809
f 5831 5809 5830
f 5831 5830 5815
f 5832 5831 5815
f 5812 5832 5815
f 5809 5831 5832
f 5830 5829 5817
f 5829 5828 5817
f 5821 5818 5828
f 5818 5821 5819
f 5828 5818 5817
f 5817 5815 5830
f 5805 5810 5814
f 5815 5813 5812
f 5809 5832 5812
f 5810 5811 5814
f 5826 5809 5808
f 5806 5827 5808
f 5805 5807 5810
f 5827 5806 5804
f 5804 5802 5827
f 5820 5802 5801
f 5816 5801 5799
f 5799 5798 5816
f 5795 5798 5796
f 5794 5805 5795
f 5794 5792 5803
f 5791 5775 5787
f 5786 5785 5792
f 5785 5783 5800
f 5784 5789 5781
f 5782 5797 5783
f 5789 5423 5781
f 5782 5780 5779
f 5779 5777 5793
f 5791 5777 5775
f 5776 5778 5418
f 5775 5771 5787
f 5429 5790 5771
f 5429 5428 5790
f 5428 5427 5790
f 5425 5424 5427
f 5789 5424 5423
f 5423 5421 5420
f 5778 5420 5419
f 5778 5419 5418
f 5774 5418 5415
f 5415 5414 5774
f 5770 5414 5413
f 5622 5413 5412
f 5410 5618 5412
f 5411 5417 5409
f 5410 5407 5403
f 5409 5422 5408
f 5408 5426 5406
f 5406 3296 5405
f 5407 5404 5403
f 5611 5403 5401
f 5401 5400 5604
f 5400 5397 5603
f 5398 5399 5402
f 5833 5398 5402
f 5402 3288 5833
f 3288 5834 5833
f 5834 3282 5833
f 3282 5834 3287
f 5398 5833 5396
f 5397 5394 5557
f 5395 5396 5833
f 5833 5835 5395
f 5836 5395 5835
f 5837 5836 5835
f 5835 5838 5837
f 5838 5345 5837
f 5348 5837 5345
f 5838 5839 5345
f 5839 5838 5840
f 5840 5841 5839
f 5839 5841 5842
f 5839 5842 5343
f 5843 5343 5842
f 5842 5337 5843
f 5337 5842 5333
f 5333 5842 5840
f 5333 5840 3280
f 5842 5844 5840
f 5343 5843 5845
f 5845 5843 5339
f 5842 5841 5844
f 5844 5841 5840
f 5838 3281 5840
f 5838 5835 3281
f 5836 5837 5366
f 5833 3281 5835
f 5836 5393 5395
f 5392 5556 5394
f 5393 5836 5391
f 5370 5391 5836
f 5392 5390 5488
f 5390 5388 5488
f 5386 5385 5388
f 5383 5464 5385
f 5382 5464 5383
f 5381 5380 5846
f 5846 5847 5381
f 5848 5381 5847
f 5848 5847 3391
f 5849 3391 5847
f 5848 3355 5381
f 5846 5849 5847
f 5849 5846 4337
f 5850 5846 5380
f 5850 5380 5851
f 5851 5852 5850
f 5853 5850 5852
f 5854 5853 5852
f 5852 5855 5854
f 5856 5854 5855
f 5855 5857 5856
f 5858 5856 5857
f 5858 5857 5859
f 5859 5860 5858
f 5858 5860 5861
f 5861 5373 5858
f 5862 5858 5373
f 5863 5373 5861
f 5864 5863 5861
f 5861 5865 5864
f 5865 5866 5864
f 5866 5867 5864
f 5867 5868 5864
f 5869 5864 5868
f 5868 5870 5869
f 5870 5871 5869
f 5871 5872 5869
f 5872 5873 5869
f 5873 5874 5869
f 5874 5875 5869
f 5876 5869 5875
f 5875 5877 5876
f 5876 5877 5878
f 5876 5878 5851
f 5879 5851 5878
f 5878 5880 5879
f 5881 5879 5880
f 5880 5882 5881
f 5883 5881 5882
f 5882 5884 5883
f 5884 5885 5883
f 5886 5883 5885
f 5887 5886 5885
f 5885 5888 5887
f 5888 5889 5887
f 5890 5887 5889
f 5889 5891 5890
f 5891 5892 5890
f 5892 5893 5890
f 5894 5890 5893
f 5893 5895 5894
f 5895 5896 5894
f 5896 5897 5894
f 5898 5894 5897
f 5897 5899 5898
f 5900 5898 5899
f 5900 5899 5901
f 5902 5900 5901
f 5903 5902 5901
f 5901 5904 5903
f 5903 5904 5859
f 5859 5905 5903
f 5859 5906 5905
f 5905 5906 5907
f 5905 5907 5902
f 5898 5902 5907
f 5908 5898 5907
f 5908 5907 5909
f 5908 5909 5910
f 5908 5910 5911
f 5910 5912 5911
f 5911 5912 5894
f 5913 5894 5912
f 5912 5914 5913
f 5915 5913 5914
f 5914 5892 5915
f 5916 5915 5892
f 5917 5892 5914
f 5918 5892 5917
f 5918 5917 5912
f 5912 5919 5918
f 5918 5919 5920
f 5920 5921 5918
f 5901 5918 5921
f 5922 5921 5920
f 5921 5922 5923
f 5921 5923 5865
f 5923 5919 5865
f 5924 5865 5919
f 5919 5925 5924
f 5925 5926 5924
f 5924 5926 5927
f 5927 5928 5924
f 5928 5870 5924
f 5928 5927 5929
f 5928 5929 5930
f 5930 5874 5928
f 5930 5929 5931
f 5930 5931 5877
f 5932 5877 5931
f 5933 5932 5931
f 5934 5933 5931
f 5934 5931 5935
f 5934 5935 5936
f 5937 5934 5936
f 5937 5936 5938
f 5938 5939 5937
f 5939 5886 5937
f 5939 5940 5886
f 5941 5886 5940
f 5940 5881 5941
f 5942 5881 5940
f 5943 5881 5942
f 5942 5938 5943
f 5944 5943 5938
f 5945 5944 5938
f 5946 5945 5938
f 5938 5947 5946
f 5948 5946 5947
f 5948 5947 5949
f 5950 5948 5949
f 5949 5951 5950
f 5952 5950 5951
f 5953 5952 5951
f 5954 5953 5951
f 5955 5954 5951
f 5955 5951 5956
f 5957 5955 5956
f 5956 5909 5957
f 5906 5957 5909
f 5956 5958 5909
f 5959 5909 5958
f 5960 5959 5958
f 5961 5959 5960
f 5960 5962 5961
f 5962 5963 5961
f 5964 5961 5963
f 5964 5963 5929
f 5964 5965 5961
f 5966 5961 5965
f 5965 5967 5966
f 5968 5966 5967
f 5969 5968 5967
f 5925 5969 5967
f 5925 5970 5969
f 5959 5969 5970
f 5959 5968 5969
f 5966 5968 5959
f 5926 5967 5965
f 5927 5965 5964
f 5931 5963 5962
f 5960 5971 5962
f 5971 5935 5962
f 5960 5949 5971
f 5960 5956 5949
f 5959 5961 5966
f 5959 5970 5909
f 5960 5958 5956
f 5955 5957 5859
f 5954 5955 5859
f 5972 5954 5859
f 5954 5972 5973
f 5973 5972 5857
f 5973 5953 5954
f 5973 5952 5953
f 5952 5973 5950
f 5949 5956 5951
f 5948 5950 5973
f 5971 5949 5947
f 5946 5948 5973
f 5947 5938 5971
f 5945 5946 5973
f 5879 5945 5973
f 5879 5973 5855
f 5945 5881 5944
f 5944 5881 5943
f 5940 5939 5942
f 5938 5942 5939
f 5971 5938 5936
f 5887 5934 5937
f 5936 5935 5971
f 5962 5935 5931
f 5933 5934 5974
f 5974 5884 5933
f 5878 5933 5884
f 5975 5884 5974
f 5976 5884 5975
f 5975 5913 5976
f 5976 5913 5977
f 5977 5889 5976
f 5977 5913 5916
f 5977 5916 5891
f 5913 5975 5934
f 5890 5913 5934
f 5974 5934 5975
f 5878 5932 5933
f 5929 5963 5931
f 5927 5964 5929
f 5965 5927 5926
f 5967 5926 5925
f 5970 5925 5919
f 5970 5919 5910
f 5922 5919 5923
f 5920 5919 5922
f 5901 5892 5918
f 5916 5913 5915
f 5914 5912 5917
f 5910 5919 5912
f 5910 5909 5970
f 5908 5911 5898
f 5909 5907 5906
f 5906 5859 5957
f 5904 5901 5921
f 5921 5860 5904
f 5903 5905 5902
f 5899 5978 5901
f 5978 5897 5901
f 5898 5900 5902
f 5897 5978 5899
f 5898 5911 5894
f 5896 5901 5897
f 5895 5901 5896
f 5893 5901 5895
f 5913 5890 5894
f 5892 5901 5893
f 5892 5891 5916
f 5891 5889 5977
f 5934 5887 5890
f 5888 5976 5889
f 5885 5976 5888
f 5887 5937 5886
f 5886 5941 5883
f 5884 5976 5885
f 5941 5881 5883
f 5884 5882 5880
f 5945 5879 5881
f 5884 5880 5878
f 5932 5878 5877
f 5875 5930 5877
f 5876 5378 5869
f 5874 5930 5875
f 5873 5928 5874
f 5872 5928 5873
f 5871 5928 5872
f 5870 5928 5871
f 5868 5924 5870
f 5869 5376 5864
f 5867 5924 5868
f 5866 5924 5867
f 5865 5924 5866
f 5861 5921 5865
f 5374 5863 5864
f 5921 5861 5860
f 5859 5904 5860
f 5972 5859 5857
f 5862 5856 5858
f 5856 5862 5979
f 5979 5980 5856
f 5980 5979 5981
f 5981 5982 5980
f 5982 5983 5980
f 5984 5980 5983
f 5983 5985 5984
f 5985 4340 5984
f 5853 5984 4340
f 4341 5985 5983
f 4341 5983 5986
f 4341 5986 4059
f 4059 5986 5987
f 5986 5988 5987
f 5987 5988 5989
f 4061 5987 5989
f 5988 5990 5989
f 5990 5991 5989
f 5989 5991 5992
f 5989 5992 5993
f 5989 5993 4067
f 5993 5994 4067
f 5993 5995 5994
f 4069 5994 5995
f 5995 5996 4069
f 5996 5997 4069
f 5996 4100 5997
f 5998 5997 4100
f 4100 5999 5998
f 4100 6000 5999
f 6000 6001 5999
f 6001 5997 5999
f 4073 5997 6001
f 4073 6001 6002
f 6002 6003 4073
f 6004 4073 6003
f 6003 4094 6004
f 6005 6004 4094
f 6006 6005 4094
f 4094 6007 6006
f 6006 6007 6008
f 6006 6008 6009
f 6006 6009 6010
f 6010 6011 6006
f 6012 6006 6011
f 6011 6002 6012
f 6012 6002 6013
f 6014 6013 6002
f 6013 6014 6000
f 6000 6006 6013
f 6015 6006 6000
f 6000 6002 6015
f 6006 6015 6016
f 6011 6016 6015
f 6011 6007 6016
f 6016 6007 6005
f 6017 6000 6014
f 6014 6001 6017
f 6017 6001 6018
f 6019 6018 6001
f 6019 6020 6018
f 6021 6018 6020
f 6020 6022 6021
f 6023 6021 6022
f 6023 6022 6024
f 6023 6024 6025
f 6025 6026 6023
f 5995 6026 6025
f 5996 6025 6024
f 6024 4103 5996
f 4111 6024 6022
f 4111 6022 6027
f 4111 6027 6028
f 6028 6027 6029
f 6028 6029 6030
f 6028 6030 6031
f 6028 6031 4112
f 6031 6032 4112
f 4112 6032 6033
f 6033 6032 6034
f 6033 6034 6035
f 6033 6035 6036
f 6033 6036 6037
f 4113 6033 6037
f 4113 6037 6038
f 6038 6037 6036
f 4115 6038 6036
f 4115 6036 6035
f 6034 4132 6035
f 6034 4151 4132
f 6039 4132 4151
f 6039 4140 4132
f 6040 6034 6032
f 6040 6032 6041
f 6040 6041 6042
f 6043 6040 6042
f 6043 6042 6044
f 6043 6044 6045
f 6045 6034 6043
f 6046 6034 6045
f 6034 6046 4152
f 6045 6044 6046
f 6046 6044 6047
f 6046 6047 4154
f 4158 4154 6047
f 6044 6042 6047
f 6047 6042 6048
f 6047 6048 6049
f 6047 6049 6050
f 4161 6047 6050
f 6051 4161 6050
f 6051 6050 6052
f 6051 6052 6053
f 6053 6052 6054
f 6055 6053 6054
f 6055 6054 4142
f 6055 4142 4145
f 6056 6055 4145
f 6056 6057 6055
f 6056 6058 6057
f 6057 6058 6059
f 6057 6059 4164
f 6057 4164 4161
f 6057 4161 6053
f 6060 4164 6059
f 6060 6059 6061
f 4166 6060 6061
f 4166 6061 6062
f 6063 4166 6062
f 6063 6062 6064
f 6063 6064 4170
f 4170 6064 6065
f 4170 6065 6066
f 4170 6066 6067
f 4170 6067 6068
f 6068 6067 6069
f 6069 6070 6068
f 6071 6068 6070
f 6072 6071 6070
f 6072 6070 6073
f 6074 6072 6073
f 6074 6073 6075
f 6074 6075 6076
f 6074 6076 6077
f 6074 6077 6078
f 6079 6074 6078
f 6079 6078 6080
f 6079 6080 6081
f 6082 6079 6081
f 6082 6081 6083
f 6083 6084 6082
f 6085 6082 6084
f 6084 6086 6085
f 6086 6087 6085
f 6087 6088 6085
f 6089 6085 6088
f 6089 6088 6090
f 6089 6090 6091
f 6089 6091 6092
f 6082 6089 6092
f 6082 6092 6093
f 6093 6092 6094
f 6095 6093 6094
f 6096 6095 6094
f 6096 6094 6097
f 6096 6097 6098
f 6096 6098 6099
f 6096 6099 6100
f 6096 6100 6101
f 6096 6101 6102
f 6096 6102 6103
f 6096 6103 6104
f 6096 6104 6105
f 6096 6105 6106
f 4176 6096 6106
f 4176 6106 6107
f 4176 6107 6108
f 4176 6108 6109
f 4176 6109 6110
f 6109 6111 6110
f 6112 6110 6111
f 6113 6112 6111
f 6114 6113 6111
f 6115 6114 6111
f 6115 3938 6114
f 6114 3938 6116
f 6116 3938 6117
f 6116 6117 6118
f 6116 6118 6119
f 6116 6119 6113
f 6120 6113 6119
f 6120 6119 6121
f 6120 6121 6122
f 6120 6122 6123
f 6120 6123 6112
f 6124 6123 6122
f 6124 6122 6125
f 6124 6125 6126
f 6124 6126 4380
f 6126 6125 6127
f 6126 6127 6128
f 6126 6128 4379
f 6128 6127 4379
f 6127 6129 4379
f 6129 3935 4379
f 6127 6130 6129
f 6129 6130 4533
f 6127 6125 6130
f 6130 6125 4534
f 6125 6131 4534
f 6122 6131 6125
f 6122 6132 6131
f 6131 6132 4536
f 6122 4539 6132
f 4381 6123 6124
f 4381 6133 6123
f 6133 4177 6123
f 6123 4177 6110
f 4381 6134 6133
f 6133 6134 4178
f 4541 6122 6121
f 4541 6121 6135
f 4541 6135 6136
f 6136 6135 4629
f 6135 6137 4629
f 6137 6138 4629
f 6137 6139 6138
f 6140 6138 6139
f 6140 6139 6118
f 6141 6138 6140
f 6142 6141 6140
f 6142 6140 6117
f 6142 6138 6141
f 6142 6143 6138
f 6143 4630 6138
f 6144 4630 6143
f 4531 6144 6143
f 3936 6143 6142
f 6135 6139 6137
f 6135 6121 6139
f 6121 6119 6139
f 6139 6119 6118
f 6140 6118 6117
f 6142 6117 3938
f 6114 6116 6113
f 6120 6112 6113
f 6123 6110 6112
f 6115 6111 6109
f 6115 6109 3939
f 3941 6109 6108
f 3941 6108 6107
f 3942 6107 6106
f 4171 6096 4176
f 4171 6145 6096
f 4171 6146 6145
f 6071 6145 6146
f 4171 6068 6146
f 6147 6106 6105
f 6147 6105 6148
f 3944 6147 6148
f 3944 6148 6149
f 6149 6148 6150
f 6149 6150 6151
f 6149 6151 6152
f 6149 6152 6153
f 6149 6153 6154
f 6149 6154 3946
f 6154 6153 3947
f 6153 6152 3947
f 6152 6155 3947
f 6155 6156 3947
f 6157 3947 6156
f 6157 6156 6158
f 6159 6157 6158
f 6159 6158 6160
f 6159 6160 6161
f 6162 6159 6161
f 6162 6161 6163
f 6162 6163 6164
f 6162 6164 6165
f 6162 6165 6166
f 6162 6166 6167
f 6162 6167 6168
f 6162 6168 6157
f 6157 6168 6169
f 6169 6168 3948
f 6168 6167 3948
f 6167 6170 3948
f 6167 6171 6170
f 6171 6172 6170
f 6173 6170 6172
f 6174 6173 6172
f 6174 6172 6175
f 6174 6175 6176
f 6174 6176 3972
f 6174 3972 6177
f 6174 6177 6178
f 6174 6178 6179
f 6174 6179 6180
f 6174 6180 3966
f 6180 6179 6181
f 6181 6182 6180
f 3967 6180 6182
f 6181 3967 6182
f 3967 6181 6183
f 3967 6183 6179
f 6184 6179 6183
f 6185 6184 6183
f 6183 6186 6185
f 6183 6187 6186
f 6187 6090 6186
f 6186 6090 6184
f 6090 6187 6183
f 6184 6185 6186
f 6184 6090 6179
f 6183 6181 6090
f 6179 6090 6181
f 3967 6179 6178
f 3967 6178 6177
f 6177 3972 3968
f 3972 6176 6188
f 6189 3972 6188
f 6189 6188 6190
f 3977 6189 6190
f 6191 6190 6188
f 6188 6192 6191
f 6193 6191 6192
f 6193 6192 6194
f 6193 6194 6195
f 6193 6195 6196
f 6193 6196 6190
f 3978 6190 6196
f 6196 6197 3978
f 6197 6196 6198
f 6198 6199 6197
f 6200 6197 6199
f 6199 6201 6200
f 6202 6200 6201
f 6201 6203 6202
f 6204 6202 6203
f 6203 6205 6204
f 6206 6204 6205
f 6207 6206 6205
f 6208 6207 6205
f 6205 6209 6208
f 6205 6210 6209
f 6206 6209 6210
f 6210 6211 6206
f 6210 6205 6211
f 6212 6211 6205
f 6202 6212 6205
f 3979 6202 6205
f 6202 6211 6212
f 6208 6209 6207
f 6206 6207 6209
f 6206 6211 6204
f 6205 6203 3979
f 6202 6204 6211
f 6203 6201 3979
f 3979 6200 6202
f 6201 6199 3979
f 3979 6197 6200
f 6198 3979 6199
f 6198 6196 3986
f 6196 6195 6213
f 6196 6213 6214
f 6196 6214 3987
f 6215 3987 6214
f 6214 6216 6215
f 3988 6215 6216
f 3992 3988 6216
f 3992 6216 6217
f 6217 6218 3992
f 6219 3992 6218
f 6219 6218 6220
f 6221 6219 6220
f 6220 6222 6221
f 6222 6223 6221
f 6221 6223 6224
f 6225 6221 6224
f 6226 6221 6225
f 6227 6226 6225
f 6225 6228 6227
f 6228 6229 6227
f 6227 6229 6230
f 6231 6227 6230
f 6231 6230 6229
f 6229 6232 6231
f 6231 6232 6233
f 6233 6226 6231
f 6226 6233 6234
f 6235 6226 6234
f 6234 6236 6235
f 6237 6235 6236
f 6238 6237 6236
f 6236 6239 6238
f 6240 6238 6239
f 6240 6239 6234
f 6241 6240 6234
f 6242 6241 6234
f 6234 6243 6242
f 6243 6244 6242
f 6244 6245 6242
f 6245 6246 6242
f 6246 6247 6242
f 6248 6242 6247
f 6249 6248 6247
f 6249 6247 6250
f 6243 6249 6250
f 6243 6250 6251
f 6251 6252 6243
f 6252 6251 6247
f 6244 6252 6247
f 6247 6251 6253
f 6251 6254 6253
f 6254 6255 6253
f 6256 6253 6255
f 6255 6250 6256
f 6250 6257 6256
f 6256 6257 6258
f 6253 6258 6257
f 6257 6250 6253
f 6256 6258 6253
f 6255 6254 6250
f 6254 6251 6250
f 6249 6243 6259
f 6259 6260 6249
f 6259 6261 6260
f 6242 6260 6261
f 6242 6261 6262
f 6242 6262 6263
f 6263 6264 6242
f 6265 6242 6264
f 6264 6259 6265
f 6242 6265 6259
f 6264 6263 6262
f 6264 6262 6261
f 6261 6259 6264
f 6241 6259 6243
f 6243 6266 6241
f 6247 6253 6250
f 6249 6260 6248
f 6242 6248 6260
f 6247 6246 6244
f 4699 6244 6246
f 4699 6246 6267
f 4699 6251 6244
f 4699 6255 6251
f 6245 6251 6255
f 6268 6245 6255
f 6255 4698 6268
f 6268 6269 6245
f 6269 6270 6245
f 6270 6271 6245
f 6271 6267 6245
f 6271 4701 6267
f 4701 6271 6272
f 6271 6270 6272
f 6270 4702 6272
f 4702 6270 6273
f 4702 6273 6274
f 4702 6274 6275
f 4702 6275 6276
f 6276 6275 6277
f 6277 6278 6276
f 6276 6278 6279
f 4704 6276 6279
f 4705 6279 6278
f 4705 6278 6280
f 4705 6280 6281
f 4705 6281 6282
f 6281 6283 6282
f 6282 6283 6284
f 6284 4706 6282
f 4706 6284 6285
f 6285 6284 6286
f 6286 6287 6285
f 6288 6285 6287
f 6288 6287 6279
f 6279 6289 6288
f 6288 6289 6290
f 6288 6290 6291
f 6292 6288 6291
f 6291 6287 6292
f 6279 6291 6290
f 6293 6279 6290
f 6290 6294 6293
f 6289 6293 6294
f 6294 6290 6289
f 6279 6293 6289
f 6291 6279 6287
f 6292 6285 6288
f 6283 6285 6292
f 6292 6286 6283
f 6283 6295 6285
f 6295 6296 6285
f 6296 6297 6285
f 6298 6285 6297
f 6298 6297 4709
f 6299 4709 6297
f 4707 6285 6298
f 6296 6299 6297
f 6296 6300 6299
f 4710 6299 6300
f 4710 6300 6301
f 6302 4710 6301
f 6301 6295 6302
f 6302 6295 6303
f 6302 6303 4711
f 6303 6304 4711
f 6304 6305 4711
f 4711 6305 6306
f 6305 6307 6306
f 6307 6308 6306
f 6308 6309 6306
f 6309 4693 6306
f 6310 6306 4693
f 6310 4693 6311
f 6310 6311 6312
f 6313 6310 6312
f 6313 6312 6314
f 6313 6314 6315
f 6313 6315 6316
f 6317 6316 6315
f 6317 6315 6318
f 6317 6318 6319
f 6317 6319 6320
f 6317 6320 6321
f 6322 6317 6321
f 6322 6321 6323
f 6324 6322 6323
f 6323 6325 6324
f 6326 6324 6325
f 6195 6326 6325
f 6195 6327 6326
f 6326 6327 6171
f 6328 6326 6171
f 6329 6328 6171
f 6330 6329 6171
f 6331 6330 6171
f 6332 6331 6171
f 6333 6332 6171
f 6334 6333 6171
f 6335 6334 6171
f 6336 6334 6335
f 6336 6335 6337
f 6338 6336 6337
f 6338 6337 6339
f 6338 6339 6340
f 6338 6340 6341
f 6342 6338 6341
f 6342 6341 6343
f 6342 6343 6344
f 6342 6344 6345
f 6342 6345 6333
f 6342 6333 6336
f 6345 6344 6346
f 6345 6346 6347
f 6345 6347 6348
f 6345 6348 6332
f 6347 6349 6348
f 6348 6349 6350
f 6348 6350 6331
f 6350 6351 6331
f 6351 6352 6331
f 6352 6353 6331
f 6354 6331 6353
f 6355 6354 6353
f 6355 6353 6356
f 6355 6356 6357
f 6355 6357 6358
f 6359 6355 6358
f 6359 6358 6360
f 6359 6360 6361
f 6359 6361 6362
f 6359 6362 6329
f 6362 6361 6363
f 6362 6363 6364
f 6362 6364 6324
f 6324 6364 6365
f 6324 6365 6366
f 6365 6367 6366
f 6368 6366 6367
f 6368 6367 6369
f 6370 6368 6369
f 6370 6369 6371
f 6370 6371 6316
f 6322 6370 6316
f 6316 6371 6310
f 6371 6369 6306
f 6369 6372 6306
f 6306 6372 4713
f 6322 6368 6370
f 6369 6367 6372
f 6367 6373 6372
f 6373 6374 6372
f 6375 6372 6374
f 6375 6374 6376
f 6375 6376 6377
f 6378 6375 6377
f 6379 6378 6377
f 6357 6379 6377
f 6357 6380 6379
f 6380 6381 6379
f 6381 6382 6379
f 6383 6382 6381
f 6383 6381 6384
f 6383 6384 6385
f 6383 6385 6386
f 6383 6386 6387
f 6347 6387 6386
f 6388 6386 6385
f 6388 6385 6389
f 6388 6389 6390
f 6391 6388 6390
f 6391 6390 6392
f 6393 6391 6392
f 6393 6392 6394
f 6393 6394 6395
f 6393 6395 6396
f 6393 6396 6397
f 6393 6397 6398
f 6393 6398 6399
f 6399 6398 6400
f 6399 6400 6401
f 6402 6399 6401
f 6402 6401 4669
f 6403 6402 4669
f 6403 4669 6404
f 6403 6404 6349
f 6386 6403 6349
f 6349 6404 6405
f 6406 6349 6405
f 6406 6405 6407
f 6351 6406 6407
f 6351 6407 6353
f 4668 6353 6407
f 4669 6407 6405
f 6408 4669 6405
f 6408 6405 6404
f 6408 6404 4669
f 6391 6402 6403
f 6391 6399 6402
f 6409 6401 6400
f 6409 6400 6410
f 6410 6411 6409
f 6412 6409 6411
f 6412 6411 6413
f 6414 6413 6411
f 6411 6415 6414
f 6416 6414 6415
f 6416 6415 6417
f 6416 6417 6418
f 6416 6418 6419
f 6416 6419 6420
f 6416 6420 6421
f 6416 6421 6422
f 6423 6416 6422
f 6424 6423 6422
f 6425 6424 6422
f 6425 6422 6426
f 6426 6427 6425
f 6425 6427 4652
f 6425 4652 6428
f 6428 4654 6425
f 4654 6429 6425
f 6429 6430 6425
f 6430 6431 6425
f 6431 6432 6425
f 6432 6433 6425
f 6434 6425 6433
f 6433 6435 6434
f 6434 6435 6436
f 6434 6436 6437
f 6434 6437 6424
f 6424 6437 6438
f 6437 6439 6438
f 6414 6438 6439
f 6414 6439 6440
f 6441 6414 6440
f 6441 6440 6442
f 6442 6443 6441
f 6443 6413 6441
f 6443 6409 6413
f 6444 6409 6443
f 6444 6443 6445
f 6444 6445 6446
f 6446 6238 6444
f 6444 6238 6232
f 6447 6444 6232
f 6447 6232 6448
f 6449 6447 6448
f 6449 6448 6450
f 6450 6451 6449
f 6450 6452 6451
f 6452 6453 6451
f 6453 6447 6451
f 6452 6318 6453
f 4685 6453 6318
f 4685 6454 6453
f 6453 6454 6444
f 6454 4684 6444
f 4684 6401 6444
f 6450 6318 6452
f 6450 6448 6455
f 6450 6455 6214
f 6214 6455 6456
f 6457 6456 6455
f 6455 6458 6457
f 6217 6457 6458
f 6217 6458 6459
f 6217 6459 6460
f 6460 6461 6217
f 6461 6462 6217
f 6462 6461 6459
f 6463 6459 6461
f 6464 6459 6463
f 6463 6465 6464
f 6466 6464 6465
f 6466 6465 6467
f 6466 6467 6468
f 6466 6468 6460
f 6469 6466 6460
f 6470 6469 6460
f 6471 6470 6460
f 6460 6472 6471
f 6472 6460 6473
f 6464 6472 6473
f 6464 6469 6472
f 6464 6473 6460
f 6471 6472 6470
f 6470 6472 6469
f 6474 6460 6468
f 6460 6474 6296
f 6296 6301 6460
f 6460 6301 6475
f 6475 6476 6460
f 6460 6476 6465
f 6475 6301 6476
f 6301 6467 6476
f 6474 6467 6301
f 6468 6467 6474
f 6476 6467 6465
f 6469 6464 6466
f 6460 6465 6463
f 6460 6463 6461
f 6459 6464 6460
f 6462 6459 6458
f 6458 6455 6462
f 6455 6477 6462
f 6218 6462 6477
f 6477 6478 6218
f 6479 6218 6478
f 6480 6479 6478
f 6448 6480 6478
f 6448 6481 6480
f 6482 6480 6481
f 6482 6481 6483
f 6482 6483 6484
f 6482 6484 6485
f 6482 6485 6486
f 6486 6487 6482
f 6487 6488 6482
f 6488 6489 6482
f 6489 6490 6482
f 6490 6491 6482
f 6491 6218 6482
f 6492 6218 6491
f 6492 6491 6493
f 6493 6225 6492
f 6493 6491 6494
f 6493 6494 6495
f 6493 6495 6496
f 6493 6496 6497
f 6493 6497 6498
f 6493 6498 6499
f 6493 6499 6500
f 6493 6500 6501
f 6501 6502 6493
f 6502 6503 6493
f 6503 6504 6493
f 6505 6493 6504
f 6504 6448 6505
f 6505 6448 6506
f 6494 6448 6504
f 6493 6505 6506
f 6493 6506 6228
f 6506 6232 6228
f 6495 6504 6503
f 6503 6507 6495
f 6508 6507 6503
f 6509 6508 6503
f 6508 6509 6499
f 6507 6508 6496
f 6502 6509 6503
f 6500 6509 6502
f 6502 6501 6500
f 6500 6499 6509
f 6508 6499 6498
f 6508 6498 6497
f 6497 6496 6508
f 6496 6495 6507
f 6504 6495 6494
f 6510 6494 6491
f 6511 6510 6491
f 6511 6484 6510
f 6494 6510 6484
f 6492 6225 6218
f 6225 6223 6218
f 6490 6511 6491
f 6485 6511 6490
f 6485 6490 6489
f 6488 6512 6489
f 6512 6487 6489
f 6513 6487 6512
f 6514 6513 6512
f 6513 6514 6515
f 6514 6516 6515
f 6516 6488 6515
f 6516 6514 6488
f 6487 6513 6515
f 6512 6488 6514
f 6487 6515 6488
f 6486 6489 6487
f 6489 6486 6485
f 6485 6484 6511
f 6494 6484 6483
f 6494 6483 6481
f 6481 6448 6494
f 6480 6482 6479
f 6482 6218 6479
f 6448 6478 6477
f 6457 6217 6456
f 6477 6455 6448
f 6449 6451 6447
f 6232 6506 6448
f 6453 6444 6447
f 6446 6445 6517
f 6442 6446 6517
f 6446 6442 6235
f 6445 6443 6517
f 6442 6517 6443
f 6440 6518 6442
f 6519 6442 6518
f 6520 6519 6518
f 6521 6520 6518
f 6522 6521 6518
f 6523 6522 6518
f 6524 6523 6518
f 6525 6524 6518
f 6526 6525 6518
f 6518 6527 6526
f 6527 6528 6526
f 3996 6526 6528
f 3996 6528 6529
f 3996 6529 6530
f 6531 6530 6529
f 6532 6531 6529
f 6532 6533 6531
f 6531 6533 6534
f 6535 6531 6534
f 6535 6534 6536
f 6537 6535 6536
f 6537 6536 6538
f 6537 6538 4001
f 4001 6538 6539
f 4001 6539 4003
f 4003 6539 4009
f 6539 6540 4009
f 4009 6540 6541
f 6541 6540 6542
f 4025 6541 6542
f 4025 6542 4028
f 6543 4028 6542
f 6544 6543 6542
f 6544 6542 6545
f 6546 6544 6545
f 6547 6546 6545
f 6547 6545 6548
f 6549 6547 6548
f 6549 6548 6550
f 6551 6549 6550
f 6551 6550 6552
f 6553 6551 6552
f 6553 6552 6554
f 6555 6553 6554
f 6555 6554 6556
f 6555 6556 6557
f 6555 6557 6558
f 6558 6557 6559
f 6558 6559 6560
f 6558 6560 6561
f 6558 6561 6562
f 6558 6562 6563
f 6564 6558 6563
f 6565 6564 6563
f 6565 6563 6566
f 6565 6566 6567
f 6567 6566 6568
f 6567 6568 6549
f 6568 6566 6569
f 6568 6569 6570
f 6568 6570 6547
f 6570 6569 6571
f 6570 6571 6572
f 6570 6572 6546
f 6572 6571 6573
f 6572 6573 6574
f 6572 6574 6544
f 6574 6573 6575
f 6574 6575 6576
f 6577 6574 6576
f 6577 6576 6578
f 6577 6578 6579
f 6580 6579 6578
f 6580 6578 6581
f 6580 6581 6582
f 6580 6582 6543
f 6582 4030 6543
f 6582 6581 4033
f 6581 6578 4041
f 6581 4041 4037
f 6578 6583 4041
f 6578 6584 6583
f 4042 6583 6584
f 4042 6584 6585
f 4042 6585 6586
f 4042 6586 6587
f 4042 6587 6588
f 4043 6588 6587
f 4043 6587 6589
f 6586 6589 6587
f 6585 6589 6586
f 6590 6589 6585
f 6585 6591 6590
f 6592 6590 6591
f 6592 6591 6593
f 6592 6593 6594
f 6594 6595 6592
f 6596 6592 6595
f 6596 6595 6597
f 6597 6598 6596
f 6599 6596 6598
f 6599 6598 6600
f 6599 6600 6601
f 6601 6592 6599
f 6602 6592 6601
f 6603 6592 6602
f 6603 6602 6604
f 6604 6605 6603
f 6606 6603 6605
f 6606 6605 6600
f 6607 6606 6600
f 6608 6607 6600
f 6600 6609 6608
f 6608 6609 6610
f 6608 6610 6611
f 6611 6612 6608
f 6612 6613 6608
f 6613 6614 6608
f 6608 6614 6615
f 6616 6615 6614
f 6616 6603 6615
f 6615 6603 6607
f 6603 6616 6617
f 6603 6617 6618
f 6603 6618 6619
f 6619 6618 6620
f 6619 6620 6621
f 6622 6619 6621
f 6623 6622 6621
f 6623 6621 6624
f 6625 6623 6624
f 6625 6624 6626
f 6627 6625 6626
f 6627 6626 4045
f 6627 4045 6625
f 6624 3797 6626
f 6628 3797 6624
f 6628 6624 6629
f 6628 6629 6630
f 6631 6628 6630
f 6631 6630 6632
f 6633 6631 6632
f 6633 6632 6634
f 6635 6633 6634
f 6635 6634 6636
f 6637 6635 6636
f 6637 6636 6638
f 6639 6637 6638
f 6639 6638 775
f 775 6638 6640
f 6638 6641 6640
f 6642 6640 6641
f 6643 6642 6641
f 6644 6643 6641
f 6644 6641 6645
f 6644 6645 6646
f 6647 6644 6646
f 6647 6646 6648
f 6649 6647 6648
f 6649 6648 6650
f 6649 6650 6651
f 6652 6649 6651
f 6652 6651 6653
f 6654 6652 6653
f 6654 6653 6655
f 6654 6655 6656
f 6657 6654 6656
f 6657 6656 6658
f 6659 6657 6658
f 6659 6658 6660
f 6661 6659 6660
f 6661 6660 6662
f 6661 6662 6663
f 6661 6663 6664
f 6661 6664 6665
f 6664 6666 6665
f 6665 6666 6667
f 6659 6665 6667
f 6668 6667 6666
f 6669 6668 6666
f 6670 6669 6666
f 6670 6666 6671
f 6670 6671 6672
f 6670 6672 6673
f 6672 6674 6673
f 6673 6674 6675
f 6675 6676 6673
f 6673 6676 6677
f 6678 6673 6677
f 6677 6679 6678
f 6678 6679 6680
f 6681 6680 6679
f 6679 6682 6681
f 6682 6683 6681
f 6673 6681 6683
f 6669 6673 6683
f 6669 6683 6684
f 6669 6684 6685
f 6669 6685 6686
f 6686 6685 6687
f 6686 6687 6688
f 6686 6688 6689
f 6686 6689 6690
f 6686 6690 6668
f 6690 6691 6668
f 6692 6691 6690
f 6691 6692 6693
f 6654 6691 6693
f 6694 6693 6692
f 6692 6695 6694
f 6696 6694 6695
f 6695 6697 6696
f 6698 6696 6697
f 6699 6698 6697
f 6689 6699 6697
f 6689 6700 6699
f 6699 6700 6701
f 6699 6701 6702
f 6699 6702 6703
f 6703 6702 6704
f 6703 6704 6705
f 6703 6705 6706
f 6703 6706 6698
f 6706 6707 6698
f 6707 6706 6708
f 6707 6708 6709
f 6649 6707 6709
f 6649 6696 6707
f 6647 6709 6708
f 6647 6708 6710
f 6708 6711 6710
f 6644 6710 6711
f 6708 6712 6711
f 6713 6711 6712
f 6714 6713 6712
f 6705 6714 6712
f 6705 6715 6714
f 6714 6715 6716
f 6714 6716 6717
f 6717 6716 6718
f 6717 6718 6719
f 6717 6719 6720
f 6717 6720 6713
f 6713 6720 6721
f 6722 6721 6720
f 6720 6723 6722
f 6724 6722 6723
f 6724 6723 6725
f 6724 6725 6726
f 776 6724 6726
f 776 6640 6724
f 6727 6724 6640
f 6726 6725 6728
f 6726 6728 6729
f 779 6726 6729
f 6729 6728 6730
f 6729 6730 6731
f 6732 6729 6731
f 6733 6732 6731
f 6734 6733 6731
f 6735 6734 6731
f 6735 6731 6736
f 6737 6735 6736
f 6737 6736 6738
f 6739 6737 6738
f 6740 6739 6738
f 6740 6738 6741
f 6742 6740 6741
f 6743 6742 6741
f 6743 6741 6744
f 6743 6744 6745
f 6743 6745 6746
f 794 6743 6746
f 794 6746 6747
f 6746 6748 6747
f 6748 803 6747
f 796 6747 803
f 6748 6749 803
f 6750 6749 6748
f 6751 6750 6748
f 6751 6752 6750
f 6750 6752 6753
f 6750 6753 6754
f 6754 6753 6755
f 6754 6755 6756
f 6754 6756 6757
f 6754 6757 6749
f 6749 6757 804
f 6756 6758 6757
f 6757 6758 806
f 6756 6759 6758
f 6759 6760 6758
f 6758 6760 808
f 6760 6761 808
f 6762 6761 6760
f 6762 6763 6761
f 6761 6763 810
f 6762 6764 6763
f 6764 6765 6763
f 6763 6765 812
f 6764 6766 6765
f 6765 6766 815
f 6766 6767 815
f 6766 6768 6767
f 6768 6769 6767
f 6769 6770 6767
f 6767 6770 888
f 888 6771 6767
f 6771 817 6767
f 6771 888 819
f 6772 819 888
f 6773 6772 888
f 888 6774 6773
f 6774 3274 6773
f 3274 6775 6773
f 6775 5328 6773
f 6776 6773 5328
f 5328 6777 6776
f 6777 5336 6776
f 6778 6776 5336
f 6778 5336 6779
f 6780 6778 6779
f 6780 6779 6781
f 6780 6781 6782
f 6783 6780 6782
f 6782 6784 6783
f 6785 6783 6784
f 6786 6785 6784
f 6787 6785 6786
f 6787 6786 6782
f 6787 6782 6788
f 6787 6788 6789
f 6787 6789 6790
f 6791 6787 6790
f 6791 6790 6792
f 6791 6792 6793
f 6794 6791 6793
f 6794 6793 6795
f 6796 6794 6795
f 6796 6795 6797
f 6798 6796 6797
f 6798 6797 6799
f 6800 6798 6799
f 6800 6799 6801
f 6800 6801 6802
f 6803 6800 6802
f 6803 6802 6804
f 6803 6804 6805
f 6806 6803 6805
f 6806 6805 6807
f 6806 6807 6662
f 6806 6662 6808
f 6806 6808 6809
f 6806 6809 6810
f 6810 6809 6811
f 6810 6811 6812
f 6810 6812 6813
f 6814 6810 6813
f 6813 6815 6814
f 6816 6814 6815
f 6560 6816 6815
f 6560 6817 6816
f 6560 6818 6817
f 6818 6814 6817
f 6819 6814 6818
f 6818 6820 6819
f 6821 6819 6820
f 6821 6820 6822
f 6821 6822 6815
f 6823 6815 6822
f 6823 6561 6815
f 6824 6561 6823
f 6823 6825 6824
f 6825 6826 6824
f 6826 6827 6824
f 6828 6824 6827
f 6827 6829 6828
f 6828 6829 6830
f 6828 6830 6831
f 6828 6831 6832
f 6832 6833 6828
f 6834 6828 6833
f 6834 6833 6835
f 6829 6835 6833
f 6835 6829 6836
f 6836 6837 6835
f 6835 6837 6838
f 6828 6835 6838
f 6828 6838 6837
f 6836 6839 6837
f 6837 6839 6840
f 6837 6840 6841
f 6837 6841 6842
f 6824 6837 6842
f 6842 6843 6824
f 6824 6843 6844
f 6566 6844 6843
f 6842 6610 6843
f 6569 6843 6610
f 6841 6845 6842
f 6846 6842 6845
f 6846 6845 6839
f 6839 6847 6846
f 6839 6848 6847
f 6847 6848 6849
f 6847 6849 6611
f 6842 6847 6611
f 6849 6850 6611
f 6850 6849 6848
f 6848 6616 6850
f 6850 6616 6612
f 6851 6848 6839
f 6811 6851 6839
f 6851 6617 6848
f 6851 6852 6617
f 6617 6852 6620
f 6620 6852 6853
f 6620 6853 6854
f 6854 6853 6658
f 6852 6855 6853
f 6855 6856 6853
f 6853 6856 6660
f 6856 6808 6660
f 6809 6856 6855
f 6809 6855 6851
f 6851 6855 6852
f 6842 6846 6847
f 6841 6839 6845
f 6840 6839 6841
f 6811 6839 6836
f 6834 6835 6828
f 6833 6832 6831
f 6833 6831 6830
f 6833 6830 6829
f 6827 6836 6829
f 6824 6828 6837
f 6826 6836 6827
f 6825 6836 6826
f 6857 6836 6825
f 6858 6836 6857
f 6857 6859 6858
f 6860 6858 6859
f 6860 6859 6823
f 6861 6860 6823
f 6862 6861 6823
f 6820 6862 6823
f 6820 6863 6862
f 6862 6863 6864
f 6864 6865 6862
f 6865 6866 6862
f 6867 6862 6866
f 6866 6861 6867
f 6866 6858 6861
f 6865 6858 6866
f 6864 6858 6865
f 6821 6858 6864
f 6813 6858 6821
f 6821 6864 6863
f 6863 6868 6821
f 6869 6821 6868
f 6870 6869 6868
f 6868 6871 6870
f 6872 6870 6871
f 6871 6873 6872
f 6874 6872 6873
f 6873 6559 6874
f 6874 6559 6875
f 6876 6874 6875
f 6877 6876 6875
f 6877 6875 6878
f 6877 6878 6879
f 6879 6878 6880
f 6879 6880 6881
f 6879 6881 6882
f 6876 6879 6882
f 6876 6882 6883
f 6882 6884 6883
f 6883 6884 6885
f 6883 6885 6886
f 6883 6886 6874
f 6886 6887 6874
f 6887 1337 6874
f 1337 6888 6874
f 1337 6889 6888
f 6889 113 6888
f 6888 113 6872
f 6869 6872 113
f 6890 113 6889
f 6889 1341 6890
f 6890 116 113
f 116 6890 6891
f 116 6891 6892
f 6893 116 6892
f 6893 6892 6894
f 6893 6894 6895
f 6895 6896 6893
f 6897 6893 6896
f 6897 6896 6898
f 6897 6898 6899
f 6899 6898 6900
f 6899 6900 6901
f 6899 6901 6902
f 6903 6899 6902
f 6904 6903 6902
f 6905 6904 6902
f 6902 6906 6905
f 6907 6905 6906
f 6907 6906 6908
f 6907 6908 6903
f 121 6903 6908
f 121 6908 6909
f 6909 6908 6910
f 6910 6911 6909
f 123 6909 6911
f 6912 123 6911
f 6910 6912 6911
f 6910 6913 6912
f 6912 6913 6914
f 6914 126 6912
f 6915 126 6914
f 6916 126 6915
f 6916 6915 6913
f 6913 6917 6916
f 6918 6916 6917
f 6918 6917 6919
f 6920 6918 6919
f 6920 6919 6913
f 6913 6921 6920
f 6921 6913 6922
f 6922 6923 6921
f 126 6921 6923
f 126 6918 6921
f 6922 6924 6923
f 6925 6923 6924
f 6926 6925 6924
f 6924 6927 6926
f 6927 6928 6926
f 6926 6928 6929
f 6925 6929 6928
f 6928 6927 6925
f 6930 6925 6927
f 6931 6925 6930
f 6924 6931 6930
f 6924 6932 6931
f 6931 6932 6933
f 128 6931 6933
f 128 6933 6934
f 128 6934 6935
f 6934 6932 6935
f 6936 6935 6932
f 6932 6937 6936
f 6936 6937 6938
f 6936 6938 6939
f 6939 131 6936
f 131 6939 6940
f 131 6940 6941
f 6942 131 6941
f 6941 6943 6942
f 134 6942 6943
f 6943 6941 6944
f 6945 6943 6944
f 6944 6946 6945
f 6946 6947 6945
f 6946 6948 6947
f 6947 6948 6943
f 6949 6943 6948
f 6950 6943 6949
f 6946 6950 6949
f 6951 6950 6946
f 6946 6952 6951
f 6952 6953 6951
f 6951 6953 6954
f 6951 6954 6955
f 6955 6954 6953
f 6953 6950 6955
f 6953 6952 6950
f 6946 6956 6952
f 6956 6943 6952
f 6957 6943 6956
f 136 6943 6957
f 6958 136 6957
f 6959 6958 6957
f 6959 6957 6960
f 6961 6959 6960
f 6961 6960 6962
f 6961 6962 139
f 6963 139 6962
f 6963 6962 6960
f 6964 6963 6960
f 6960 6965 6964
f 6964 6965 6966
f 6964 6966 6967
f 6964 6967 1502
f 6968 6964 1502
f 6967 6969 1502
f 6969 6970 1502
f 6969 6971 6970
f 6971 6972 6970
f 6973 6970 6972
f 6973 6972 6974
f 6972 6975 6974
f 6976 6974 6975
f 6977 6976 6975
f 6977 6975 6978
f 6977 6978 6979
f 6977 6979 6980
f 6981 6977 6980
f 6981 6980 6982
f 6983 6981 6982
f 6984 6983 6982
f 6984 6982 6985
f 6986 6984 6985
f 6986 6985 6987
f 6988 6986 6987
f 6988 6987 6989
f 6988 6989 6990
f 6991 6990 6989
f 6992 6991 6989
f 6992 6989 6993
f 6994 6992 6993
f 6994 6993 6995
f 6994 6995 6910
f 6910 6901 6994
f 6996 6994 6901
f 6994 6996 6997
f 6996 6998 6997
f 6998 6999 6997
f 6997 6999 7000
f 6997 7000 6992
f 7000 6999 7001
f 7000 7001 7002
f 7000 7002 7003
f 6991 7000 7003
f 7002 6990 7003
f 6990 7002 7004
f 7005 6990 7004
f 7005 7004 7006
f 7005 7006 7007
f 6986 7005 7007
f 7008 6986 7007
f 7008 7007 7009
f 7010 7008 7009
f 7010 7009 7011
f 7012 7010 7011
f 7012 7011 7013
f 7012 7013 7014
f 7015 7012 7014
f 7015 7014 6528
f 6532 6528 7014
f 7015 7016 7012
f 7015 7017 7016
f 7017 7018 7016
f 7018 7019 7016
f 7016 7019 7010
f 7019 7020 7010
f 7020 7021 7010
f 7021 7022 7010
f 7022 7023 7010
f 7022 6983 7023
f 7021 6983 7022
f 7024 6983 7021
f 7024 7021 7025
f 7026 7024 7025
f 7027 7026 7025
f 7028 7027 7025
f 7029 7028 7025
f 7029 7025 7020
f 7030 7029 7020
f 7030 7020 7031
f 7030 7031 7018
f 7032 7030 7018
f 7032 7018 7033
f 7032 7033 7034
f 7032 7034 7035
f 7032 7035 7036
f 7036 7035 7037
f 7036 7037 7038
f 7039 7036 7038
f 7040 7039 7038
f 7040 7038 7041
f 7040 7041 7042
f 7040 7042 7043
f 7040 7043 7044
f 7045 7040 7044
f 7045 7044 7046
f 7045 7046 7028
f 7045 7028 7047
f 7030 7045 7047
f 7030 7048 7045
f 7030 7039 7048
f 7046 7044 7049
f 7046 7049 7027
f 7050 7027 7049
f 7051 7050 7049
f 7051 7049 7052
f 7053 7051 7052
f 7053 7052 7054
f 7055 7053 7054
f 7056 7055 7054
f 7056 7054 7057
f 7058 7056 7057
f 7058 7057 7059
f 7059 7060 7058
f 7060 7061 7058
f 7062 7058 7061
f 7062 7061 7063
f 7062 7063 7064
f 7064 7063 7065
f 7066 7064 7065
f 7066 7065 7067
f 7066 7067 7068
f 7068 7067 7069
f 7068 7069 7056
f 7069 7067 7070
f 7069 7070 7071
f 7069 7071 7055
f 7071 7070 7072
f 7071 7072 7073
f 7071 7073 7074
f 7071 7074 7053
f 7074 7073 7075
f 7074 7075 7076
f 7074 7076 7051
f 7076 7075 7077
f 7078 7076 7077
f 7078 7077 7079
f 7078 7079 7080
f 7080 7079 7081
f 7080 7081 7050
f 7076 7080 7050
f 7081 7082 7050
f 7081 6977 7082
f 7083 7082 6977
f 7083 6977 7024
f 7083 7084 7082
f 7082 7084 7027
f 7083 7026 7084
f 7081 7079 6977
f 1514 7079 7077
f 1514 7077 7085
f 1514 7085 7086
f 164 1514 7086
f 7087 164 7086
f 1526 7087 7086
f 1526 7086 7088
f 7088 7089 1526
f 7090 1526 7089
f 7089 7091 7090
f 7092 7090 7091
f 7092 7091 1526
f 7089 7093 7091
f 7093 1528 7091
f 1473 7093 7089
f 7094 1473 7089
f 1470 7094 7089
f 7094 1470 7088
f 1473 7094 7088
f 1526 7090 7092
f 7088 1470 7089
f 7088 7086 7095
f 7088 7095 1539
f 1539 1530 7088
f 1526 1516 7087
f 1529 7087 1516
f 1516 1524 1529
f 1529 164 7087
f 7095 7086 7085
f 7085 7077 7095
f 7078 7080 7076
f 7095 7077 7075
f 1541 7095 7075
f 1541 7075 7073
f 1542 7073 7072
f 1542 7072 7096
f 7072 7070 7096
f 7070 7097 7096
f 7098 7096 7097
f 7099 7098 7097
f 7099 7097 7100
f 1557 7099 7100
f 7101 7100 7097
f 7065 7101 7097
f 7063 7100 7101
f 1565 7100 7063
f 7099 7102 7098
f 7103 7098 7102
f 7102 1550 7103
f 1550 7104 7103
f 7105 7103 7104
f 7105 7104 1550
f 1550 7106 7105
f 7098 7105 7106
f 7098 7106 1543
f 7107 1543 7106
f 7106 1549 7107
f 7108 7107 1549
f 1549 1544 7108
f 1543 7107 7108
f 7098 7103 7105
f 7099 7109 7102
f 1552 7102 7109
f 1552 7109 7110
f 7110 7111 1552
f 7110 7099 7111
f 1555 7111 7099
f 7099 7110 7109
f 1543 7096 7098
f 7070 7067 7097
f 7067 7065 7097
f 7066 7068 7064
f 7064 7068 7058
f 7063 7101 7065
f 1565 7063 7061
f 7062 7064 7058
f 7112 7061 7060
f 7112 7113 7061
f 1567 7061 7113
f 1567 7113 7114
f 1567 7114 7115
f 7115 7114 7113
f 7115 7113 7116
f 7117 7115 7116
f 7117 7116 7118
f 7117 7118 7119
f 7117 7119 7120
f 7121 7117 7120
f 7122 7121 7120
f 7122 7120 7123
f 7123 7124 7122
f 7121 7124 7123
f 7121 7123 7125
f 7121 7125 7126
f 7125 7127 7126
f 7127 7128 7126
f 7129 7126 7128
f 1568 7129 7128
f 7128 4491 1568
f 7128 7130 4491
f 7130 7131 4491
f 7130 7132 7131
f 4493 7131 7132
f 4493 7132 7133
f 7134 4493 7133
f 7135 7134 7133
f 7135 7133 7136
f 7135 7136 7137
f 7137 7138 7135
f 7138 7132 7135
f 7127 7135 7132
f 7127 7132 7139
f 7139 7132 7140
f 7140 7141 7139
f 7139 7141 7142
f 7139 7142 7128
f 7143 7128 7142
f 7142 7144 7143
f 7143 7144 7145
f 7144 7146 7145
f 7128 7145 7146
f 7128 7146 7147
f 7128 7147 7148
f 7148 7149 7128
f 7128 7149 7150
f 7128 7150 4644
f 4644 7151 7128
f 7151 7152 7128
f 7152 7153 7128
f 7153 7154 7128
f 7154 7155 7128
f 7140 7128 7155
f 7140 7155 7156
f 7157 7156 7155
f 7155 7144 7157
f 7156 7157 7144
f 7155 7154 7144
f 7153 7150 7154
f 7146 7154 7150
f 7152 4644 7153
f 7158 4644 7152
f 7159 4644 7158
f 7160 7159 7158
f 7160 7158 7161
f 7161 7162 7160
f 7163 7160 7162
f 7163 7162 7151
f 7164 7163 7151
f 7165 7164 7151
f 7166 7165 7151
f 7151 7167 7166
f 7167 7168 7166
f 7168 7169 7166
f 7169 7170 7166
f 7171 7166 7170
f 7172 7171 7170
f 7172 7170 7173
f 7174 7172 7173
f 7174 7173 6435
f 7173 7175 6435
f 7173 7176 7175
f 7176 6436 7175
f 7177 6436 7176
f 7177 7176 7178
f 7178 7179 7177
f 7180 7177 7179
f 7179 7181 7180
f 7180 7181 7182
f 7183 7180 7182
f 7183 7182 7184
f 7183 7184 7185
f 7185 7186 7183
f 7187 7183 7186
f 7187 7186 7182
f 7187 7182 7188
f 7187 7188 7183
f 7189 7183 7188
f 7188 7181 7189
f 7190 7189 7181
f 7181 7191 7190
f 7190 7191 7192
f 7193 7190 7192
f 7193 7194 7190
f 7195 7194 7193
f 7193 7191 7195
f 7195 7191 7196
f 7196 7191 7197
f 7134 7196 7197
f 7134 7197 7191
f 7196 7194 7195
f 7135 7194 7196
f 7198 7194 7135
f 7198 7135 7199
f 7200 7199 7135
f 7201 7199 7200
f 7201 7200 7127
f 7201 7127 7202
f 7201 7202 7203
f 7201 7203 7204
f 7201 7204 7205
f 7201 7205 7206
f 7206 7205 7207
f 7199 7206 7207
f 7194 7199 7207
f 7194 7207 7208
f 7194 7208 7209
f 6436 7194 7209
f 6436 7209 7210
f 7211 7210 7209
f 7038 7210 7211
f 7038 7211 7212
f 7038 7212 7213
f 7213 7212 7054
f 7212 7214 7054
f 7211 7214 7212
f 7211 7215 7214
f 7214 7215 7057
f 7215 7216 7057
f 7216 7217 7057
f 7217 7218 7057
f 7219 7218 7217
f 7219 7220 7218
f 7220 7118 7218
f 7221 7218 7118
f 7221 7118 7112
f 7221 7112 7222
f 7112 7059 7222
f 7218 7222 7059
f 7221 7222 7218
f 7219 7203 7220
f 7223 7203 7219
f 7223 7219 7216
f 7219 7217 7216
f 7223 7216 7215
f 7223 7215 7224
f 7223 7224 7204
f 7224 7215 7211
f 7224 7211 7208
f 7038 7225 7210
f 6437 7210 7225
f 6437 7225 7226
f 7035 7226 7225
f 7035 6439 7226
f 7183 7194 6436
f 7211 7209 7208
f 7224 7208 7207
f 7224 7207 7205
f 7204 7224 7205
f 7223 7204 7203
f 7202 7220 7203
f 7202 7227 7220
f 7227 7120 7220
f 7202 7125 7227
f 7206 7199 7201
f 7198 7199 7194
f 7192 7191 7193
f 7191 7181 4511
f 7181 7228 4511
f 4511 7228 6400
f 7190 7194 7189
f 7189 7194 7183
f 7229 7186 7185
f 7230 7229 7185
f 7231 7230 7185
f 7232 7231 7185
f 7185 7233 7232
f 7185 7234 7233
f 7230 7233 7234
f 7230 7234 7184
f 7230 7184 7186
f 7231 7232 7233
f 7230 7231 7233
f 7230 7186 7229
f 7234 7185 7184
f 7184 7182 7186
f 7183 6436 7180
f 7182 7181 7188
f 7181 7179 7228
f 7179 6410 7228
f 7179 7173 6410
f 7173 7235 6410
f 7236 6410 7235
f 7235 6417 7236
f 6417 6411 7236
f 7235 7173 7237
f 7235 7237 7238
f 7235 7238 6418
f 7238 7237 6422
f 7239 7238 6422
f 7240 7238 7239
f 7241 7240 7239
f 7239 7242 7241
f 7243 7241 7242
f 7243 7242 6421
f 7244 7243 6421
f 7240 7243 7244
f 7240 7244 6420
f 7245 6421 7242
f 7245 7242 7246
f 7246 7247 7245
f 7248 7245 7247
f 7247 7249 7248
f 7250 7248 7249
f 7249 7251 7250
f 7251 7252 7250
f 6421 7250 7252
f 7252 7249 6421
f 7252 7253 7249
f 7254 7249 7253
f 7252 7254 7253
f 7254 7252 7255
f 7254 7255 7256
f 7254 7256 7251
f 7257 7256 7255
f 7255 7258 7257
f 7252 7257 7258
f 7252 7256 7257
f 7258 7255 7252
f 7252 7251 7256
f 7251 7249 7254
f 6421 7248 7250
f 7249 7247 6421
f 7246 6421 7247
f 6421 7246 7239
f 6421 7245 7248
f 7239 7246 7242
f 7240 7241 7243
f 7240 6420 7238
f 7259 6422 7237
f 6422 7259 7260
f 6422 7260 7261
f 7261 7262 6422
f 7168 7262 7261
f 7168 7263 7262
f 7174 7262 7263
f 7264 7174 7263
f 7166 7264 7263
f 7166 7263 7265
f 7264 7166 7266
f 7172 7264 7266
f 7172 7266 7267
f 7268 7267 7266
f 7266 7269 7268
f 7166 7268 7269
f 7166 7269 7270
f 7270 7271 7166
f 7270 7272 7271
f 7272 7269 7271
f 7273 7269 7272
f 7272 7274 7273
f 7275 7273 7274
f 7274 7276 7275
f 7277 7275 7276
f 7276 7278 7277
f 7279 7277 7278
f 7278 7280 7279
f 7281 7279 7280
f 7280 7278 7281
f 7281 7278 7282
f 7281 7282 7277
f 7270 7277 7282
f 7282 7278 7270
f 7279 7281 7277
f 7278 7276 7270
f 7270 7275 7277
f 7276 7274 7270
f 7270 7273 7275
f 7272 7270 7274
f 7273 7270 7269
f 7266 7271 7269
f 7166 7267 7268
f 7271 7266 7166
f 7262 7174 6432
f 7263 7168 7265
f 7260 7170 7261
f 7259 7173 7260
f 7237 7173 7259
f 7176 7179 7178
f 7180 6436 7177
f 7173 7179 7176
f 7264 7172 7174
f 7170 7260 7173
f 7172 7267 7171
f 7166 7171 7267
f 7169 7261 7170
f 7168 7261 7169
f 7167 7265 7168
f 7265 7167 7165
f 7151 7283 7167
f 7164 7167 7283
f 7164 7283 7284
f 7284 7160 7164
f 7285 7160 7284
f 7285 7284 7151
f 7160 7285 7151
f 7151 7284 7283
f 7166 7265 7165
f 7164 7165 7167
f 7164 7160 7163
f 7161 7151 7162
f 7151 7161 7158
f 7159 7160 7151
f 7151 7158 7152
f 4644 7159 7151
f 7150 7153 4644
f 7146 7150 7149
f 7149 7148 7286
f 7286 7287 7149
f 7147 7149 7287
f 7147 7287 7145
f 7145 7287 4639
f 7288 7145 4639
f 7288 7289 7145
f 7290 7145 7289
f 7291 7290 7289
f 7291 7289 7292
f 7291 7292 7293
f 7291 7293 7294
f 7291 7294 7295
f 7295 7294 6428
f 7295 6428 7296
f 7295 7296 7285
f 7295 7285 7297
f 7290 7295 7297
f 7298 7290 7297
f 7298 7297 7299
f 7298 7299 7160
f 7298 7160 4644
f 7298 4644 7300
f 7300 4644 7148
f 7290 7300 7148
f 4645 7160 7299
f 7301 7299 7297
f 7301 4646 7299
f 7285 4646 7301
f 7302 4646 7285
f 7298 7300 7290
f 7285 7301 7297
f 7296 7302 7285
f 7296 4648 7302
f 4648 7296 7303
f 4648 7303 7304
f 7304 7303 7296
f 4650 7304 7296
f 7294 7305 6428
f 7305 4655 6428
f 7305 7306 4655
f 7232 4655 7306
f 7232 7306 7307
f 7232 7307 7308
f 7308 7305 7232
f 7309 7232 7305
f 7310 7232 7309
f 7310 7309 7294
f 7310 7230 7232
f 7311 7232 7230
f 7311 7230 7312
f 7311 7312 4657
f 7313 4657 7312
f 7313 7312 7314
f 4638 7313 7314
f 4638 7314 7288
f 7288 7314 7315
f 7292 7315 7314
f 7316 7313 4638
f 7317 7316 4638
f 7318 7317 4638
f 7319 7318 4638
f 7320 7319 4638
f 7321 7319 7320
f 7321 7320 4517
f 4517 7320 4637
f 7322 4517 4637
f 7321 7323 7319
f 4516 7323 7321
f 4516 7324 7323
f 7323 7324 7318
f 7324 7325 7318
f 7324 7326 7325
f 7326 7327 7325
f 7327 7328 7325
f 7325 7328 7317
f 7329 7317 7328
f 7330 7329 7328
f 7330 7328 7331
f 7330 7331 7332
f 7330 7332 7333
f 7330 7333 6339
f 7334 6339 7333
f 7334 7333 7335
f 7334 7335 7336
f 7334 7336 7337
f 7338 7334 7337
f 7338 7337 7339
f 6340 7338 7339
f 6340 7339 7340
f 7340 7339 7341
f 6100 7340 7341
f 6100 7341 7342
f 6100 7342 7343
f 7344 7343 7342
f 7344 7342 7345
f 7344 7345 7346
f 7347 7346 7345
f 7347 7345 7348
f 7347 7348 7349
f 7347 7349 7350
f 6165 7347 7350
f 7350 7349 7351
f 7350 7351 7352
f 7350 7352 6335
f 6166 7350 6335
f 7352 7351 6335
f 7351 7353 6335
f 7353 7354 6335
f 7353 6337 7354
f 7353 7355 6337
f 6396 6337 7355
f 7353 7356 7355
f 7355 7356 7357
f 7355 7357 6397
f 6397 7357 7358
f 6397 7358 7359
f 6397 7359 7360
f 6397 7360 7361
f 6397 7361 4514
f 7359 7361 7360
f 7349 7361 7359
f 7349 7359 7357
f 7358 7357 7359
f 7356 7349 7357
f 7351 7356 7353
f 7351 7349 7356
f 7348 7361 7349
f 7362 7361 7348
f 7362 7348 7363
f 7362 7363 7326
f 7326 7363 7364
f 7363 7336 7364
f 7365 7336 7363
f 7365 7363 7348
f 4516 7361 7362
f 7365 7348 7345
f 7365 7345 7366
f 7365 7366 7337
f 7345 7341 7366
f 6165 7346 7347
f 7344 7346 7343
f 7346 6164 7343
f 6164 6101 7343
f 7345 7342 7341
f 6100 7367 7340
f 6343 7340 7367
f 6100 7368 7367
f 6344 7367 7368
f 6100 6375 7368
f 7369 7368 6375
f 7370 7369 6375
f 6346 7369 7370
f 6346 7370 6387
f 6387 7370 6378
f 6387 6378 6382
f 6346 7368 7369
f 6100 7371 6375
f 6100 7372 7371
f 7372 7373 7371
f 7373 7374 7371
f 7374 7375 7371
f 7375 6064 7371
f 7371 6064 7376
f 7371 7376 6372
f 6372 7376 7377
f 6372 7377 4720
f 6372 4720 4714
f 7376 7378 7377
f 7379 7377 7378
f 7380 7379 7378
f 7380 7381 7379
f 7379 7381 7382
f 7379 7382 7383
f 4722 7379 7383
f 7382 7384 7383
f 7383 7384 7385
f 7383 7385 4723
f 4723 7385 7386
f 4723 7386 7387
f 7388 7387 7386
f 7388 7386 7389
f 7388 7389 7390
f 7390 7391 7388
f 7392 7388 7391
f 7391 7393 7392
f 7394 7392 7393
f 7395 7394 7393
f 7395 7396 7394
f 7396 4734 7394
f 7396 4738 4734
f 7396 7397 4738
f 4738 7397 7398
f 4738 7398 7399
f 7399 7398 7400
f 7400 7401 7399
f 7401 7402 7399
f 7403 7399 7402
f 7399 7403 4739
f 7403 7404 4739
f 7404 7405 4739
f 4739 7405 7406
f 4739 7406 7407
f 7407 7408 4739
f 7409 4739 7408
f 7408 7410 7409
f 7405 7410 7408
f 7405 7411 7410
f 7410 7411 7412
f 7410 7412 7413
f 7410 7413 7414
f 4739 7410 7414
f 7414 7413 7415
f 7414 7415 7416
f 7417 7414 7416
f 7418 7417 7416
f 7416 7419 7418
f 7419 7420 7418
f 7418 7420 7421
f 7422 7421 7420
f 7420 7423 7422
f 7422 7423 7417
f 7424 7422 7417
f 7417 7421 7424
f 7424 7421 7425
f 7425 4751 7424
f 7426 7424 4751
f 4750 7424 7426
f 4750 7427 7424
f 7427 4750 7428
f 7429 7427 7428
f 7429 7428 7430
f 7429 7430 4744
f 7429 4744 7411
f 7429 7411 7431
f 7432 7429 7431
f 7433 7432 7431
f 7434 7433 7431
f 7434 7431 7435
f 7435 7436 7434
f 7437 7434 7436
f 7436 4754 7437
f 7434 7437 7438
f 7439 7438 7437
f 7437 7440 7439
f 7441 7439 7440
f 7442 7441 7440
f 7442 7440 4751
f 7443 7442 4751
f 4751 7444 7443
f 7444 7445 7443
f 7445 7416 7443
f 7446 7443 7416
f 7447 7446 7416
f 7448 7447 7416
f 7449 7448 7416
f 7449 7450 7448
f 7451 7448 7450
f 7450 7452 7451
f 7451 7452 7453
f 7451 7453 7447
f 7454 7447 7453
f 7453 7438 7454
f 7454 7438 7441
f 7441 7446 7454
f 7438 7453 7452
f 7438 7452 7445
f 7445 7452 7455
f 7455 7452 7419
f 7456 7419 7452
f 7452 7457 7456
f 7458 7456 7457
f 7458 7457 7459
f 7460 7458 7459
f 7461 7460 7459
f 7462 7461 7459
f 7463 7462 7459
f 7464 7463 7459
f 7464 7459 7407
f 7465 7464 7407
f 7407 7466 7465
f 7466 7400 7465
f 7467 7465 7400
f 7468 7467 7400
f 7468 7400 7469
f 7468 7469 7470
f 7470 7471 7468
f 7472 7468 7471
f 7472 7471 7473
f 7473 7474 7472
f 7472 7474 7475
f 7472 7475 7467
f 7463 7467 7475
f 7475 7476 7463
f 7476 7475 7474
f 7476 7474 7401
f 7401 7466 7476
f 7456 7476 7466
f 7456 7466 7477
f 7456 7477 7478
f 7478 7406 7456
f 7408 7456 7406
f 7420 7456 7408
f 7420 7408 7479
f 7420 7479 7480
f 7480 7479 7481
f 7480 7481 7482
f 7480 7482 7417
f 7481 7417 7482
f 7481 7479 7413
f 7481 7413 4740
f 4740 7414 7481
f 7415 7479 7408
f 7477 7407 7478
f 7456 7461 7476
f 7474 7403 7401
f 7403 7474 7483
f 7403 7483 7484
f 7403 7484 7485
f 7485 7486 7403
f 7487 7486 7485
f 7487 7485 7398
f 7488 7487 7398
f 7489 7488 7398
f 7490 7489 7398
f 7489 7490 1453
f 7491 1453 7490
f 7491 7490 7492
f 7492 7493 7491
f 7494 7491 7493
f 7495 7491 7494
f 7496 7495 7494
f 7497 7496 7494
f 7498 7497 7494
f 7499 7498 7494
f 7499 7494 7500
f 7499 7500 7501
f 7501 7502 7499
f 7503 7499 7502
f 7504 7503 7502
f 7504 7505 7503
f 7506 7503 7505
f 7506 7505 7499
f 7507 7506 7499
f 7507 7499 7508
f 7508 7509 7507
f 7509 7510 7507
f 7507 7510 7511
f 7507 7511 7512
f 7507 7512 7513
f 7514 7507 7513
f 7515 7514 7513
f 7515 7513 7516
f 7515 7516 7517
f 7517 7518 7515
f 7519 7515 7518
f 7519 7518 7520
f 7519 7520 7521
f 7521 7473 7519
f 7473 7521 7522
f 7523 7522 7521
f 7523 7524 7522
f 7474 7522 7524
f 7474 7524 7470
f 7524 7525 7470
f 7526 7470 7525
f 7526 7525 7397
f 7397 7494 7526
f 7526 7494 7492
f 7492 7519 7526
f 7471 7526 7519
f 7527 7519 7492
f 7527 7492 7524
f 7524 7528 7527
f 7524 7529 7528
f 7530 7528 7529
f 7529 7531 7530
f 7531 7532 7530
f 7530 7532 7533
f 7515 7530 7533
f 7533 7504 7515
f 7504 7499 7515
f 7504 7533 7532
f 7532 7531 7505
f 7515 7505 7531
f 7515 7531 7534
f 7529 7534 7531
f 7529 7514 7534
f 7535 7514 7529
f 7529 7536 7535
f 7537 7535 7536
f 7536 7538 7537
f 7539 7537 7538
f 7540 7539 7538
f 7538 7541 7540
f 7542 7540 7541
f 7543 7542 7541
f 7543 7541 7512
f 7512 7544 7543
f 7512 7545 7544
f 7544 7545 7546
f 7546 7542 7544
f 7542 7546 7547
f 7547 7548 7542
f 7539 7542 7548
f 7535 7539 7548
f 7548 7547 7549
f 7548 7549 7550
f 7550 7511 7548
f 7548 7511 7514
f 7550 7551 7511
f 7511 7551 7552
f 7511 7552 1452
f 1452 7553 7511
f 7554 7511 7553
f 7553 7508 7554
f 7508 7555 7554
f 7555 7556 7554
f 7554 7556 7557
f 7554 7557 7558
f 7554 7558 7545
f 7558 7559 7545
f 7545 7559 7560
f 7561 7545 7560
f 7561 7562 7545
f 7563 7562 7561
f 7563 7561 7550
f 7550 7564 7563
f 7563 7564 7565
f 7564 7566 7565
f 7567 7565 7566
f 7566 7568 7567
f 7567 7568 7569
f 7569 7570 7567
f 7570 7571 7567
f 7571 7570 7572
f 7571 7572 7573
f 7574 7571 7573
f 7573 7575 7574
f 7564 7574 7575
f 7564 7575 7576
f 7564 7576 7577
f 7564 7577 7578
f 7572 7578 7577
f 7572 7579 7578
f 7579 7566 7578
f 7566 7579 7580
f 7566 7580 7581
f 7566 7581 7582
f 7583 7566 7582
f 7583 7582 7584
f 7583 7584 7585
f 7583 7585 7586
f 7583 7586 1313
f 7586 7587 1313
f 7587 7588 1313
f 7588 7589 1313
f 7590 1313 7589
f 7591 7590 7589
f 7589 7592 7591
f 7593 7591 7592
f 7593 7592 7594
f 7594 7595 7593
f 7594 7596 7595
f 7595 7596 7597
f 7597 7587 7595
f 7596 7555 7597
f 7597 7555 7598
f 7597 7598 7390
f 7596 7599 7555
f 1310 7555 7599
f 1310 7599 7600
f 1310 7600 7601
f 1310 7601 7602
f 7568 7602 7601
f 7568 7601 7603
f 7603 7601 7600
f 7596 7603 7600
f 7604 7603 7596
f 7604 7596 7586
f 7605 7586 7596
f 7606 7605 7596
f 7606 7607 7605
f 7595 7605 7607
f 7595 7607 7608
f 7595 7608 7609
f 7609 7591 7595
f 7609 7610 7591
f 7611 7591 7610
f 7611 7610 7612
f 7610 7613 7612
f 7614 7612 7613
f 7614 7613 7615
f 7616 7614 7615
f 7617 7616 7615
f 7615 7618 7617
f 7582 7617 7618
f 7582 7619 7617
f 7620 7617 7619
f 7620 7619 7621
f 7621 7622 7620
f 7623 7620 7622
f 7622 7624 7623
f 7625 7623 7624
f 7626 7625 7624
f 7581 7626 7624
f 7581 7627 7626
f 7570 7626 7627
f 7570 7627 7628
f 7570 7629 7626
f 7604 7629 7570
f 7629 7604 7585
f 7629 7585 7606
f 7606 7630 7629
f 7630 7623 7629
f 7630 7606 7631
f 7630 7631 7612
f 7631 7632 7612
f 7632 7609 7612
f 7594 7612 7609
f 7612 7594 7591
f 7631 7633 7632
f 7632 7633 7610
f 7634 7610 7633
f 7633 7635 7634
f 7635 7613 7634
f 7636 7613 7635
f 7635 7637 7636
f 7638 7636 7637
f 7637 7639 7638
f 7640 7638 7639
f 7639 7641 7640
f 7642 7640 7641
f 7642 7641 7643
f 7642 7643 7644
f 7645 7642 7644
f 7644 7646 7645
f 7645 7646 7647
f 7648 7647 7646
f 7648 7646 7642
f 6010 7648 7642
f 6010 7642 7647
f 6010 7647 7649
f 7649 7650 6010
f 7650 7649 7651
f 7650 7651 7652
f 7653 7650 7652
f 7654 7653 7652
f 7655 7654 7652
f 7655 7652 7656
f 7655 7656 7389
f 7385 7655 7389
f 7656 7597 7389
f 7597 7656 7588
f 7657 7656 7652
f 7641 7657 7652
f 7658 7657 7641
f 7641 7659 7658
f 7658 7659 7660
f 7658 7660 7661
f 7661 7662 7658
f 7613 7658 7662
f 7613 7662 7663
f 7613 7663 7664
f 7664 7663 7665
f 7665 7666 7664
f 7667 7664 7666
f 7667 7666 7668
f 7667 7668 7637
f 7633 7667 7637
f 7633 7669 7667
f 7669 7633 7615
f 7664 7669 7615
f 7670 7637 7668
f 7662 7670 7668
f 7662 7671 7670
f 7637 7670 7671
f 7637 7671 4086
f 7637 4086 7659
f 7664 7667 7669
f 7666 7665 7668
f 7663 7668 7665
f 7668 7663 7662
f 7658 7613 7638
f 7671 7662 7661
f 7671 7661 4088
f 7661 7672 4088
f 7672 7661 7660
f 7660 7673 7672
f 7674 7672 7673
f 4086 7674 7673
f 4086 7646 7674
f 7674 7646 7675
f 7675 7676 7674
f 7676 7675 7642
f 7675 7677 7642
f 7675 7646 7677
f 7677 7646 7643
f 7677 7643 1316
f 7678 7677 1316
f 7677 7678 7679
f 7677 7679 7640
f 1315 7640 7679
f 7640 1315 7680
f 7681 7680 1315
f 7657 7680 7681
f 7657 7681 7682
f 7657 7682 7683
f 7657 7683 7590
f 7657 7590 7594
f 7657 7594 7589
f 1313 7683 7682
f 1313 7682 7681
f 7684 7680 7657
f 7657 7638 7684
f 7684 7638 7680
f 1315 7679 7678
f 7643 7651 1316
f 1316 7651 7685
f 7685 7686 1316
f 7687 1316 7686
f 7686 7688 7687
f 7688 6009 7687
f 6009 7689 7687
f 5993 7687 7689
f 7689 6008 5993
f 6008 6011 5993
f 6011 7690 5993
f 7690 7691 5993
f 7691 7692 5993
f 5993 7692 7693
f 7693 6026 5993
f 6021 6026 7693
f 6021 7693 6019
f 6021 6019 6000
f 6019 7693 7692
f 7691 7694 7692
f 7692 7694 7695
f 7695 6022 7692
f 6048 7695 7694
f 7696 6048 7694
f 7696 7694 7697
f 7696 7697 6049
f 6052 6049 7697
f 6052 7697 7698
f 6058 6052 7698
f 7699 6052 6058
f 7699 4142 6052
f 7698 7697 7650
f 7700 7698 7650
f 7701 7698 7700
f 7701 7700 7653
f 7702 7701 7653
f 7703 7702 7653
f 7703 7653 7384
f 7381 7702 7703
f 7704 7702 7381
f 7705 7704 7381
f 7705 6061 7704
f 6061 7701 7704
f 7704 7701 7702
f 7701 6059 7698
f 7697 7694 7650
f 7694 7691 7650
f 7690 7650 7691
f 6011 7650 7690
f 6010 7688 7686
f 7687 5992 1316
f 1316 5992 7706
f 5992 7707 7706
f 7707 7708 7706
f 7706 7708 7709
f 7706 7709 1317
f 7710 7709 7708
f 7711 7710 7708
f 7711 7708 7712
f 7713 7711 7712
f 7713 7712 7714
f 7713 7714 6867
f 7713 6867 7715
f 7716 7713 7715
f 7716 7715 7717
f 7716 7717 7718
f 7718 7719 7716
f 7720 7716 7719
f 7719 7721 7720
f 7721 7722 7720
f 7722 7711 7720
f 7723 7711 7722
f 7721 7723 7722
f 7721 7710 7723
f 7721 7724 7710
f 7719 7724 7721
f 7725 7724 7719
f 7724 7725 1330
f 7724 1330 1326
f 1330 1333 1326
f 7718 7725 7719
f 7718 7717 7725
f 7717 7715 7725
f 7725 7715 1337
f 7715 7726 1337
f 7726 1342 1337
f 7726 7727 1342
f 7728 1342 7727
f 7728 7727 7729
f 7728 7729 7730
f 7728 7730 7731
f 7728 7731 6867
f 7728 6867 7732
f 7733 7728 7732
f 5991 7733 7732
f 5991 7734 7733
f 7734 1353 7733
f 7735 1353 7734
f 7735 7734 7736
f 7737 7735 7736
f 7737 7736 7738
f 7737 7738 7739
f 7740 7739 7738
f 7739 7740 7741
f 7741 7735 7739
f 7741 7742 7735
f 7741 7743 7742
f 7742 7743 1353
f 7743 7744 1353
f 7743 7745 7744
f 7745 7746 7744
f 7744 7746 7747
f 7744 7747 7748
f 7744 7748 1354
f 7749 1354 7748
f 7749 7748 7750
f 5359 7749 7750
f 7751 7749 5359
f 5359 1386 7751
f 1377 7749 7751
f 1377 1357 7749
f 1367 1357 1377
f 5361 7750 7748
f 7748 7747 5361
f 7752 5361 7747
f 7747 7753 7752
f 7754 7752 7753
f 7753 7755 7754
f 7756 7754 7755
f 7756 7755 5369
f 7757 7756 5369
f 7740 5369 7755
f 7756 7757 7754
f 7757 7758 7754
f 7758 7759 7754
f 7758 7760 7759
f 5363 7759 7760
f 5363 7760 7761
f 5363 7761 7762
f 7762 7761 7763
f 7763 7764 7762
f 7764 5364 7762
f 7764 7763 5365
f 7765 5365 7763
f 7766 7765 7763
f 7767 7766 7763
f 7768 7767 7763
f 7769 7767 7768
f 7768 7758 7769
f 7769 7770 7767
f 7770 7769 7757
f 7770 7757 5367
f 7770 5367 7766
f 7770 7766 7767
f 5367 7765 7766
f 7763 7761 7768
f 7760 7768 7761
f 7759 5363 7771
f 7759 7771 7752
f 7771 5363 7752
f 7758 7768 7760
f 7758 7757 7769
f 7755 7753 7741
f 7759 7752 7754
f 7753 7747 7772
f 7753 7772 7773
f 7753 7773 7745
f 7773 7772 7746
f 7746 7772 7747
f 7745 7773 7746
f 7753 7745 7743
f 7743 7741 7753
f 7755 7741 7740
f 7740 7738 7736
f 7740 7736 7774
f 5371 7740 7774
f 7774 7775 5371
f 7775 5862 5371
f 7775 7774 7776
f 7775 7776 7777
f 7775 7777 7778
f 5979 7775 7778
f 5979 7778 7779
f 5990 7779 7778
f 5990 7778 7780
f 7780 7778 7777
f 7780 7777 7776
f 7780 7776 7734
f 7734 7776 7781
f 7734 7781 7774
f 7774 7781 7776
f 7737 7739 7735
f 7734 7774 7736
f 7735 7742 1353
f 5991 7780 7734
f 7733 1343 7728
f 7732 6867 7782
f 7782 7783 7732
f 5992 7732 7783
f 7783 7782 7784
f 7783 7784 7785
f 7783 7785 7786
f 7783 7786 7787
f 7783 7787 7712
f 7783 7712 7707
f 7787 7786 7714
f 7786 7788 7714
f 7788 7785 7714
f 7786 7785 7788
f 7784 7714 7785
f 7714 7784 7782
f 6867 7731 7730
f 6867 7730 7726
f 7729 7726 7730
f 7726 7729 7727
f 7720 7713 7716
f 7715 6867 7726
f 7714 7782 6867
f 7712 7787 7714
f 7713 7720 7711
f 7723 7710 7711
f 7710 7724 7709
f 7724 1320 7709
f 7707 7712 7708
f 5992 7783 7707
f 6010 7686 7685
f 6010 7685 7789
f 7789 7685 7651
f 7646 4086 7790
f 7646 7790 7676
f 7791 7676 7790
f 7791 7790 4081
f 7791 4091 7676
f 7792 4091 7791
f 7792 7791 7793
f 7794 7792 7793
f 7793 4078 7794
f 7795 7794 4078
f 4078 7796 7795
f 7792 7795 7796
f 7792 7796 4094
f 7796 7797 4094
f 7796 6004 7797
f 7797 6004 6007
f 7792 7794 7795
f 7791 4078 7793
f 4094 4091 7792
f 7676 7672 7674
f 7672 7676 4089
f 7673 7660 4086
f 7659 4086 7660
f 7638 7657 7658
f 7657 7589 7656
f 7384 7654 7655
f 7384 7653 7654
f 7653 7700 7650
f 7652 7651 7643
f 7649 7789 7651
f 7789 7649 7648
f 6010 7789 7648
f 7676 7642 7646
f 7647 7648 7649
f 7647 7642 7645
f 7643 7646 7644
f 7643 7641 7652
f 7642 7677 7640
f 7641 7639 7659
f 7640 7680 7638
f 7639 7637 7659
f 7638 7613 7636
f 7633 7637 7635
f 7584 7633 7631
f 7631 7608 7584
f 7584 7618 7633
f 7606 7608 7631
f 7594 7608 7606
f 7581 7628 7627
f 7626 7629 7625
f 7625 7629 7623
f 7623 7630 7620
f 7616 7620 7630
f 7622 7621 7624
f 7582 7624 7621
f 7582 7621 7619
f 7618 7615 7633
f 7617 7620 7616
f 7630 7614 7616
f 7664 7615 7613
f 7630 7612 7614
f 7634 7613 7610
f 7612 7591 7611
f 7632 7610 7609
f 7594 7609 7608
f 7607 7584 7608
f 7585 7607 7606
f 7586 7605 7595
f 7603 7604 7570
f 7552 7555 1310
f 7552 1310 1450
f 7552 7798 7555
f 7552 7799 7798
f 7798 7799 7556
f 7799 7800 7556
f 7556 7800 7801
f 7801 7800 7557
f 7551 7557 7800
f 7552 7800 7799
f 7596 7600 7599
f 7606 7596 7594
f 7595 7591 7593
f 7589 7594 7592
f 7590 7591 7594
f 1313 7590 7683
f 7588 7656 7589
f 7597 7588 7587
f 7586 7595 7587
f 7586 7585 7604
f 7585 7584 7607
f 7584 7582 7618
f 7602 7566 7583
f 7602 7583 1312
f 7624 7582 7581
f 7628 7581 7580
f 7628 7580 7579
f 7579 7572 7628
f 7572 7577 7576
f 7576 7802 7572
f 7802 7803 7572
f 7576 7803 7802
f 7803 7576 7575
f 7564 7804 7574
f 7805 7574 7804
f 7806 7805 7804
f 7804 7807 7806
f 7808 7806 7807
f 7807 7809 7808
f 7810 7808 7809
f 7809 7811 7810
f 7812 7810 7811
f 7811 7813 7812
f 7813 7814 7812
f 7815 7812 7814
f 7814 7549 7815
f 7815 7565 7812
f 7812 7565 7808
f 7562 7565 7815
f 7815 7547 7562
f 7813 7550 7814
f 7550 7813 7811
f 7550 7811 7809
f 7812 7808 7810
f 7550 7809 7807
f 7808 7565 7806
f 7550 7807 7804
f 7805 7806 7565
f 7565 7571 7805
f 7575 7573 7803
f 7574 7805 7571
f 7573 7572 7803
f 7628 7572 7570
f 7570 7569 7603
f 7569 7568 7603
f 7566 7602 7568
f 7565 7567 7571
f 7564 7578 7566
f 7804 7564 7550
f 7559 7550 7561
f 7565 7562 7563
f 7561 7560 7559
f 7551 7559 7558
f 7551 7558 7557
f 7801 7557 7556
f 7555 7798 7556
f 7598 7555 7508
f 7598 7508 7395
f 7598 7395 7391
f 7508 7503 7395
f 7816 7395 7503
f 1452 7816 7503
f 1452 7503 7509
f 1452 7817 7816
f 7396 7816 7817
f 7396 7817 7500
f 1452 7500 7817
f 7500 1452 7498
f 7498 7504 7500
f 1452 7509 7553
f 7552 7551 7800
f 7551 7550 7559
f 7549 7814 7550
f 7547 7815 7549
f 7546 7562 7547
f 7546 7545 7562
f 7554 7545 7512
f 7818 7512 7541
f 7543 7544 7542
f 7818 7541 7538
f 7516 7818 7538
f 7539 7540 7542
f 7536 7516 7538
f 7535 7537 7539
f 7529 7819 7536
f 7536 7819 7518
f 7819 7820 7518
f 7821 7518 7820
f 7524 7821 7820
f 7518 7821 7822
f 7523 7822 7821
f 7822 7523 7520
f 7529 7820 7819
f 7548 7514 7535
f 7530 7519 7528
f 7820 7529 7524
f 7823 7524 7492
f 7528 7519 7527
f 7823 7397 7525
f 7397 7823 7490
f 7524 7823 7525
f 7524 7523 7821
f 7521 7520 7523
f 7520 7518 7822
f 7515 7519 7530
f 7517 7536 7518
f 7536 7517 7516
f 7516 7513 7818
f 7515 7534 7514
f 7512 7818 7513
f 7511 7554 7512
f 7514 7511 7510
f 7514 7510 7506
f 7509 7503 7510
f 7508 7553 7509
f 7514 7506 7507
f 7505 7515 7499
f 7510 7503 7506
f 7532 7505 7504
f 7508 7499 7503
f 7504 7502 7501
f 7501 7500 7504
f 7500 7494 7396
f 7499 7504 7498
f 7497 7498 1452
f 1453 7496 7497
f 1453 7495 7496
f 7493 7492 7494
f 7492 7490 7823
f 1453 7491 7495
f 1456 7488 7489
f 7488 1456 7487
f 7486 7487 1456
f 7398 7485 7484
f 7483 7400 7484
f 7483 7474 7469
f 7474 7473 7522
f 7471 7519 7473
f 7470 7526 7471
f 7470 7469 7474
f 7469 7400 7483
f 7468 7472 7467
f 7463 7465 7467
f 7407 7477 7466
f 7459 7824 7407
f 7824 7825 7407
f 7415 7407 7825
f 7825 7826 7415
f 7826 7449 7415
f 7450 7826 7825
f 7450 7825 7457
f 7825 7824 7457
f 7463 7464 7465
f 7463 7476 7462
f 7462 7476 7461
f 7461 7456 7460
f 7824 7459 7457
f 7460 7456 7458
f 7457 7452 7450
f 7450 7449 7826
f 7448 7451 7447
f 7447 7454 7446
f 7441 7443 7446
f 7445 7455 7416
f 7445 7444 7438
f 7438 7444 7827
f 7438 7827 7429
f 7827 7828 7429
f 7425 7429 7828
f 4751 7828 7827
f 4751 7827 7444
f 7441 7442 7443
f 7437 4753 7440
f 7441 7438 7439
f 7436 7435 7829
f 7436 7829 4755
f 7830 4755 7829
f 7829 7831 7830
f 7830 7831 4758
f 7831 7829 7435
f 7831 7435 7832
f 7831 7832 7833
f 7831 7833 4761
f 7833 4776 4761
f 7833 7834 4776
f 7833 7835 7834
f 7835 7836 7834
f 7834 7836 7837
f 7834 7837 4777
f 7837 7838 4777
f 7837 7836 7838
f 7839 7838 7836
f 7839 7836 7840
f 7839 7840 7841
f 7842 7839 7841
f 7841 7843 7842
f 7843 7844 7842
f 7845 7842 7844
f 7845 7844 7846
f 7845 7846 7847
f 7847 7848 7845
f 7845 7848 4800
f 7848 7847 7849
f 7849 7850 7848
f 7851 7848 7850
f 7850 7852 7851
f 7851 7852 7853
f 7854 7851 7853
f 7854 7853 7855
f 7854 7855 4915
f 4915 7855 7856
f 7856 7855 7857
f 7858 7856 7857
f 7859 7858 7857
f 7859 7857 7860
f 7859 7860 7861
f 7859 7861 7862
f 4920 7862 7861
f 7861 7860 7863
f 7861 7863 7864
f 4924 7861 7864
f 4924 7864 7865
f 4924 7865 7866
f 7866 7865 7867
f 7866 7867 7868
f 7868 7869 7866
f 4925 7866 7869
f 7869 7870 4925
f 7871 4925 7870
f 7871 7870 7872
f 7873 7871 7872
f 7872 7874 7873
f 7875 7873 7874
f 4951 7875 7874
f 4951 7874 7876
f 4951 7876 7877
f 7878 4951 7877
f 7878 7877 7879
f 7879 7880 7878
f 7880 7881 7878
f 7881 4952 7878
f 7881 7882 4952
f 7883 4952 7882
f 7882 7884 7883
f 7885 7883 7884
f 7884 7886 7885
f 7887 7885 7886
f 7887 7886 4926
f 7885 7887 4957
f 7887 7888 4957
f 7889 4957 7888
f 7889 7888 4949
f 7875 7888 7887
f 7884 7890 7886
f 4933 7886 7890
f 4933 7890 7891
f 7891 7892 4933
f 7893 4933 7892
f 7892 7894 7893
f 7895 7893 7894
f 7896 7895 7894
f 7879 7896 7894
f 7897 7895 7896
f 7897 7896 7898
f 7897 7898 7899
f 7900 7897 7899
f 7899 7901 7900
f 7902 7900 7901
f 7901 7903 7902
f 7902 7903 7904
f 7904 7903 7905
f 7906 7904 7905
f 7906 7905 7907
f 7906 7907 4944
f 4944 7907 4948
f 4948 7907 7908
f 4948 7908 7909
f 4948 7909 4965
f 4965 7910 4948
f 7911 4948 7910
f 4962 7911 7910
f 4962 7912 7911
f 7911 7912 4948
f 7912 4961 4948
f 4966 7909 7908
f 7908 7913 4966
f 7914 4966 7913
f 7913 7907 7914
f 7915 7914 7907
f 7915 7916 7914
f 7917 7914 7916
f 7918 7917 7916
f 7919 7918 7916
f 7920 7919 7916
f 7921 7920 7916
f 7916 7872 7921
f 7922 7921 7872
f 7923 7922 7872
f 7923 7869 7922
f 7922 7869 7921
f 7872 7916 7924
f 7925 7924 7916
f 7924 7925 7926
f 7924 7926 7927
f 7924 7927 7874
f 7874 7927 7898
f 7899 7927 7926
f 7928 7899 7926
f 7928 7926 7925
f 7925 7929 7928
f 7928 7929 7903
f 7925 7915 7929
f 7905 7929 7915
f 7921 7869 7920
f 7920 7869 7919
f 4973 7919 7869
f 7919 4973 7918
f 7918 4973 7917
f 7917 4971 7914
f 7916 7915 7925
f 7908 7907 7913
f 7907 7905 7915
f 7900 7904 7906
f 7900 7906 4940
f 7900 4940 7930
f 7930 4940 7931
f 7930 7931 7897
f 7905 7903 7929
f 7903 7901 7928
f 7900 7902 7904
f 7899 7928 7901
f 7900 7930 7897
f 7899 7898 7927
f 7876 7898 7896
f 7931 7895 7897
f 7931 7932 7895
f 7931 4938 7932
f 7893 7895 7932
f 7893 7932 7933
f 7933 7932 7934
f 7934 4933 7933
f 7934 7932 4935
f 7894 7892 7879
f 7933 4933 7893
f 7891 7879 7892
f 7879 7891 7935
f 7935 7936 7879
f 7935 7884 7936
f 7936 7884 7937
f 7936 7937 7880
f 7937 7884 7938
f 7937 7938 7881
f 7939 7884 7935
f 7940 7884 7939
f 7940 7939 7941
f 7941 7939 7890
f 7884 7940 7941
f 7935 7891 7939
f 7890 7939 7891
f 7941 7890 7884
f 7883 7885 4957
f 7938 7884 7882
f 4957 4952 7883
f 7882 7881 7938
f 7881 7880 7937
f 7880 7879 7936
f 7896 7879 7877
f 7877 7876 7896
f 7898 7876 7874
f 4951 7888 7875
f 7887 7873 7875
f 7887 4925 7873
f 7872 7924 7874
f 7870 7923 7872
f 7873 4925 7871
f 7870 7869 7923
f 4973 7869 7868
f 7868 4977 4973
f 7868 7942 4977
f 7943 4977 7942
f 7942 7944 7943
f 7943 7944 7945
f 7945 7944 7946
f 7945 7946 7947
f 7948 7945 7947
f 7948 7947 7949
f 7948 7949 7950
f 7950 7951 7948
f 7952 7951 7950
f 7950 7953 7952
f 7954 7952 7953
f 7953 7955 7954
f 7956 7954 7955
f 7956 7955 7957
f 7957 7958 7956
f 7959 7956 7958
f 7959 7958 7960
f 7960 7961 7959
f 7962 7959 7961
f 7961 7963 7962
f 7962 7963 7964
f 7964 7965 7962
f 7965 7966 7962
f 7967 7962 7966
f 7967 7966 7968
f 7968 7959 7967
f 7959 7968 7969
f 7970 7969 7968
f 7970 7968 7971
f 7970 7971 7972
f 7973 7970 7972
f 7973 7972 7974
f 7975 7973 7974
f 7975 7974 7976
f 7977 7975 7976
f 7976 7978 7977
f 7979 7977 7978
f 7978 7980 7979
f 7981 7979 7980
f 7980 7982 7981
f 7981 7982 7983
f 7982 7984 7983
f 7984 7985 7983
f 7985 7986 7983
f 7987 7983 7986
f 7987 7986 7988
f 7989 7987 7988
f 7988 7969 7989
f 7969 7988 7990
f 7990 7991 7969
f 7956 7969 7991
f 7991 7990 7992
f 7992 7993 7991
f 7994 7991 7993
f 7994 7993 7995
f 7994 7995 7996
f 7996 7997 7994
f 7994 7997 7998
f 7994 7998 7954
f 7999 7998 7997
f 7997 8000 7999
f 8001 7999 8000
f 8001 8000 8002
f 8001 8002 5008
f 8003 8001 5008
f 8004 8001 8003
f 8004 8003 5006
f 8001 8004 8005
f 8005 8006 8001
f 8005 8007 8006
f 8008 8006 8007
f 8008 8007 8009
f 8010 8008 8009
f 8011 8010 8009
f 8009 8012 8011
f 8013 8011 8012
f 8013 8012 8014
f 8013 8014 8005
f 8015 8013 8005
f 8005 8016 8015
f 8015 8016 8017
f 8017 8011 8015
f 8011 8017 8018
f 8017 8019 8018
f 8019 8020 8018
f 8021 8018 8020
f 8021 8020 8022
f 8022 8023 8021
f 8024 8021 8023
f 8025 8024 8023
f 8026 8025 8023
f 7951 8025 8026
f 8026 4980 7951
f 8025 8027 8024
f 8028 8024 8027
f 7998 8028 8027
f 8025 7998 8027
f 7998 8025 7952
f 8024 8028 8021
f 8023 8022 8026
f 8022 8029 8026
f 8030 8026 8029
f 8031 8030 8029
f 8031 8029 8019
f 8019 8032 8031
f 8033 8031 8032
f 8032 8034 8033
f 4990 8033 8034
f 8033 4990 4985
f 4985 8030 8033
f 8032 8035 8034
f 8034 8035 8036
f 8034 8036 4991
f 4991 8036 8035
f 8035 8032 8017
f 8031 8033 8030
f 8026 8030 4981
f 8029 8022 8020
f 8018 8021 8028
f 8018 8028 8010
f 7999 8010 8028
f 8010 7999 8037
f 7999 8006 8037
f 8020 8019 8029
f 8019 8017 8032
f 8035 8017 8016
f 8035 8016 4994
f 8007 8014 8012
f 8013 8015 8011
f 8018 8010 8011
f 8010 8037 8008
f 8012 8009 8007
f 8006 8008 8037
f 8014 8007 8005
f 8016 8005 8004
f 8016 8004 4998
f 8002 8038 5008
f 8038 5109 5008
f 5109 8038 5024
f 5024 8038 8039
f 5026 5024 8039
f 8039 8040 5026
f 8039 8041 8040
f 8040 8041 8042
f 8040 8042 8043
f 8043 5028 8040
f 5028 8043 8044
f 5028 8044 220
f 220 217 5028
f 217 8042 5028
f 8042 217 8044
f 8044 217 220
f 8044 8043 8042
f 8045 8042 8041
f 8041 8046 8045
f 8045 8046 8047
f 8045 8047 8048
f 8045 8048 8049
f 5031 8045 8049
f 5031 8049 217
f 217 215 5031
f 215 8050 5031
f 8050 8048 5031
f 5031 8048 8051
f 217 8048 8050
f 8050 215 217
f 217 8049 8048
f 8048 8047 8051
f 8047 8052 8051
f 8053 8051 8052
f 8053 8052 8054
f 8053 8054 8055
f 8053 8055 8056
f 213 8053 8056
f 213 8056 8057
f 8058 213 8057
f 211 8058 8057
f 8058 211 5033
f 211 8056 5033
f 213 8058 5033
f 211 8057 8056
f 5033 8053 213
f 5033 8056 8055
f 8059 8055 8054
f 8054 8060 8059
f 8061 8059 8060
f 8060 8062 8061
f 8063 8061 8062
f 8062 8064 8063
f 8063 8064 8065
f 8063 8065 8066
f 8063 8066 5035
f 8067 8063 5035
f 209 8067 5035
f 5035 8061 209
f 5035 8055 8061
f 209 8061 8067
f 8065 8068 8066
f 8069 8066 8068
f 8068 8070 8069
f 8069 8070 5039
f 207 8069 5039
f 5039 8066 207
f 8070 8071 5039
f 5052 5039 8071
f 8071 8072 5052
f 5052 8072 8073
f 5052 8073 284
f 284 8073 8074
f 8073 8072 8074
f 8072 7990 8074
f 8072 8068 7990
f 8068 8072 8071
f 8068 8071 8075
f 8070 8075 8071
f 8068 8075 8070
f 8069 207 8066
f 8062 8068 8065
f 8068 8062 7992
f 8062 8065 8064
f 8063 8067 8061
f 8054 8062 8060
f 8062 8054 7995
f 8059 8061 8055
f 8054 8052 7996
f 7996 8052 8076
f 7996 8076 8077
f 8077 8076 8046
f 7997 8077 8046
f 8076 8052 8046
f 5033 8051 8053
f 8052 8047 8046
f 7997 8046 8041
f 8078 7997 8041
f 8000 8078 8041
f 8045 5031 8042
f 8000 8041 8039
f 8079 8000 8039
f 8079 8039 8038
f 8002 8079 8038
f 8002 8000 8079
f 7999 8001 8006
f 8000 7997 8078
f 8028 7998 7999
f 7997 7996 8077
f 8054 7996 7995
f 8062 7995 7993
f 7954 7991 7994
f 8062 7993 7992
f 8068 7992 7990
f 8074 7990 7988
f 7988 285 8074
f 285 7988 8080
f 8081 285 8080
f 8081 8080 7985
f 285 8081 8082
f 8081 8083 8082
f 8084 8082 8083
f 8084 8083 7965
f 8085 7965 8083
f 7978 8085 8083
f 8082 8084 8086
f 288 8082 8086
f 8087 288 8086
f 8087 8088 288
f 8088 8089 288
f 8090 8089 8088
f 8091 8090 8088
f 8092 8091 8088
f 8092 8090 8091
f 8092 8087 8090
f 8084 8090 8087
f 8090 8084 7964
f 7964 8093 8090
f 8090 8093 8094
f 8090 8094 8095
f 8090 8095 8096
f 1464 8096 8095
f 1464 8095 8097
f 8095 8098 8097
f 8099 8097 8098
f 8099 8098 8100
f 8099 8100 8101
f 8099 8101 8102
f 8099 8102 7832
f 7431 8099 7832
f 8102 8101 8103
f 7833 8102 8103
f 8104 7833 8103
f 8103 8105 8104
f 8104 8105 7835
f 8101 8105 8103
f 8105 8101 8106
f 8106 8107 8105
f 7840 8105 8107
f 7840 8107 8108
f 8108 8109 7840
f 8108 8110 8109
f 8111 8109 8110
f 8110 8112 8111
f 8113 8111 8112
f 8112 8114 8113
f 8113 8114 8115
f 8115 8114 8116
f 8111 8115 8116
f 8111 8116 8117
f 8111 8117 8118
f 8118 8119 8111
f 8119 8118 8120
f 8120 7841 8119
f 8109 8119 7841
f 8121 8120 8118
f 8122 8121 8118
f 8118 8123 8122
f 8122 8123 8124
f 8124 8125 8122
f 8126 8125 8124
f 8126 8124 8127
f 8127 8128 8126
f 8126 8128 8129
f 8130 8129 8128
f 8130 8128 8131
f 8125 8130 8131
f 8131 8132 8125
f 8125 8132 8133
f 8125 8133 8121
f 8134 8133 8132
f 8132 8135 8134
f 8134 8135 8136
f 8137 8134 8136
f 8138 8137 8136
f 8139 8138 8136
f 8139 8136 8140
f 8141 8139 8140
f 8141 8140 8128
f 8128 8140 8142
f 8142 8143 8128
f 8132 8128 8143
f 8144 8132 8143
f 8144 8143 8145
f 8145 8146 8144
f 8144 8146 8136
f 8146 8147 8136
f 8148 8136 8147
f 8147 8149 8148
f 8149 8150 8148
f 8150 8151 8148
f 8151 8152 8148
f 8153 8148 8152
f 8152 8154 8153
f 8153 8154 8155
f 8155 8154 8156
f 8156 8157 8155
f 8157 8158 8155
f 8158 8148 8155
f 8159 8148 8158
f 8158 8160 8159
f 8160 8161 8159
f 8162 8159 8161
f 8162 8161 8152
f 8163 8152 8161
f 8164 8152 8163
f 8163 8165 8164
f 8164 8165 8166
f 8166 8154 8164
f 8154 8166 8167
f 8112 8167 8166
f 8166 8168 8112
f 8168 8169 8112
f 8169 8168 8170
f 8169 8170 8171
f 8169 8171 8172
f 8172 8173 8169
f 8173 8114 8169
f 8172 8174 8173
f 8174 8123 8173
f 8117 8173 8123
f 8174 8175 8123
f 8123 8175 8176
f 8176 8139 8123
f 8177 8176 8175
f 8175 8178 8177
f 8178 8179 8177
f 8177 8179 8180
f 8180 8179 8181
f 8180 8181 8182
f 8138 8180 8182
f 8183 8138 8182
f 8182 8184 8183
f 8185 8183 8184
f 8186 8185 8184
f 8187 8186 8184
f 8188 8187 8184
f 8189 8188 8184
f 8184 8190 8189
f 8191 8189 8190
f 8192 8191 8190
f 8193 8192 8190
f 8194 8193 8190
f 8195 8194 8190
f 8195 8190 8196
f 8195 8196 8157
f 8157 8197 8195
f 8190 8198 8196
f 8198 8199 8196
f 8196 8199 8200
f 8200 8201 8196
f 8158 8196 8201
f 8158 8201 8202
f 8203 8158 8202
f 8203 8202 8204
f 8205 8203 8204
f 8205 8204 8206
f 8205 8206 8207
f 8207 8208 8205
f 8209 8205 8208
f 8209 8208 8166
f 8210 8209 8166
f 8209 8210 8211
f 8165 8211 8210
f 8211 8165 8160
f 8160 8203 8211
f 8211 8205 8209
f 8208 8207 8166
f 8207 8206 8166
f 8206 8212 8166
f 8212 8213 8166
f 8214 8166 8213
f 8166 8214 8215
f 8214 8204 8215
f 8170 8215 8204
f 8204 8214 8212
f 8213 8212 8214
f 8212 8206 8204
f 8211 8203 8205
f 8171 8204 8202
f 8202 8201 8171
f 8171 8201 8200
f 8216 8200 8199
f 8216 8199 8217
f 8218 8216 8217
f 8219 8218 8217
f 8219 8217 8198
f 8184 8219 8198
f 8218 8219 8181
f 8216 8218 8220
f 8175 8216 8220
f 8216 8175 8172
f 8179 8220 8218
f 8172 8200 8216
f 8198 8217 8199
f 8195 8197 8194
f 8194 8197 8193
f 8221 8193 8197
f 8197 8222 8221
f 7847 8221 8222
f 8222 8197 8223
f 8223 8224 8222
f 7849 8222 8224
f 8224 8225 7849
f 8226 7849 8225
f 8226 8225 8227
f 8226 8227 7850
f 8225 8228 8227
f 8227 8228 8229
f 8227 8229 8230
f 7852 8227 8230
f 8231 8230 8229
f 8232 8231 8229
f 8233 8232 8229
f 8234 8233 8229
f 8234 8229 8235
f 8234 8235 8236
f 8236 8235 8237
f 8236 8237 8238
f 8236 8238 8239
f 8236 8239 8240
f 8236 8240 8231
f 8240 8241 8231
f 8240 8242 8241
f 8241 8242 8230
f 8243 8230 8242
f 8243 8242 8244
f 8244 8245 8243
f 8246 8243 8245
f 8247 8246 8245
f 8247 8245 8248
f 8247 8248 8249
f 8249 8250 8247
f 8247 8250 8251
f 8252 8251 8250
f 8253 8252 8250
f 8253 8250 8254
f 8255 8253 8254
f 8254 8256 8255
f 8257 8255 8256
f 8258 8257 8256
f 8258 8256 8259
f 8260 8258 8259
f 8260 8259 8261
f 8260 8261 8262
f 8260 8262 8263
f 8260 8263 8264
f 8260 8264 8265
f 8265 8264 8266
f 8265 8266 8267
f 8268 8265 8267
f 8268 8267 8269
f 8270 8268 8269
f 8270 8269 8271
f 8270 8271 8272
f 8270 8272 8273
f 8274 8270 8273
f 8274 8273 8275
f 8274 8275 8276
f 8274 8276 8255
f 8275 8277 8276
f 8253 8276 8277
f 8277 8278 8253
f 8278 8279 8253
f 8278 8280 8279
f 8281 8279 8280
f 8281 8280 8282
f 8282 8283 8281
f 8284 8281 8283
f 8285 8284 8283
f 8285 8283 8286
f 8285 8286 8287
f 8285 8287 8288
f 8285 8288 8289
f 8290 8285 8289
f 8290 8289 8291
f 8290 8291 8292
f 8290 8292 8293
f 8290 8293 8294
f 8290 8294 8295
f 8290 8295 8296
f 8296 8295 8297
f 8297 8298 8296
f 8285 8296 8298
f 8284 8298 8297
f 8295 8281 8297
f 8294 8251 8295
f 8294 8299 8251
f 8251 8299 8300
f 8251 8300 8246
f 8246 8300 8301
f 8302 8301 8300
f 8302 8303 8301
f 8301 8303 8304
f 8301 8304 8243
f 7853 8304 8303
f 7853 8303 8305
f 8305 8303 8306
f 7855 8305 8306
f 7853 8230 8304
f 8302 8306 8303
f 8302 8307 8306
f 7857 8306 8307
f 8302 8293 8307
f 8293 8302 8299
f 8300 8299 8302
f 8294 8293 8299
f 8292 8307 8293
f 8292 8291 8307
f 8291 8289 8307
f 8290 8296 8285
f 8289 8288 8307
f 8288 8308 8307
f 7860 8307 8308
f 8288 8309 8308
f 8310 8308 8309
f 8286 8310 8309
f 8310 8286 8311
f 8311 8312 8310
f 8311 8313 8312
f 8314 8312 8313
f 8314 8313 8315
f 7863 8314 8315
f 8313 7944 8315
f 7867 8315 7944
f 8313 8316 7944
f 8317 8316 8313
f 8318 8316 8317
f 8318 8317 8319
f 8319 8320 8318
f 8321 8318 8320
f 8322 8321 8320
f 8322 8320 8323
f 8322 8323 8324
f 8325 8322 8324
f 8325 8324 8326
f 8325 8326 8327
f 8325 8327 8328
f 8325 8328 8329
f 8325 8329 8330
f 8325 8330 8331
f 8325 8331 8332
f 8325 8332 8333
f 8333 8321 8325
f 8333 8334 8321
f 8333 8332 8334
f 8332 8331 8334
f 8331 8330 8334
f 8330 8335 8334
f 8334 8335 7947
f 8316 8334 7947
f 7947 8335 8336
f 8336 8335 8337
f 8336 8337 7949
f 8337 8338 7949
f 7953 7949 8338
f 8337 8339 8338
f 8339 8340 8338
f 7958 8338 8340
f 7958 8340 8341
f 7958 8341 8342
f 8342 8341 8228
f 8342 8228 8343
f 8224 8342 8343
f 7960 8342 8224
f 8344 8228 8341
f 8345 8344 8341
f 8346 8345 8341
f 8347 8345 8346
f 8347 8346 8348
f 8347 8348 8349
f 8235 8349 8348
f 8348 8350 8235
f 8350 8348 8351
f 8352 8350 8351
f 8352 8351 8353
f 8354 8352 8353
f 8353 8355 8354
f 8356 8354 8355
f 8355 8357 8356
f 8358 8356 8357
f 8357 8359 8358
f 8360 8358 8359
f 8361 8360 8359
f 8361 8359 8362
f 8361 8362 8363
f 8361 8363 8364
f 8361 8364 8365
f 8366 8365 8364
f 8367 8366 8364
f 8367 8364 8368
f 8369 8367 8368
f 8369 8368 8370
f 8369 8370 8277
f 8368 8371 8370
f 8278 8370 8371
f 8363 8371 8368
f 8371 8363 8372
f 8371 8372 8373
f 8371 8373 8374
f 8371 8374 8280
f 8280 8374 8375
f 8376 8375 8374
f 8376 8377 8375
f 8375 8377 8378
f 8375 8378 8282
f 8377 8311 8378
f 8311 8283 8378
f 8317 8311 8377
f 8376 8319 8377
f 8323 8319 8376
f 8323 8376 8379
f 8379 8362 8323
f 8379 8376 8373
f 8374 8373 8376
f 8372 8379 8373
f 8372 8363 8379
f 8369 8380 8367
f 8380 8381 8367
f 8381 8380 8382
f 8381 8382 8383
f 8384 8381 8383
f 8384 8383 8385
f 8384 8385 8386
f 8387 8384 8386
f 8387 8386 8388
f 8264 8387 8388
f 8389 8384 8387
f 8389 8387 8263
f 8389 8263 8390
f 8389 8390 8365
f 8360 8365 8390
f 8390 8391 8360
f 8360 8391 8356
f 8391 8392 8356
f 8393 8392 8391
f 8391 8262 8393
f 8393 8354 8392
f 8393 8394 8354
f 8393 8395 8394
f 8394 8395 8396
f 8396 8238 8394
f 8352 8394 8238
f 8396 8397 8238
f 8398 8397 8396
f 8398 8396 8248
f 8398 8248 8244
f 8240 8398 8244
f 8248 8396 8399
f 8240 8397 8398
f 8399 8396 8395
f 8400 8399 8395
f 8401 8399 8400
f 8400 8402 8401
f 8402 8249 8401
f 8254 8249 8402
f 8402 8400 8259
f 8401 8249 8399
f 8400 8395 8393
f 8393 8261 8400
f 8391 8390 8262
f 8366 8384 8389
f 8386 8385 8388
f 8403 8388 8385
f 8385 8404 8403
f 8405 8403 8404
f 8406 8405 8404
f 8404 8407 8406
f 8407 8408 8406
f 8408 8409 8406
f 8410 8406 8409
f 8410 8409 8411
f 8410 8411 8405
f 8412 8405 8411
f 8411 8413 8412
f 8414 8412 8413
f 8413 8415 8414
f 8416 8414 8415
f 8417 8416 8415
f 8417 8418 8416
f 8416 8418 8419
f 8419 8420 8416
f 8420 8421 8416
f 8416 8421 8422
f 8416 8422 8423
f 8423 8422 8424
f 8425 8423 8424
f 8425 8424 8426
f 8425 8426 8414
f 8414 8426 8427
f 8414 8427 8428
f 8414 8428 8429
f 8430 8429 8428
f 8430 8428 8431
f 8430 8431 8432
f 8433 8432 8431
f 8434 8433 8431
f 8434 8388 8433
f 8266 8388 8434
f 8434 8428 8266
f 8433 8403 8432
f 8403 8435 8432
f 8436 8432 8435
f 8437 8436 8435
f 8437 8435 8412
f 8437 8412 8438
f 8438 8412 8436
f 8436 8412 8429
f 8437 8438 8436
f 8429 8432 8436
f 8412 8435 8403
f 8428 8434 8431
f 8430 8432 8429
f 8428 8427 8267
f 8427 8426 8439
f 8440 8427 8439
f 8440 8439 8441
f 8442 8440 8441
f 8421 8442 8441
f 8443 8421 8441
f 8421 8444 8442
f 8272 8442 8444
f 8442 8269 8440
f 8443 8441 8439
f 8443 8439 8422
f 8440 8269 8427
f 8424 8439 8426
f 8425 8414 8423
f 8422 8439 8424
f 8443 8422 8421
f 8420 8444 8421
f 8444 8420 8445
f 8446 8444 8445
f 8380 8446 8445
f 8446 8273 8444
f 8419 8445 8420
f 8408 8445 8419
f 8382 8445 8408
f 8419 8418 8409
f 8413 8409 8418
f 8417 8413 8418
f 8423 8414 8416
f 8417 8415 8413
f 8414 8429 8412
f 8411 8409 8413
f 8408 8419 8409
f 8408 8407 8382
f 8410 8405 8406
f 8412 8403 8405
f 8404 8385 8407
f 8433 8388 8403
f 8407 8385 8383
f 8366 8381 8384
f 8383 8382 8407
f 8380 8445 8382
f 8369 8446 8380
f 8275 8446 8369
f 8366 8367 8381
f 8366 8389 8365
f 8368 8364 8363
f 8363 8362 8379
f 8362 8359 8447
f 8447 8326 8362
f 8448 8326 8447
f 8449 8448 8447
f 8449 8447 8450
f 8449 8450 8451
f 8327 8449 8451
f 8327 8451 8452
f 8327 8452 8453
f 8453 8452 8337
f 8337 8328 8453
f 8454 8337 8452
f 8452 8455 8454
f 8456 8454 8455
f 8455 8457 8456
f 8348 8456 8457
f 8355 8457 8455
f 8456 8339 8454
f 8456 8346 8339
f 8451 8455 8452
f 8450 8455 8451
f 8450 8357 8455
f 8327 8448 8449
f 8447 8359 8450
f 8365 8360 8361
f 8357 8450 8359
f 8360 8356 8358
f 8355 8455 8357
f 8392 8354 8356
f 8353 8457 8355
f 8394 8352 8354
f 8353 8351 8457
f 8237 8350 8352
f 8348 8457 8351
f 8456 8348 8346
f 8349 8345 8347
f 8349 8229 8345
f 8229 8344 8345
f 8346 8341 8340
f 8339 8346 8340
f 8454 8339 8337
f 8328 8337 8335
f 8330 8329 8335
f 8329 8328 8335
f 8327 8453 8328
f 8448 8327 8326
f 8324 8362 8326
f 8323 8362 8324
f 8325 8321 8322
f 8321 8334 8318
f 8323 8320 8319
f 8377 8319 8317
f 8318 8334 8316
f 7863 8312 8314
f 7863 8308 8312
f 8317 8313 8311
f 8310 8312 8308
f 8288 8287 8309
f 8287 8286 8309
f 8283 8311 8286
f 8285 8298 8284
f 8284 8297 8281
f 8282 8378 8283
f 8375 8282 8280
f 8281 8295 8279
f 8252 8279 8295
f 8371 8280 8278
f 8370 8278 8277
f 8275 8369 8277
f 8275 8273 8446
f 8257 8270 8274
f 8273 8272 8444
f 8442 8272 8271
f 8271 8269 8442
f 8257 8268 8270
f 8267 8427 8269
f 8268 8258 8265
f 8267 8266 8428
f 8264 8388 8266
f 8264 8263 8387
f 8263 8262 8390
f 8261 8393 8262
f 8259 8400 8261
f 8260 8265 8258
f 8402 8259 8256
f 8258 8268 8257
f 8257 8274 8255
f 8256 8254 8402
f 8253 8255 8276
f 8253 8279 8252
f 8295 8251 8252
f 8254 8250 8249
f 8399 8249 8248
f 8251 8246 8247
f 8301 8243 8246
f 8248 8245 8244
f 8243 8304 8230
f 8240 8244 8242
f 8240 8239 8397
f 8239 8238 8397
f 8237 8352 8238
f 8237 8235 8350
f 8349 8235 8229
f 8236 8233 8234
f 8236 8232 8233
f 8236 8231 8232
f 8230 8231 8241
f 8229 8228 8344
f 8343 8228 8225
f 8224 8343 8225
f 8224 8223 7960
f 8458 8223 8197
f 8458 8197 8156
f 8156 8167 8458
f 8459 8458 8167
f 8459 8167 8108
f 8459 8460 8458
f 8460 8459 8461
f 8462 8460 8461
f 8462 8461 8106
f 8106 8463 8462
f 8462 8463 8464
f 8462 8464 8465
f 8462 8465 8466
f 8466 7961 8462
f 7961 8466 8467
f 7961 8467 8468
f 8469 8468 8467
f 8469 8467 8095
f 8093 8469 8095
f 8469 7963 8468
f 8098 8467 8466
f 8098 8466 8465
f 8098 8465 8464
f 8098 8464 8463
f 8106 8100 8463
f 8460 8462 7961
f 7961 8223 8460
f 8107 8461 8459
f 8223 8458 8460
f 8193 8221 8192
f 8192 8221 8191
f 8191 8221 8189
f 8184 8198 8190
f 8189 8221 8188
f 8188 8221 8187
f 8187 8221 8186
f 7846 8186 8221
f 8186 7846 8185
f 8185 7846 8183
f 8219 8184 8182
f 8183 8470 8138
f 7844 8470 8183
f 7844 8133 8470
f 8137 8470 8133
f 8176 8180 8138
f 8182 8181 8219
f 8181 8179 8218
f 8220 8179 8178
f 8175 8220 8178
f 8177 8180 8176
f 8174 8172 8175
f 8200 8172 8171
f 8170 8204 8171
f 8215 8170 8168
f 8166 8215 8168
f 8165 8210 8166
f 8163 8160 8165
f 8471 8159 8162
f 8151 8471 8162
f 8472 8159 8471
f 8471 8146 8472
f 8472 8146 8473
f 8473 8142 8472
f 8145 8142 8473
f 8159 8472 8142
f 8161 8160 8163
f 8160 8158 8203
f 8148 8159 8142
f 8196 8158 8157
f 8156 8197 8157
f 8167 8156 8154
f 8152 8164 8154
f 8153 8155 8148
f 8162 8152 8151
f 8471 8151 8150
f 8150 8149 8471
f 8147 8471 8149
f 8148 8142 8136
f 8146 8471 8147
f 8145 8473 8146
f 8143 8142 8145
f 8141 8123 8139
f 8141 8127 8123
f 8140 8136 8142
f 8176 8138 8139
f 8470 8137 8138
f 8135 8144 8136
f 8132 8144 8135
f 8137 8133 8134
f 8131 8128 8132
f 8130 8125 8129
f 8141 8128 8127
f 8129 8125 8126
f 8127 8124 8123
f 8121 8122 8125
f 8120 8121 8133
f 8120 8133 7843
f 8117 8123 8118
f 8116 8173 8117
f 8173 8116 8114
f 8112 8169 8114
f 8111 8113 8115
f 8112 8110 8167
f 8119 8109 8111
f 8110 8108 8167
f 8459 8108 8107
f 8107 8106 8461
f 8106 8101 8100
f 8098 8463 8100
f 7431 8097 8099
f 7431 1461 8097
f 8095 8467 8098
f 1464 8474 8096
f 289 8096 8474
f 289 8474 8475
f 8474 8476 8475
f 8476 8477 8475
f 8475 8477 8478
f 290 8475 8478
f 290 8478 8479
f 293 290 8479
f 8480 293 8479
f 8481 8480 8479
f 8482 8481 8479
f 8483 8482 8479
f 1428 8483 8479
f 1423 8482 8483
f 8482 1423 8481
f 254 8481 1423
f 1423 8484 254
f 8484 8485 254
f 8485 8486 254
f 8480 254 8486
f 8480 8486 8485
f 8480 8485 8484
f 273 8484 1423
f 1420 273 1423
f 273 8487 8484
f 8484 8487 293
f 8487 8488 293
f 8488 272 293
f 273 8488 8487
f 8481 254 8480
f 8480 8484 293
f 8479 8478 1431
f 8477 8489 8478
f 8478 8489 1433
f 8489 8490 1433
f 8491 8490 8489
f 8492 8491 8489
f 1451 8491 8492
f 1451 8492 8493
f 8493 8492 8476
f 8494 8493 8476
f 8494 8476 1506
f 8495 8494 1506
f 1506 1499 8495
f 1499 8496 8495
f 8497 8495 8496
f 8496 8493 8497
f 8493 8496 1454
f 8496 8498 1454
f 8499 1454 8498
f 8498 1497 8499
f 1499 8498 8496
f 8494 8495 8497
f 1506 8476 1464
f 8494 8497 8493
f 8491 1435 8490
f 8491 1449 1435
f 8492 8489 8477
f 8476 8492 8477
f 8089 8096 289
f 1464 8476 8474
f 8094 8093 8095
f 7964 8469 8093
f 8090 8096 8089
f 8092 8088 8087
f 8084 8087 8086
f 8500 8083 8081
f 7984 8500 8081
f 8500 8501 8083
f 8501 7980 8083
f 7982 8501 8500
f 7975 7987 7989
f 7988 7986 8080
f 7977 7983 7987
f 7985 8080 7986
f 8081 7985 7984
f 7982 8500 7984
f 7982 7980 8501
f 7979 7981 7983
f 7980 7978 8083
f 7977 7979 7983
f 7978 7976 8085
f 7975 7977 7987
f 7976 7974 8085
f 7973 7975 7989
f 7974 7972 8085
f 7972 7968 8085
f 7973 7989 7970
f 7972 7971 7968
f 7969 7970 7989
f 7966 8085 7968
f 7966 7965 8085
f 7965 7964 8084
f 7964 7963 8469
f 7961 8468 7963
f 7959 7962 7967
f 7961 7960 8223
f 7960 7958 8342
f 7969 7956 7959
f 7957 8338 7958
f 7955 8338 7957
f 7991 7954 7956
f 7953 8338 7955
f 7952 7954 7998
f 7951 7952 8025
f 7950 7949 7953
f 7947 8336 7949
f 7945 7948 7951
f 7951 4978 7945
f 8316 7947 7946
f 8316 7946 7944
f 7942 7867 7944
f 7945 4977 7943
f 7942 7868 7867
f 7865 8315 7867
f 7864 8315 7865
f 7864 7863 8315
f 7863 7860 8308
f 7860 7857 8307
f 7862 7858 7859
f 7862 4916 7858
f 7856 7858 4916
f 7857 7855 8306
f 7853 8305 7855
f 7851 7854 4805
f 7853 7852 8230
f 7850 8227 7852
f 7848 7851 4801
f 7850 7849 8226
f 8222 7849 7847
f 8221 7847 7846
f 7844 8183 7846
f 4800 7842 7845
f 7842 4800 8502
f 7844 7843 8133
f 7843 7841 8120
f 8502 7839 7842
f 7841 7840 8109
f 8105 7840 7836
f 8502 7838 7839
f 7838 8502 8503
f 4779 7838 8503
f 4779 8503 8504
f 4779 8504 8505
f 8504 8506 8505
f 8505 8506 4789
f 8505 4789 8507
f 4780 8505 8507
f 4780 8507 4788
f 4794 4789 8506
f 8503 8506 8504
f 8506 8503 8502
f 8502 4798 8506
f 7836 7835 8105
f 7833 8104 7835
f 7833 7832 8102
f 7431 7832 7435
f 7438 7433 7434
f 7438 7432 7433
f 7438 7429 7432
f 7411 1461 7431
f 7486 1461 7411
f 7411 7404 7486
f 4746 7430 7428
f 7429 7425 7427
f 8508 7427 7425
f 7421 7427 8508
f 4751 7425 7828
f 8508 7425 7421
f 7422 7424 7427
f 7423 7480 7417
f 7420 7480 7423
f 7422 7427 7421
f 7456 7420 7419
f 7455 7419 7416
f 7417 7418 7421
f 7417 7481 7414
f 7416 7415 7449
f 7479 7415 7413
f 7412 4741 7413
f 7412 7411 4741
f 4739 7409 7410
f 7415 7408 7407
f 7406 7478 7407
f 7408 7406 7405
f 7404 7411 7405
f 7403 7486 7404
f 7401 7403 7402
f 7466 7401 7400
f 7398 7484 7400
f 7397 7490 7398
f 7396 7494 7397
f 7396 7395 7816
f 7392 7394 4731
f 7392 4731 7387
f 4724 7387 4731
f 7395 7393 7391
f 7598 7391 7390
f 7597 7390 7389
f 7388 7392 7387
f 7386 7385 7389
f 7385 7384 7655
f 7382 7703 7384
f 7381 7703 7382
f 7705 7381 7380
f 7705 7380 7376
f 7705 7376 8509
f 6062 7705 8509
f 4722 7377 7379
f 7380 7378 7376
f 6064 8509 7376
f 7375 8510 6064
f 8510 8511 6064
f 8510 8512 8511
f 8512 8513 8511
f 8513 8514 8511
f 6065 8511 8514
f 6065 8514 8515
f 6065 8515 6075
f 6077 8515 8514
f 8513 6078 8514
f 8512 6078 8513
f 8516 8512 8510
f 8512 8516 6080
f 8517 6080 8516
f 7375 8517 8516
f 7375 8518 8517
f 6081 8517 8518
f 8518 8519 6081
f 6081 8519 3975
f 3975 8520 6081
f 8521 6081 8520
f 8520 7373 8521
f 7373 8520 8519
f 7373 8519 8522
f 8520 8523 8519
f 8524 8519 8523
f 3975 8524 8523
f 3975 8525 8524
f 8524 8525 8526
f 8524 8526 8527
f 8525 8527 8526
f 3973 8527 8525
f 3973 8525 8528
f 8529 8528 8525
f 8529 8525 3980
f 3980 8528 8529
f 8527 8519 8524
f 3975 8523 8520
f 8519 8527 3975
f 8519 8518 8522
f 8518 7375 8522
f 8516 8510 7375
f 7374 8522 7375
f 8522 7374 7373
f 8521 7373 7372
f 8521 7372 8530
f 8521 8530 6187
f 6187 8531 8521
f 8521 8531 6083
f 6083 8531 8532
f 6187 6083 8532
f 6187 8532 8531
f 6084 6187 8530
f 8530 7372 6084
f 6100 8533 7372
f 8533 6088 7372
f 7366 7341 7339
f 7337 7366 7339
f 7365 7337 7336
f 7364 7336 7335
f 7332 7364 7335
f 7332 7328 7364
f 7338 6339 7334
f 7332 7335 7333
f 7331 7328 7332
f 6395 7329 7330
f 6395 7330 6337
f 7329 8534 7317
f 7329 6394 8534
f 8534 6394 7316
f 6394 8535 7316
f 7327 7364 7328
f 7326 7364 7327
f 7362 7326 7324
f 4516 7362 7324
f 7323 7318 7319
f 7318 7325 7317
f 8534 7316 7317
f 7316 8535 7313
f 8535 8536 7313
f 8536 8537 7313
f 8537 8538 7313
f 7313 8538 8539
f 7313 8539 4660
f 8539 8538 8540
f 8539 8540 4664
f 8538 4666 8540
f 8541 4666 8538
f 8542 8541 8538
f 8543 8541 8542
f 6389 8543 8542
f 6389 8544 8543
f 8543 8544 8541
f 8545 8541 8544
f 8545 8544 8546
f 8545 8546 8547
f 8548 8545 8547
f 8548 8547 6356
f 4667 8548 6356
f 8549 6356 8547
f 6380 6356 8549
f 8548 8550 8545
f 8548 8541 8550
f 8549 8547 8546
f 8549 8546 6384
f 8544 6384 8546
f 8550 8541 8545
f 8548 4666 8541
f 8537 8542 8538
f 6390 8542 8537
f 6392 8537 8536
f 6392 8536 8535
f 7312 7292 7314
f 7312 7230 7292
f 7310 7293 7230
f 7305 7308 8551
f 8551 7308 8552
f 8552 7306 8551
f 7307 8552 7308
f 8552 7307 7306
f 4655 7232 7311
f 7305 8551 7306
f 7294 7309 7305
f 7310 7294 7293
f 7293 7292 7230
f 7289 7315 7292
f 7295 7290 7291
f 7290 7148 7145
f 7315 7289 7288
f 7286 4640 7287
f 4644 7286 7148
f 7148 7147 7145
f 7146 7149 7147
f 7144 7154 7146
f 7156 7144 7142
f 7156 7142 7137
f 7128 7143 7145
f 7141 7137 7142
f 7140 7156 7141
f 7156 7136 7141
f 7138 7141 7136
f 7200 7135 7127
f 7137 7141 7138
f 7136 7156 7137
f 7136 7133 7138
f 7135 7196 7134
f 7191 4493 7134
f 7191 8553 4493
f 4501 4493 8553
f 8554 4493 4501
f 8554 8555 4493
f 8554 8556 8555
f 8556 4498 8555
f 4494 8555 4498
f 8554 4499 8556
f 7191 4504 8553
f 7138 7133 7132
f 7140 7132 7130
f 7128 7140 7130
f 8557 7129 1568
f 8557 1568 7115
f 8557 7115 7126
f 7126 7129 8557
f 7127 7139 7128
f 7202 7127 7125
f 7227 7125 7123
f 7227 7123 7120
f 7122 7124 7121
f 7121 7126 7117
f 7220 7120 7119
f 7220 7119 7118
f 7112 7118 7116
f 7126 7115 7117
f 7112 7116 7113
f 7112 7060 7059
f 7218 7059 7057
f 7068 7056 7058
f 7214 7057 7054
f 7069 7055 7056
f 7071 7053 7055
f 7213 7054 7052
f 7041 7213 7052
f 7074 7051 7053
f 7043 7052 7049
f 7076 7050 7051
f 7050 7082 7027
f 7048 7040 7045
f 7044 7043 7049
f 7043 7042 7052
f 7042 7041 7052
f 7038 7213 7041
f 7048 7039 7040
f 7030 7036 7039
f 7037 7225 7038
f 7037 7035 7225
f 7035 7034 6527
f 6527 7034 7017
f 7017 7034 7033
f 7032 7036 7030
f 7030 7047 7029
f 7029 7047 7028
f 7028 7046 7027
f 7084 7026 7027
f 7083 7024 7026
f 7020 7025 7021
f 7031 7020 7019
f 7031 7019 7018
f 7017 7033 7018
f 6527 7017 7015
f 7013 6532 7014
f 7013 7011 6532
f 7016 7010 7012
f 6533 7011 7009
f 7006 6533 7009
f 7023 7008 7010
f 7023 6986 7008
f 7006 7009 7007
f 7004 8558 7006
f 8558 8559 7006
f 8559 6536 7006
f 8559 8560 6536
f 6552 8560 8559
f 8561 6552 8559
f 8561 8559 7002
f 8561 7002 6554
f 8558 7002 8559
f 6986 6990 7005
f 7004 7002 8558
f 6554 7002 7001
f 6999 6554 7001
f 6999 8562 6554
f 8563 8562 6999
f 8564 8562 8563
f 8564 8563 8565
f 8564 8565 8566
f 8564 8566 6885
f 8567 8566 8565
f 8568 8566 8567
f 8568 8567 6998
f 8567 8563 6998
f 6900 8566 8568
f 8568 6996 6900
f 6887 8566 6900
f 8565 8563 8567
f 8564 8569 8562
f 8562 8569 6556
f 8564 6884 8569
f 8570 8569 6884
f 8570 6880 8569
f 8569 6880 6557
f 8563 6999 6998
f 6996 8568 6998
f 6906 6901 6910
f 8571 6910 6995
f 6995 8572 8571
f 8571 8572 6932
f 8573 8571 6932
f 8573 6932 6922
f 6913 8571 8573
f 8574 6932 8572
f 8572 8575 8574
f 8576 8574 8575
f 8575 8577 8576
f 8578 8576 8577
f 8579 8578 8577
f 8580 8579 8577
f 8580 6980 8579
f 8581 8579 6980
f 8581 8578 8579
f 8581 8582 8578
f 8581 8583 8582
f 8583 8576 8582
f 6946 8576 8583
f 6946 8583 6960
f 8581 6966 8583
f 8581 6979 6966
f 8582 8576 8578
f 8580 8577 8575
f 8584 8580 8575
f 8584 6982 8580
f 8585 8574 8576
f 6944 8585 8576
f 6937 8574 8585
f 8584 8575 8572
f 8586 8584 8572
f 8586 6985 8584
f 8586 8572 6995
f 8586 6995 6993
f 8586 6993 6987
f 6994 6997 6992
f 6992 7000 6991
f 6991 7003 6990
f 6987 6993 6989
f 6988 6990 6986
f 8586 6987 6985
f 7023 6984 6986
f 8584 6985 6982
f 7023 6983 6984
f 7024 6981 6983
f 8580 6982 6980
f 7024 6977 6981
f 8581 6980 6979
f 6966 6979 6978
f 8587 6966 6978
f 6969 8587 6978
f 6971 6978 6975
f 7079 6976 6977
f 7079 6974 6976
f 1513 6974 7079
f 6970 6974 1513
f 6973 6974 6970
f 6971 6975 6972
f 6969 6978 6971
f 6967 8587 6969
f 6967 6966 8587
f 6965 8583 6966
f 6960 8583 6965
f 6968 6963 6964
f 6968 1522 6963
f 142 6963 1522
f 1522 153 142
f 153 147 142
f 1510 1522 6968
f 6961 139 6959
f 6946 6960 6957
f 6959 139 6958
f 6946 6957 6956
f 6951 6955 6950
f 6952 6943 6950
f 6946 6949 6948
f 6944 8576 6946
f 6943 6945 6947
f 8585 6944 6941
f 8585 6941 6940
f 8585 6940 8588
f 8588 6939 8585
f 8588 6940 6939
f 8585 6939 6938
f 6937 8585 6938
f 6937 6932 8574
f 6936 131 6935
f 6933 6932 6934
f 128 6925 6931
f 6924 6930 6927
f 6926 6929 6925
f 6925 128 6923
f 6924 6922 6932
f 8573 6922 6913
f 6919 8589 6913
f 6920 6921 6918
f 6919 6917 8589
f 8589 6917 6913
f 6918 126 6916
f 6915 6914 6913
f 6913 6910 8571
f 121 8590 6903
f 8590 6893 6903
f 8590 119 6893
f 6906 6910 6908
f 6907 6904 6905
f 6907 6903 6904
f 6899 6903 6893
f 6902 6901 6906
f 6901 6900 6996
f 6887 6900 6898
f 6892 6887 6898
f 6899 6893 6897
f 6896 6895 6898
f 6895 6894 6898
f 6894 6892 6898
f 6887 6892 6891
f 6887 6891 1339
f 6891 6890 1339
f 1337 1341 6889
f 6886 8566 6887
f 6886 6885 8566
f 8564 6885 6884
f 6882 8570 6884
f 6881 8570 6882
f 6881 6880 8570
f 6880 6878 6557
f 6878 8591 6557
f 6878 6875 8591
f 6877 6879 6876
f 6876 6883 6874
f 6559 8591 6875
f 6888 6872 6874
f 6871 6868 6873
f 6869 6870 6872
f 6869 8592 6821
f 8593 8592 6869
f 105 8593 6869
f 8594 8593 105
f 8594 6814 8593
f 6800 6814 8594
f 8593 6819 8592
f 6863 6873 6868
f 6820 6873 6863
f 6862 6867 6861
f 6823 6859 8595
f 6857 6823 8595
f 6861 6858 6860
f 6857 8595 6859
f 6812 6836 6858
f 6823 6857 6825
f 6824 6844 6561
f 6823 6822 6820
f 6819 6821 8592
f 6818 6873 6820
f 6814 6819 8593
f 6560 6873 6818
f 6817 6814 6816
f 6821 6815 6813
f 6803 6810 6814
f 6812 6858 6813
f 6812 6811 6836
f 6809 6851 6811
f 6809 6808 6856
f 6807 6805 8596
f 6807 8596 6663
f 8597 6663 8596
f 8597 8596 8598
f 8597 8598 6664
f 8596 8599 8598
f 6671 8598 8599
f 6671 8599 8600
f 8600 8601 6671
f 8601 8600 8602
f 8602 8603 8601
f 8604 8601 8603
f 8605 8604 8603
f 8605 8603 8606
f 8605 8606 8607
f 8608 8605 8607
f 8608 8607 8609
f 8608 8609 8610
f 8611 8608 8610
f 8611 8610 8612
f 8611 8612 8613
f 8614 8611 8613
f 8614 8613 8615
f 8616 8614 8615
f 8616 8615 8617
f 8618 8616 8617
f 8618 8617 8619
f 8620 8618 8619
f 8620 8619 8621
f 8622 8620 8621
f 8622 8621 8623
f 8624 8622 8623
f 8624 8623 8625
f 8626 8624 8625
f 8626 8625 8627
f 8626 8627 8628
f 8626 8628 8629
f 8630 8626 8629
f 8630 8629 8631
f 8632 8630 8631
f 8632 8631 8633
f 8634 8632 8633
f 8634 8633 8635
f 8636 8634 8635
f 8636 8635 8637
f 8638 8636 8637
f 8639 8638 8637
f 8639 8637 8640
f 8641 8639 8640
f 8641 8640 8642
f 8641 8642 8643
f 8644 8641 8643
f 8644 8643 8645
f 8644 8645 8646
f 8647 8644 8646
f 8647 8646 8648
f 6718 8647 8648
f 6718 8649 8647
f 8647 8649 8650
f 8650 8649 8651
f 8650 8651 8652
f 8650 8652 8653
f 8653 8654 8650
f 8655 8650 8654
f 8655 8654 8656
f 8656 8657 8655
f 8658 8655 8657
f 8658 8657 8659
f 8658 8659 8660
f 8658 8660 8661
f 8661 8662 8658
f 8663 8658 8662
f 8663 8662 8664
f 8663 8664 8665
f 8663 8665 8666
f 8666 8667 8663
f 8668 8663 8667
f 8636 8668 8667
f 8638 8663 8668
f 8667 8666 8669
f 8670 8667 8669
f 8671 8670 8669
f 8669 8672 8671
f 8673 8671 8672
f 8673 8672 8674
f 8673 8674 8675
f 8676 8673 8675
f 8677 8676 8675
f 8677 8675 8678
f 8677 8678 8679
f 8680 8679 8678
f 8680 8678 8681
f 8680 8681 8682
f 8680 8682 8683
f 8683 8682 8684
f 8684 8685 8683
f 8686 8683 8685
f 8685 8687 8686
f 8688 8686 8687
f 8689 8688 8687
f 8689 8687 8690
f 8689 8690 8691
f 8692 8689 8691
f 8693 8692 8691
f 8694 8693 8691
f 8694 8691 8695
f 8696 8694 8695
f 8697 8696 8695
f 8698 8697 8695
f 8699 8698 8695
f 8700 8699 8695
f 8700 8695 8701
f 8702 8700 8701
f 8703 8702 8701
f 8704 8703 8701
f 8705 8704 8701
f 8705 8701 8706
f 8707 8705 8706
f 8708 8707 8706
f 8708 8706 8709
f 8708 8709 8710
f 8708 8710 8711
f 8710 8712 8711
f 8711 8712 8713
f 8713 8714 8711
f 8715 8711 8714
f 8715 8714 8716
f 8715 8716 8717
f 8717 8718 8715
f 8719 8715 8718
f 8718 8720 8719
f 8721 8719 8720
f 8720 8722 8721
f 8723 8721 8722
f 8723 8722 8724
f 8723 8724 8725
f 8725 8726 8723
f 8727 8723 8726
f 8726 8728 8727
f 8729 8727 8728
f 8729 8728 8730
f 8731 8729 8730
f 8732 8731 8730
f 8733 8732 8730
f 8734 8733 8730
f 8735 8734 8730
f 8730 8736 8735
f 8735 8736 8737
f 8737 8738 8735
f 8735 8738 8733
f 8739 8733 8738
f 8699 8739 8738
f 8698 8738 8737
f 8740 8737 8736
f 8736 8741 8740
f 8742 8740 8741
f 8742 8741 8743
f 8743 8744 8742
f 8745 8742 8744
f 8746 8745 8744
f 8746 8747 8745
f 8746 8748 8747
f 8748 8742 8747
f 8742 8748 8749
f 8694 8742 8749
f 8750 8749 8748
f 8748 8751 8750
f 8750 8751 8752
f 8752 8751 8753
f 8753 8754 8752
f 8749 8752 8754
f 8693 8749 8754
f 8754 8753 8755
f 8692 8754 8755
f 8756 8755 8753
f 8755 8756 8688
f 8757 8688 8756
f 8757 8756 8758
f 8758 8683 8757
f 8751 8683 8758
f 8751 8679 8683
f 8676 8679 8751
f 8759 8676 8751
f 8759 8751 8746
f 8760 8759 8746
f 8760 8746 8730
f 8761 8760 8730
f 8761 8730 8762
f 8763 8761 8762
f 8763 8762 8764
f 8765 8763 8764
f 8765 8764 8766
f 8765 8766 8767
f 8765 8767 8768
f 8769 8768 8767
f 8769 8767 8770
f 8769 8770 8771
f 8770 8772 8771
f 8772 8773 8771
f 8773 8774 8771
f 8768 8771 8774
f 8768 8774 8775
f 8776 8768 8775
f 8776 8775 8777
f 8778 8776 8777
f 8778 8777 8779
f 8780 8778 8779
f 8780 8779 8781
f 8782 8780 8781
f 8782 8781 8783
f 8673 8782 8783
f 8759 8782 8673
f 8781 8784 8783
f 8784 8785 8783
f 8786 8783 8785
f 8785 8787 8786
f 8788 8786 8787
f 8632 8788 8787
f 8632 8787 8789
f 8786 8788 8790
f 8790 8788 8791
f 8783 8790 8791
f 8783 8791 8792
f 8783 8792 8671
f 8792 8793 8671
f 8794 8671 8793
f 8793 8788 8794
f 8794 8788 8670
f 8792 8788 8793
f 8791 8788 8792
f 8787 8785 8789
f 8783 8786 8790
f 8784 8789 8785
f 8795 8789 8784
f 8796 8789 8795
f 8781 8796 8795
f 8781 8797 8796
f 8781 8798 8797
f 8797 8798 8799
f 8799 8789 8797
f 8630 8789 8799
f 8630 8799 8800
f 8630 8800 8801
f 8800 8802 8801
f 8803 8801 8802
f 8802 8779 8803
f 8779 8802 8804
f 8779 8804 8805
f 8779 8805 8806
f 8779 8806 8807
f 8779 8807 8808
f 8807 8799 8808
f 8808 8799 8809
f 8809 8781 8808
f 8806 8799 8807
f 8806 8805 8800
f 8804 8800 8805
f 8810 8801 8803
f 8803 8777 8810
f 8810 8777 8811
f 8811 8777 8812
f 8811 8812 8813
f 8813 8801 8811
f 8626 8801 8813
f 8814 8813 8812
f 8815 8813 8814
f 8814 8777 8815
f 8816 8813 8815
f 8815 8775 8816
f 8816 8775 8817
f 8818 8816 8817
f 8817 8819 8818
f 8820 8818 8819
f 8819 8775 8820
f 8821 8818 8820
f 8820 8774 8821
f 8821 8774 8822
f 8821 8822 8823
f 8824 8823 8822
f 8825 8823 8824
f 8824 8826 8825
f 8825 8826 8827
f 8828 8825 8827
f 8827 8829 8828
f 8830 8828 8829
f 8829 8831 8830
f 8830 8831 8832
f 8833 8830 8832
f 8832 8834 8833
f 8835 8833 8834
f 8834 8836 8835
f 8835 8836 8837
f 8837 8836 8838
f 8837 8838 8839
f 8839 8833 8837
f 8614 8833 8839
f 8614 8839 8840
f 8840 8839 8841
f 8841 8842 8840
f 8843 8840 8842
f 8842 8844 8843
f 8843 8844 8845
f 8846 8843 8845
f 8846 8845 8847
f 8846 8847 8848
f 8848 8849 8846
f 8850 8846 8849
f 8849 8851 8850
f 8852 8850 8851
f 8851 8853 8852
f 8854 8852 8853
f 8854 8853 8855
f 8855 8856 8854
f 8857 8854 8856
f 8857 8856 8858
f 8857 8858 8859
f 8857 8859 8860
f 8857 8860 8861
f 8861 6675 8857
f 8862 8857 6675
f 8604 8857 8862
f 8604 8863 8857
f 8860 8864 8861
f 8861 8864 6676
f 8864 8860 8865
f 8865 8866 8864
f 8866 8867 8864
f 8867 6679 8864
f 8867 8868 6679
f 8867 8869 8868
f 8869 8870 8868
f 8868 8870 8871
f 8868 8871 8872
f 8868 8872 8873
f 8873 8874 8868
f 6682 8868 8874
f 8873 6684 8874
f 8872 6684 8873
f 8871 6684 8872
f 8875 6684 8871
f 8871 8870 8875
f 8875 8870 8876
f 6685 8875 8876
f 8876 8877 6685
f 8876 8870 8877
f 8878 8877 8870
f 8870 8879 8878
f 8878 8879 8880
f 8878 8880 6687
f 8881 6687 8880
f 8882 6687 8881
f 8881 8879 8882
f 8882 8879 8883
f 8884 8883 8879
f 8879 8885 8884
f 8886 8884 8885
f 8887 8886 8885
f 8888 8887 8885
f 8889 8888 8885
f 8890 8889 8885
f 8891 8890 8885
f 8892 8891 8885
f 8893 8892 8885
f 8894 8893 8885
f 8885 8895 8894
f 8896 8894 8895
f 8897 8896 8895
f 8898 8897 8895
f 8899 8898 8895
f 8900 8899 8895
f 8895 8901 8900
f 8902 8900 8901
f 8903 8902 8901
f 8901 8904 8903
f 8905 8903 8904
f 8906 8905 8904
f 8904 8907 8906
f 8908 8906 8907
f 8909 8908 8907
f 8910 8909 8907
f 8907 8911 8910
f 8912 8910 8911
f 8913 8912 8911
f 8914 8913 8911
f 8915 8914 8911
f 8911 8916 8915
f 8917 8915 8916
f 8918 8917 8916
f 8919 8918 8916
f 8920 8919 8916
f 8921 8920 8916
f 8916 8922 8921
f 8651 8921 8922
f 8923 8922 8916
f 8924 8923 8916
f 8925 8923 8924
f 8925 8924 8926
f 8925 8926 8927
f 8925 8927 8928
f 8929 8925 8928
f 8929 8928 8930
f 8681 8929 8930
f 8681 8931 8929
f 8929 8931 8923
f 8681 8932 8931
f 8931 8932 8933
f 8931 8933 8922
f 8933 8653 8922
f 8932 8934 8933
f 8934 8659 8933
f 8932 8678 8934
f 8678 8935 8934
f 8935 8662 8934
f 8662 8935 8672
f 8936 8930 8928
f 8930 8936 8937
f 8930 8937 8938
f 8930 8938 8939
f 8939 8940 8930
f 8941 8930 8940
f 8940 8942 8941
f 8943 8942 8940
f 8942 8943 8944
f 8944 8945 8942
f 8945 8930 8942
f 8946 8930 8945
f 8947 8946 8945
f 8946 8947 8948
f 8948 8949 8946
f 8949 8948 8950
f 8950 8951 8949
f 8949 8951 8952
f 8952 8930 8949
f 8682 8930 8952
f 8682 8952 8951
f 8951 8953 8682
f 8954 8682 8953
f 8955 8682 8954
f 8956 8955 8954
f 8954 8950 8956
f 8957 8956 8950
f 8957 8950 8958
f 8957 8958 8959
f 8960 8957 8959
f 8960 8959 8961
f 8960 8961 8690
f 8960 8690 8956
f 8961 8959 8691
f 8962 8691 8959
f 8962 8959 8963
f 8962 8963 8964
f 8965 8962 8964
f 8966 8965 8964
f 8966 8964 8967
f 8966 8967 8968
f 8968 8967 8969
f 8968 8969 8970
f 8968 8970 8971
f 8965 8968 8971
f 8965 8971 8972
f 8973 8965 8972
f 8974 8973 8972
f 8974 8972 8975
f 8976 8974 8975
f 8976 8975 8977
f 8976 8977 8978
f 8976 8978 8979
f 8976 8979 8980
f 8980 8979 8701
f 8979 8981 8701
f 8982 8701 8981
f 8983 8982 8981
f 8984 8983 8981
f 8985 8984 8981
f 8985 8978 8984
f 8984 8978 8986
f 8987 8984 8986
f 8987 8986 8988
f 8989 8987 8988
f 8989 8988 8990
f 8991 8989 8990
f 8991 8990 8992
f 8993 8991 8992
f 8993 8992 8994
f 8995 8993 8994
f 8996 8995 8994
f 8996 8994 8997
f 8998 8996 8997
f 8998 8997 8999
f 9000 8998 8999
f 9000 8999 9001
f 9002 9000 9001
f 9002 9001 9003
f 9004 9002 9003
f 9005 9004 9003
f 9005 9003 9006
f 9005 9006 9007
f 9008 9005 9007
f 9008 9007 8970
f 9008 9009 9005
f 9005 9009 9010
f 9010 9009 9011
f 9010 9011 9012
f 9010 9012 9013
f 9010 9013 9014
f 9004 9010 9014
f 9015 9004 9014
f 9015 9014 9016
f 9015 9016 9002
f 9016 9014 9017
f 9018 9016 9017
f 9018 9017 9019
f 9020 9018 9019
f 9020 9019 9021
f 9022 9020 9021
f 9022 9021 9023
f 9022 9023 9024
f 9022 9024 9025
f 8995 9022 9025
f 9026 8995 9025
f 9026 9025 9027
f 9026 9027 8993
f 9027 9025 9028
f 9029 9027 9028
f 9029 9028 9030
f 9031 9029 9030
f 9031 9030 9032
f 8983 9031 9032
f 8983 9032 8706
f 8987 9031 8983
f 9033 9032 9030
f 9034 9033 9030
f 9035 9034 9030
f 9036 9035 9030
f 9037 9036 9030
f 9038 9037 9030
f 9038 9039 9037
f 9037 9039 9040
f 9040 9039 9041
f 9040 9041 9042
f 9042 9043 9040
f 9044 9040 9043
f 9043 9045 9044
f 9046 9044 9045
f 9045 9047 9046
f 9048 9046 9047
f 9048 9047 9049
f 9048 9049 9050
f 9050 9051 9048
f 9052 9048 9051
f 9051 9053 9052
f 9054 9052 9053
f 9054 9053 9055
f 9054 9055 9056
f 9056 9057 9054
f 9058 9054 9057
f 9058 9057 9059
f 9059 9060 9058
f 8712 9058 9060
f 8712 9060 9061
f 9061 9060 8766
f 9062 9058 8712
f 9063 9058 9062
f 9063 9062 9032
f 9064 9063 9032
f 9064 9054 9063
f 9062 8710 9032
f 9060 9059 8766
f 9059 9057 8766
f 9063 9054 9058
f 9057 9056 8766
f 9056 9055 8766
f 9065 8766 9055
f 9055 9053 9065
f 9064 9052 9054
f 9033 9052 9064
f 9053 9051 9065
f 9033 9048 9052
f 9051 9050 9065
f 9050 9049 9065
f 9066 9065 9049
f 9067 9065 9066
f 9068 9067 9066
f 9068 9066 9069
f 9070 9068 9069
f 9070 9069 9071
f 9072 9070 9071
f 9072 9071 9073
f 9074 9072 9073
f 9074 9073 9075
f 9074 9075 9076
f 9074 9076 9077
f 9078 9077 9076
f 9078 9076 9079
f 9078 9079 9080
f 9079 8867 9080
f 9081 8867 9079
f 9081 9079 9082
f 9081 9082 9083
f 9084 9081 9083
f 9084 9083 9085
f 9086 9084 9085
f 9086 9085 9087
f 9088 9086 9087
f 9088 9087 9089
f 9090 9088 9089
f 9090 9089 9091
f 9090 9091 9092
f 9090 9092 9093
f 9094 9093 9092
f 9094 9092 9095
f 9094 9095 9096
f 9095 9097 9096
f 9097 9098 9096
f 9098 8901 9096
f 9093 9096 8901
f 9097 8904 9098
f 8926 9097 9095
f 8926 9095 9099
f 9095 9092 9099
f 9094 9096 9093
f 9099 9092 9091
f 9091 9100 9099
f 9101 9099 9100
f 9100 9102 9101
f 9103 9101 9102
f 9104 9103 9102
f 9104 9102 9105
f 9011 9104 9105
f 9011 9105 9106
f 9011 9106 9107
f 9011 9107 9108
f 9109 9011 9108
f 9110 9109 9108
f 9110 9108 9111
f 9110 9111 9112
f 9110 9112 9012
f 9112 9113 9012
f 9017 9012 9113
f 9017 9113 9114
f 9017 9114 9115
f 9017 9115 9116
f 9017 9116 9117
f 9116 9118 9117
f 9117 9118 9119
f 9117 9119 9120
f 9019 9117 9120
f 9019 9120 9121
f 9019 9121 9122
f 9019 9122 9123
f 9019 9123 9124
f 9123 9125 9124
f 9124 9125 9126
f 9124 9126 9127
f 9021 9124 9127
f 9021 9127 9128
f 9021 9128 9129
f 9021 9129 9130
f 9021 9130 9131
f 9132 9131 9130
f 9132 9130 9133
f 9132 9133 9134
f 9132 9134 9135
f 9132 9135 9023
f 9135 9136 9023
f 9136 9028 9023
f 9136 9137 9028
f 9137 9138 9028
f 9138 9139 9028
f 9139 9038 9028
f 9139 9140 9038
f 9139 9141 9140
f 9140 9141 9142
f 9142 9143 9140
f 9039 9140 9143
f 9039 9143 9144
f 9144 9143 9071
f 9143 9142 9071
f 9142 9145 9071
f 9145 9146 9071
f 9147 9071 9146
f 9147 9146 9148
f 9147 9148 9149
f 9149 9150 9147
f 9147 9150 9073
f 9150 9151 9073
f 9152 9073 9151
f 9149 9152 9151
f 9149 9153 9152
f 9149 9154 9153
f 9073 9153 9154
f 9073 9154 9155
f 9073 9155 9156
f 9073 9156 9157
f 9073 9157 9158
f 9073 9158 9159
f 9160 9159 9158
f 9158 9161 9160
f 9160 9161 9162
f 9075 9160 9162
f 9075 9162 9163
f 9075 9163 9082
f 9164 9082 9163
f 9163 9165 9164
f 9166 9164 9165
f 9128 9166 9165
f 9164 9166 9167
f 9126 9167 9166
f 9167 9126 9168
f 9082 9167 9168
f 9082 9168 9169
f 9082 9169 9170
f 9169 9125 9170
f 9170 9125 9171
f 9170 9171 9083
f 9172 9083 9171
f 9083 9172 9173
f 9172 9174 9173
f 9175 9173 9174
f 9174 9176 9175
f 9177 9175 9176
f 9176 9178 9177
f 9177 9178 9179
f 9177 9179 9085
f 9179 9180 9085
f 9181 9085 9180
f 9180 9178 9181
f 9182 9181 9178
f 9178 9183 9182
f 9184 9182 9183
f 9183 9119 9184
f 9185 9184 9119
f 9185 9085 9184
f 9186 9085 9185
f 9186 9185 9118
f 9118 9187 9186
f 9187 9087 9186
f 9188 9087 9187
f 9187 9189 9188
f 9188 9189 9190
f 9191 9190 9189
f 9189 9192 9191
f 9191 9192 9193
f 9193 9089 9191
f 9194 9089 9193
f 9195 9089 9194
f 9195 9194 9196
f 9196 9197 9195
f 9198 9195 9197
f 9197 9111 9198
f 9198 9111 9199
f 9199 9089 9198
f 9200 9089 9199
f 9201 9089 9200
f 9201 9200 9111
f 9111 9202 9201
f 9201 9202 9203
f 9204 9203 9202
f 9107 9204 9202
f 9203 9204 9205
f 9205 9089 9203
f 9206 9205 9204
f 9204 9207 9206
f 9206 9207 9208
f 9208 9091 9206
f 9209 9091 9208
f 9209 9208 9207
f 9207 9102 9209
f 9106 9207 9204
f 9206 9091 9205
f 9203 9089 9201
f 9199 9111 9200
f 9113 9197 9196
f 9192 9196 9194
f 9114 9196 9192
f 9198 9089 9195
f 9194 9193 9192
f 9115 9192 9189
f 9191 9087 9190
f 9190 9087 9188
f 9118 9189 9187
f 9184 9085 9182
f 9120 9183 9178
f 9182 9085 9181
f 9179 9178 9180
f 9121 9178 9176
f 9175 9177 9085
f 9122 9176 9174
f 9173 9175 9085
f 9125 9174 9172
f 9172 9171 9125
f 9168 9126 9169
f 9082 9164 9167
f 9162 9165 9163
f 9165 9162 9161
f 9129 9165 9161
f 9075 9159 9160
f 9161 9158 9157
f 9157 9133 9161
f 9133 9157 9156
f 9134 9156 9155
f 9155 9210 9134
f 9210 9155 9154
f 9154 9149 9210
f 9136 9210 9149
f 9073 9152 9153
f 9149 9151 9150
f 9137 9149 9148
f 9141 9148 9146
f 9138 9148 9141
f 9141 9146 9145
f 9145 9142 9141
f 9138 9141 9139
f 9137 9148 9138
f 9136 9149 9137
f 9135 9210 9136
f 9135 9134 9210
f 9156 9134 9133
f 9130 9161 9133
f 9132 9023 9131
f 9129 9161 9130
f 9128 9165 9129
f 9127 9166 9128
f 9127 9126 9166
f 9125 9169 9126
f 9123 9174 9125
f 9122 9174 9123
f 9121 9176 9122
f 9120 9178 9121
f 9120 9119 9183
f 9119 9118 9185
f 9116 9189 9118
f 9115 9189 9116
f 9114 9192 9115
f 9113 9196 9114
f 9112 9197 9113
f 9112 9111 9197
f 9108 9202 9111
f 9110 9012 9109
f 9107 9202 9108
f 9106 9204 9107
f 9105 9207 9106
f 9011 9211 9104
f 9211 9212 9104
f 9211 9213 9212
f 9213 9214 9212
f 9212 9214 9103
f 9103 9214 9215
f 9215 9216 9103
f 9215 9099 9216
f 9217 9099 9215
f 9099 9217 8927
f 9218 8927 9217
f 9217 9214 9218
f 9218 9214 9219
f 9220 9219 9214
f 9214 9221 9220
f 9220 9221 9222
f 9222 8927 9220
f 9223 8927 9222
f 9224 8927 9223
f 9224 9223 9225
f 9225 9226 9224
f 9224 9226 9227
f 9228 9227 9226
f 9226 9229 9228
f 9230 9228 9229
f 9229 8937 9230
f 9230 8927 9228
f 8936 8927 9230
f 9231 9229 9226
f 9232 9229 9231
f 9211 9232 9231
f 9211 9231 9233
f 9231 9225 9233
f 9233 9225 9221
f 9233 9221 9213
f 9211 9234 9232
f 9234 9235 9232
f 9235 8943 9232
f 9234 9236 9235
f 9236 8944 9235
f 9236 8947 8944
f 9237 8947 9236
f 9234 9237 9236
f 9234 8958 9237
f 8958 8948 9237
f 9238 9234 9211
f 9009 9238 9211
f 9238 8967 9234
f 9232 8943 9229
f 9229 8943 8938
f 9228 8927 9227
f 9231 9226 9225
f 9221 9225 9223
f 9227 8927 9224
f 9223 9222 9221
f 9220 8927 9219
f 9219 8927 9218
f 9215 9214 9217
f 9213 9221 9214
f 9211 9233 9213
f 9105 9102 9207
f 9212 9103 9104
f 9101 9103 9216
f 9209 9102 9100
f 9216 9099 9101
f 9100 9091 9209
f 9089 9205 9091
f 9090 9093 9088
f 9088 9093 9239
f 9088 9239 9240
f 9240 9239 8885
f 9239 9093 8895
f 9087 9191 9089
f 9088 9240 9086
f 9086 9240 9241
f 9241 9240 8879
f 9085 9186 9087
f 9086 9241 9084
f 9084 9241 8869
f 9083 9173 9085
f 9084 8869 9081
f 9082 9170 9083
f 9079 9076 9082
f 9078 9080 9077
f 9077 9080 8865
f 9077 8865 9242
f 9243 9077 9242
f 9243 9242 8851
f 9244 9243 8851
f 9244 8851 8844
f 9245 9244 8844
f 9245 8844 9246
f 9247 9245 9246
f 9247 9246 8836
f 8772 9247 8836
f 8772 8836 8831
f 8772 8831 8826
f 9067 9247 8772
f 9246 9248 8836
f 9248 9246 8841
f 9068 9245 9247
f 9070 9244 9245
f 9072 9243 9244
f 8851 9242 8855
f 9072 9077 9243
f 9242 8865 8859
f 9076 9075 9082
f 9159 9075 9073
f 9074 9077 9072
f 9071 9147 9073
f 9072 9244 9070
f 9069 9144 9071
f 9070 9245 9068
f 9069 9066 9144
f 9041 9144 9066
f 9068 9247 9067
f 9067 8770 9065
f 9049 9047 9066
f 9034 9046 9048
f 9047 9045 9066
f 9035 9044 9046
f 9045 9043 9066
f 9036 9040 9044
f 9043 9042 9066
f 9042 9041 9066
f 9144 9041 9039
f 9038 9140 9039
f 9037 9040 9036
f 9036 9044 9035
f 9035 9046 9034
f 9034 9048 9033
f 9033 9064 9032
f 8989 9029 9031
f 9038 9030 9028
f 8991 9027 9029
f 9025 9024 9028
f 9024 9023 9028
f 9021 9131 9023
f 8996 9020 9022
f 9021 9019 9124
f 8998 9018 9020
f 9019 9017 9117
f 9000 9016 9018
f 9017 9014 9013
f 9017 9013 9012
f 9109 9012 9011
f 9009 9211 9011
f 9008 9238 9009
f 8969 9238 9008
f 9003 9007 9006
f 9005 9010 9004
f 9015 9002 9004
f 9001 9007 9003
f 9249 9007 9001
f 9007 9249 9250
f 9250 8971 9007
f 9251 9250 9249
f 9249 8994 9251
f 8990 9251 8994
f 9251 8990 8986
f 8986 8977 9251
f 9250 9251 8977
f 9002 9016 9000
f 9001 8999 9249
f 9000 9018 8998
f 8997 9249 8999
f 8998 9020 8996
f 8994 9249 8997
f 8996 9022 8995
f 9026 8993 8995
f 8993 9027 8991
f 8994 8992 8990
f 8991 9029 8989
f 8989 9031 8987
f 8986 8990 8988
f 8987 8983 8984
f 8983 8706 8982
f 8985 8981 8979
f 8985 8979 8978
f 8978 8977 8986
f 8977 8975 9250
f 8976 8980 8974
f 8974 8980 9252
f 9252 8980 8695
f 8972 9250 8975
f 8974 9252 8973
f 8973 9252 8962
f 8971 9250 8972
f 8970 9007 8971
f 8969 9008 8970
f 8969 8967 9238
f 8967 8964 9234
f 8966 8968 8965
f 8973 8962 8965
f 9234 8964 8963
f 9234 8963 8959
f 8962 9252 8691
f 9234 8959 8958
f 8960 8956 8957
f 8955 8956 8687
f 8951 8954 8953
f 8950 8954 8951
f 8958 8950 8948
f 9237 8948 8947
f 8949 8930 8946
f 8945 8944 8947
f 9235 8944 8943
f 8942 8930 8941
f 8943 8940 8939
f 8939 8938 8943
f 9229 8938 8937
f 9230 8937 8936
f 8927 8936 8928
f 8926 9099 8927
f 8926 8924 9097
f 9097 8924 8911
f 8929 8923 8925
f 8923 8931 8922
f 8920 8921 8649
f 8649 8919 8920
f 8649 9253 8919
f 8919 9253 8918
f 8917 8918 9253
f 9253 8915 8917
f 8924 8916 8911
f 9253 8914 8915
f 8914 9253 9254
f 6718 9254 9253
f 9254 8913 8914
f 9254 8912 8913
f 9254 6716 8912
f 8912 6716 8910
f 9097 8911 8907
f 8909 8910 6716
f 6716 8908 8909
f 8906 8908 6715
f 9097 8907 8904
f 6715 8905 8906
f 6715 8903 8905
f 9098 8904 8901
f 6715 8902 8903
f 6715 6704 8902
f 8900 8902 6704
f 9093 8901 8895
f 6704 8899 8900
f 6704 8898 8899
f 8898 6702 8897
f 8897 6701 8896
f 8896 6701 8894
f 9239 8895 8885
f 8894 6701 8893
f 8892 8893 6701
f 6701 8891 8892
f 8891 6700 8890
f 8889 8890 6700
f 6700 8888 8889
f 6700 8887 8888
f 6700 6688 8887
f 8887 6688 8886
f 8886 6688 8884
f 9240 8885 8879
f 8883 8884 6688
f 8883 6687 8882
f 8880 8879 8881
f 9241 8879 8870
f 6687 8877 8878
f 8869 9241 8870
f 9081 8869 8867
f 8866 9080 8867
f 8865 9080 8866
f 8859 8865 8860
f 9242 8859 8858
f 9242 8858 8856
f 8854 8857 8863
f 8605 8854 8863
f 8605 9255 8854
f 8846 8854 9255
f 8608 8846 9255
f 8608 9256 8846
f 8840 8846 9256
f 8611 8840 9256
f 8856 8855 9242
f 8851 8855 8853
f 8854 8850 8852
f 8854 8846 8850
f 8848 8851 8849
f 8847 8851 8848
f 8845 8851 8847
f 8844 8851 8845
f 8844 8842 9246
f 8846 8840 8843
f 8841 9246 8842
f 8841 8839 9248
f 9248 8839 8838
f 8838 8836 9248
f 8837 8833 8835
f 8832 8836 8834
f 8836 8832 8831
f 8833 8828 8830
f 8618 8828 8833
f 8827 8831 8829
f 8831 8827 8826
f 8826 8824 8774
f 8828 8823 8825
f 8620 8823 8828
f 8822 8774 8824
f 8823 8818 8821
f 8622 8818 8823
f 8817 8775 8819
f 8818 8813 8816
f 8624 8813 8818
f 8812 8777 8814
f 8811 8801 8810
f 8802 8800 8804
f 8800 8799 8806
f 8809 8799 8798
f 8781 8809 8798
f 8797 8789 8796
f 8781 8795 8784
f 8760 8780 8782
f 8779 8808 8781
f 8761 8778 8780
f 8777 8803 8779
f 8763 8776 8778
f 8775 8815 8777
f 8763 8768 8776
f 8774 8820 8775
f 8773 8826 8774
f 8772 8826 8773
f 9067 8772 8770
f 8770 8767 9065
f 8769 8771 8768
f 9065 8767 8766
f 8766 8764 9061
f 8713 9061 8764
f 8765 8768 8763
f 8764 8762 8724
f 8763 8778 8761
f 8761 8780 8760
f 8730 8746 8743
f 8760 8782 8759
f 8751 8758 8756
f 8756 8753 8751
f 8752 8749 8750
f 8746 8751 8748
f 8747 8742 8745
f 8744 8743 8746
f 8730 8743 8741
f 8696 8740 8742
f 8697 8737 8740
f 8730 8741 8736
f 8735 8733 8734
f 8733 8739 8732
f 8732 8739 8731
f 8729 8731 8739
f 8762 8730 8728
f 8739 8727 8729
f 8700 8727 8739
f 8728 8726 8762
f 8702 8723 8727
f 8726 8725 8762
f 8725 8724 8762
f 8724 8722 8764
f 8703 8721 8723
f 8722 8720 8764
f 8704 8719 8721
f 8720 8718 8764
f 8705 8715 8719
f 8718 8717 8764
f 8717 8716 8764
f 8716 8714 8764
f 8707 8711 8715
f 8714 8713 8764
f 9061 8713 8712
f 9062 8712 8710
f 8710 8709 9032
f 8709 8706 9032
f 8708 8711 8707
f 8707 8715 8705
f 8982 8706 8701
f 8705 8719 8704
f 8704 8721 8703
f 8703 8723 8702
f 8702 8727 8700
f 8980 8701 8695
f 8700 8739 8699
f 8699 8738 8698
f 8698 8737 8697
f 8697 8740 8696
f 8696 8742 8694
f 9252 8695 8691
f 8694 8749 8693
f 8693 8754 8692
f 8692 8755 8689
f 8690 8961 8691
f 8690 8687 8956
f 8689 8755 8688
f 8686 8688 8757
f 8687 8685 8955
f 8757 8683 8686
f 8684 8955 8685
f 8684 8682 8955
f 8681 8930 8682
f 8681 8678 8932
f 8680 8683 8679
f 8678 8675 8935
f 8677 8679 8676
f 8759 8673 8676
f 8674 8935 8675
f 8674 8672 8935
f 8673 8783 8671
f 8671 8794 8670
f 8667 8670 8788
f 8634 8667 8788
f 8672 8669 8666
f 8672 8666 8665
f 8672 8665 8664
f 8672 8664 8662
f 8658 8663 9257
f 8641 8658 9257
f 8641 9258 8658
f 8641 8655 9258
f 8639 9257 8663
f 8661 8934 8662
f 8934 8661 8660
f 8934 8660 8659
f 8657 8933 8659
f 8655 8658 9258
f 8933 8657 8656
f 8933 8656 8654
f 8644 8650 8655
f 8933 8654 8653
f 8653 8652 8922
f 8652 8651 8922
f 8651 8649 8921
f 6718 9253 8649
f 6730 8648 8646
f 8646 9259 6730
f 8647 8650 8644
f 9259 8646 8645
f 9259 8645 8643
f 8643 9260 9259
f 6731 9259 9260
f 8644 8655 8641
f 8643 8642 9260
f 9261 9260 8642
f 6736 9260 9261
f 8642 8640 9261
f 9262 9261 8640
f 6738 9261 9262
f 8641 9257 8639
f 9262 8640 8637
f 8637 9263 9262
f 6741 9262 9263
f 8637 9264 9263
f 6744 9263 9264
f 6744 9264 9265
f 9266 6744 9265
f 9266 9265 9267
f 9266 9267 6745
f 6745 9267 6751
f 9265 8633 9267
f 9267 8633 6752
f 8635 9265 9264
f 8639 8663 8638
f 8638 8668 8636
f 9264 8637 8635
f 8636 8667 8634
f 8633 9265 8635
f 8634 8788 8632
f 8631 6753 8633
f 8632 8789 8630
f 8629 6755 8631
f 6755 8629 9268
f 8630 8801 8626
f 8628 9268 8629
f 9268 8628 9269
f 6759 9268 9269
f 6759 9269 6762
f 6762 9269 9270
f 6762 9270 9271
f 9270 8625 9271
f 9269 8628 9270
f 8627 9270 8628
f 8625 9270 8627
f 8626 8813 8624
f 8623 9271 8625
f 9271 8623 9272
f 6764 9271 9272
f 6764 9272 9273
f 9273 9272 9274
f 9273 9274 9275
f 9273 9275 6768
f 9275 9274 9276
f 9275 9276 9277
f 9275 9277 6769
f 9277 9278 6769
f 9277 9279 9278
f 9279 9280 9278
f 9278 9280 9281
f 9278 9281 6770
f 6770 9281 3274
f 9280 9282 9281
f 9283 9281 9282
f 9284 9283 9282
f 9284 9282 9285
f 9284 9285 9286
f 9287 9284 9286
f 9287 9286 9288
f 6789 9287 9288
f 6789 9288 9289
f 9288 9290 9289
f 9289 9290 9291
f 9289 9291 9292
f 6792 9289 9292
f 9292 9291 9293
f 9292 9293 9294
f 9292 9294 9295
f 6795 9292 9295
f 9295 9294 9296
f 9295 9296 9297
f 6799 9295 9297
f 9297 9296 8602
f 9297 8602 9298
f 6801 9297 9298
f 8606 9296 9294
f 8607 9294 9293
f 9293 9291 8609
f 8612 9291 9290
f 9288 9299 9290
f 9290 9299 8613
f 9300 8613 9299
f 9286 9300 9299
f 9286 9301 9300
f 9302 9300 9301
f 9285 9302 9301
f 9303 9302 9285
f 9303 9304 9302
f 9305 9302 9304
f 9305 9304 9306
f 9279 9305 9306
f 9307 9279 9306
f 9307 9308 9279
f 9307 9304 9308
f 9279 9309 9305
f 9276 9305 9309
f 9276 8619 9305
f 9307 9306 9304
f 9302 9305 8617
f 9308 9304 9303
f 9308 9303 9282
f 9300 9302 8615
f 9286 9299 9288
f 9310 9284 9287
f 6788 9310 9287
f 6788 6781 9310
f 9310 9311 9284
f 9310 5336 9311
f 9285 9301 9286
f 9303 9285 9282
f 9284 9311 9283
f 9283 9311 9281
f 9281 9311 5328
f 9308 9282 9280
f 9279 9308 9280
f 9277 9309 9279
f 9277 9276 9309
f 9272 9276 9274
f 9272 8621 9276
f 8624 8818 8622
f 8621 9272 8623
f 8622 8823 8620
f 8619 9276 8621
f 8620 8828 8618
f 8617 9305 8619
f 8618 8833 8616
f 8617 8615 9302
f 8616 8833 8614
f 8615 8613 9300
f 8614 8840 8611
f 9290 8613 8612
f 9291 8612 8610
f 8611 9256 8608
f 8610 8609 9291
f 9293 8609 8607
f 8608 9255 8605
f 9294 8607 8606
f 9296 8606 8603
f 8605 8863 8604
f 8604 8862 8601
f 8862 6672 8601
f 8603 8602 9296
f 9298 8602 8600
f 9298 8600 9312
f 6802 9298 9312
f 9312 8600 8596
f 6804 9312 8596
f 8596 8600 8599
f 6806 6810 6803
f 6805 6804 8596
f 6804 6802 9312
f 6803 6814 6800
f 6802 6801 9298
f 6801 6799 9297
f 6800 8594 6798
f 6798 8594 9313
f 9313 8594 104
f 9313 104 9314
f 9313 9314 9315
f 9313 9315 9316
f 6796 9313 9316
f 9317 9316 9315
f 9317 9315 9318
f 9317 9318 1372
f 9317 1372 9319
f 9317 9319 9320
f 9317 9320 9321
f 9317 9321 9322
f 9322 9321 9323
f 9322 9323 9324
f 9322 9324 5356
f 9322 5356 9316
f 6794 9316 5356
f 6794 5356 5353
f 9324 5353 5356
f 9324 9325 5353
f 9325 9326 5353
f 5353 9326 9327
f 9328 5353 9327
f 9327 6785 9328
f 6791 9328 6785
f 6791 5353 9328
f 9327 9326 6785
f 9329 9326 9325
f 9329 9325 9330
f 9329 9330 9331
f 9332 9331 9330
f 9332 9330 9333
f 9332 9333 9334
f 9332 9334 9335
f 9332 9335 9336
f 9332 9336 9337
f 9332 9337 9338
f 9337 9339 9338
f 6780 9338 9339
f 9337 9340 9339
f 9340 9341 9339
f 6778 9339 9341
f 9340 9342 9341
f 9342 9343 9341
f 9343 9344 9341
f 6776 9341 9344
f 9343 9345 9344
f 9345 9346 9344
f 6773 9344 9346
f 9345 9347 9346
f 9347 9348 9346
f 9348 9349 9346
f 6772 9346 9349
f 9349 9350 6772
f 9349 820 9350
f 820 9349 9351
f 9351 9349 9348
f 9351 9348 9347
f 9351 9347 1049
f 9352 1049 9347
f 9352 9347 9345
f 9352 9345 1052
f 9343 9353 9345
f 9345 9353 1057
f 9343 9354 9353
f 9353 9354 1059
f 9354 9355 1059
f 9342 9355 9354
f 9342 9354 9343
f 9340 9355 9342
f 9340 9356 9355
f 9355 9356 1067
f 9337 9356 9340
f 9337 9336 9356
f 9356 9336 1071
f 9336 9335 1074
f 9334 9357 9335
f 9335 9357 1076
f 9358 9357 9334
f 9358 9334 9359
f 9323 9359 9334
f 9360 9323 9334
f 9360 9334 9330
f 9358 9359 9357
f 9359 1078 9357
f 9361 1078 9359
f 9321 9361 9359
f 9334 9333 9330
f 9332 9338 9331
f 6783 9331 9338
f 9326 9331 6783
f 9325 9360 9330
f 9329 9331 9326
f 9324 9360 9325
f 9324 9323 9360
f 9323 9321 9359
f 9321 9320 9361
f 9320 9362 9361
f 9362 1079 9361
f 9320 9363 9362
f 9362 9363 9364
f 9362 9364 1085
f 9362 1085 1080
f 9364 9363 1086
f 9365 1086 9363
f 9365 9319 1086
f 9366 1086 9319
f 9366 9319 101
f 98 9366 101
f 98 1087 9366
f 9319 9367 101
f 9319 9368 9367
f 9367 9368 103
f 1372 103 9368
f 9365 9363 9320
f 9365 9320 9319
f 9319 1372 9368
f 1372 9318 9314
f 9317 9322 9316
f 9315 9314 9318
f 104 1372 9314
f 6799 6797 9295
f 6798 9313 6796
f 6797 6795 9295
f 6796 9316 6794
f 6795 6793 9292
f 6794 5353 6791
f 6793 6792 9292
f 6792 6790 9289
f 6790 6789 9289
f 6788 9287 6789
f 6791 6785 6787
f 9326 6783 6785
f 6784 6782 6786
f 6783 9338 6780
f 6788 6782 6781
f 9310 6781 6779
f 6780 9339 6778
f 9310 6779 5336
f 6778 9341 6776
f 5336 6777 9311
f 6777 5328 9311
f 6776 9344 6773
f 5328 6775 9281
f 6775 3274 9281
f 3274 6774 6770
f 6773 9346 6772
f 9350 819 6772
f 6774 888 6770
f 6769 9278 6770
f 9275 6769 6768
f 9273 6768 6766
f 6764 9273 6766
f 6762 9271 6764
f 6759 6762 6760
f 6756 9268 6759
f 6756 6755 9268
f 6753 8631 6755
f 6752 8633 6753
f 6751 9267 6752
f 6750 6754 6749
f 6751 6748 6746
f 6745 6751 6746
f 9266 6745 6744
f 6741 9263 6744
f 794 6742 6743
f 792 6740 6742
f 6738 9262 6741
f 790 6739 6740
f 788 6737 6739
f 6736 9261 6738
f 786 6735 6737
f 6731 9260 6736
f 786 6734 6735
f 784 6733 6734
f 781 6732 6733
f 6732 780 6729
f 6731 6730 9259
f 6730 6728 8648
f 6719 8648 6728
f 6728 6725 6719
f 6723 6719 6725
f 6727 6722 6724
f 6727 6721 6722
f 6727 9369 6721
f 6711 6721 9369
f 6711 9369 9370
f 6643 6711 9370
f 9371 6643 9370
f 9371 9370 9369
f 9371 9369 6642
f 6642 9369 6727
f 6720 6719 6723
f 6718 8648 6719
f 6718 6716 9254
f 6716 6715 8908
f 6714 6717 6713
f 6721 6711 6713
f 6712 6708 6706
f 6705 6712 6706
f 6705 6704 6715
f 6704 6702 8898
f 6701 8897 6702
f 6701 6700 8891
f 6699 6703 6698
f 6696 6698 6707
f 6689 6697 6695
f 6652 6694 6696
f 6689 6695 6692
f 6652 6693 6694
f 6689 6692 6690
f 6689 6688 6700
f 6688 6687 8883
f 6687 6685 8877
f 6685 6684 8875
f 6683 8874 6684
f 8874 6683 6682
f 6679 8868 6682
f 6681 6673 6680
f 8864 6679 6677
f 6680 6673 6678
f 6677 6676 8864
f 6675 8861 6676
f 8862 6675 6674
f 8862 6674 6672
f 6672 6671 8601
f 6666 8598 6671
f 6670 6673 6669
f 6669 6686 6668
f 6667 6668 6691
f 6657 6667 6691
f 8598 6666 6664
f 8597 6664 6663
f 6807 6663 6662
f 6808 6662 6660
f 6661 6665 6659
f 6853 6660 6658
f 6659 6667 6657
f 6854 6658 6656
f 6657 6691 6654
f 6854 6656 6655
f 9372 6854 6655
f 6621 6854 9372
f 9372 6655 6653
f 6629 9372 6653
f 6654 6693 6652
f 6629 6653 6651
f 6652 6696 6649
f 6630 6651 6650
f 6632 6650 6648
f 6649 6709 6647
f 6634 6648 6646
f 6647 6710 6644
f 6636 6646 6645
f 6644 6711 6643
f 9371 6642 6643
f 6642 6727 6640
f 6638 6645 6641
f 6639 3787 6637
f 6638 6636 6645
f 6637 3789 6635
f 6636 6634 6646
f 6635 3791 6633
f 6634 6632 6648
f 6633 3793 6631
f 6632 6630 6650
f 6631 3795 6628
f 6630 6629 6651
f 6624 9372 6629
f 4045 6623 6625
f 6589 6623 4045
f 6624 6621 9372
f 6589 6622 6623
f 6592 6619 6622
f 6621 6620 6854
f 6618 6617 6620
f 6848 6617 6616
f 6614 6613 6616
f 6612 6616 6613
f 6612 6611 6850
f 6611 6610 6842
f 6571 6610 6609
f 6608 6615 6607
f 6607 6603 6606
f 6604 6600 6605
f 6600 6604 6602
f 6603 6619 6592
f 6600 6602 6601
f 6600 6598 6609
f 6598 6573 6609
f 6597 6584 6598
f 6598 6584 6575
f 6599 6592 6596
f 6594 6597 6595
f 6597 6594 6593
f 6597 6593 6591
f 6592 6622 6590
f 6585 6597 6591
f 6590 6622 6589
f 6585 6584 6597
f 6578 9373 6584
f 6584 9373 6576
f 6580 6543 6579
f 6574 6579 6543
f 6578 6576 9373
f 6577 6579 6574
f 6584 6576 6575
f 6598 6575 6573
f 6573 6571 6609
f 6571 6569 6610
f 6569 6566 6843
f 6566 6563 6844
f 6565 6567 6564
f 6564 6567 6551
f 6564 6551 6558
f 6563 6562 6844
f 6562 6561 6844
f 6815 6561 6560
f 6873 6560 6559
f 6559 6557 8591
f 8569 6557 6556
f 8562 6556 6554
f 6555 6558 6553
f 8561 6554 6552
f 6553 6558 6551
f 6552 6550 8560
f 6538 8560 6550
f 6567 6549 6551
f 6538 6550 6548
f 9374 6538 6548
f 9375 9374 6548
f 6539 9374 9375
f 6539 9375 9376
f 6539 9376 9377
f 9377 9376 6545
f 9376 9375 6545
f 6568 6547 6549
f 9375 6548 6545
f 6570 6546 6547
f 6572 6544 6546
f 9377 6545 6542
f 6574 6543 6544
f 6540 9377 6542
f 6539 9377 6540
f 6539 6538 9374
f 6538 6536 8560
f 6537 3998 6535
f 6534 7006 6536
f 6535 3998 6531
f 6534 6533 7006
f 6532 7011 6533
f 6531 3998 6530
f 3998 9378 6530
f 9378 3997 6530
f 6532 6529 6528
f 6527 7015 6528
f 7035 6527 6518
f 9379 6525 6526
f 6221 9379 6526
f 9380 6221 6526
f 6224 9380 6526
f 6224 6526 9381
f 6223 9381 6526
f 6220 6223 6526
f 9382 6220 6526
f 3994 9382 6526
f 9383 6220 9382
f 6221 9383 9382
f 9382 3992 6221
f 9383 6221 9381
f 6220 9383 9381
f 6220 9381 6223
f 9380 6224 9381
f 6221 9380 9381
f 9379 6221 9384
f 6519 9384 6221
f 6519 6221 6521
f 6521 9385 6519
f 9385 6521 6523
f 6523 6226 9385
f 6226 6442 9385
f 6226 6523 6525
f 6521 6525 6523
f 6521 6221 6525
f 9384 6519 6523
f 6525 9379 9384
f 6524 6525 9384
f 6523 6524 9384
f 6522 6523 6520
f 6521 6522 6520
f 6519 6520 6523
f 6519 9385 6442
f 7035 6518 6440
f 7035 6440 6439
f 6423 6438 6414
f 6437 7226 6439
f 6437 6436 7210
f 7175 6436 6435
f 7174 6435 6433
f 6433 6432 7174
f 7262 6432 6431
f 7262 6431 6426
f 6431 6430 6427
f 4652 6430 6429
f 6428 4652 7296
f 4652 6427 6430
f 6426 6431 6427
f 7262 6426 6422
f 6425 6434 6424
f 6424 6438 6423
f 6421 7239 6422
f 6420 7244 6421
f 7238 6420 6419
f 6419 6418 7238
f 6417 7235 6418
f 6423 6414 6416
f 6417 6415 6411
f 6414 6441 6413
f 6413 6409 6412
f 7236 6411 6410
f 7228 6410 6400
f 6444 6401 6409
f 6398 6397 6400
f 6397 4513 6400
f 6396 7355 6397
f 6396 6395 6337
f 6395 6394 7329
f 6392 8535 6394
f 6393 6399 6391
f 6392 6390 8537
f 6391 6403 6388
f 6390 6389 8542
f 6389 6385 8544
f 6388 6403 6386
f 6385 6384 8544
f 8549 6384 6381
f 6383 6387 6382
f 6380 8549 6381
f 6382 6378 6379
f 6378 7370 6375
f 6360 6377 6376
f 6360 6376 9386
f 6376 6374 9386
f 9386 6374 6363
f 6375 7371 6372
f 6363 6374 6373
f 6364 6373 6367
f 6322 6366 6368
f 6365 6364 6367
f 6364 6363 6373
f 6363 6361 9386
f 6360 9386 6361
f 6360 6358 6377
f 6359 6329 6355
f 6357 6377 6358
f 6357 6356 6380
f 4667 6356 6353
f 6355 6329 6354
f 6351 6353 6352
f 6350 6406 6351
f 6350 6349 6406
f 6347 6386 6349
f 6347 6346 6387
f 6346 6344 7368
f 6343 7367 6344
f 6343 6341 7340
f 6340 7340 6341
f 6340 6339 7338
f 6337 7330 6339
f 6342 6336 6338
f 7354 6337 6335
f 6336 6333 6334
f 6345 6332 6333
f 6332 6348 6331
f 6354 6330 6331
f 6354 6329 6330
f 6362 6328 6329
f 6362 6326 6328
f 6171 6327 6175
f 6362 6324 6326
f 6195 6325 6323
f 6324 6366 6322
f 6323 6321 6195
f 6321 6320 6195
f 6320 6450 6195
f 6320 6319 6450
f 6319 6318 6450
f 4685 6318 6315
f 6322 6316 6317
f 4685 6315 6314
f 4685 6314 9387
f 9387 6314 9388
f 4686 9387 9388
f 6314 6312 9388
f 9388 6312 4689
f 6313 6316 6310
f 6312 6311 4689
f 6310 6371 6306
f 6309 9389 4693
f 4693 9389 9390
f 4693 9390 9391
f 9391 9390 9392
f 9391 9392 9393
f 9391 9393 9394
f 9394 9395 9391
f 4694 9391 9395
f 9395 9396 4694
f 9395 9394 9396
f 9397 9396 9394
f 9398 9397 9394
f 9399 9398 9394
f 9399 9394 9400
f 9399 9400 6268
f 9399 6268 4697
f 9400 9394 9401
f 9401 9402 9400
f 9402 9393 9400
f 9402 9401 6500
f 9402 6500 9403
f 9402 9403 9404
f 9402 9404 9405
f 9405 9394 9402
f 9401 9405 9404
f 9401 9404 9403
f 9401 9403 6500
f 9405 9401 9394
f 9399 4696 9398
f 4696 6255 9398
f 9397 9398 6255
f 4695 9397 6255
f 4695 9396 9397
f 9402 9394 9393
f 9400 9393 9392
f 9400 9392 9406
f 9400 9406 6514
f 9400 6514 6487
f 6487 9407 9400
f 9407 6486 9400
f 9400 6486 9408
f 9400 9408 6269
f 6283 6269 9408
f 6283 9408 9409
f 9409 9408 9410
f 9409 9410 6304
f 6304 9410 6301
f 9410 9411 6301
f 9412 6301 9411
f 9412 9413 6301
f 6305 6301 9413
f 6305 9413 9414
f 6486 9414 9413
f 6486 9413 9410
f 9414 6486 9415
f 9414 9415 6307
f 6308 9415 6486
f 9412 9410 9413
f 9410 9412 9411
f 9408 6486 9410
f 6486 9407 6309
f 9407 6487 6309
f 6309 6487 6514
f 6309 6514 9406
f 9392 6500 9406
f 9389 9406 6500
f 6500 9392 9390
f 9389 6500 9390
f 6309 9406 9389
f 6308 6486 6309
f 6308 6307 9415
f 6307 6305 9414
f 6305 6304 6301
f 6303 9409 6304
f 9409 6303 6295
f 6474 6301 6300
f 6474 6300 6296
f 6295 6301 6296
f 6283 9409 6295
f 6287 6286 6292
f 6284 6283 6286
f 6280 6283 6281
f 6277 6283 6280
f 6283 6277 6270
f 6277 6280 6278
f 6275 6274 6277
f 6274 6273 6277
f 6273 6270 6277
f 6269 6283 6270
f 6268 9400 6269
f 6267 6246 6245
f 6245 6244 6251
f 6252 6244 6243
f 6234 6266 6243
f 9416 6266 6234
f 6234 9417 9416
f 6234 9418 9417
f 9417 9418 6266
f 6266 9418 6240
f 9419 6240 9418
f 6234 9419 9418
f 6234 9420 9419
f 6238 9419 9420
f 6233 6238 9420
f 6266 9416 9417
f 6242 6259 6241
f 6240 6241 6266
f 6238 6240 9419
f 6237 6238 6446
f 6237 6446 6235
f 6236 6234 6239
f 6235 6442 6226
f 6233 9420 6234
f 6238 6233 6232
f 6228 6232 6229
f 6225 6493 6228
f 6227 6231 6226
f 6226 6525 6221
f 6225 6224 6223
f 6223 6222 6218
f 6222 6220 6218
f 6219 6221 3992
f 6462 6218 6217
f 6216 6456 6217
f 9421 6215 3988
f 6214 6456 6216
f 9421 3987 6215
f 6213 6450 6214
f 6213 6195 6450
f 6195 6194 6327
f 6327 6194 6176
f 6188 6194 6192
f 6193 6190 6191
f 3976 3972 6189
f 6188 6176 6194
f 6327 6176 6175
f 6173 6174 9422
f 6173 9422 9423
f 6173 9423 9424
f 9424 9425 6173
f 3950 6173 9425
f 3950 9425 3962
f 3950 3962 9426
f 3950 9426 3889
f 3889 9426 9427
f 9426 3955 9427
f 9427 3955 9428
f 9427 9428 3890
f 9428 9429 3890
f 9429 9430 3890
f 9431 3890 9430
f 9430 9432 9431
f 9433 9431 9432
f 9433 9432 3890
f 9434 9433 3890
f 9435 9434 3890
f 3890 9436 9435
f 9436 9437 9435
f 9438 9435 9437
f 9438 9437 8515
f 8515 9439 9438
f 8515 9440 9439
f 9435 9439 9440
f 9435 9440 9441
f 9435 9441 9442
f 9435 9442 9443
f 9435 9443 9444
f 9444 9445 9435
f 8515 9435 9445
f 8515 9445 9441
f 9441 9445 9446
f 9447 9446 9445
f 8512 9446 9447
f 9444 8512 9447
f 9444 9448 8512
f 9448 9449 8512
f 9448 9450 9449
f 9450 9451 9449
f 9446 9449 9451
f 9446 9451 9442
f 9451 9452 9442
f 9448 9442 9452
f 9452 9453 9448
f 9453 9452 9450
f 9452 9454 9450
f 9454 9452 9455
f 9455 9451 9454
f 9456 9442 9448
f 9457 9442 9456
f 9444 9457 9456
f 9444 9458 9457
f 9459 9458 9444
f 9460 9459 9444
f 9461 9460 9444
f 9461 9462 9460
f 9463 9460 9462
f 9462 9464 9463
f 9465 9463 9464
f 9464 9466 9465
f 9467 9465 9466
f 9466 9468 9467
f 9469 9467 9468
f 9469 9468 9461
f 9461 9467 9469
f 9468 9466 9461
f 9461 9465 9467
f 9466 9464 9461
f 9465 9461 9463
f 9443 9463 9461
f 9443 9470 9463
f 9443 9471 9470
f 9470 9471 9459
f 9443 9472 9471
f 9458 9471 9472
f 9472 9442 9458
f 9463 9470 9460
f 9462 9461 9464
f 9459 9460 9470
f 9458 9459 9471
f 9458 9442 9457
f 9451 9455 9452
f 9454 9451 9450
f 9450 9448 9453
f 9444 9456 9448
f 9449 9446 8512
f 8515 9473 9435
f 9473 6075 9435
f 6075 9473 9434
f 9473 8515 9434
f 9434 8515 9436
f 9436 9474 9434
f 9444 9447 9445
f 9444 9443 9461
f 9472 9443 9442
f 9441 9446 9442
f 8515 9441 9440
f 9435 9438 9439
f 9436 8515 9437
f 3890 9474 9436
f 6075 9434 9435
f 9433 9434 9474
f 9432 9475 3890
f 9476 3890 9475
f 6070 9476 9475
f 9475 9429 6070
f 6070 9429 9477
f 6070 9477 3890
f 9477 6072 3890
f 6072 9478 3890
f 9477 9478 6072
f 9477 9428 9478
f 9476 6070 9479
f 3890 9476 9479
f 9479 6073 3890
f 6073 9479 6069
f 6073 6069 9480
f 9480 6069 6066
f 6075 9480 6066
f 9474 9431 9433
f 9432 9430 9475
f 3890 9431 9474
f 9429 9475 9430
f 9428 9477 9429
f 9478 9428 3955
f 9426 3961 3955
f 3963 9425 9424
f 3963 9424 9423
f 3963 9423 9422
f 9422 6174 3965
f 6173 3950 6170
f 6171 6175 6172
f 6335 6171 6167
f 6166 6335 6167
f 6165 7350 6166
f 6165 6164 7346
f 6164 6163 6101
f 6163 6161 6103
f 9481 6103 6161
f 9481 9482 6103
f 9481 9483 9482
f 9483 9484 9482
f 9484 9485 9482
f 9485 6104 9482
f 6148 6104 9485
f 9486 6148 9485
f 9486 9485 9484
f 9486 9484 9487
f 9486 9487 9488
f 9486 9488 6150
f 4526 6150 9488
f 4526 9488 9489
f 4526 9489 9490
f 9490 9489 9491
f 9490 9491 4635
f 4527 9490 4635
f 9489 9492 9491
f 9492 9493 9491
f 9491 9493 4636
f 9494 4636 9493
f 9495 9494 9493
f 9495 9493 9496
f 9495 9496 9497
f 9495 9497 9498
f 9495 9498 6160
f 9499 6160 9498
f 9499 9498 9500
f 9499 9500 9487
f 9501 9487 9500
f 9497 9501 9500
f 9497 9493 9501
f 9483 6160 9499
f 9497 9500 9498
f 9496 9493 9497
f 6158 9494 9495
f 4518 9494 6158
f 4518 7322 9494
f 7322 4636 9494
f 9492 9501 9493
f 9489 9501 9492
f 9489 9488 9501
f 9488 9487 9501
f 9499 9487 9484
f 9483 9499 9484
f 9481 6160 9483
f 9481 6161 6160
f 6158 9495 6160
f 6162 6157 6159
f 6157 6169 3947
f 6155 6158 6156
f 6155 9502 6158
f 4519 6158 9502
f 4519 9502 9503
f 9502 9504 9503
f 9504 6151 9503
f 6151 4521 9503
f 6151 4523 4521
f 6155 9504 9502
f 6152 9504 6155
f 6152 6151 9504
f 4526 6151 6150
f 9486 6150 6148
f 6147 3943 6106
f 6148 6105 6104
f 6103 9482 6104
f 6163 6103 6102
f 6163 6102 6101
f 6100 7343 6101
f 6100 6099 8533
f 6099 6091 8533
f 6091 6099 9505
f 6091 9505 9506
f 9506 9505 6098
f 6098 9505 6099
f 6098 6097 9506
f 9506 6097 6092
f 6096 6145 6095
f 9507 6095 6145
f 9507 6145 9508
f 9507 9508 6072
f 6072 9508 9506
f 6145 6072 9506
f 6145 9506 9508
f 6093 6095 9507
f 6093 9507 6074
f 6097 6094 6092
f 6092 6091 9506
f 8533 6091 6090
f 8533 6090 6088
f 6087 7372 6088
f 6087 9509 7372
f 9509 6086 7372
f 6086 9509 6187
f 9509 6087 6187
f 6087 6086 6187
f 6084 7372 6086
f 6082 6085 6089
f 6083 6187 6084
f 6081 8521 6083
f 6079 6082 6093
f 6081 6080 8517
f 6078 8512 6080
f 6093 6074 6079
f 6077 8514 6078
f 6077 6076 8515
f 6076 6075 8515
f 6073 9480 6075
f 9507 6072 6074
f 6073 6070 3890
f 6071 6072 6145
f 6146 6068 6071
f 9479 6070 6069
f 6067 6066 6069
f 6065 6075 6066
f 6065 6064 8511
f 6062 8509 6064
f 6062 6061 7705
f 6061 6059 7701
f 6059 6058 7698
f 6056 7699 6058
f 6056 4139 7699
f 6056 4146 4139
f 4146 9510 4139
f 6055 6057 6053
f 6054 6052 4142
f 6051 6053 4161
f 6052 6050 6049
f 7696 6049 6048
f 6048 6042 7695
f 6042 6041 7695
f 6041 6027 7695
f 6043 6034 6040
f 6032 6031 6041
f 6030 6041 6031
f 6030 6029 6041
f 6041 6029 6027
f 6027 6022 7695
f 6021 6023 6026
f 6020 7692 6022
f 6021 6000 6018
f 6020 6019 7692
f 6018 6000 6017
f 6015 6002 6011
f 6013 6006 6012
f 6010 7650 6011
f 7688 6010 6009
f 6008 7689 6009
f 6011 6008 6007
f 6007 4094 7797
f 6006 6016 6005
f 6005 6007 6004
f 7796 4073 6004
f 4100 6003 6002
f 4100 4097 6003
f 6002 6001 6014
f 6019 6001 6000
f 6000 4100 6002
f 5998 5999 5997
f 5995 6025 5996
f 5995 5993 6026
f 7687 5993 5992
f 5992 5991 7732
f 5990 7780 5991
f 5988 7779 5990
f 5988 5981 7779
f 5986 5981 5988
f 5980 5984 5854
f 5986 5983 5982
f 5986 5982 5981
f 7779 5981 5979
f 7775 5979 5862
f 5857 5855 5973
f 5854 5856 5980
f 5855 5852 5879
f 5853 5854 5984
f 5850 5853 4340
f 5851 5879 5852
f 5876 5851 5380
f 5846 5850 4340
f 5378 5876 5380
f 5377 5379 5384
f 5376 5869 5378
f 5375 5377 5387
f 5374 5864 5376
f 5372 5375 5389
f 5373 5863 5374
f 5373 5371 5862
f 5370 5372 5391
f 7740 5371 5369
f 5366 5370 5836
f 5368 7757 5369
f 5367 7757 5368
f 7765 5367 5365
f 5348 5366 5837
f 5364 7764 5365
f 5363 7762 5364
f 5361 7752 5363
f 5359 7750 5361
f 9511 5359 5358
f 5358 5354 9511
f 5354 9512 9511
f 5354 9513 9512
f 5359 9512 9513
f 5359 9513 1389
f 9513 5354 1390
f 1390 5354 9514
f 1390 9514 5308
f 5308 9514 9515
f 9516 9515 9514
f 9514 9517 9516
f 5346 9516 9517
f 5346 9518 9516
f 5346 9519 9518
f 9515 9518 9519
f 9515 9519 6782
f 6782 9520 9515
f 9520 5338 9515
f 5313 9515 5338
f 5338 9520 9521
f 5338 9521 9522
f 5338 9522 9523
f 5338 9523 9524
f 5338 9524 6781
f 6781 9525 5338
f 6781 9524 9525
f 5340 9525 9524
f 9524 9523 5340
f 5341 9523 9522
f 5341 9522 9521
f 9521 9520 5346
f 6782 9519 9520
f 9519 5346 9520
f 6785 9517 9514
f 9514 9526 6785
f 9526 9514 9527
f 9517 9526 9527
f 5349 9517 9527
f 5349 9527 9528
f 9527 9514 9528
f 9526 9517 6785
f 9515 9516 9518
f 5354 9528 9514
f 5359 9511 9512
f 5354 5358 5357
f 5355 5356 5351
f 5354 5352 9528
f 5353 5355 5351
f 5349 9528 5352
f 5351 5360 5350
f 5350 5362 5348
f 9517 5349 5346
f 5345 5347 5348
f 5341 9521 5346
f 5839 5344 5345
f 5344 5839 5343
f 5343 5845 5342
f 5342 5845 5339
f 9523 5341 5340
f 9525 5340 5338
f 5337 5339 5843
f 5315 5338 5326
f 5336 5335 5328
f 5334 5335 5337
f 5333 5334 5337
f 5330 5329 5327
f 5328 5329 3274
f 5328 5327 5329
f 5332 5327 5326
f 5319 5317 5326
f 5318 5323 5316
f 5316 5323 9529
f 9530 9529 5323
f 3197 9530 5323
f 5314 9529 9530
f 5317 5315 5326
f 5316 9529 5314
f 5315 5313 5338
f 5314 9530 5312
f 5312 9530 9531
f 5312 9531 9532
f 3194 9532 9531
f 5311 9532 3194
f 3195 9531 9530
f 5313 5310 9515
f 5312 9532 5311
f 9515 5310 5309
f 5308 9515 5309
f 9533 5308 5306
f 1391 5308 9533
f 1391 9533 5302
f 9533 5306 5305
f 9533 5305 5303
f 9533 5303 5302
f 1391 5302 5301
f 1391 5301 5300
f 5296 3190 5294
f 5292 5299 5295
f 5292 9534 5299
f 9534 9535 5299
f 1401 5299 9535
f 1401 1399 5299
f 9534 9536 9535
f 9536 9537 9535
f 1403 9535 9537
f 9536 9538 9537
f 9538 9539 9537
f 9537 9539 9540
f 9537 9540 9541
f 9537 9541 9542
f 1405 9537 9542
f 9541 9543 9542
f 9543 9544 9542
f 9545 9542 9544
f 9546 9545 9544
f 9546 9544 9547
f 1407 9546 9547
f 9544 9548 9547
f 1408 9547 9548
f 9544 9549 9548
f 9550 9548 9549
f 9551 9550 9549
f 9551 9549 9552
f 9553 9551 9552
f 9553 9552 9554
f 9553 9554 9555
f 9556 9553 9555
f 9556 9555 9557
f 9556 9557 9558
f 9559 9558 9557
f 9559 9557 9560
f 9561 9559 9560
f 9561 9560 9562
f 9563 9561 9562
f 9563 9562 9564
f 9565 9563 9564
f 9565 9564 9566
f 9567 9565 9566
f 9567 9566 9568
f 9567 9568 9565
f 9565 9568 9569
f 9570 9565 9569
f 9570 9569 9571
f 9572 9570 9571
f 9572 9571 9573
f 9574 9572 9573
f 9574 9573 9575
f 9576 9574 9575
f 9576 9575 9577
f 9576 9577 9578
f 9579 9576 9578
f 9579 9578 9580
f 9579 9580 9581
f 9582 9579 9581
f 9582 9581 9583
f 9582 9583 9584
f 9585 9584 9583
f 9585 9583 9586
f 9587 9585 9586
f 9587 9586 5212
f 5220 5212 9586
f 5115 9585 9587
f 5225 9586 9583
f 9588 9584 9585
f 9588 9585 5114
f 9588 5114 9584
f 5114 5075 9584
f 9589 5075 5114
f 5113 5075 9589
f 5229 9583 9581
f 9582 9584 9579
f 5072 9579 9584
f 9581 9580 5235
f 5239 9580 9578
f 5069 9576 9579
f 9578 9577 9575
f 9578 9575 9590
f 9591 9578 9590
f 9591 9590 9592
f 9593 9591 9592
f 9593 9592 9594
f 9595 9593 9594
f 9595 9594 9596
f 5281 9595 9596
f 5263 9595 5281
f 9596 9594 9597
f 9596 9597 9598
f 9596 9598 9599
f 9600 9596 9599
f 5285 9600 9599
f 5285 9599 9538
f 9538 9599 9601
f 9538 9601 9602
f 9602 9601 9598
f 9602 9598 9539
f 9598 9543 9539
f 9598 9603 9543
f 5285 9604 9600
f 9600 9604 9596
f 9604 5283 9596
f 9601 9599 9598
f 9598 9597 9603
f 9597 9605 9603
f 9603 9605 9606
f 9603 9606 9544
f 9544 9606 9552
f 9605 9607 9606
f 9606 9607 9554
f 9605 9608 9607
f 9608 9562 9607
f 9607 9562 9555
f 9608 9568 9562
f 9609 9568 9608
f 9610 9609 9608
f 9592 9609 9610
f 9609 9571 9568
f 9590 9571 9609
f 9610 9608 9605
f 9597 9610 9605
f 9594 9610 9597
f 5256 9593 9595
f 9594 9592 9610
f 5247 9591 9593
f 9592 9590 9609
f 5241 9578 9591
f 9590 9575 9571
f 5066 9574 9576
f 5064 9572 9574
f 9575 9573 9571
f 5064 9570 9572
f 5058 9565 9570
f 9571 9569 9568
f 9568 9566 9564
f 9611 9563 9565
f 9612 9611 9565
f 9612 9565 9613
f 5054 9612 9613
f 5056 9613 9565
f 5054 9611 9612
f 5054 9614 9611
f 5054 9615 9614
f 9615 9616 9614
f 9614 9616 9561
f 9615 9617 9616
f 9617 9618 9616
f 9616 9618 9559
f 9618 1418 9559
f 9617 1419 9618
f 9615 1420 9617
f 9615 275 1420
f 5054 275 9615
f 5054 278 275
f 9611 9614 9563
f 9568 9564 9562
f 9614 9561 9563
f 9616 9559 9561
f 9562 9560 9557
f 1418 9558 9559
f 9562 9557 9555
f 9556 9558 9553
f 1416 9553 9558
f 9607 9555 9554
f 9606 9554 9552
f 1414 9551 9553
f 1412 9550 9551
f 9550 1409 9548
f 9544 9552 9549
f 1407 9545 9546
f 1407 9542 9545
f 9543 9603 9544
f 9541 9540 9543
f 9540 9539 9543
f 9538 9602 9539
f 5285 9538 9536
f 5286 9536 9534
f 5288 9534 5292
f 3189 5293 5294
f 3165 5289 5291
f 5290 5288 5292
f 3160 5287 5289
f 5288 5286 9534
f 3154 5284 5287
f 5286 5285 9536
f 5285 5283 9604
f 5281 9596 5283
f 5284 5280 5282
f 3148 5280 5284
f 3111 5273 5275
f 5274 5271 5281
f 3111 5272 5273
f 3111 5270 5272
f 5270 3111 9619
f 9619 3111 9620
f 9619 9620 5268
f 9620 3111 5266
f 5271 5269 5281
f 5270 9619 5268
f 5269 5267 5281
f 9620 5266 5268
f 5267 5265 5281
f 3111 5264 5266
f 5265 5263 5281
f 3110 5262 5264
f 5263 5261 9595
f 3109 5260 5262
f 5261 5259 9595
f 3108 5258 5260
f 5259 5257 9595
f 3107 5255 5258
f 5257 5256 9595
f 5256 5254 9593
f 3106 5253 5255
f 5254 5252 9593
f 3104 5251 5253
f 3104 9621 5251
f 5252 5250 9593
f 9621 5249 5251
f 9621 9622 5249
f 3101 9622 9621
f 5250 5248 9593
f 9622 5246 5249
f 9622 9623 5246
f 3100 9623 9622
f 5248 5247 9593
f 5247 5245 9591
f 9623 5244 5246
f 9623 9624 5244
f 3097 9624 9623
f 5245 5243 9591
f 9624 5242 5244
f 9624 9625 5242
f 3096 9625 9624
f 5243 5241 9591
f 9625 5240 5242
f 9625 9626 5240
f 3095 9626 9625
f 5241 5239 9578
f 9626 5238 5240
f 9626 9627 5238
f 3092 9627 9626
f 5239 5237 9580
f 9627 5236 5238
f 9627 9628 5236
f 3091 9628 9627
f 5237 5235 9580
f 9628 5233 5236
f 9628 9629 5233
f 3090 9629 9628
f 5234 9581 5235
f 5234 5232 9581
f 9629 5230 5233
f 9629 9630 5230
f 3089 9630 9629
f 5232 5231 9581
f 5231 5229 9581
f 9630 5228 5230
f 9630 9631 5228
f 3087 9631 9630
f 5229 5227 9583
f 9631 5226 5228
f 9631 9632 5226
f 3086 9632 9631
f 5227 5225 9583
f 9632 5224 5226
f 9632 9633 5224
f 3084 9633 9632
f 5225 5223 9586
f 9633 5222 5224
f 9633 9634 5222
f 9634 9635 5222
f 9634 3080 9635
f 3083 9634 9633
f 5221 9586 5223
f 5222 9635 5216
f 9635 9636 5216
f 9635 9637 9636
f 9637 3065 9636
f 3065 5210 9636
f 3062 5210 3065
f 3062 3065 9638
f 3062 9638 9639
f 3062 9639 9640
f 3062 9640 9641
f 3062 9641 9642
f 3062 9642 9643
f 3062 9643 9644
f 3062 9644 9645
f 3062 9645 9646
f 3062 9646 9647
f 3062 9647 9648
f 9648 9649 3062
f 9649 9650 3062
f 9650 9649 9651
f 9650 9651 9652
f 9650 9652 9653
f 9653 9654 9650
f 9654 3064 9650
f 9654 9655 3064
f 3066 9655 9654
f 3066 9654 9656
f 9657 9656 9654
f 9657 3068 9656
f 3066 9652 9655
f 9652 9658 9655
f 9658 9650 9655
f 9648 9655 9650
f 9650 9646 9648
f 9648 9646 3065
f 9650 3065 9646
f 9655 9648 3065
f 9650 9658 3066
f 9658 9652 3066
f 9653 9657 9654
f 3070 9657 9653
f 9652 9659 9653
f 3071 9653 9659
f 9652 9660 9659
f 9660 9650 9659
f 9659 9650 9645
f 9645 9661 9659
f 3072 9659 9661
f 9650 9662 9645
f 9662 9650 9647
f 9650 9660 9647
f 9660 9652 9647
f 9651 9647 9652
f 9649 9648 9651
f 9647 9651 9648
f 9646 9662 9647
f 9662 9646 9645
f 9661 9645 9644
f 9661 9644 9643
f 9661 9643 9642
f 9642 9663 9661
f 3074 9661 9663
f 9663 9642 9641
f 9663 9641 9640
f 9640 9664 9663
f 3075 9663 9664
f 9664 9640 9639
f 9664 9639 9638
f 9664 9638 3065
f 9637 9664 3065
f 3078 9664 9637
f 3079 9637 9635
f 5221 5220 9586
f 5220 5219 5212
f 5219 5218 5213
f 5218 5217 5214
f 9636 5210 5216
f 5217 5215 5214
f 5218 5214 5213
f 5219 5213 5212
f 5211 9587 5212
f 5117 9587 5211
f 5117 5211 5209
f 5119 5209 5207
f 5122 5207 5205
f 5124 5150 5121
f 5123 5122 5205
f 5122 5119 5207
f 5121 5153 5120
f 5120 5155 5118
f 5117 5209 5119
f 5118 5160 5116
f 5117 5115 9587
f 5115 5114 9585
f 9589 5114 5113
f 5113 5111 5078
f 5116 5110 5112
f 5110 5009 5109
f 5109 5024 5108
f 5078 5111 5107
f 5077 5113 5078
f 5077 5075 5113
f 5076 5082 5074
f 5072 9584 5075
f 5084 5073 5074
f 5088 5071 5073
f 5072 5069 9579
f 5088 5070 5071
f 5093 5068 5070
f 5069 5066 9576
f 5093 5067 5068
f 5065 5067 5096
f 5066 5064 9574
f 5063 5065 5100
f 5064 5060 9570
f 5062 5063 5103
f 5061 5062 5103
f 5061 5040 5059
f 5059 5040 9665
f 5059 9665 9666
f 9665 5041 9666
f 5060 5058 9570
f 5059 9666 5055
f 5058 5057 9565
f 5057 5056 9565
f 5054 9613 5056
f 5055 9666 5053
f 281 5054 5045
f 9666 5041 5053
f 5043 5042 5044
f 5039 5052 5042
f 9665 5040 5041
f 5101 5038 5040
f 5039 5035 8066
f 5099 5037 5038
f 5097 5036 5037
f 5094 5034 5036
f 8055 5035 5033
f 5090 5032 5034
f 8051 5033 5031
f 5090 5030 5032
f 5028 8042 5031
f 5087 5029 5030
f 5029 5080 5027
f 5026 8040 5028
f 220 5025 5027
f 220 5027 5021
f 223 5024 5026
f 5024 5022 5108
f 5021 5108 5022
f 5023 5021 5019
f 517 5013 5019
f 517 5018 5007
f 5018 516 5007
f 5020 5013 5017
f 5015 5007 5016
f 5016 5007 515
f 5014 5007 5015
f 5014 5012 5007
f 517 5011 5013
f 5162 5012 5010
f 517 5007 5011
f 5009 5110 5010
f 5009 5008 5109
f 8003 5008 5006
f 8004 5006 4998
f 5007 5004 5005
f 5004 5159 5003
f 5163 5002 5003
f 5178 5001 5002
f 5178 5000 5001
f 5187 4999 5000
f 5187 4997 4999
f 8016 4998 4994
f 5187 4996 4997
f 5187 4995 4996
f 4995 5186 2679
f 4991 8035 4994
f 4993 2677 4992
f 8034 4991 4990
f 4986 4989 4987
f 4986 4985 4990
f 8030 4985 4983
f 4983 4981 8030
f 9667 4979 4982
f 2557 9667 4982
f 2557 9668 9667
f 9667 9668 9669
f 9667 9669 9670
f 9667 9670 4976
f 9670 4970 4976
f 9670 9671 4970
f 2548 4970 9671
f 9670 9672 9671
f 2550 9671 9672
f 9670 9673 9672
f 9673 9674 9672
f 2551 9672 9674
f 9674 9675 2551
f 9675 9674 9676
f 9676 9677 9675
f 2553 9675 9677
f 9678 2553 9677
f 9678 9677 9679
f 9679 9680 9678
f 9680 2554 9678
f 9680 9679 9681
f 9681 9682 9680
f 9680 9682 2556
f 9683 2556 9682
f 9684 9683 9682
f 9684 9682 9685
f 9684 9685 9686
f 9686 9687 9684
f 9688 9684 9687
f 9688 9687 9689
f 9688 9689 9690
f 9690 9691 9688
f 9692 9688 9691
f 9693 9692 9691
f 9694 9693 9691
f 9693 9694 9695
f 9693 9695 9696
f 9696 9695 9697
f 9698 9696 9697
f 9698 9697 9699
f 9698 9699 9700
f 9700 9701 9698
f 9702 9701 9700
f 9702 9700 9703
f 9702 9703 9685
f 9681 9702 9685
f 9681 9704 9702
f 9685 9703 9705
f 9706 9685 9705
f 9706 9705 9707
f 9707 9708 9706
f 9709 9706 9708
f 9708 9710 9709
f 9686 9709 9710
f 9710 9711 9686
f 9712 9711 9710
f 9710 9713 9712
f 9712 9713 9714
f 9714 9715 9712
f 9715 9716 9712
f 9716 9717 9712
f 9718 9712 9717
f 9719 9718 9717
f 9720 9719 9717
f 9721 9720 9717
f 9719 9720 9721
f 9721 9722 9719
f 9723 9722 9721
f 9721 9716 9723
f 9724 9723 9716
f 9725 9723 9724
f 9724 9726 9725
f 9725 9726 9727
f 9727 9722 9725
f 9727 9728 9722
f 9718 9722 9728
f 9728 9690 9718
f 9728 9694 9690
f 9729 9728 9727
f 9730 9728 9729
f 9729 9726 9730
f 9731 9730 9726
f 9726 9732 9731
f 9731 9732 9733
f 9733 9734 9731
f 9734 9733 9735
f 9728 9734 9735
f 9735 9697 9728
f 9732 9735 9733
f 9736 9735 9732
f 9737 9735 9736
f 9736 9738 9737
f 9737 9738 9739
f 9740 9739 9738
f 9741 9740 9738
f 9738 9742 9741
f 9741 9742 9743
f 9743 9744 9741
f 9743 9739 9744
f 9739 9743 9745
f 9745 9746 9739
f 9739 9746 9747
f 9739 9747 9735
f 9699 9735 9747
f 9747 9746 9703
f 9745 9707 9746
f 9745 9743 9748
f 9748 9749 9745
f 9749 9750 9745
f 9713 9745 9750
f 9750 9751 9713
f 9713 9708 9745
f 9749 9751 9750
f 9749 9724 9751
f 9751 9724 9714
f 9749 9748 9726
f 9742 9726 9748
f 9748 9743 9742
f 9738 9726 9742
f 9740 9741 9744
f 9744 9739 9740
f 9726 9738 9736
f 9739 9735 9737
f 9726 9736 9732
f 9731 9734 9730
f 9728 9730 9734
f 9727 9726 9729
f 9726 9724 9749
f 9725 9722 9723
f 9722 9718 9719
f 9718 9689 9712
f 9717 9716 9721
f 9724 9716 9715
f 9715 9714 9724
f 9751 9714 9713
f 9711 9712 9689
f 9713 9710 9708
f 9707 9745 9708
f 9746 9707 9705
f 9709 9685 9706
f 9705 9703 9746
f 9700 9747 9703
f 9704 9701 9702
f 9701 9704 9676
f 9701 9676 9752
f 9701 9752 9753
f 9701 9753 9696
f 9692 9696 9753
f 9753 9754 9692
f 9692 9754 9755
f 9684 9692 9755
f 9755 9754 9683
f 9669 9683 9754
f 9669 9754 9673
f 9752 9673 9754
f 9753 9752 9754
f 9679 9676 9704
f 9700 9699 9747
f 9735 9699 9697
f 9696 9698 9701
f 9697 9695 9728
f 9694 9728 9695
f 9696 9692 9693
f 9691 9690 9694
f 9718 9690 9689
f 9711 9689 9687
f 9692 9684 9688
f 9687 9686 9711
f 9686 9685 9709
f 9755 9683 9684
f 9668 2556 9683
f 9681 9685 9682
f 9681 9679 9704
f 9679 9677 9676
f 9752 9676 9674
f 9674 9673 9752
f 9670 9669 9673
f 9683 9669 9668
f 8026 4981 4980
f 7951 4980 4978
f 9667 4976 4979
f 4977 7945 4978
f 4976 4970 4974
f 4973 4977 4975
f 7917 4973 4971
f 4972 4974 4970
f 4971 4966 7914
f 4964 4967 4969
f 4969 9756 4964
f 9756 9757 4964
f 9757 9758 4964
f 9758 9759 4964
f 9760 4964 9759
f 4964 9760 9761
f 4964 9761 9762
f 9761 4947 9762
f 9760 4946 9761
f 4946 9760 9758
f 9759 9758 9760
f 9758 9757 4946
f 4942 4946 9757
f 4942 9757 9756
f 9756 4969 4942
f 4966 4965 7909
f 4962 7910 4965
f 4964 9762 4963
f 9762 4947 4963
f 7912 4962 4961
f 4961 4959 4948
f 4958 7889 4949
f 4957 7889 4958
f 4956 4952 4957
f 4954 4955 4960
f 4960 4950 4954
f 4953 4952 4956
f 7878 4952 4951
f 4951 4949 7888
f 4950 4960 4947
f 4949 4948 4959
f 4947 9761 4946
f 4944 4948 4945
f 4940 7906 4944
f 4943 4946 4942
f 4941 4942 4969
f 4938 7931 4940
f 4941 4936 4939
f 4937 7932 4938
f 4935 7932 4937
f 4935 4933 7934
f 4936 4932 4934
f 4932 4936 2544
f 4933 4930 7886
f 4931 4932 2541
f 4928 7886 4930
f 2534 4927 4929
f 4927 2534 4922
f 4928 4926 7886
f 4926 4925 7887
f 4924 7866 4925
f 4920 7861 4924
f 4922 4923 4927
f 7862 4920 4918
f 4918 4916 7862
f 4916 4915 7856
f 4915 4805 7854
f 4805 4803 7851
f 4804 4825 4802
f 4801 7851 4803
f 4827 4799 4802
f 4801 4800 7848
f 8502 4800 4798
f 4829 4797 4799
f 8506 4798 4796
f 4795 4797 4831
f 4794 8506 4796
f 4833 4793 4795
f 4816 4792 4793
f 4812 4791 4792
f 4790 4789 4794
f 4788 8507 4789
f 4257 4786 4787
f 4782 4788 4785
f 4780 4788 4782
f 4779 8505 4780
f 4779 4777 7838
f 4240 4775 4778
f 4776 7834 4777
f 4761 4776 4770
f 4770 9763 4761
f 9763 4770 9764
f 9764 4765 9763
f 4762 9763 4765
f 4240 4467 4775
f 4467 4470 4774
f 4773 4771 4770
f 9764 4770 4769
f 9764 4769 4766
f 4767 4768 4489
f 4765 9764 4766
f 4764 4762 4765
f 4762 4761 9763
f 4761 4759 7831
f 4757 4760 4763
f 4758 7831 4759
f 4758 4756 7830
f 4755 7830 4756
f 4754 7436 4755
f 4753 7437 4754
f 7440 4753 4751
f 4750 7426 4751
f 4746 7428 4750
f 4749 9765 4748
f 9766 4748 9765
f 9767 9766 9765
f 9768 9767 9765
f 9768 9765 9769
f 4478 9768 9769
f 4477 9767 9768
f 4477 9770 9767
f 4477 9771 9770
f 9770 9771 9766
f 9772 9766 9771
f 9773 9772 9771
f 9773 9771 9774
f 9775 9773 9774
f 9776 9775 9774
f 9776 9774 4451
f 9776 4451 9777
f 9778 9776 9777
f 9779 9778 9777
f 9779 9777 4444
f 9779 4444 4429
f 4444 9777 9780
f 9781 9778 9779
f 9781 9779 4426
f 9782 9778 9781
f 9782 9781 9783
f 9782 9783 9773
f 9783 9784 9773
f 9784 9785 9773
f 9785 9786 9773
f 9787 9786 9785
f 9787 9788 9786
f 9788 9789 9786
f 9772 9786 9789
f 9789 9790 9772
f 9772 9790 9791
f 9772 9791 4748
f 9791 9790 4422
f 9792 9791 4422
f 9792 4422 9793
f 4745 9792 9793
f 4745 9793 9794
f 4417 9794 9793
f 4417 4736 9794
f 4747 9791 9792
f 9790 4438 4422
f 9795 4438 9790
f 9795 9790 9789
f 9795 9789 4441
f 4441 9789 4423
f 9788 4424 9789
f 9781 4424 9788
f 9784 9788 9787
f 9784 9787 9785
f 9783 9788 9784
f 9783 9781 9788
f 9782 9775 9778
f 9780 9777 4451
f 9778 9775 9776
f 9782 9773 9775
f 9786 9772 9773
f 4477 9774 9771
f 4477 9796 9774
f 9774 9796 4452
f 4452 9796 9797
f 4477 9797 9796
f 9767 9770 9766
f 9772 4748 9766
f 4749 9769 9765
f 4749 9798 9769
f 4482 9769 9798
f 4483 9798 4749
f 4748 9791 4747
f 4747 9792 4745
f 4746 4744 7430
f 4737 4745 9794
f 4743 7411 4744
f 4742 7411 4743
f 4741 7411 4742
f 7413 4741 4740
f 7414 4740 4739
f 4738 7399 4739
f 4737 9794 4736
f 4738 4735 4734
f 4732 7394 4734
f 4732 4731 7394
f 4728 4724 4731
f 4729 9799 4727
f 4727 9799 9800
f 9800 9799 9801
f 9802 9800 9801
f 4703 9802 9801
f 4703 9801 9803
f 9803 9801 4690
f 9804 9803 4690
f 4700 9803 9804
f 4700 9804 4691
f 9802 9805 9800
f 9805 9806 9800
f 9806 9807 9800
f 9807 4726 9800
f 4726 9807 9806
f 9808 4726 9806
f 4708 9808 9806
f 4708 4717 9808
f 9808 4717 4726
f 4708 9806 9805
f 4708 9805 9802
f 9799 4690 9801
f 4729 4690 9799
f 4729 4412 4690
f 4727 9800 4726
f 4725 4724 4728
f 4723 7387 4724
f 4722 7383 4723
f 4722 4720 7377
f 4721 4718 4719
f 4718 4726 4717
f 4720 4716 4715
f 4720 4715 4714
f 6372 4714 4713
f 4711 6306 4713
f 4712 4717 4708
f 4710 6302 4711
f 4710 4709 6299
f 4707 6298 4709
f 4708 9802 4703
f 4706 6285 4707
f 4705 6282 4706
f 4704 6279 4705
f 4704 4702 6276
f 4703 9803 4700
f 4701 6272 4702
f 4699 6267 4701
f 4698 6255 4699
f 4698 4697 6268
f 4697 4696 9399
f 4695 6255 4696
f 4695 4694 9396
f 4693 9391 4694
f 6311 4693 4689
f 4700 4691 4692
f 4691 9804 4690
f 4690 4412 4659
f 4687 9388 4689
f 4686 9388 4687
f 4685 9387 4686
f 4685 4684 6454
f 4684 4682 6401
f 6401 4682 4681
f 6401 4681 4680
f 6401 4680 9809
f 6401 9809 4671
f 4672 9809 4680
f 4679 4683 4678
f 4677 4678 4676
f 4672 4675 4674
f 4672 4671 9809
f 6401 4671 4670
f 6401 4670 4669
f 4668 6407 4669
f 4668 4667 6353
f 4667 4666 8548
f 4666 4664 8540
f 4665 4673 4662
f 4663 8539 4664
f 4663 4660 8539
f 4662 4673 4661
f 4661 4676 4659
f 7313 4660 4657
f 4656 7311 4657
f 4655 7311 4656
f 4654 6428 4655
f 6429 4654 4652
f 4650 7296 4652
f 4649 4651 4653
f 4648 7304 4650
f 4647 4649 4404
f 4648 4646 7302
f 4645 7299 4646
f 4645 4644 7160
f 4644 4642 7286
f 4641 7286 4642
f 4640 7286 4641
f 4639 7287 4640
f 4638 7288 4639
f 4637 7320 4638
f 7322 4637 4636
f 4635 9491 4636
f 4527 4635 4634
f 4528 4634 4632
f 4529 4632 4631
f 6144 4529 4631
f 6144 4631 4630
f 4629 6138 4630
f 6136 4629 4628
f 4542 6136 4628
f 4543 4626 4625
f 4544 4625 4624
f 4622 4544 4624
f 4543 4625 4544
f 4543 4542 4626
f 4541 6136 4542
f 4541 4539 6122
f 6132 4539 4536
f 4540 4537 4538
f 4535 6131 4536
f 4535 4534 6131
f 4533 6130 4534
f 6129 4533 3936
f 4531 6143 3936
f 4531 4529 6144
f 4528 4632 4529
f 4528 4527 4634
f 4526 9490 4527
f 4526 4523 6151
f 4525 4508 4524
f 4521 4523 4522
f 4520 9503 4521
f 4519 9503 4520
f 4519 4518 6158
f 4518 4517 7322
f 4516 7321 4517
f 4516 4514 7361
f 6397 4514 4513
f 4511 6400 4513
f 4515 4510 4512
f 7191 4511 4507
f 4515 4509 4510
f 4524 4508 4509
f 4530 4506 4508
f 7191 4507 4504
f 4530 4505 4506
f 4532 4503 4505
f 8553 4504 4501
f 4503 4537 4502
f 8554 4501 4500
f 8554 4500 4499
f 8556 4499 4498
f 4494 4498 4496
f 1580 4492 4495
f 1580 1575 4492
f 4493 8555 4494
f 7131 4493 4491
f 4490 4772 4491
f 4772 1569 4491
f 4772 4490 4489
f 4767 4489 4487
f 4487 4486 4757
f 4485 4752 4486
f 4483 4749 4485
f 4483 4482 9798
f 4482 4480 9769
f 4479 4481 4484
f 4478 9769 4480
f 4477 9768 4478
f 4477 4453 9797
f 4476 4479 4475
f 4475 4488 4473
f 4472 4473 4488
f 1572 4774 4470
f 4456 4471 4469
f 4467 4468 4470
f 4456 4469 4457
f 4474 4456 4454
f 4453 4474 4454
f 9797 4453 4452
f 9774 4452 4451
f 9780 4451 4449
f 9780 4449 4447
f 9780 4447 4446
f 4444 9780 4446
f 4445 4436 4443
f 4441 4423 4442
f 4442 4423 4437
f 9795 4441 4438
f 4440 4443 4439
f 4443 4436 4439
f 4437 4422 4438
f 4442 4437 4435
f 4442 4435 4434
f 4444 4434 4429
f 4432 4428 4430
f 9779 4429 4426
f 4428 4425 4427
f 4403 4425 4428
f 9781 4426 4424
f 4405 4421 4425
f 9789 4424 4423
f 4423 4422 4437
f 4422 4420 9793
f 4405 4419 4421
f 4420 4417 9793
f 4408 4418 4419
f 4408 4414 4418
f 4417 4416 4736
f 4415 4733 4416
f 4413 4730 4415
f 4413 4412 4729
f 4412 4410 4659
f 4411 4414 4408
f 4410 4409 4659
f 4407 4658 4409
f 4408 4419 4406
f 4407 4404 4658
f 4406 4419 4405
f 4405 4425 4403
f 4402 4647 4404
f 4403 4428 4401
f 4402 4399 4643
f 4401 4428 4400
f 4400 4433 4398
f 4398 4433 4206
f 4206 4433 4208
f 4399 4397 4633
f 4398 4204 4396
f 4397 4395 4633
f 4396 4204 4394
f 4627 4395 4392
f 4195 4391 4393
f 4389 4623 4392
f 4387 4623 4389
f 4388 4191 4186
f 4621 4387 4386
f 4384 4565 4386
f 4384 4382 4566
f 4383 6134 4381
f 4383 9810 6134
f 6134 9810 4179
f 4383 4183 9810
f 4183 4180 9810
f 4381 6124 4380
f 4380 6126 4379
f 3842 4382 4378
f 4376 3842 4377
f 4376 9811 3842
f 9811 9812 3842
f 9812 9811 3800
f 3852 3800 9811
f 9813 3852 9811
f 9813 4376 3852
f 3854 3800 3852
f 4375 3800 3854
f 3854 9814 4375
f 9815 4375 9814
f 9814 3857 9815
f 3857 3853 9815
f 3857 9814 3853
f 9813 9811 4376
f 9815 3853 4375
f 3800 4375 4373
f 4374 4366 4372
f 4372 4366 4371
f 4345 3799 4362
f 4351 4353 4361
f 4353 4351 3869
f 4351 9816 3869
f 3864 9816 4351
f 3864 3867 9816
f 4349 4345 4360
f 4360 3876 4349
f 9817 4349 3876
f 3876 4360 4350
f 4350 3881 3876
f 4350 3877 3881
f 4350 9817 3877
f 4352 3864 4351
f 4351 4365 4348
f 4350 4349 9817
f 4348 4368 3884
f 4347 4345 4349
f 4345 4046 6626
f 4345 6626 3798
f 4344 3873 4342
f 3873 3866 4342
f 9818 4342 3866
f 4333 4342 9818
f 4333 4338 4342
f 4341 4340 5985
f 4340 4339 5846
f 4339 4337 5846
f 4337 4336 5849
f 4336 4335 5849
f 4335 3392 5849
f 4332 3392 4335
f 4334 4338 4333
f 4333 9818 4331
f 9818 9819 4331
f 4331 9819 4326
f 9818 3858 9819
f 3858 9820 9819
f 9819 9820 4324
f 3858 9821 9820
f 9821 4591 9820
f 9820 4591 4322
f 4591 9821 9822
f 4591 9822 9823
f 9823 2364 4591
f 2364 9823 9824
f 9824 3837 2364
f 3838 9824 9823
f 3838 9823 3846
f 3838 3846 2365
f 3847 9824 3838
f 3847 3803 9824
f 9823 9822 3846
f 9822 9821 3848
f 9821 3858 3851
f 9821 3851 9825
f 9821 9825 3850
f 4329 4327 9826
f 4329 9826 3397
f 4331 4326 4328
f 4327 4325 9826
f 4325 9827 9826
f 9826 9827 9828
f 9826 9828 3399
f 9827 9829 9828
f 9828 9829 9830
f 9828 9830 3401
f 3401 9830 9831
f 3401 9831 9832
f 9832 9831 3404
f 3404 9831 9833
f 3404 9833 9834
f 3404 9834 3626
f 9834 3658 3626
f 3658 9834 9833
f 9833 3687 3658
f 3687 3661 3658
f 3687 3674 3661
f 9831 9835 9833
f 9835 9836 9833
f 9833 9836 3689
f 9837 9836 9835
f 9838 9836 9837
f 9838 9837 9839
f 9838 9839 9840
f 9838 9840 3714
f 3714 9840 9841
f 9841 9840 9842
f 9843 9841 9842
f 9844 9843 9842
f 9845 9844 9842
f 9830 9845 9842
f 9845 9846 9844
f 9846 9847 9844
f 9847 9848 9844
f 9848 9849 9844
f 9850 9849 9848
f 9851 9849 9850
f 9852 9851 9850
f 9852 9850 9853
f 9853 9854 9852
f 9852 9854 3718
f 9855 3718 9854
f 3718 9855 9856
f 9857 9856 9855
f 9857 9855 9853
f 9858 9857 9853
f 9858 9859 9857
f 9859 9858 9860
f 9860 9861 9859
f 9861 9862 9859
f 9859 9862 9856
f 9862 3719 9856
f 9861 9863 9862
f 2483 9862 9863
f 9864 2483 9863
f 9864 9863 4279
f 9865 4279 9863
f 4282 9865 9863
f 9865 4282 9866
f 9866 4279 9865
f 2483 9864 2488
f 2488 9864 9867
f 9867 9864 4275
f 9868 9867 4275
f 2496 9868 4275
f 2496 2492 9868
f 9869 9868 2492
f 9869 2492 9870
f 9869 9870 9871
f 9870 2492 9871
f 9869 9871 9868
f 9868 9871 9872
f 9872 9871 2491
f 9868 9872 9867
f 9872 2489 9867
f 3720 9862 2483
f 4285 9863 9861
f 9861 9860 4285
f 9858 9873 9860
f 9860 9873 9846
f 9860 9846 4286
f 4286 9846 9874
f 4286 9874 9875
f 9875 9874 9846
f 9876 9875 9846
f 4288 9875 9876
f 9877 4288 9876
f 9878 9877 9876
f 9878 9876 9829
f 9829 9876 9845
f 4321 9877 9878
f 9858 9847 9873
f 9850 9847 9858
f 9859 9856 9857
f 9854 9853 9855
f 9858 9853 9850
f 9852 3717 9851
f 9851 3717 9849
f 9850 9848 9847
f 9846 9873 9847
f 9876 9846 9845
f 9849 9843 9844
f 3715 9843 9849
f 3715 9841 9843
f 9840 9839 9842
f 9831 9842 9839
f 9831 9839 9837
f 9838 3711 9836
f 9831 9837 9835
f 9830 9842 9831
f 9829 9845 9830
f 9827 9878 9829
f 4323 9878 9827
f 9819 4324 4326
f 4325 4323 9827
f 9820 4322 4324
f 4323 4321 9878
f 4591 2429 4322
f 4321 4320 9877
f 4320 4318 9877
f 4318 4289 9877
f 2426 4317 4319
f 4318 4316 4315
f 4318 4315 9879
f 9880 4318 9879
f 9880 9879 4294
f 9879 9881 4294
f 9881 9882 4294
f 9882 9883 4294
f 9884 4294 9883
f 9883 4306 9884
f 9884 4306 9885
f 9884 9885 4295
f 9885 9886 4295
f 9887 4295 9886
f 9886 4306 9887
f 4295 9887 9888
f 4295 9888 4298
f 9888 4304 4298
f 9887 4304 9888
f 9885 4306 9886
f 9882 4306 9883
f 9881 4308 9882
f 9889 4308 9881
f 9890 4308 9889
f 9889 4314 9890
f 9889 9879 4314
f 9879 9889 9881
f 9880 4293 4318
f 4314 9879 4315
f 4313 9890 4314
f 9890 4313 4312
f 4312 4308 9890
f 4311 2424 4310
f 4310 2424 4309
f 4306 9882 4308
f 4309 4305 4307
f 4305 4309 4246
f 2421 4246 4309
f 4304 9887 4306
f 4303 4305 4247
f 4302 4299 4304
f 4298 4304 4299
f 4296 4295 4298
f 4294 9884 4295
f 9880 4294 4293
f 4291 4318 4293
f 4291 4289 4318
f 4287 4290 4292
f 9877 4289 4288
f 4286 9875 4288
f 4287 4297 4284
f 4286 4285 9860
f 4285 4282 9863
f 4297 4283 4284
f 4283 4301 4281
f 4280 9866 4282
f 4301 4278 4281
f 4280 4279 9866
f 9864 4279 4277
f 4303 4274 4278
f 4249 4274 4303
f 4277 4276 9864
f 4275 9864 4276
f 2496 4275 4273
f 4249 4272 4274
f 2497 4273 4271
f 4250 4270 4272
f 2499 4271 4269
f 4252 4268 4270
f 2501 4269 4267
f 4254 4265 4268
f 2503 4267 4266
f 2505 4266 4264
f 4256 4262 4265
f 4260 2515 4263
f 4263 2515 2513
f 4260 4258 4791
f 4259 4262 4256
f 4787 4258 4257
f 4257 4255 4786
f 4256 4265 4254
f 4255 4253 4783
f 4254 4268 4252
f 4253 4251 4784
f 4251 4244 4784
f 4252 4270 4250
f 4251 4248 4244
f 4250 4272 4249
f 4249 4303 4247
f 4247 4305 4246
f 4248 4245 4244
f 4243 4784 4244
f 4241 4781 4243
f 4240 4781 4241
f 4239 4467 4240
f 4215 4220 4225
f 4218 4239 4219
f 4217 4239 4218
f 4216 9891 4217
f 1578 4217 9891
f 9891 4216 1578
f 4214 4455 4216
f 4213 4450 4214
f 4448 4213 4212
f 4212 4211 4436
f 4209 4431 4211
f 4433 4209 4208
f 4206 4208 4207
f 4398 4206 4204
f 4394 4204 4203
f 4394 4203 4202
f 4195 4393 4202
f 4195 4200 4199
f 4195 4194 4391
f 4192 4391 4194
f 4388 4192 4191
f 4189 4186 4191
f 4187 4186 4189
f 4385 4186 4184
f 4185 4188 4182
f 4383 4184 4183
f 4183 4181 4180
f 9810 4180 4179
f 6134 4179 4178
f 6133 4178 4177
f 4176 6110 4177
f 4174 9892 4172
f 9892 9893 4172
f 9893 4168 4172
f 9893 4147 4168
f 4168 4147 4163
f 9893 9510 4147
f 9893 9894 9510
f 9510 9894 4137
f 9892 9894 9893
f 9892 9895 9894
f 9895 9896 9894
f 9894 9896 4136
f 9897 9896 9895
f 2382 9897 9895
f 2382 9898 9897
f 9897 9898 9899
f 9898 9900 9899
f 9899 9900 4135
f 9896 9899 4135
f 9900 9901 4135
f 9901 9902 4135
f 9902 9903 4135
f 9903 3855 4135
f 3855 3860 4135
f 9903 9904 3855
f 9904 9905 3855
f 9905 2374 3855
f 2378 9905 9904
f 9902 9904 9903
f 2380 9904 9902
f 2381 9902 9901
f 9906 2381 9901
f 9906 9901 9900
f 9898 9906 9900
f 2382 9906 9898
f 9897 9899 9896
f 2382 9895 9892
f 2382 9892 4174
f 4171 4176 4173
f 4171 4170 6068
f 4167 6063 4170
f 4172 4168 4169
f 4167 4166 6063
f 4166 4164 6060
f 4168 4163 4165
f 4163 4147 4156
f 4164 4162 4161
f 4161 4160 6047
f 4158 6047 4160
f 4157 4159 4156
f 4155 4154 4158
f 6046 4154 4152
f 6034 4152 4151
f 6039 4151 4149
f 4153 4148 4150
f 6039 4149 4144
f 4156 4147 4148
f 4147 9510 4146
f 6056 4145 4146
f 4144 4141 6039
f 4143 4145 4142
f 7699 4139 4142
f 6039 4141 4140
f 4133 4140 4138
f 4139 9510 4137
f 9894 4136 4137
f 4136 9896 4135
f 4133 4138 4134
f 4132 4140 4133
f 4115 6035 4132
f 4113 6038 4115
f 4112 6033 4113
f 4111 6028 4112
f 4111 4106 6024
f 4114 4109 4110
f 4108 4109 4120
f 4120 4063 4108
f 4106 4104 6024
f 4103 6024 4104
f 5996 4103 4100
f 4097 4100 4098
f 6003 4097 4094
f 4094 4092 4091
f 4090 7676 4091
f 4090 4089 7676
f 4089 4088 7672
f 4088 4086 7671
f 4093 4085 4087
f 4086 4081 7790
f 4085 4093 4084
f 4095 4083 4084
f 4095 4082 4083
f 4095 4080 4082
f 4081 4078 7791
f 4080 4095 4079
f 4096 4077 4079
f 4078 4073 7796
f 4077 4096 4076
f 4076 4099 4075
f 4102 4074 4075
f 4102 4072 4074
f 4073 4069 5997
f 4072 4102 4071
f 4071 4105 4070
f 4107 4068 4070
f 4069 4067 5994
f 4068 4107 4066
f 4065 5989 4067
f 4108 4064 4066
f 4065 4061 5989
f 4064 4108 4063
f 4063 4120 4062
f 4118 4060 4062
f 4059 5987 4061
f 4118 4058 4060
f 4341 4059 4055
f 4058 4118 4057
f 4057 4121 4056
f 4123 4054 4056
f 4050 4341 4055
f 4054 4123 4053
f 4125 4052 4053
f 4052 4125 4051
f 4126 4049 4051
f 4046 4343 4050
f 4049 4126 4048
f 4128 4047 4048
f 4047 4128 4044
f 3885 4044 4128
f 4046 4045 6626
f 6589 4045 4043
f 4040 4044 3885
f 4043 4042 6588
f 4042 4041 6583
f 4038 4037 4041
f 9907 4035 3887
f 3918 9907 3887
f 9907 3918 9908
f 9907 9908 3916
f 9907 3916 9909
f 9910 9907 9909
f 9910 9909 3916
f 9908 9911 3916
f 9908 3924 9911
f 3918 3924 9908
f 9910 4035 9907
f 9910 3915 4035
f 6581 4037 4036
f 6581 4036 4033
f 6582 4033 4030
f 6543 4030 4028
f 4026 4025 4028
f 4009 6541 4025
f 4009 4022 4010
f 4003 4009 4008
f 4008 9912 4003
f 9912 4008 4006
f 4020 4004 4007
f 4005 9912 4006
f 9912 4005 4003
f 4002 4001 4003
f 4000 6537 4001
f 3999 6537 4000
f 3999 3998 6537
f 3998 3997 9378
f 3996 6530 3997
f 3996 3994 6526
f 3995 4004 3993
f 3994 3992 9382
f 3993 4015 3991
f 3991 4015 3990
f 3988 3992 3989
f 9421 3988 3987
f 3986 6196 3987
f 3979 6198 3986
f 3985 3990 3984
f 3984 4013 3983
f 3983 4012 3982
f 3982 4011 3981
f 3980 3981 8528
f 3981 3971 8528
f 3975 3980 8525
f 6197 3979 3978
f 6190 3978 3977
f 6189 3977 3976
f 3973 3975 8527
f 3972 3976 3974
f 3973 8528 3971
f 3981 3964 3971
f 3969 3972 3970
f 3968 3972 3969
f 3967 6177 3968
f 3966 6180 3967
f 3966 3965 6174
f 3963 9422 3965
f 9425 3963 3962
f 3961 9426 3962
f 3961 3960 3956
f 6072 3956 3960
f 6072 3960 9913
f 9914 6072 9913
f 9506 9914 9913
f 9506 9913 9915
f 9915 9916 9506
f 9917 9506 9916
f 9916 9918 9917
f 9917 9918 6091
f 3957 9917 6091
f 6091 9916 3957
f 6091 9919 9916
f 6091 9918 9919
f 9916 9919 9918
f 3957 9506 9917
f 9916 9915 3957
f 9915 9920 3957
f 3957 9920 9921
f 9921 9913 3957
f 9913 9921 9920
f 9915 9913 9920
f 9914 9506 3957
f 6072 9914 3957
f 3960 3957 9913
f 3959 3900 3958
f 6072 3957 3956
f 3956 3955 3961
f 9478 3955 3890
f 3895 3951 3958
f 3954 3952 3953
f 3891 3952 3954
f 3954 3950 3891
f 3888 3891 3950
f 3951 3950 3954
f 3950 3949 6170
f 3949 3948 6170
f 3919 3926 3929
f 3947 6169 3948
f 3946 6154 3947
f 3944 6149 3946
f 3944 3943 6147
f 3943 3942 6106
f 3942 3941 6107
f 3941 3939 6109
f 6115 3939 3938
f 3936 6142 3938
f 3940 3934 3937
f 6129 3936 3935
f 3935 3933 4379
f 3932 4379 3933
f 3934 3930 3931
f 3930 3945 3929
f 3925 3932 3928
f 3927 3929 3926
f 3926 9911 3924
f 3926 3917 9911
f 4366 3925 3923
f 3922 4370 3923
f 3921 4370 3922
f 3919 3884 3921
f 3920 3924 3918
f 3926 3919 3917
f 3916 9911 3917
f 3916 3915 9910
f 3914 4035 3915
f 3914 3912 4035
f 3911 4034 3912
f 4032 3911 3910
f 4029 3910 3908
f 4029 3908 3906
f 3907 3898 3903
f 4029 3906 3905
f 3904 4027 3905
f 4024 3904 3902
f 3902 3901 3964
f 3901 3900 3964
f 3897 3958 3900
f 3903 3898 3899
f 3898 3909 3896
f 3897 3895 3958
f 3913 3894 3896
f 3895 3893 3952
f 3887 3894 3918
f 3892 3884 3893
f 3891 3886 3892
f 3952 3891 3890
f 3889 9427 3890
f 3950 3889 3888
f 3888 3886 3891
f 4040 3885 3887
f 3884 3892 3886
f 4128 3882 3885
f 4346 3884 3883
f 3873 3883 3880
f 4129 3881 3882
f 3873 3880 3879
f 3877 3878 3881
f 3876 3877 9817
f 3881 3875 3876
f 4130 3874 3875
f 3874 4131 3872
f 3873 3871 3866
f 3872 4131 3870
f 3863 4353 3869
f 3867 3869 9816
f 3871 3868 3866
f 3859 9818 3866
f 3864 3865 3867
f 4355 3863 3864
f 3870 3862 3863
f 3862 4135 3861
f 3861 4135 3860
f 3859 3858 9818
f 3856 3852 3858
f 3855 3857 3860
f 3852 3856 3854
f 3853 9814 3854
f 3853 3852 4376
f 3852 3851 3858
f 3850 9825 3851
f 3850 3848 9821
f 3848 3846 9822
f 3846 3845 2369
f 3849 3845 3844
f 3844 3843 3801
f 9812 3801 3843
f 3843 3842 9812
f 3842 3840 4563
f 3841 3847 3838
f 3840 3839 4563
f 3837 3838 2364
f 9824 3803 3837
f 3836 3835 3839
f 3835 3805 4560
f 3804 3802 3794
f 3801 3803 3847
f 3800 3801 9812
f 3800 4373 3799
f 3799 4345 3798
f 3798 6626 3797
f 6628 3795 3797
f 3802 3796 3794
f 6631 3793 3795
f 3808 3794 3792
f 6633 3791 3793
f 3834 3792 3790
f 6635 3789 3791
f 3833 3790 3788
f 6637 3787 3789
f 6639 3786 3787
f 773 3786 6639
f 3786 770 3732
f 3731 3730 3788
f 3734 3725 3729
f 3727 3730 3728
f 3726 3831 3727
f 3723 3830 3726
f 2479 3830 3723
f 3725 3734 3724
f 3712 3724 3738
f 2479 3723 3722
f 3722 3721 2479
f 2482 3721 3720
f 9862 3720 3719
f 3718 9856 3719
f 9852 3718 3717
f 3717 3715 9849
f 3715 3714 9841
f 9838 3714 3711
f 3713 3716 3712
f 3710 3712 3745
f 3711 3689 9836
f 3710 3765 3709
f 3709 3766 3707
f 3766 766 3707
f 3705 3708 3706
f 3708 3705 3693
f 3705 3703 3695
f 3703 3698 3695
f 3704 766 3702
f 3702 766 3694
f 3702 3694 3700
f 3701 3699 3703
f 3698 3703 3699
f 3700 3694 3697
f 3696 3695 3698
f 3705 3695 3693
f 3708 3693 3692
f 3694 766 3691
f 3692 3690 3689
f 3687 9833 3689
f 3686 3688 766
f 3687 3685 3678
f 3685 9922 3678
f 3686 764 3684
f 3684 764 3677
f 3685 3683 9922
f 3683 9923 9922
f 9924 9922 9923
f 9923 9925 9924
f 9925 3679 9924
f 9923 9926 9925
f 3681 9925 9926
f 9922 9924 3679
f 9923 3683 9926
f 3682 9926 3683
f 9926 3682 3681
f 3681 3679 9925
f 3684 3677 3680
f 3679 3678 9922
f 3687 3678 3676
f 3677 764 3675
f 3687 3676 3674
f 3675 764 3673
f 3674 3672 3662
f 3673 764 3671
f 3672 3670 3662
f 3670 9927 3662
f 3671 764 3669
f 3670 3668 9927
f 3668 9928 9927
f 9929 9927 9928
f 9928 3664 9929
f 9928 9930 3664
f 3667 9930 9928
f 9927 9929 3663
f 3668 3667 9928
f 9930 3667 3665
f 3669 764 3666
f 3665 3664 9930
f 3664 3663 9929
f 3663 3662 9927
f 3674 3662 3661
f 3661 3659 3658
f 3658 3656 3626
f 3657 762 3655
f 3656 3654 9931
f 3656 9931 9932
f 3656 9932 9933
f 3656 9933 9934
f 3656 9934 3627
f 3627 9934 3644
f 9935 3644 9934
f 9935 9934 9936
f 9936 9937 9935
f 9938 9935 9937
f 9938 9937 9939
f 9938 9939 9940
f 9940 9941 9938
f 9942 9938 9941
f 9941 9943 9942
f 9944 9942 9943
f 9943 9945 9944
f 9946 9944 9945
f 9945 9933 9946
f 3645 9946 9933
f 9933 9945 9936
f 9946 3644 9944
f 9945 9943 9936
f 9947 9936 9943
f 9944 9935 9942
f 9943 9941 9947
f 9948 9947 9941
f 9949 9947 9948
f 9948 9950 9949
f 9950 9939 9949
f 9939 9950 9951
f 9948 9951 9950
f 9940 9951 9948
f 9947 9949 9937
f 9941 9940 9948
f 9951 9940 9939
f 9949 9939 9937
f 9942 9935 9938
f 9937 9936 9947
f 9944 3644 9935
f 9933 9936 9934
f 9933 9932 3645
f 3646 9932 9931
f 9952 9931 3654
f 3647 9931 9952
f 9952 9953 3647
f 9953 9952 9954
f 9954 3648 9953
f 9954 9955 3648
f 3651 9955 9954
f 3652 9954 9952
f 3655 762 3653
f 3654 3652 9952
f 3652 3651 9954
f 9955 3651 3649
f 3653 762 3650
f 3649 3648 9955
f 9953 3648 3647
f 9931 3647 3646
f 3646 3645 9932
f 3645 3644 9946
f 3644 3628 3627
f 3627 3626 3656
f 3624 3629 3622
f 3623 3619 3598
f 3619 3601 3598
f 3622 3634 3621
f 3636 3620 3621
f 3619 3617 3602
f 3609 3602 3617
f 3618 757 3616
f 3617 3615 3609
f 3616 3600 3614
f 3615 3610 3609
f 3608 3612 3607
f 3605 3607 3612
f 3609 3606 3603
f 3604 3605 3613
f 3614 3600 3604
f 3603 3602 3609
f 3619 3602 3601
f 3616 757 3600
f 3601 3599 3598
f 3623 3598 3596
f 3623 3596 9956
f 9956 9957 3623
f 3407 3623 9957
f 9957 9956 9958
f 3409 9957 9958
f 3409 9958 9959
f 3568 9959 9958
f 3568 9960 9959
f 9959 9960 9961
f 3411 9959 9961
f 3411 9961 3434
f 3533 3434 9961
f 9962 9961 9960
f 9963 9962 9960
f 9960 3542 9963
f 9964 9963 3542
f 9965 9963 9964
f 9965 9964 9966
f 9965 9966 9967
f 9965 9967 9968
f 9968 3540 9965
f 9965 3540 9969
f 3540 9968 9970
f 9971 9970 9968
f 9971 9968 9972
f 9972 9973 9971
f 9971 9973 9966
f 9973 9972 9967
f 9970 9971 9964
f 3541 9970 9964
f 9968 9967 9972
f 9967 9966 9973
f 9966 9964 9971
f 9963 9965 9969
f 9969 9962 9963
f 9962 9969 3538
f 9962 3537 9961
f 9960 3568 3561
f 3569 9958 9956
f 3597 757 3595
f 3596 3594 9956
f 3594 3593 9956
f 3588 9956 3593
f 9956 3588 9974
f 9956 9974 9975
f 9956 9975 9976
f 9976 9977 9956
f 9977 3584 9956
f 9956 3584 3581
f 3585 9977 9976
f 9976 9978 3585
f 3585 9978 9979
f 9979 9980 3585
f 9981 3585 9980
f 9981 9980 9982
f 9982 9975 9981
f 9983 9981 9975
f 9984 9982 9980
f 9982 9984 9976
f 9985 9976 9984
f 9985 9984 9986
f 9985 9986 9987
f 9985 9987 9978
f 9978 9987 9988
f 9988 9987 9986
f 9986 9989 9988
f 9979 9988 9989
f 9989 9984 9979
f 9989 9986 9984
f 9983 3585 9981
f 9980 9979 9984
f 9988 9979 9978
f 9978 9976 9985
f 9975 9982 9976
f 9983 9975 9974
f 9983 9974 3586
f 9990 3593 3591
f 3591 9991 9990
f 9992 9990 9991
f 9991 9993 9992
f 9994 9992 9993
f 9994 9993 9995
f 9995 9996 9994
f 9994 9996 3593
f 9996 3589 3593
f 9996 9995 3590
f 3590 9995 9991
f 9993 9991 9995
f 9990 9992 9994
f 3593 9990 9994
f 3595 757 3592
f 9991 3591 3590
f 3590 3589 9996
f 3589 3588 3593
f 3588 3586 9974
f 3586 3585 9983
f 9977 3585 3584
f 3584 3582 3581
f 9956 3581 3579
f 9956 3579 3573
f 9997 3573 3579
f 3579 3578 9997
f 3578 9998 9997
f 9999 9997 9998
f 9998 10000 9999
f 10001 9999 10000
f 10001 10000 10002
f 3575 10001 10002
f 3575 10002 9998
f 10001 3575 10003
f 10003 10004 10001
f 10001 10004 10005
f 10005 10004 10006
f 10006 9997 10005
f 10003 9997 10006
f 10003 3574 9997
f 10003 10006 10004
f 10001 10005 9999
f 9998 10002 10000
f 9999 10005 9997
f 3576 9998 3578
f 3580 754 3577
f 3576 3575 9998
f 10003 3575 3574
f 9997 3574 3573
f 3573 3571 9956
f 9956 3571 3569
f 9958 3569 3568
f 3568 3566 10007
f 3568 10007 10008
f 10008 10009 3568
f 10009 3563 3568
f 10008 10010 10009
f 10009 10010 3564
f 10011 10010 10008
f 10011 10008 10012
f 10011 10012 10013
f 10013 10014 10011
f 10015 10011 10014
f 10016 10015 10014
f 10014 10017 10016
f 10018 10016 10017
f 10018 10017 10012
f 10007 10018 10012
f 10018 10007 3565
f 3565 10015 10018
f 10016 10018 10015
f 10015 3565 10011
f 10017 10014 10013
f 10013 10012 10017
f 10011 3565 10010
f 10012 10008 10007
f 3570 753 3567
f 3566 3565 10007
f 10010 3565 3564
f 3564 3563 10009
f 3568 3563 3561
f 753 3560 3562
f 753 3552 3560
f 9960 3561 3559
f 9960 3559 3551
f 3551 3548 9960
f 3559 3558 3553
f 3558 10019 3553
f 3558 10020 10019
f 10020 10021 10019
f 10022 10019 10021
f 10021 3555 10022
f 10019 10022 3554
f 10021 10020 3555
f 10020 3558 3556
f 3560 3552 3557
f 3556 3555 10020
f 3555 3554 10022
f 3554 3553 10019
f 3553 3551 3559
f 3552 753 3550
f 3549 3548 3551
f 3548 3546 9960
f 9960 3546 3544
f 3545 750 3543
f 3536 3543 750
f 9960 3544 3542
f 3542 3541 9964
f 9970 3541 3540
f 9969 3540 3538
f 3543 3536 3539
f 3538 3537 9962
f 9961 3537 3535
f 3536 3521 3534
f 9961 3535 3533
f 3534 3521 3532
f 750 3521 3536
f 3522 3520 3519
f 3437 3439 3442
f 3519 3438 3436
f 3433 3437 3446
f 3527 3436 3435
f 3434 3533 3435
f 3413 3434 3432
f 3431 3433 3468
f 3415 3432 3430
f 721 3431 734
f 3417 3430 3429
f 3417 3429 3428
f 3419 3417 3428
f 3417 3415 3430
f 3415 3413 3432
f 3413 3411 3434
f 3411 3409 9959
f 3409 3407 9957
f 3407 3405 3623
f 3405 3404 3626
f 9832 3404 3402
f 3401 9832 3402
f 3399 9828 3401
f 3397 9826 3399
f 3396 4329 3397
f 4330 3396 3394
f 4330 3394 3393
f 4332 3393 3392
f 3391 5849 3392
f 3389 5848 3391
f 3388 5848 3389
f 3388 3357 5848
f 3388 10023 3357
f 3388 10024 10023
f 10025 10023 10024
f 10025 10024 10026
f 10027 10025 10026
f 3383 10027 10026
f 10028 10027 3383
f 10027 10028 10029
f 10027 10029 10030
f 10030 10031 10027
f 10030 10032 10031
f 10031 10032 10025
f 10030 10033 10032
f 10032 10033 3360
f 3358 10032 3360
f 10032 3358 10023
f 3372 10033 10030
f 10034 3372 10030
f 10029 10034 10030
f 10035 10034 10029
f 10035 10036 10034
f 3374 10034 10036
f 10035 10037 10036
f 10038 10036 10037
f 10038 10037 10039
f 10039 10040 10038
f 10041 10038 10040
f 10041 10040 10042
f 10042 10043 10041
f 10044 10041 10043
f 10045 10041 10044
f 10046 10045 10044
f 10046 10044 10042
f 10042 10047 10046
f 10047 10048 10046
f 10048 10049 10046
f 10050 10046 10049
f 10050 10049 10051
f 10052 10050 10051
f 10053 10052 10051
f 10053 10051 3377
f 3377 10054 10053
f 10054 3377 10055
f 10055 10052 10054
f 10056 10055 3377
f 10055 10056 10057
f 10055 10057 10050
f 10057 10056 10045
f 10052 10053 10054
f 10052 10055 10050
f 10058 10051 10049
f 10051 10058 3378
f 10059 3378 10058
f 10058 10037 10059
f 10046 10050 10057
f 10049 10048 10058
f 10048 10047 10058
f 10047 10039 10058
f 10042 10039 10047
f 10045 10046 10057
f 10041 10045 10056
f 10041 10056 10036
f 3375 10036 10056
f 10044 10043 10042
f 10039 10042 10040
f 10037 10058 10039
f 10041 10036 10038
f 10059 10037 10035
f 10035 10028 10059
f 10059 10028 3382
f 10035 10029 10028
f 10031 10025 10027
f 3386 10026 10024
f 10023 10025 10032
f 3388 3386 10024
f 3345 3385 3387
f 3345 10060 3385
f 3385 10060 3366
f 3345 3366 10060
f 3386 3384 10026
f 3383 10026 3384
f 3383 3382 10028
f 10059 3382 3380
f 3378 10059 3380
f 3378 3377 10051
f 10056 3377 3375
f 3373 3376 3379
f 3375 3374 10036
f 10034 3374 3372
f 3370 3373 3379
f 3372 3371 10033
f 3362 10033 3371
f 3368 3364 3371
f 3381 3369 3370
f 3369 3381 3367
f 3366 3367 3385
f 3368 3365 3364
f 3362 3371 3364
f 10033 3362 3360
f 3360 3359 3358
f 3357 10023 3358
f 3357 3355 5848
f 3356 3361 3353
f 3355 3354 5381
f 3352 5382 3354
f 3361 3350 3353
f 3352 3351 5460
f 3351 3349 5461
f 3363 3347 3350
f 5461 3349 3348
f 3363 3346 3347
f 3346 3366 3345
f 3345 3387 3343
f 3343 3390 3342
f 3341 3342 3395
f 3341 3398 3340
f 3340 3398 3338
f 3344 3339 3334
f 3338 3398 3337
f 3337 3329 3336
f 3336 3329 3335
f 3333 3348 3334
f 3335 3329 3332
f 3331 3330 3333
f 3329 3400 3328
f 3403 3325 3328
f 3330 3327 3326
f 3406 3322 3325
f 3326 3324 3323
f 3408 3320 3322
f 3323 3321 3319
f 3410 3317 3320
f 3323 3319 3318
f 3412 3313 3317
f 3318 3316 3315
f 5449 3315 3314
f 5449 3314 3311
f 3414 3312 3313
f 3416 3310 3312
f 5447 3311 3309
f 3418 3308 3310
f 5446 3309 3306
f 3421 3307 3308
f 3423 3304 3307
f 3305 5446 3306
f 3302 5439 3305
f 3303 3304 3423
f 3301 3303 3423
f 3300 5437 3302
f 3299 3301 3424
f 3299 3424 917
f 5430 3300 3298
f 5431 3298 3297
f 5431 3297 3296
f 3296 3292 5405
f 3294 3291 3293
f 3291 3294 10061
f 3294 908 10061
f 3283 10061 908
f 908 903 3283
f 903 10062 3283
f 10062 897 3283
f 897 10062 902
f 3289 5405 3292
f 10061 3290 3291
f 3290 10061 3285
f 3288 5402 3289
f 5834 3288 3287
f 3285 3286 3290
f 10061 3283 3285
f 3282 3287 3284
f 3281 5833 3282
f 3280 5840 3281
f 3278 5333 3280
f 5331 3278 3273
f 3271 3277 887
f 3277 891 887
f 3276 3275 3273
f 3274 3275 888
f 3274 3273 3275
f 3273 3272 5331
f 3270 5325 3272
f 3269 5325 3270
f 3269 3268 5324
f 5324 3268 3266
f 5324 3266 3200
f 3266 3265 10063
f 3266 10063 3202
f 10064 3202 10063
f 10064 10063 3264
f 3264 10063 3265
f 3264 3263 10064
f 3263 3260 10064
f 3257 10064 3260
f 3203 10064 3257
f 3262 3267 3261
f 3261 3271 887
f 3256 886 840
f 840 886 10065
f 840 10065 848
f 3257 3260 3258
f 3256 840 3254
f 3254 10066 3253
f 10066 10067 3253
f 10066 10068 10067
f 10068 995 10067
f 10068 10069 995
f 10068 10070 10069
f 10070 10071 10069
f 10069 10071 999
f 10071 10072 999
f 10072 10073 999
f 10073 10074 999
f 999 10074 1021
f 10075 999 1021
f 1021 1009 10075
f 10075 1009 1012
f 1009 1021 10074
f 854 10074 10073
f 854 10073 10072
f 854 10072 10076
f 854 10076 10077
f 854 10077 832
f 832 10077 830
f 834 830 10077
f 834 10077 10071
f 10077 10076 10071
f 10072 10071 10076
f 10070 839 10071
f 839 836 10071
f 10066 839 10070
f 10066 10070 10068
f 3254 839 10066
f 3253 10067 3252
f 10067 3251 3252
f 10067 994 3251
f 3228 10078 3220
f 3220 10078 3223
f 3228 10079 10078
f 10078 10079 3224
f 994 3250 3251
f 5141 3249 3250
f 992 5141 3250
f 5142 3230 3249
f 3228 3227 10079
f 10079 3227 3226
f 10079 3226 3225
f 10079 3225 3224
f 10078 3224 3223
f 3222 3013 3219
f 3220 3223 3221
f 3220 3218 3216
f 3208 3216 3209
f 3206 3208 3207
f 3255 3206 3204
f 3203 3257 3204
f 3203 3202 10064
f 3202 3200 3266
f 3200 3198 5324
f 3198 3197 5323
f 9530 3197 3195
f 9531 3195 3194
f 3193 5311 3194
f 3193 3192 5307
f 3190 5304 3192
f 3191 3196 3186
f 3190 3189 5294
f 3189 3188 5293
f 3187 3184 3188
f 3196 3185 3186
f 3196 3183 3185
f 3199 3180 3183
f 3182 3181 3184
f 3201 3178 3180
f 3179 3171 3181
f 3178 3205 3177
f 3211 3176 3177
f 3001 3176 3211
f 3001 3175 3176
f 2999 3174 3175
f 2997 3173 3174
f 2995 3172 3173
f 2993 3170 3172
f 3171 3165 5291
f 2991 3169 3170
f 2989 3168 3169
f 2989 3167 3168
f 2987 3166 3167
f 2985 3164 3166
f 3165 3160 5289
f 2983 3163 3164
f 2981 3162 3163
f 2981 3161 3162
f 2979 3159 3161
f 3160 3154 5287
f 2978 3158 3159
f 2978 10080 3158
f 10080 10081 3158
f 2975 10081 10080
f 10081 3157 3158
f 10081 10082 3157
f 2973 10082 10081
f 10082 3156 3157
f 10082 3155 3156
f 10082 2972 3155
f 2971 3153 3155
f 3154 3148 5284
f 2970 3152 3153
f 2969 3151 3152
f 2968 3150 3151
f 2968 3149 3150
f 2965 3147 3149
f 3148 3146 5280
f 3146 3145 5280
f 3143 5279 3145
f 3112 5278 3143
f 3134 3141 3140
f 3134 3140 3138
f 2951 10083 3136
f 2864 3136 10083
f 2951 10084 10083
f 2866 10083 10084
f 2951 10085 10084
f 2869 10084 10085
f 2951 10086 10085
f 2870 10085 10086
f 10086 10087 2870
f 10086 2874 10087
f 2951 2874 10086
f 2861 3135 3136
f 2856 3132 3133
f 3082 3117 3118
f 3094 3114 3117
f 3116 3115 3134
f 3113 3142 3115
f 3112 3142 3113
f 3112 3111 5275
f 3110 5264 3111
f 3110 3109 5262
f 3109 3108 5260
f 3108 3107 5258
f 3107 3106 5255
f 3106 3104 5253
f 3105 3114 3099
f 3103 9621 3104
f 3102 9621 3103
f 3102 3101 9621
f 3101 3100 9622
f 3100 3098 9623
f 3099 3114 3094
f 3098 3097 9623
f 3097 3096 9624
f 3096 3095 9625
f 3095 3093 9626
f 3094 3117 3088
f 3093 3092 9626
f 3092 3091 9627
f 3091 3090 9628
f 3090 3089 9629
f 3089 3087 9630
f 3088 3117 3082
f 3087 3086 9631
f 3086 3085 9632
f 3085 3084 9632
f 3084 3083 9633
f 3083 3081 9634
f 3082 3118 3077
f 3081 3080 9634
f 3080 3079 9635
f 3079 3078 9637
f 3078 3076 9664
f 3077 3118 3069
f 3076 3075 9664
f 3075 3074 9663
f 3074 3073 9661
f 3073 3072 9661
f 3072 3071 9659
f 3071 3070 9653
f 3070 3068 9657
f 3069 3120 3067
f 3068 3066 9656
f 3066 3065 9650
f 3064 9655 3065
f 3062 9650 3064
f 3067 3061 3063
f 3062 3060 5210
f 3127 3058 3061
f 3059 5208 3060
f 3059 3057 5206
f 3125 3056 3058
f 5204 3057 3055
f 3129 3054 3056
f 3129 2937 3054
f 5145 3055 3053
f 3054 2937 3052
f 5145 3053 3051
f 5145 3051 3050
f 5144 3050 3048
f 3052 2937 3049
f 3046 5133 3048
f 3045 5137 3046
f 3045 3043 5143
f 3044 2939 3040
f 3043 3042 5143
f 3042 3041 5143
f 3041 3039 3230
f 3040 2942 3037
f 3039 3038 3233
f 3038 3036 3233
f 3037 2944 3035
f 3035 2944 10088
f 3035 10088 10089
f 10089 10088 2945
f 3034 10089 2945
f 3036 3033 3248
f 3035 10089 3034
f 3033 3031 3248
f 3032 3034 3029
f 3031 3030 3246
f 3030 3027 3243
f 3029 3034 3028
f 3028 3034 3026
f 3237 3027 3025
f 3026 3034 3024
f 3025 3022 3236
f 3024 3034 3023
f 3023 3034 3021
f 3234 3022 3020
f 3021 3034 3019
f 3019 3034 10090
f 10090 3034 2947
f 10091 10090 2947
f 10092 10090 10091
f 10092 10091 10093
f 10092 10093 3012
f 10093 10094 3012
f 10093 10091 10094
f 10094 10091 10095
f 10094 10095 3010
f 10095 10091 10096
f 10095 10096 3008
f 10096 10091 10097
f 10096 10097 3006
f 10097 10091 10098
f 10097 10098 10099
f 10097 10099 3004
f 10099 10098 10100
f 10099 10100 3002
f 10100 10098 10101
f 10100 10101 3000
f 10101 10102 3000
f 10101 10098 10102
f 10102 10098 10103
f 10102 10103 2998
f 10103 10098 10104
f 10103 10104 10105
f 10103 10105 2996
f 10105 10104 10106
f 10105 10106 2994
f 10106 10107 2994
f 10106 10104 10107
f 10107 10104 10108
f 10107 10108 2992
f 10108 10104 10109
f 10108 10109 10110
f 10108 10110 2990
f 10110 10111 2990
f 10110 10109 10111
f 10111 10109 10112
f 10111 10112 2988
f 10112 10109 2986
f 10109 10104 2950
f 2984 10109 2950
f 10104 10098 2949
f 10098 10091 2949
f 10113 10090 10092
f 10113 10092 3014
f 3016 10090 10113
f 3232 3020 3017
f 3019 10090 3018
f 3018 10090 3016
f 3229 3017 3015
f 10113 3014 3016
f 3222 3015 3013
f 10092 3012 3014
f 3013 3011 3219
f 10094 3010 3012
f 3011 3009 3217
f 10095 3008 3010
f 3009 3007 3215
f 10096 3006 3008
f 3007 3005 3214
f 10097 3004 3006
f 3005 3003 3213
f 10099 3002 3004
f 3003 3001 3211
f 10100 3000 3002
f 3001 2999 3175
f 10102 2998 3000
f 2999 2997 3174
f 10103 2996 2998
f 2997 2995 3173
f 10105 2994 2996
f 2995 2993 3172
f 10107 2992 2994
f 2993 2991 3170
f 10108 2990 2992
f 2991 2989 3169
f 10111 2988 2990
f 2989 2987 3167
f 10112 2986 2988
f 2987 2985 3166
f 2986 10109 2984
f 2985 2983 3164
f 2984 2950 2982
f 2983 2981 3163
f 2982 2950 2980
f 2981 2979 3161
f 2979 2978 3159
f 2976 10080 2978
f 2980 2950 2977
f 2976 2975 10080
f 2975 2974 10081
f 2974 2973 10081
f 2973 2972 10082
f 2972 2971 3155
f 2971 2970 3153
f 2970 2969 3152
f 2969 2968 3151
f 2968 2965 3149
f 2967 2950 2955
f 2958 2953 2955
f 2966 2958 2955
f 2959 2966 2955
f 2965 2964 3147
f 2964 2963 3147
f 2962 3144 2963
f 2962 2961 3139
f 2960 3137 2961
f 2959 2955 2950
f 2958 2957 2960
f 2957 2953 2960
f 2951 2960 2953
f 2956 2950 2952
f 2883 2951 2948
f 10104 2949 2950
f 10091 2947 2949
f 2889 2948 2946
f 3034 2945 2947
f 10088 2944 2945
f 3037 2943 2944
f 3037 2942 2943
f 3040 2941 2942
f 3040 2939 2941
f 2946 2940 2938
f 2946 2938 2892
f 3047 2937 2939
f 2935 2896 2938
f 3129 2936 2937
f 2936 3123 2930
f 2918 2934 2933
f 2920 2933 2932
f 2921 2932 2931
f 2923 2931 2929
f 2930 3130 2928
f 2852 2928 3130
f 2850 10114 2922
f 10115 2922 10114
f 10116 10115 10114
f 10117 10116 10114
f 2840 10117 10114
f 2840 10114 2845
f 10118 10116 10117
f 2839 10118 10117
f 2839 2835 10118
f 10118 2835 10119
f 10118 10119 10120
f 10120 10119 10121
f 10120 10121 10122
f 10120 10122 10115
f 10122 10123 10115
f 10122 10124 10123
f 10124 10125 10123
f 10123 10125 10126
f 10123 10126 2922
f 2922 10126 10127
f 10125 10127 10126
f 10125 2919 10127
f 10125 10128 2919
f 10128 10129 2919
f 10128 10130 10129
f 10130 10131 10129
f 10131 2914 10129
f 655 2914 10131
f 10130 655 10131
f 10132 10130 10128
f 10133 10132 10128
f 10133 10134 10132
f 10132 10134 10135
f 10132 10135 662
f 10132 662 657
f 10135 10136 662
f 10136 10137 662
f 10138 10137 10136
f 10138 10136 10139
f 10138 10139 2829
f 10138 2829 2826
f 10138 2826 10140
f 10141 10138 10140
f 10141 10140 10142
f 10141 10142 672
f 2735 672 10142
f 2739 10142 10140
f 2739 10140 2826
f 2829 10139 10143
f 10143 10139 10144
f 10143 10144 10145
f 10121 10143 10145
f 10122 10145 10144
f 10139 10136 10144
f 10146 10144 10136
f 10147 10146 10136
f 10134 10147 10136
f 10124 10146 10147
f 10124 10147 10133
f 10124 10144 10146
f 10141 10137 10138
f 10141 665 10137
f 10141 670 665
f 670 10148 665
f 10135 10134 10136
f 10133 10147 10134
f 10132 657 10130
f 10133 10128 10125
f 10124 10133 10125
f 10122 10144 10124
f 10122 10121 10145
f 10121 10119 10143
f 10119 2835 10143
f 10118 10120 10116
f 10120 10115 10116
f 10115 10123 2922
f 2850 2845 10114
f 2925 2924 2929
f 2924 2923 2929
f 2923 2921 2931
f 2922 10127 2919
f 2921 2920 2932
f 2920 2918 2933
f 2919 10129 2914
f 2918 2917 2934
f 2917 2911 2934
f 2913 2911 2917
f 2911 2910 2934
f 2935 2910 2908
f 2912 2907 2909
f 2935 2908 2906
f 2912 2905 2907
f 2912 10149 2905
f 2912 10150 10149
f 10149 10150 10151
f 10149 10151 10152
f 10149 10152 10153
f 10149 10153 10154
f 10149 10154 10155
f 10149 10155 2902
f 10155 10154 10156
f 10155 10156 10157
f 10155 10157 10158
f 10155 10158 10159
f 10155 10159 10160
f 10155 10160 2898
f 10160 10159 10161
f 10160 10161 10162
f 10160 10162 10163
f 10160 10163 10164
f 10160 10164 10165
f 10160 10165 2893
f 10165 10164 10166
f 10165 10166 10167
f 10165 10167 10168
f 10165 10168 2891
f 10168 10167 10169
f 10168 10169 10170
f 10168 10170 10171
f 10168 10171 10172
f 10168 10172 10173
f 10168 10173 2890
f 10173 10172 10174
f 10173 10174 10175
f 10173 10175 10176
f 10173 10176 10177
f 10173 10177 10178
f 10173 10178 2887
f 10178 10177 10179
f 10178 10179 10180
f 10178 10180 10181
f 10178 10181 10182
f 10178 10182 10183
f 10178 10183 2882
f 10183 10182 10184
f 10183 10184 10185
f 10183 10185 10186
f 10183 10186 10187
f 10183 10187 10188
f 10183 10188 2879
f 10188 10187 591
f 10187 10186 593
f 10186 10185 593
f 10185 10184 595
f 10184 10182 597
f 10182 10181 599
f 10181 10180 601
f 10180 10179 605
f 10179 10177 607
f 10177 10176 609
f 10176 10175 611
f 10175 10174 613
f 10174 10172 613
f 10172 10171 615
f 10171 10170 615
f 10170 10169 617
f 10169 10167 619
f 10167 10166 621
f 10166 10164 623
f 10164 10163 623
f 10163 10162 625
f 10162 10161 627
f 10161 10159 627
f 10159 10158 629
f 10158 10157 629
f 10157 10156 631
f 10156 10154 633
f 10154 10153 637
f 10153 10152 639
f 10152 10151 643
f 10151 10150 643
f 2912 10189 10150
f 10150 10189 647
f 10189 10190 647
f 2912 10190 10189
f 10190 2912 649
f 2935 2906 2904
f 10149 2903 2905
f 2935 2904 2901
f 10149 2902 2903
f 10155 2900 2902
f 2935 2901 2896
f 10155 2899 2900
f 10155 2898 2899
f 10160 2897 2898
f 10160 2895 2897
f 2896 2894 2938
f 10160 2893 2895
f 2894 2892 2938
f 10165 2891 2893
f 2892 2889 2946
f 10168 2890 2891
f 10173 2888 2890
f 2948 2889 2886
f 10173 2887 2888
f 10178 2885 2887
f 2948 2886 2883
f 10178 2884 2885
f 10178 2882 2884
f 2951 2883 2881
f 10183 2880 2882
f 2951 2881 2878
f 10183 2879 2880
f 10188 2877 2879
f 2951 2878 2876
f 10188 2875 2877
f 10188 2872 2875
f 10188 10191 2872
f 10191 584 2872
f 10191 587 584
f 10191 10192 587
f 10188 10192 10191
f 10188 10193 10192
f 10192 10193 589
f 10193 10188 589
f 2951 2876 2874
f 2871 10087 2874
f 2875 2872 2873
f 2872 10194 2868
f 578 2868 10194
f 578 10195 2868
f 2868 10195 10196
f 2868 10196 10197
f 2868 10197 10198
f 574 10198 10197
f 574 10197 10196
f 576 10196 10195
f 2872 10199 10194
f 580 10194 10199
f 2872 10200 10199
f 582 10199 10200
f 582 10200 2872
f 2871 2870 10087
f 2870 2869 10085
f 2869 2867 10084
f 2868 10198 2865
f 572 2865 10198
f 2867 2866 10084
f 2866 2864 10083
f 2865 10201 2862
f 2862 10201 10202
f 2862 10202 10203
f 2862 10203 10204
f 2862 10204 10205
f 556 10205 10204
f 558 10204 10203
f 560 10203 10202
f 562 10202 10201
f 2865 10206 10201
f 564 10201 10206
f 2865 10207 10206
f 568 10206 10207
f 568 10207 2865
f 2864 2863 3136
f 2863 2861 3136
f 2862 10205 2858
f 2858 10205 10208
f 2858 10208 10209
f 2858 10209 10210
f 2858 10210 10211
f 552 10211 10210
f 552 10210 10209
f 554 10209 10208
f 554 10208 10205
f 2861 2860 3135
f 2860 2859 3135
f 2859 2857 3133
f 2858 10211 2855
f 2855 10211 10212
f 2855 10212 10213
f 548 10213 10212
f 550 10212 10211
f 2857 2856 3133
f 2856 2854 3132
f 2855 10213 2853
f 2853 10213 10214
f 2853 10214 10215
f 2853 10215 10216
f 2853 10216 10217
f 542 10217 10216
f 544 10216 10215
f 544 10215 10214
f 546 10214 10213
f 2854 2852 3130
f 2853 10217 2849
f 2849 10217 10218
f 2849 10218 10219
f 540 10219 10218
f 540 10218 10217
f 2852 2851 2928
f 2850 2927 2851
f 2849 10219 2848
f 538 2848 10219
f 2850 2847 2846
f 2850 2846 2845
f 2841 2840 2845
f 2839 10117 2840
f 2842 2837 2838
f 2837 2844 530
f 2839 2836 2835
f 2834 10143 2835
f 2830 10143 2834
f 2829 10143 2830
f 2829 2827 2826
f 2824 2828 2821
f 2823 2822 2813
f 5174 2813 2822
f 2820 5174 2822
f 2821 2828 522
f 2819 2816 2820
f 2817 2816 2819
f 2816 2815 2820
f 2815 2814 2820
f 2814 2813 5174
f 2823 2813 2812
f 2786 2812 2809
f 2786 2744 2812
f 2776 2744 2786
f 692 2803 2805
f 2799 2788 2804
f 2801 2800 2802
f 2799 2802 2800
f 2799 2798 2788
f 2798 10220 2788
f 10220 10221 2788
f 10221 2797 2788
f 2797 10222 2788
f 10220 2798 10221
f 2797 10221 2798
f 2796 10222 2797
f 10222 2796 2791
f 10222 2791 2788
f 2789 2790 2792
f 2787 2789 2795
f 2788 2786 2809
f 2782 2785 2787
f 688 2782 2787
f 2784 2783 2786
f 2783 2781 2786
f 2778 2786 2781
f 2781 2780 2778
f 2779 2778 2780
f 2778 2776 2786
f 685 2775 2777
f 2761 2744 2776
f 2758 2759 2760
f 2756 2758 2760
f 2755 2756 10223
f 2755 10223 10224
f 2755 10224 10225
f 2755 10225 2734
f 2734 10225 10226
f 2734 10226 10227
f 10227 676 2734
f 676 10227 10228
f 10228 10226 676
f 10228 10227 10226
f 676 10226 10225
f 676 10225 10224
f 676 10224 10223
f 676 10223 2756
f 2744 2757 2754
f 2734 2753 2755
f 2752 2734 10229
f 10229 2733 2752
f 10229 2734 2732
f 2751 2752 2733
f 2750 2751 2733
f 2738 2748 2749
f 2738 2747 2748
f 2746 2747 5201
f 2745 2746 2738
f 2743 2745 2738
f 2744 2742 2812
f 2825 2742 2740
f 2741 2743 2738
f 2739 2826 2740
f 2736 10142 2739
f 2738 2749 2737
f 2737 2750 2733
f 2735 10142 2736
f 953 2732 2734
f 953 983 2769
f 2733 10229 2732
f 2729 5199 2731
f 2732 951 2730
f 2729 2728 5199
f 2728 2707 5200
f 2707 10230 5200
f 5200 10230 2687
f 2707 2692 10230
f 2706 2713 2704
f 2702 2693 2703
f 2697 2701 2698
f 2701 2697 2695
f 2702 2695 2693
f 2694 2696 2691
f 2693 2692 2705
f 2690 10230 2692
f 2690 2689 10230
f 10230 2689 2687
f 5200 2687 2686
f 2686 2683 5180
f 2685 2682 2684
f 2683 2681 2680
f 5186 2680 2679
f 2677 4993 2679
f 2677 2676 4988
f 2561 2676 2675
f 2562 2675 2673
f 2678 2671 2674
f 2565 2673 2672
f 2565 2672 2670
f 2565 2670 2644
f 2644 2670 10231
f 2644 10231 10232
f 2644 10232 2648
f 2657 10232 10231
f 2682 2668 2671
f 2670 2669 10231
f 2669 2667 10231
f 2659 10231 2667
f 2688 2665 2668
f 2666 2659 2667
f 2691 2664 2665
f 2664 2699 2663
f 2663 2704 2661
f 2666 2662 2659
f 2661 2719 2660
f 2660 2718 931
f 2659 2658 10231
f 2658 2657 10231
f 2655 10232 2657
f 2649 10232 2655
f 2656 2807 2654
f 2654 2808 2653
f 2652 2646 2650
f 2638 2646 2652
f 502 2638 2652
f 2649 2655 2651
f 2649 2648 10232
f 2647 2650 2646
f 2638 2643 2646
f 2644 2648 2645
f 2566 2644 2642
f 2566 2642 10233
f 2642 2641 10233
f 10233 2641 10234
f 2570 10233 10234
f 2570 10234 10235
f 10236 10235 10234
f 10234 10237 10236
f 10236 10237 2634
f 10237 2639 2634
f 10236 10238 10235
f 2572 10235 10238
f 10238 10236 10239
f 10239 10240 10238
f 10241 10238 10240
f 10242 10241 10240
f 10240 10243 10242
f 10242 10243 2628
f 10244 10242 2628
f 10245 10242 10244
f 10244 10246 10245
f 2576 10245 10246
f 2576 10246 10247
f 10247 10246 10248
f 10248 10249 10247
f 2578 10247 10249
f 2578 10249 10250
f 10251 10250 10249
f 10249 10252 10251
f 10251 10252 2622
f 10253 10251 2622
f 10254 10253 2622
f 10253 10254 10255
f 10256 10255 10254
f 10254 10257 10256
f 2582 10256 10257
f 10257 10254 10258
f 10258 2619 10257
f 2589 10257 2619
f 10258 10254 2620
f 2582 10255 10256
f 10255 10251 10253
f 10251 10255 10259
f 2580 10259 10255
f 2580 10250 10259
f 10251 10259 10250
f 10249 10248 10252
f 10252 10248 2624
f 10248 10260 2624
f 10260 10248 10246
f 10246 10244 10260
f 10260 10244 2626
f 10242 10245 10241
f 2574 10241 10245
f 2574 10238 10241
f 10240 10239 10243
f 10243 10239 2630
f 10239 10236 2632
f 10237 10234 2641
f 2641 2639 10237
f 2643 2638 2640
f 502 2637 2638
f 502 10261 2637
f 2637 10261 2635
f 2635 10261 2292
f 10261 501 2292
f 2639 2636 2634
f 10236 2634 2632
f 10239 2632 2630
f 10243 2630 2628
f 10244 2628 2626
f 10260 2626 2624
f 10252 2624 2622
f 10254 2622 2620
f 2619 10258 2620
f 2591 2619 2618
f 2615 2613 10262
f 2615 10262 2593
f 2614 4619 2611
f 2611 4619 2474
f 2613 2612 10262
f 10262 2612 2609
f 2594 10262 2609
f 2594 2593 10262
f 2592 2615 2593
f 2618 2592 2591
f 2589 2619 2591
f 2590 2595 2588
f 2584 10257 2589
f 2588 2595 2586
f 2584 2582 10257
f 2582 2580 10255
f 2580 2578 10250
f 2578 2576 10247
f 2576 2574 10245
f 2574 2572 10238
f 2572 2570 10235
f 10233 2570 2567
f 2566 10233 2567
f 2566 2565 2644
f 2562 2673 2565
f 2561 2675 2562
f 4984 2561 2559
f 2563 2542 2560
f 2558 4984 2559
f 2557 4982 2558
f 2557 2556 9668
f 2556 2554 9680
f 2553 9678 2554
f 9675 2553 2552
f 2552 2551 9675
f 9672 2551 2550
f 9671 2550 2548
f 2549 2555 2545
f 4970 2548 2547
f 2547 2546 4968
f 2544 4936 2546
f 2544 2541 4932
f 2545 2542 2543
f 2540 2542 2563
f 2541 2538 4931
f 2540 2564 2539
f 2569 2537 2539
f 4931 2538 2536
f 2569 2535 2537
f 4929 2536 2534
f 2571 2533 2535
f 4922 2534 2532
f 2573 2531 2533
f 4921 2532 2530
f 2575 2528 2531
f 4921 2530 2529
f 4919 2529 2527
f 2577 2526 2528
f 4919 2527 2525
f 2579 2523 2526
f 4917 2525 2524
f 4917 2524 2522
f 2581 2520 2523
f 2522 2521 4917
f 2583 2519 2520
f 2519 2508 2512
f 2517 2521 2518
f 4914 2517 2516
f 4260 2516 2515
f 2515 2514 2513
f 4263 2513 2510
f 2508 2511 2512
f 4263 2510 2509
f 4263 2509 2507
f 2506 2508 2519
f 2505 4264 2507
f 2506 2585 2504
f 2505 2503 4266
f 2504 2586 2502
f 2503 2501 4267
f 2608 2500 2502
f 2501 2499 4269
f 2606 2498 2500
f 2499 2497 4271
f 2498 2485 2495
f 2497 2496 4273
f 10263 2493 2495
f 10263 2495 2486
f 10263 2486 2490
f 2492 2496 2494
f 10263 2490 2493
f 9871 2492 2491
f 9872 2491 2489
f 2489 2488 9867
f 2487 2490 2486
f 2486 2495 2485
f 2603 2481 2485
f 2488 2484 2483
f 2482 3720 2483
f 2482 2479 3721
f 2481 2600 2480
f 2611 2474 2480
f 2479 2478 3830
f 2478 2477 3829
f 3827 2477 2476
f 3827 2476 2475
f 2475 2473 3826
f 4619 2467 2474
f 2473 2472 3825
f 2472 2471 3823
f 2470 3823 2471
f 3823 2470 2469
f 3823 2469 2468
f 2468 2466 3822
f 4617 2461 2467
f 2466 2465 3821
f 2465 2464 3819
f 2463 3819 2464
f 3819 2463 2462
f 2462 2460 3818
f 4615 2452 2461
f 2460 2459 3817
f 2459 2458 3816
f 2458 2457 3815
f 2456 3815 2457
f 2455 3813 2456
f 3813 2455 2454
f 3813 2454 2453
f 2453 2451 3812
f 4620 2450 2452
f 2451 2449 3810
f 2356 3807 2449
f 4587 2356 2448
f 4587 2448 2354
f 2354 2448 10264
f 10264 2446 2354
f 10264 2448 2446
f 2441 4600 2447
f 2445 2447 4596
f 2443 2354 2446
f 2445 2441 2444
f 2443 2442 10265
f 10265 2440 2443
f 2442 2440 10265
f 2436 2441 2450
f 2443 2440 2439
f 2438 4557 2439
f 2437 4579 2438
f 4579 2437 2435
f 4580 2435 2434
f 4593 2434 2431
f 2436 2432 2433
f 2432 4572 2422
f 2430 2429 2431
f 2429 2426 4319
f 2428 2422 2427
f 2426 2425 4317
f 4311 2425 2424
f 2423 4309 2424
f 2421 4309 2423
f 2417 2422 4604
f 2421 2420 4246
f 2419 4242 2420
f 4221 2419 2418
f 2418 2415 2414
f 4236 2414 2413
f 2412 4226 2413
f 2411 4215 2412
f 2410 4210 2411
f 4205 2410 2408
f 2407 4205 2408
f 2403 2407 2404
f 2401 4201 2403
f 2402 2367 2400
f 2395 4196 2401
f 2393 4198 2395
f 2392 4198 2393
f 2392 2391 4193
f 2390 4190 2391
f 2386 2390 2389
f 2388 2394 2387
f 2398 2384 2387
f 4182 2386 2385
f 2383 4175 2385
f 2398 2377 2384
f 2382 4174 2383
f 2382 2381 9906
f 2380 9902 2381
f 2380 2379 9904
f 2378 9904 2379
f 2378 2376 9905
f 2377 2399 2375
f 2376 2374 9905
f 2375 2399 2373
f 2374 2369 3855
f 2399 2372 2373
f 2399 2371 2372
f 2396 2370 2371
f 2400 2368 2370
f 3846 2369 2366
f 2400 2367 2368
f 2367 2405 2350
f 2365 3846 2366
f 2365 2364 3838
f 2363 4591 2364
f 2352 2363 2362
f 2352 2362 2361
f 2361 2359 4561
f 2359 2357 2354
f 2358 2352 3805
f 2358 3805 2356
f 2352 2356 4587
f 2357 2355 2354
f 2353 4587 2354
f 4584 2353 2349
f 2352 2360 2351
f 2351 2360 2350
f 2405 2347 2350
f 4578 2349 2348
f 2341 4605 2348
f 2406 2346 2347
f 2346 2409 2345
f 2344 2345 2416
f 2344 2417 2343
f 2343 4605 2342
f 2342 4610 2337
f 2341 2340 4611
f 2340 2339 4609
f 2339 2338 4570
f 2337 4238 2335
f 2338 2336 1584
f 4235 2334 2335
f 4238 2331 2334
f 2333 2332 1584
f 2331 4608 2329
f 2329 4612 2323
f 2328 2324 2322
f 2328 2322 10266
f 2328 10266 1634
f 4612 2321 2323
f 10266 2322 2320
f 10266 2320 10267
f 10266 10267 1635
f 4614 2319 2321
f 10267 2320 2318
f 10267 2318 10268
f 10267 10268 1637
f 4616 2317 2319
f 10268 2318 2316
f 10268 2316 10269
f 10268 10269 1639
f 4618 2315 2317
f 10269 2316 2313
f 10269 2313 10270
f 10269 10270 1640
f 10270 2313 2309
f 2614 2314 2315
f 2314 2616 2312
f 2312 2617 2310
f 2313 2311 2309
f 2310 2621 2307
f 10270 2309 2308
f 10270 2308 1642
f 2308 2306 1644
f 2306 10271 1644
f 2306 1659 10271
f 2621 2305 2307
f 2306 2304 1659
f 2623 2303 2305
f 2304 2302 1660
f 2625 2301 2303
f 2302 2300 1662
f 2627 2299 2301
f 2300 2298 1663
f 2629 2297 2299
f 2298 2296 1665
f 2631 2295 2297
f 2296 2294 1667
f 2633 2293 2295
f 2294 2291 1669
f 2635 2292 2293
f 2292 500 2290
f 2290 496 1672
f 1671 1690 1668
f 2291 1670 1669
f 2294 1669 1667
f 1668 1691 1666
f 2296 1667 1665
f 1666 1695 1664
f 2298 1665 1663
f 1664 1697 1661
f 2300 1663 1662
f 2302 1662 1660
f 1661 1700 1658
f 2304 1660 1659
f 1657 10271 1659
f 1657 1650 10271
f 1658 1700 1655
f 1657 1656 1653
f 1654 1655 1701
f 1657 1653 1652
f 1657 1652 1650
f 1650 1645 10271
f 1649 1651 1646
f 1645 1644 10271
f 1642 2308 1644
f 1643 1647 1641
f 10270 1642 1640
f 1641 1648 1638
f 1638 1648 10272
f 1638 10272 10273
f 1638 10273 10274
f 10274 10273 332
f 10273 10272 335
f 10272 1648 335
f 10269 1640 1639
f 10268 1639 1637
f 1638 10274 1636
f 1636 10274 10275
f 1636 10275 10276
f 10275 329 10276
f 10274 330 10275
f 10267 1637 1635
f 1636 10276 1633
f 1633 10276 10277
f 10276 328 10277
f 10266 1635 1634
f 2328 1634 1632
f 1633 10277 1631
f 1631 10277 10278
f 10278 10277 326
f 2327 1632 1630
f 1631 10278 1628
f 2327 1630 1629
f 1628 10278 1627
f 1627 10278 323
f 1620 1615 1616
f 1622 1614 1615
f 1622 177 1614
f 1617 1613 1612
f 1611 1629 1612
f 1611 1609 2326
f 175 1608 1610
f 1608 1553 1607
f 1608 172 1553
f 1603 1602 1606
f 1609 1602 1600
f 1599 1609 1600
f 1598 2325 1599
f 1596 2330 1598
f 1591 2330 1596
f 1589 1588 1587
f 1587 1586 1591
f 1586 1584 2332
f 1585 1590 1583
f 1581 4502 1584
f 1583 1592 1582
f 1582 1597 1579
f 1580 4497 1581
f 1580 1578 4216
f 1597 1573 1579
f 1577 4217 1578
f 4466 1577 1576
f 1580 1576 1575
f 1575 1574 4492
f 1574 1572 4472
f 1573 1601 1571
f 4772 1572 1569
f 1571 1605 1570
f 1566 1570 1605
f 1568 4491 1569
f 1568 1567 7115
f 1567 1565 7061
f 1566 1605 1564
f 1562 7100 1565
f 1562 1558 7100
f 1563 1564 1604
f 1563 1554 1561
f 1559 1562 1560
f 1562 1559 1558
f 1557 7100 1558
f 1557 1556 7099
f 1556 1555 7099
f 1555 1552 7111
f 1554 1607 1553
f 1552 1550 7102
f 1550 1549 7106
f 1540 1546 1548
f 1549 1545 1544
f 1543 7108 1544
f 1543 1542 7096
f 1542 1541 7073
f 1539 7095 1541
f 1540 1548 1535
f 1534 1539 1538
f 10279 1534 1538
f 10280 10279 1538
f 10281 10280 1538
f 10282 10281 1538
f 1538 10283 10282
f 1538 10284 10283
f 10285 10283 10284
f 10285 10279 10283
f 10284 1538 10285
f 10286 10285 1538
f 1538 1536 10286
f 10285 10286 1536
f 10282 10283 10281
f 10281 10283 10280
f 10280 10283 10279
f 10279 10285 1534
f 1537 1536 1538
f 1536 1534 10285
f 1547 1531 1535
f 168 1531 1547
f 1539 1534 1533
f 1539 1533 1532
f 1539 1532 1530
f 165 1529 1531
f 1473 7088 1530
f 7093 1473 1528
f 1529 1524 1527
f 1526 7091 1528
f 1527 1524 1525
f 1516 1526 1517
f 1515 1524 1516
f 1514 1513 7079
f 6970 1513 1502
f 1512 1523 1511
f 1511 1522 1510
f 6968 1501 1510
f 1502 1509 1503
f 1501 6968 1502
f 1508 1501 1500
f 1506 1500 1499
f 8498 1499 1497
f 1494 1471 1490
f 1496 8499 1497
f 1496 10287 8499
f 1455 8499 10287
f 1455 10287 10288
f 1455 10288 10289
f 10289 10288 1496
f 10287 1496 10288
f 1495 10289 1496
f 1486 10289 1495
f 1491 1486 1495
f 1486 10290 10289
f 10290 10291 10289
f 1457 10289 10291
f 10290 10292 10291
f 1459 10291 10292
f 1459 10292 10293
f 10293 10294 1459
f 10293 10295 10294
f 1460 10294 10295
f 1460 10295 1483
f 1460 1483 10296
f 1460 10296 1475
f 1460 1475 1477
f 1477 10297 1460
f 1460 10297 1473
f 10298 1477 1475
f 1477 10298 1480
f 10298 1476 1480
f 10295 10293 1483
f 1476 1483 10293
f 10290 1476 10293
f 10290 10293 10299
f 10299 10300 10290
f 10301 10290 10300
f 10301 10300 10293
f 10293 10300 10302
f 10299 10302 10300
f 10293 10302 10299
f 10290 1484 1476
f 10293 10292 10301
f 10290 10301 10292
f 1491 1495 1493
f 1492 1494 1490
f 1490 1471 1489
f 1489 10303 1488
f 1489 1472 10303
f 10303 1474 1488
f 1487 1486 1491
f 1474 10296 1485
f 10290 1486 1484
f 10296 1483 1485
f 1480 1476 1484
f 1481 1480 1482
f 1480 1479 1477
f 1478 1483 1476
f 1473 10297 1477
f 1476 10298 1475
f 1474 1475 10296
f 10303 1472 1474
f 1462 1473 1470
f 1489 1471 1472
f 1471 1498 1469
f 1468 1469 1507
f 1468 1507 1466
f 1463 1470 1467
f 1465 1466 1507
f 1465 1506 1464
f 1464 8097 1461
f 1462 1470 1463
f 1460 1473 1462
f 7486 1456 1461
f 1460 1459 10294
f 1459 1458 10291
f 10291 1458 1457
f 1455 10289 1457
f 1456 7489 1453
f 8499 1455 1454
f 1451 8493 1454
f 1453 7497 1452
f 1452 7552 1450
f 1451 1449 8491
f 1449 1436 1435
f 8490 1435 1433
f 8478 1433 1431
f 8479 1431 1429
f 1429 1428 8479
f 8483 1428 1427
f 8483 1427 1424
f 1424 1427 1426
f 1219 1425 1221
f 1423 8483 1424
f 1420 1423 1422
f 9617 1420 1419
f 1419 1418 9618
f 1416 9558 1418
f 1417 1421 1415
f 1415 1421 1218
f 1416 1414 9553
f 1415 1218 1413
f 1413 1218 58
f 1414 1412 9551
f 1413 58 55
f 1412 1410 9550
f 1410 1409 9550
f 1408 9548 1409
f 1407 9547 1408
f 1407 1405 9542
f 54 1404 1406
f 1405 1403 9537
f 52 1402 1404
f 1403 1401 9535
f 50 1396 1402
f 1400 1399 1401
f 1399 1398 5299
f 1397 5298 1398
f 1393 1392 1397
f 1391 5300 1392
f 1391 1390 5308
f 1390 1389 9513
f 5359 1389 1388
f 5359 1388 1386
f 1394 1384 1387
f 1386 1385 7751
f 1379 7751 1385
f 1385 1381 1379
f 9316 1379 1381
f 9316 1381 10304
f 9316 10304 1379
f 1385 1383 1381
f 1384 46 1375
f 1383 1382 1381
f 1380 10304 1381
f 1380 1379 10304
f 1379 1377 7751
f 1375 1376 1378
f 1377 1374 1373
f 1377 1373 1367
f 1371 1367 1372
f 1359 82 1356
f 1367 1358 1357
f 7749 1357 1355
f 7749 1355 1354
f 1353 7744 1354
f 7733 1353 1352
f 7733 1352 1349
f 1349 1352 1350
f 7733 1349 1343
f 1343 1342 7728
f 1341 1337 1342
f 1339 6890 1341
f 1338 1340 1346
f 6887 1339 1337
f 1334 1338 1347
f 1337 1330 7725
f 1333 1334 1326
f 1330 1331 1333
f 1329 1328 1332
f 1330 1328 1327
f 1330 1327 1324
f 1327 1321 1324
f 1318 1327 1326
f 1326 1320 7724
f 1330 1324 1325
f 1323 1324 7709
f 1324 1322 7709
f 1322 1323 7709
f 1322 1324 1321
f 1327 1319 1321
f 1317 7709 1320
f 1327 1318 1319
f 1318 1345 1314
f 1316 7706 1317
f 1315 7678 1316
f 1313 7681 1315
f 7583 1313 1312
f 7602 1312 1310
f 1309 1450 1310
f 1309 1302 1439
f 1301 1440 1302
f 1289 1301 1300
f 1289 1300 1295
f 1298 1299 1308
f 1296 1298 1307
f 1297 1295 1300
f 1294 1296 1292
f 1293 1290 1295
f 1290 1289 1295
f 1288 1444 1289
f 1448 1288 1287
f 1287 1286 1445
f 1441 1286 1285
f 1276 1285 1280
f 1282 1284 1291
f 1283 1279 1281
f 1283 1278 1279
f 1280 1277 1276
f 1285 1276 1274
f 1438 1274 1273
f 1273 1271 1434
f 1271 1270 1434
f 1267 1217 1270
f 59 1264 1268
f 1263 1207 1264
f 1233 1225 1208
f 1234 130 135
f 156 257 254
f 1229 1227 1230
f 1233 1227 1225
f 1221 1226 1228
f 1232 1224 1221
f 1232 1201 1224
f 1232 251 1201
f 1214 1221 1220
f 1219 1430 1220
f 1218 1421 1219
f 59 1217 1266
f 1217 1216 1270
f 1216 1215 1432
f 1220 1215 1214
f 1221 1214 1212
f 1213 1222 1210
f 1211 1223 1212
f 1209 1223 1211
f 1208 1225 1209
f 1263 1208 1207
f 1205 1265 1207
f 1210 1203 1206
f 1205 1204 1235
f 1204 7 1259
f 1224 1201 1203
f 1201 251 1199
f 1196 1133 1197
f 1196 1195 1133
f 1192 235 1190
f 1134 1191 1189
f 235 1188 1190
f 1136 1189 1187
f 233 1186 1188
f 1138 1187 1185
f 231 1184 1186
f 1140 1185 1148
f 229 1183 1184
f 228 1181 1183
f 569 1144 1145
f 571 1143 1144
f 10305 1141 1143
f 573 10305 1143
f 573 10306 10305
f 10306 1141 10305
f 10306 10307 1141
f 10307 10308 1141
f 10308 1121 1141
f 577 10308 10307
f 577 1120 10308
f 575 10307 10306
f 1142 1140 1148
f 1141 1121 1139
f 1140 1138 1185
f 1139 1123 1137
f 1138 1136 1187
f 1137 1125 1135
f 1136 1134 1189
f 1134 1133 1191
f 2 1200 1133
f 1135 1127 1132
f 1095 1128 1126
f 1135 1125 1127
f 1097 1126 1124
f 1137 1123 1125
f 1099 1124 1122
f 1139 1121 1123
f 10308 1120 1121
f 579 1119 1120
f 581 1118 1119
f 583 1117 1118
f 586 1116 1117
f 1101 1122 1115
f 590 1113 1114
f 590 1112 1113
f 592 1103 1112
f 1101 1099 1122
f 1099 1097 1124
f 1097 1095 1126
f 1095 1094 1128
f 1091 1131 1094
f 1090 1131 1091
f 16 1131 1090
f 98 20 1088
f 1089 1092 1083
f 98 1088 1087
f 9366 1087 1086
f 1085 9364 1086
f 1084 1080 1085
f 1083 1092 1082
f 1093 1077 1082
f 1084 1081 1080
f 9362 1080 1079
f 9361 1079 1078
f 9357 1078 1076
f 1096 1075 1077
f 9335 1076 1074
f 1098 1073 1075
f 9336 1074 1071
f 1100 1072 1073
f 1102 1070 1072
f 9356 1071 1067
f 1111 1069 1070
f 606 1068 1069
f 608 1066 1068
f 9355 1067 1059
f 608 1065 1066
f 610 1064 1065
f 612 1063 1064
f 612 1062 1063
f 614 1061 1062
f 616 1060 1061
f 618 1058 1060
f 9353 1059 1057
f 620 1056 1058
f 9345 1057 1052
f 622 1055 1056
f 624 1054 1055
f 626 1053 1054
f 628 1051 1053
f 9352 1052 1049
f 630 1050 1051
f 632 1048 1050
f 9351 1049 1046
f 9351 1046 10309
f 821 9351 10309
f 634 1047 1048
f 636 1045 1047
f 10309 1046 1044
f 10309 1044 10310
f 823 10309 10310
f 10311 823 10310
f 10311 10310 1036
f 1022 10311 1036
f 636 1043 1045
f 10310 1044 1038
f 640 1041 1042
f 640 1040 1041
f 642 1039 1040
f 10312 1032 1039
f 644 10312 1039
f 10312 660 1032
f 10312 10313 660
f 10313 10314 660
f 650 660 10314
f 650 10315 660
f 660 10315 10316
f 652 10316 10315
f 652 659 10316
f 648 10314 10313
f 646 10313 10312
f 10310 1038 1036
f 1036 1034 1024
f 1034 10317 1024
f 1031 1024 10317
f 1035 1037 1032
f 1031 10317 1034
f 1030 1024 1031
f 1025 1024 1030
f 1022 1036 1024
f 827 10311 1022
f 1021 1020 10318
f 10319 1021 10318
f 10319 10318 10320
f 10321 10319 10320
f 10321 10320 10322
f 10323 10321 10322
f 10323 10322 702
f 10324 10323 702
f 805 10323 10324
f 702 10322 691
f 807 10321 10323
f 10322 10320 689
f 809 10319 10321
f 10320 10318 687
f 687 10318 10325
f 687 10325 10326
f 687 10326 1015
f 1011 1015 10326
f 1011 10326 10325
f 10319 10327 1021
f 1021 10327 828
f 811 10327 10319
f 825 10327 811
f 10325 10318 1020
f 1011 10325 1020
f 1023 1018 1019
f 1023 1017 1018
f 1016 1014 1011
f 1011 1013 1015
f 10075 1012 1000
f 1014 1010 1011
f 1012 1009 1010
f 10074 1008 1009
f 855 1008 10074
f 855 1007 1008
f 1007 855 974
f 975 980 1005
f 1000 1006 1002
f 990 997 1001
f 999 10075 1000
f 998 10069 999
f 998 996 10069
f 995 10069 996
f 995 994 10067
f 992 3250 994
f 993 997 990
f 992 991 5141
f 991 989 5139
f 990 1001 987
f 989 988 5130
f 988 986 5128
f 987 1001 982
f 985 5146 986
f 985 984 5146
f 984 983 2731
f 979 2767 983
f 982 1001 981
f 981 1005 980
f 978 2770 979
f 976 2766 978
f 975 977 980
f 1007 974 975
f 972 976 973
f 966 964 972
f 947 963 965
f 960 959 964
f 958 954 959
f 957 961 956
f 954 953 2769
f 953 951 2732
f 950 952 955
f 2724 951 949
f 956 947 950
f 2724 949 948
f 946 2727 948
f 947 965 945
f 944 2723 946
f 943 945 965
f 942 2709 944
f 943 968 941
f 940 2710 942
f 939 941 968
f 938 2712 940
f 937 939 970
f 935 2715 938
f 970 936 937
f 932 936 925
f 934 2720 935
f 934 933 2721
f 2721 933 931
f 928 931 930
f 929 932 925
f 2656 928 927
f 696 692 927
f 936 924 925
f 924 971 923
f 926 922 697
f 919 3422 921
f 917 3424 919
f 916 3299 917
f 915 3295 916
f 914 3295 915
f 913 918 912
f 914 911 910
f 910 908 3294
f 906 907 898
f 898 907 877
f 905 906 900
f 903 908 904
f 10062 903 902
f 900 901 905
f 906 898 900
f 897 902 899
f 896 3283 897
f 894 893 896
f 892 3279 893
f 892 891 3277
f 891 889 887
f 887 889 888
f 887 886 3259
f 10065 886 885
f 10065 885 884
f 849 10065 884
f 846 883 816
f 846 880 882
f 849 884 881
f 880 890 879
f 879 895 878
f 877 878 898
f 875 877 907
f 849 876 851
f 874 875 909
f 874 912 873
f 873 912 869
f 10328 872 871
f 10328 853 872
f 10328 871 870
f 10328 870 868
f 867 10328 868
f 867 856 10328
f 869 865 866
f 865 920 864
f 923 861 864
f 860 863 862
f 974 855 861
f 867 860 859
f 867 859 858
f 867 858 857
f 867 857 856
f 10328 856 853
f 10074 854 855
f 832 852 854
f 872 853 851
f 850 849 851
f 10065 849 848
f 840 848 847
f 846 841 847
f 846 817 880
f 817 845 883
f 845 816 883
f 816 844 846
f 844 814 846
f 843 846 814
f 846 843 841
f 847 841 840
f 3254 840 839
f 842 835 838
f 839 837 836
f 836 834 10071
f 832 835 852
f 830 834 833
f 832 10327 825
f 10327 832 829
f 830 833 831
f 829 832 830
f 829 828 10327
f 827 1021 828
f 824 10311 827
f 824 823 10311
f 823 821 10309
f 821 820 9351
f 9350 820 819
f 817 6771 819
f 818 822 816
f 815 6767 817
f 822 814 816
f 6765 815 812
f 814 826 813
f 825 811 813
f 6763 812 810
f 811 10319 809
f 6761 810 808
f 809 10321 807
f 6758 808 806
f 807 10323 805
f 6757 806 804
f 805 10324 802
f 6749 804 803
f 801 798 803
f 802 10324 712
f 799 798 801
f 798 797 803
f 797 796 803
f 794 6747 796
f 792 6742 794
f 790 6740 792
f 788 6739 790
f 786 6737 788
f 784 6734 786
f 781 6733 784
f 781 780 6732
f 780 779 6729
f 779 777 6726
f 777 776 6726
f 776 775 6640
f 774 6639 775
f 774 773 6639
f 771 3786 773
f 772 778 769
f 771 770 3786
f 770 768 3732
f 769 782 765
f 768 767 3732
f 767 766 3764
f 766 764 3686
f 782 763 765
f 764 762 3660
f 783 760 763
f 3635 762 761
f 761 759 3635
f 785 758 760
f 759 757 3620
f 787 755 758
f 757 756 3587
f 756 754 3583
f 789 752 755
f 754 753 3572
f 3547 753 751
f 791 749 752
f 751 750 3547
f 3440 750 748
f 793 747 749
f 3440 748 746
f 795 744 747
f 3470 746 745
f 3470 745 739
f 744 800 714
f 3497 739 737
f 738 742 735
f 737 736 3495
f 3431 736 734
f 735 742 733
f 721 734 732
f 733 742 730
f 732 731 725
f 729 730 742
f 742 727 729
f 724 727 742
f 728 726 725
f 721 732 725
f 723 724 742
f 722 723 742
f 720 722 740
f 719 720 715
f 721 718 717
f 721 717 710
f 717 716 710
f 715 743 714
f 714 800 712
f 716 713 711
f 712 10324 703
f 710 716 711
f 709 721 710
f 709 707 3425
f 700 707 706
f 700 706 705
f 704 708 703
f 10324 702 703
f 700 705 701
f 700 698 3427
f 698 697 921
f 696 926 697
f 699 694 695
f 702 691 694
f 696 693 692
f 692 690 2803
f 10322 689 691
f 690 688 2787
f 10320 687 689
f 688 685 2782
f 687 1015 686
f 1017 684 686
f 685 682 2774
f 680 683 684
f 2774 682 681
f 679 2774 681
f 680 1027 677
f 678 2762 679
f 676 2756 678
f 677 1027 675
f 676 674 2734
f 675 1027 669
f 673 2735 674
f 673 672 2735
f 10141 672 671
f 10141 671 670
f 667 10148 670
f 669 1027 668
f 668 1027 666
f 667 665 10148
f 1029 664 666
f 10137 665 663
f 1029 661 664
f 10137 663 662
f 661 1032 660
f 660 10316 659
f 658 657 662
f 657 656 10130
f 656 655 10130
f 653 2914 655
f 654 659 652
f 2915 653 651
f 652 10315 650
f 2912 651 649
f 650 10314 648
f 10190 649 647
f 648 10313 646
f 10150 647 645
f 646 10312 644
f 10150 645 643
f 644 1039 642
f 10152 643 641
f 642 1040 640
f 10152 641 639
f 640 1042 638
f 10153 639 637
f 638 1043 636
f 10154 637 635
f 636 1047 634
f 10154 635 633
f 634 1048 632
f 10156 633 631
f 632 1050 630
f 10157 631 629
f 630 1051 628
f 10159 629 627
f 628 1053 626
f 10162 627 625
f 626 1054 624
f 10163 625 623
f 624 1055 622
f 10166 623 621
f 622 1056 620
f 10167 621 619
f 620 1058 618
f 10169 619 617
f 618 1060 616
f 10170 617 615
f 616 1061 614
f 10172 615 613
f 614 1062 612
f 10175 613 611
f 612 1064 610
f 10176 611 609
f 610 1065 608
f 10177 609 607
f 608 1068 606
f 10179 607 605
f 606 1069 604
f 10180 605 603
f 604 1110 602
f 10180 603 601
f 602 1109 600
f 10181 601 599
f 600 1107 598
f 10182 599 597
f 598 1106 596
f 10184 597 595
f 596 1104 594
f 10185 595 593
f 594 1103 592
f 10187 593 591
f 592 1112 590
f 10188 591 589
f 590 1114 588
f 10192 589 587
f 588 1116 586
f 586 1117 583
f 587 585 584
f 584 582 2872
f 583 1118 581
f 582 580 10199
f 581 1119 579
f 580 578 10194
f 579 1120 577
f 578 576 10195
f 577 10307 575
f 576 574 10196
f 575 10306 573
f 574 572 10198
f 573 1143 571
f 572 570 2865
f 571 1144 569
f 570 568 2865
f 569 1146 567
f 568 566 10206
f 567 1147 565
f 566 564 10206
f 565 1151 563
f 564 562 10201
f 563 1152 561
f 562 560 10202
f 561 1154 559
f 560 558 10203
f 559 1156 557
f 558 556 10204
f 557 1157 555
f 556 554 10205
f 555 1158 553
f 554 552 10209
f 553 1159 551
f 552 550 10211
f 551 1160 549
f 550 548 10212
f 549 1162 547
f 548 546 10213
f 547 1164 545
f 546 544 10214
f 545 1165 543
f 544 542 10216
f 543 1166 541
f 542 540 10217
f 541 1167 539
f 540 538 10219
f 539 1169 535
f 538 537 2848
f 536 2843 537
f 535 1169 534
f 534 1168 531
f 536 533 532
f 2844 532 530
f 2833 530 529
f 2831 529 528
f 2831 528 527
f 2832 527 523
f 526 531 525
f 525 1173 524
f 519 524 1173
f 2832 523 522
f 521 2818 522
f 514 5151 521
f 520 524 519
f 516 5016 514
f 519 1173 518
f 518 1174 517
f 1174 223 517
f 517 223 478
f 5007 516 515
f 515 514 5016
f 5163 514 513
f 521 513 511
f 509 2811 511
f 507 2810 509
f 504 2653 507
f 504 503 2653
f 503 502 2652
f 502 501 10261
f 501 500 2292
f 500 498 2290
f 499 505 495
f 498 497 2290
f 497 496 2290
f 496 494 1672
f 495 505 491
f 494 493 1672
f 1674 493 492
f 1980 492 490
f 505 489 491
f 1978 490 488
f 506 487 489
f 1976 488 486
f 508 485 487
f 1974 486 484
f 510 482 485
f 1974 484 483
f 1972 483 481
f 512 480 482
f 1972 481 479
f 517 478 480
f 1969 479 477
f 223 476 478
f 1966 477 475
f 220 473 476
f 1964 475 474
f 1962 474 472
f 217 471 473
f 1960 472 470
f 213 469 471
f 468 467 470
f 1955 467 466
f 461 466 462
f 461 460 1952
f 460 458 457
f 1949 457 454
f 455 456 311
f 304 311 456
f 453 1949 454
f 453 450 1947
f 452 10329 451
f 10329 10330 451
f 10330 10331 451
f 10331 10332 451
f 10331 401 10332
f 10330 401 10331
f 10329 400 10330
f 314 10329 452
f 314 394 10329
f 394 399 10329
f 449 451 10332
f 448 1990 450
f 10332 401 449
f 448 446 1990
f 434 439 447
f 434 447 402
f 445 1987 446
f 444 1942 445
f 443 1942 444
f 1991 443 441
f 441 438 1872
f 440 442 439
f 1872 438 437
f 437 435 1853
f 436 439 434
f 435 433 1837
f 434 402 432
f 433 431 1833
f 432 403 430
f 429 1763 431
f 430 405 428
f 427 1758 429
f 426 1754 427
f 1752 426 425
f 425 424 1752
f 1749 424 422
f 2236 422 421
f 418 2238 421
f 419 420 423
f 417 2254 418
f 417 414 2289
f 2289 414 369
f 414 10333 369
f 369 10333 10334
f 10334 10335 369
f 10334 371 10335
f 409 10334 10333
f 10334 409 375
f 416 419 415
f 414 411 10333
f 413 415 412
f 428 407 412
f 410 10333 411
f 410 409 10333
f 409 408 379
f 408 406 384
f 428 405 407
f 406 404 389
f 389 386 406
f 430 403 405
f 404 398 10336
f 10336 392 404
f 10336 398 395
f 432 402 403
f 402 447 401
f 400 401 10330
f 400 10329 399
f 394 397 399
f 395 398 396
f 393 10336 395
f 10336 393 392
f 391 404 392
f 390 404 391
f 389 404 390
f 387 386 389
f 385 406 386
f 384 406 385
f 408 384 383
f 383 382 408
f 380 408 382
f 379 408 380
f 379 377 409
f 374 378 10337
f 324 374 10337
f 322 10337 378
f 376 409 377
f 375 409 376
f 371 10334 375
f 325 373 374
f 370 10335 371
f 370 369 10335
f 2289 369 361
f 364 367 368
f 365 361 366
f 362 361 365
f 2258 361 357
f 359 360 363
f 10338 359 363
f 333 10338 363
f 10338 358 359
f 358 10338 356
f 2259 357 351
f 355 356 10338
f 10339 355 10338
f 336 10339 10338
f 336 10340 10339
f 10339 10340 349
f 336 341 10340
f 341 348 10340
f 10339 354 355
f 10339 353 354
f 353 10339 352
f 350 352 10339
f 2261 351 346
f 349 350 10339
f 348 349 10340
f 341 347 348
f 1711 346 345
f 343 1710 345
f 341 344 347
f 342 1710 343
f 1706 342 340
f 340 339 1654
f 339 337 1646
f 338 341 336
f 337 335 1648
f 336 10338 333
f 335 334 10273
f 334 332 10273
f 333 363 331
f 330 10274 332
f 331 364 327
f 329 10275 330
f 328 10276 329
f 328 326 10277
f 327 373 325
f 326 323 10278
f 325 374 324
f 324 10337 322
f 323 321 1627
f 322 378 320
f 1619 321 319
f 320 381 318
f 1625 319 317
f 1625 317 309
f 318 388 316
f 315 309 317
f 316 394 314
f 309 315 313
f 314 452 312
f 311 312 455
f 309 313 310
f 308 1625 309
f 307 311 304
f 187 306 305
f 187 305 297
f 297 305 303
f 304 456 302
f 302 459 301
f 297 303 300
f 266 188 294
f 292 277 287
f 293 291 290
f 289 8475 290
f 8089 289 288
f 8082 288 286
f 8082 286 285
f 284 8074 285
f 5052 284 283
f 283 282 5047
f 5045 282 281
f 5054 281 280
f 5054 280 278
f 277 279 287
f 276 275 278
f 275 273 1420
f 274 277 271
f 8488 273 272
f 272 269 293
f 270 271 277
f 270 265 267
f 269 266 293
f 188 266 265
f 267 265 262
f 264 186 263
f 263 248 259
f 248 253 259
f 189 248 263
f 261 268 262
f 260 186 261
f 258 186 260
f 186 257 156
f 254 257 256
f 259 253 255
f 254 252 1231
f 252 251 1232
f 251 249 1199
f 250 253 248
f 246 249 247
f 244 1194 246
f 243 1193 244
f 243 241 239
f 239 238 243
f 238 237 243
f 1192 237 235
f 210 234 236
f 233 1188 235
f 212 232 234
f 231 1186 233
f 214 230 232
f 229 1184 231
f 218 226 230
f 228 1183 229
f 227 1181 228
f 225 1176 227
f 1177 225 224
f 1174 224 223
f 223 222 476
f 222 220 476
f 221 226 218
f 220 219 473
f 219 217 473
f 218 230 214
f 217 216 471
f 216 215 471
f 215 213 471
f 214 232 212
f 211 469 213
f 212 234 210
f 465 211 209
f 210 236 208
f 464 209 207
f 240 206 208
f 464 207 204
f 203 464 204
f 202 301 203
f 196 200 206
f 198 201 199
f 197 202 198
f 197 195 299
f 196 242 194
f 192 298 195
f 194 245 193
f 193 248 189
f 191 296 192
f 188 191 190
f 263 186 189
f 187 297 188
f 185 306 187
f 185 184 306
f 308 184 182
f 1626 182 181
f 1624 181 179
f 1624 179 178
f 1622 178 177
f 177 176 1614
f 176 175 1610
f 173 1608 175
f 173 172 1608
f 172 171 1553
f 1551 171 170
f 170 168 1547
f 174 167 169
f 168 166 1531
f 180 161 167
f 166 165 1531
f 1529 165 164
f 1514 164 163
f 1514 163 162
f 1515 162 160
f 183 158 161
f 160 159 1521
f 159 157 1521
f 158 186 156
f 157 155 1522
f 154 1522 155
f 154 153 1522
f 153 151 148
f 156 149 152
f 151 150 148
f 153 148 147
f 146 142 147
f 145 149 138
f 143 142 146
f 142 139 6963
f 141 144 140
f 140 144 138
f 136 6958 139
f 138 135 137
f 134 6943 136
f 135 130 133
f 131 6942 134
f 133 130 132
f 128 6935 131
f 1243 129 130
f 126 6923 128
f 127 129 125
f 123 6912 126
f 1246 124 125
f 1246 122 124
f 6909 123 121
f 1246 120 122
f 10341 120 1246
f 10341 1246 25
f 8590 121 119
f 10341 118 120
f 6893 119 116
f 10341 117 118
f 10341 102 117
f 102 115 117
f 114 113 116
f 113 112 6869
f 112 10342 6869
f 10342 10343 6869
f 10343 10344 6869
f 10345 6869 10344
f 10345 10344 107
f 107 10344 10346
f 10347 10346 10344
f 108 10346 10347
f 108 10347 10343
f 10345 106 6869
f 10343 10347 10344
f 109 10343 10342
f 10348 109 10342
f 10348 10342 112
f 10348 112 110
f 111 115 102
f 10348 110 109
f 109 108 10343
f 108 107 10346
f 107 106 10345
f 105 6869 106
f 8594 105 104
f 104 103 1372
f 103 101 9367
f 10341 99 102
f 10341 94 99
f 98 101 100
f 22 97 40
f 97 95 1365
f 99 94 96
f 10341 25 94
f 88 91 90
f 92 88 87
f 38 87 86
f 82 1362 85
f 84 64 83
f 83 64 78
f 82 81 1356
f 81 80 1351
f 80 79 1344
f 76 1348 79
f 75 1348 76
f 1314 75 73
f 72 1311 73
f 72 71 1303
f 71 68 1304
f 74 69 70
f 67 69 77
f 1292 68 66
f 78 64 67
f 1282 66 65
f 1278 65 63
f 1275 63 62
f 1272 62 61
f 59 1269 61
f 58 1218 59
f 56 55 58
f 54 1411 55
f 54 52 1404
f 53 41 51
f 52 50 1402
f 50 49 1396
f 48 1395 49
f 48 46 1384
f 51 43 47
f 45 1375 46
f 45 44 1375
f 42 1368 44
f 51 41 43
f 40 1360 42
f 53 39 41
f 38 85 40
f 39 57 34
f 37 89 38
f 64 37 36
f 64 36 35
f 64 35 32
f 33 34 60
f 1261 29 31
f 64 32 33
f 1246 31 28
f 29 30 32
f 1261 19 29
f 1246 28 27
f 27 26 1246
f 25 1246 26
f 25 24 91
f 24 23 93
f 23 22 95
f 21 98 22
f 21 20 98
f 19 1262 18
f 16 20 17
f 16 15 1131
f 15 14 1130
f 12 18 11
f 11 18 9
f 13 10 8
f 18 7 9
f 6 14 8
f 7 1202 4
f 6 5 14
f 5 3 14
f 2 1129 3
f 4 2 1

