# Exported from 3D Builder
o Object.1
v -25.744040 24.680120 13.884301
v -25.847340 24.680120 14.002400
v -25.758841 24.680120 13.906501
v -24.932541 26.428520 12.482601
v -25.294041 24.680120 13.176101
v -25.205540 24.680120 13.028601
v -25.131741 24.680120 12.866301
v -24.962040 24.680120 12.497401
v -24.718639 24.680120 11.944101
v -24.453041 27.830221 11.058801
v -24.681740 24.680120 11.803901
v -24.659639 24.680120 11.708001
v -24.312840 24.680120 10.195601
v -24.298140 24.680120 10.114501
v -24.283340 24.680120 10.055401
v -24.275940 24.680120 10.003800
v -24.231739 27.830221 9.214401
v -24.253841 24.680120 9.775101
v -24.408741 24.680120 7.561861
v -24.453041 27.830221 7.377420
v -24.556341 24.680120 6.986411
v -25.013741 27.704821 5.783891
v -24.976841 27.505621 5.857661
v -24.954741 26.981821 5.909311
v -24.932541 26.428520 5.953571
v -24.578440 24.680120 6.920021
v -24.585840 24.680120 6.905261
v -24.976841 24.680120 5.946191
v -25.094841 24.680120 5.658471
v -25.168640 24.680120 5.474031
v -26.290041 26.428520 3.873121
v -25.456341 24.680120 5.053521
v -26.135040 24.680120 4.064941
v -26.194139 24.680120 3.983791
v -26.304741 24.680120 3.865751
v -26.437540 24.680120 3.710821
v -26.474440 24.680120 3.681311
v -27.890940 26.428520 2.515671
v -28.222940 26.428520 2.309101
v -30.915640 26.428520 1.350031
v -30.332840 26.428520 1.792681
v -30.915640 26.428520 1.726281
v -31.727240 26.428520 1.637751
v -32.428040 26.428520 1.556601
v -32.833839 26.428520 1.379541
v -32.914940 26.428520 1.305771
v -32.811741 27.498320 1.298391
v -32.782143 26.967121 1.379541
v -32.730541 27.490921 1.372161
v -32.678940 27.586821 1.386921
v -32.922340 27.505621 1.276251
v -32.841240 27.704821 1.268881
v -34.493740 27.830221 1.578731
v -32.974041 26.981821 1.276251
v -33.025642 26.428520 1.283631
v -33.593742 24.680120 1.364791
v -32.760040 24.680120 1.364791
v -32.737938 24.680120 1.364791
v -33.062538 24.680120 3.002581
v -32.420738 24.680120 4.116581
v -33.018242 23.285721 3.319811
v -32.162437 23.285721 4.802681
v -32.051842 24.680120 4.751041
v -31.129641 24.680120 4.116581
v -31.933741 24.680120 2.714861
v -31.660841 26.428520 2.891921
v -31.948540 26.428520 2.390251
v -32.273140 26.428520 1.829561
v -32.472340 26.317921 1.497581
v -32.516640 26.207220 1.438561
v -32.612541 25.985920 1.313141
v -32.634640 25.786720 1.313141
v -32.664139 25.329321 1.335281
v -32.715740 24.680120 1.364791
v -31.063240 24.680120 1.364791
v -32.361641 25.248121 1.335281
v -32.081341 24.680120 1.364791
v -30.509941 24.680120 1.475451
v -30.827141 24.680120 1.364791
v -30.539440 26.428520 1.416431
v -30.473040 24.680120 1.490201
v -30.465641 24.694820 1.490201
v -30.465641 24.709620 1.490201
v -30.399240 25.152220 1.504961
v -30.355040 25.985920 1.527091
v -32.568241 26.089220 1.372161
v -30.148439 24.842421 1.608241
v -29.956640 24.680120 1.682021
v -28.252439 25.985920 2.360741
v -28.245041 24.680120 2.353371
v -28.399940 24.680120 2.250081
v -28.222940 24.680120 2.309101
v -28.127041 24.680120 2.382881
v -26.784340 24.680120 3.430481
v -26.422840 24.680120 3.806731
v -26.474440 25.985920 3.762461
v -25.161240 25.985920 5.614211
v -26.171940 24.680120 4.087071
v -25.131741 25.336620 5.673231
v -25.316240 26.207220 5.592071
v -25.094841 24.680120 5.732251
v -25.471140 26.428520 5.577321
v -26.585140 26.428520 4.057561
v -25.006340 26.428520 5.872421
v -25.869541 26.428520 5.577321
v -25.117041 26.428520 5.835531
v -25.884241 26.428520 5.577321
v -26.120340 26.428520 5.577321
v -26.393341 26.428520 5.577321
v -27.005640 26.428520 5.577321
v -27.027740 26.428520 5.577321
v -25.729340 26.428520 5.835531
v -27.167940 26.428520 5.577321
v -27.418741 26.428520 5.577321
v -26.297440 26.428520 6.071611
v -27.632740 26.428520 5.577321
v -27.913040 26.428520 6.130631
v -27.595840 26.590820 5.496171
v -27.595840 26.428520 5.496171
v -27.558941 26.775320 5.341241
v -27.544140 26.428520 5.341241
v -27.617941 26.775320 5.186311
v -27.617941 26.590820 5.186311
v -27.610540 26.428520 5.186311
v -27.890940 26.428520 4.891211
v -28.481140 26.428520 4.433811
v -29.159840 26.775320 3.932141
v -29.152441 26.428520 3.924771
v -29.366440 26.428520 3.836241
v -30.532040 26.775320 3.349321
v -29.890240 26.428520 3.637041
v -29.624640 26.428520 4.743661
v -28.547541 26.428520 5.577321
v -28.422140 24.680120 5.732251
v -28.481140 25.565420 5.651091
v -26.754841 24.680120 5.732251
v -26.408041 24.680120 6.846241
v -28.422140 24.680120 6.846241
v -26.415440 23.285721 6.971661
v -26.408041 24.680120 7.111831
v -26.415440 23.322620 7.104461
v -26.415440 23.322620 8.801270
v -26.415440 23.322620 9.155401
v -26.415440 23.322620 9.199701
v -26.408041 24.680120 8.609461
v -26.415440 23.322620 9.214401
v -26.415440 23.322620 9.243901
v -26.408041 24.680120 10.107100
v -26.415440 23.322620 10.911201
v -26.415440 23.322620 11.331701
v -26.415440 23.285721 11.464500
v -26.408041 24.680120 11.590001
v -27.035141 23.285721 11.464500
v -28.414740 23.285721 11.464500
v -28.422140 24.680120 11.590001
v -26.754841 24.680120 12.704000
v -25.094841 24.680120 12.704000
v -25.131741 25.336620 12.763000
v -25.161240 25.985920 12.822001
v -25.316240 26.207220 12.844101
v -25.471140 26.428520 12.858901
v -25.389940 26.317921 12.851501
v -25.235041 26.096521 12.836700
v -26.474440 25.985920 14.673701
v -25.316240 24.680120 13.131801
v -26.444941 25.218620 14.644201
v -26.297440 24.680120 14.467201
v -26.548241 24.776020 14.732800
v -28.252439 25.985920 16.075500
v -26.577740 24.680120 14.754901
v -27.204840 24.680120 15.404100
v -27.300741 24.680120 15.500000
v -28.104841 24.680120 16.053301
v -27.890940 26.428520 15.920502
v -26.290041 26.428520 14.563101
v -27.890940 26.428520 15.470501
v -26.717939 26.428520 14.555701
v -26.585140 26.428520 14.378601
v -26.540840 26.428520 14.312201
v -26.518740 26.428520 14.290101
v -26.511341 26.428520 14.282701
v -26.017040 26.428520 13.604001
v -25.117041 26.428520 12.600701
v -25.006340 26.428520 12.563801
v -24.954741 26.981821 12.526901
v -24.976841 27.505621 12.578501
v -25.013741 27.704821 12.652301
v -25.043240 27.771221 12.711301
v -25.087440 27.830221 12.807200
v -24.666941 27.963020 11.966201
v -25.131741 27.845020 12.895801
v -25.176041 27.852421 12.984301
v -26.061340 27.963020 14.378601
v -25.603941 28.022120 14.017101
v -24.534140 28.022120 12.010501
v -24.062040 28.022120 9.789901
v -24.180040 27.963020 9.214401
v -24.224340 28.022120 7.517591
v -24.666941 27.963020 6.469991
v -24.748140 28.022120 5.894551
v -25.603941 28.022120 4.419061
v -26.061340 27.963020 4.057561
v -26.806440 28.022120 3.098491
v -28.127041 28.022120 2.146801
v -28.193439 27.963020 2.264841
v -29.823841 28.022120 1.409051
v -30.812441 27.963020 1.305771
v -31.343540 28.022120 1.099201
v -32.892838 28.022120 1.084441
v -33.608440 27.963020 1.305771
v -33.630638 28.022120 1.180351
v -36.146339 28.022120 2.065641
v -36.227440 27.963020 2.264841
v -38.462841 28.022120 3.969031
v -38.359543 27.963020 4.057561
v -38.986641 28.022120 4.662511
v -39.753941 27.963020 6.469991
v -39.886642 28.022120 6.425731
v -40.373642 28.022120 9.214401
v -40.248138 27.970421 9.214401
v -39.894043 27.852421 7.067571
v -38.986641 27.852421 5.009261
v -38.935040 27.845020 4.928101
v -38.935040 27.719620 5.046141
v -38.875938 27.830221 4.846951
v -37.688240 27.830221 3.423101
v -36.197941 27.830221 2.309101
v -36.197941 24.680120 2.309101
v -35.474937 24.680120 2.043511
v -35.275742 24.680120 1.977111
v -33.866638 24.680120 1.460691
v -33.733841 24.680120 1.416431
v -34.980640 24.680120 4.116581
v -33.158440 23.285721 3.076361
v -33.276440 23.322620 3.142761
v -33.283840 23.285721 3.150131
v -32.863342 21.190521 4.234621
v -33.298641 23.285721 3.113251
v -33.527340 22.887320 2.788641
v -33.792938 23.285721 3.393591
v -36.028240 23.285721 1.999251
v -34.611839 23.285721 3.873121
v -35.128242 23.285721 4.168221
v -35.615143 23.285721 4.448571
v -36.013542 23.285721 4.677271
v -36.293839 23.285721 2.146801
v -35.460239 24.392321 1.792681
v -35.430740 24.510420 1.792681
v -36.242241 24.680120 2.242701
v -35.423340 24.539921 1.792681
v -35.393841 24.680120 1.792681
v -36.308640 24.680120 2.124661
v -36.662743 24.680120 2.464031
v -36.707039 24.680120 2.486161
v -37.931641 24.680120 3.496871
v -38.484940 24.680120 3.946901
v -36.316040 24.266920 2.102531
v -38.507141 24.266920 3.939521
v -38.529240 24.680120 4.005921
v -39.436638 24.680120 5.348621
v -39.340740 24.333321 5.355991
v -39.200539 24.266920 5.142051
v -39.348141 24.230021 5.355991
v -38.654640 23.964420 3.814101
v -39.930939 24.266920 6.410971
v -39.392441 24.266920 5.481411
v -39.333340 24.680120 5.378131
v -40.174438 22.157021 7.170851
v -39.628441 24.680120 6.093741
v -39.945740 24.680120 6.853621
v -39.967842 24.680120 6.912641
v -40.432640 22.157021 9.214401
v -40.115341 24.680120 7.930731
v -40.299843 24.680120 9.214401
v -40.174438 22.157021 11.265301
v -41.118744 21.891420 11.604701
v -39.421940 22.157021 13.176101
v -40.196541 21.891420 13.832701
v -38.204639 22.157021 14.843401
v -38.728439 21.891420 15.736101
v -36.817642 21.891420 17.204201
v -36.323341 22.157021 16.341002
v -34.597038 21.891420 18.126400
v -34.088039 22.157021 17.226301
v -32.214142 21.891420 18.436201
v -33.151039 22.157021 17.388601
v -32.214142 22.157021 17.440300
v -33.785538 24.680120 17.152601
v -34.065842 23.285721 17.167301
v -34.287239 24.680120 17.005001
v -35.305241 24.680120 16.695200
v -35.799538 24.680120 16.584501
v -33.630638 24.680120 17.285400
v -35.814339 24.266920 16.606602
v -33.637939 24.266920 17.307501
v -31.350941 24.680120 17.366501
v -31.350941 24.266920 17.388601
v -29.676241 24.680120 17.012402
v -29.130341 24.266920 16.835300
v -28.112240 24.680120 16.311501
v -27.691740 24.680120 16.053301
v -27.153141 24.266920 15.691801
v -26.688440 24.680120 15.094301
v -27.145840 24.680120 15.448400
v -27.308140 22.157021 15.824600
v -27.396641 24.680120 15.640202
v -27.935141 24.680120 16.053301
v -28.104841 24.680120 16.186100
v -28.134340 24.680120 16.208302
v -29.115540 24.680120 16.695200
v -29.632040 22.157021 17.027201
v -29.196741 24.680120 16.717300
v -29.425440 24.680120 16.791101
v -30.635340 24.680120 17.152601
v -30.797640 24.680120 17.174702
v -31.365740 24.680120 17.226301
v -32.214142 24.680120 17.307501
v -32.892838 24.680120 17.241100
v -33.615841 24.680120 17.174702
v -29.823841 21.891420 18.126400
v -27.595840 21.891420 17.204201
v -27.706541 18.276421 17.019800
v -29.882841 18.276421 17.919802
v -32.214142 20.083920 18.362501
v -32.214142 18.276421 18.222301
v -30.679640 18.047720 17.838701
v -29.189341 18.047720 17.440300
v -30.849340 18.047720 16.916500
v -32.391140 18.047720 17.034500
v -30.996840 20.998720 16.864801
v -28.340940 20.998720 15.920502
v -29.359041 18.047720 16.496000
v -28.304041 18.047720 15.986900
v -26.194139 20.998720 14.090900
v -26.400640 18.047720 14.445001
v -26.356440 18.047720 15.736101
v -27.691740 18.047720 16.724701
v -26.017040 18.047720 15.411501
v -25.839941 18.276421 15.588501
v -24.622740 18.047720 13.596601
v -24.408741 18.276421 13.722001
v -25.692440 21.891420 15.736101
v -25.485840 22.157021 13.950701
v -24.224340 21.891420 13.832701
v -24.334940 22.157021 11.597301
v -23.302139 21.891420 11.604701
v -22.992241 21.891420 9.214401
v -23.988239 22.157021 9.214401
v -23.302139 21.891420 6.831491
v -24.334940 22.157021 6.838871
v -23.951340 18.047720 9.214401
v -24.312840 18.047720 11.634201
v -24.327641 20.106020 11.619501
v -24.851440 20.998720 11.604701
v -24.777639 18.047720 11.634201
v -26.135040 18.047720 14.135201
v -23.752140 18.047720 11.486701
v -25.249840 21.102020 11.604701
v -25.633440 21.197920 11.604701
v -26.850740 21.197920 13.714701
v -26.083441 23.285721 12.563801
v -25.648140 23.285721 11.590001
v -24.394041 23.285721 11.590001
v -24.548941 24.680120 11.818701
v -24.541540 24.680120 11.796501
v -24.386641 24.680120 11.656401
v -24.762840 24.680120 12.290801
v -25.117041 24.680120 13.065401
v -24.998940 24.680120 13.109701
v -24.489941 24.266920 12.025201
v -24.062040 24.680120 10.121800
v -24.010342 24.266920 9.789901
v -24.121040 24.680120 9.214401
v -24.165340 24.680120 9.944801
v -24.047241 23.285721 9.214401
v -24.394041 23.285721 6.846241
v -24.224340 24.680120 8.513551
v -24.194839 24.680120 7.517591
v -24.364540 24.680120 7.547101
v -24.386641 24.680120 7.384801
v -24.445641 24.680120 6.979041
v -24.327641 24.680120 6.971661
v -24.453041 24.680120 6.912641
v -24.711241 24.680120 6.292931
v -24.984240 24.680120 5.621581
v -24.954741 24.266920 5.363371
v -24.172640 24.266920 7.510211
v -23.818541 23.964420 9.804601
v -23.980841 23.964420 7.465951
v -23.014441 24.185820 9.863601
v -23.191441 24.185820 7.303651
v -24.785040 23.964420 5.267471
v -24.069439 24.185820 4.891211
v -26.157240 23.964420 3.371461
v -25.574440 24.185820 2.810771
v -28.001541 23.964420 1.932851
v -27.595840 24.185820 1.231991
v -29.794340 23.964420 1.158211
v -30.782940 24.266920 1.128711
v -29.204140 24.237421 1.682021
v -29.469740 24.266920 1.608241
v -30.790239 24.680120 1.150841
v -31.985441 24.444021 1.136081
v -31.985441 24.680120 1.150841
v -31.461639 24.680120 1.202481
v -31.978041 24.266920 1.128711
v -32.214142 22.157021 0.995911
v -30.805040 24.680120 1.261501
v -30.635340 24.680120 1.283631
v -29.632040 22.157021 1.409051
v -32.214142 21.891420 -0.000046
v -34.597038 21.891420 0.309811
v -34.538040 18.276421 0.516381
v -32.214142 20.083920 0.073731
v -32.214142 18.276421 0.213901
v -34.102737 18.047720 0.663931
v -35.681541 18.047720 1.172971
v -36.714340 18.276421 1.416431
v -37.142242 18.047720 1.977111
v -38.580841 18.276421 2.847661
v -36.817642 21.891420 1.231991
v -34.088039 22.157021 1.209861
v -36.323341 22.157021 2.095151
v -38.728439 21.891420 2.700111
v -38.204639 22.157021 3.592781
v -36.338142 18.047720 2.065641
v -35.452843 18.047720 1.623001
v -38.418541 18.047720 3.039471
v -38.248940 18.047720 3.585401
v -38.226738 20.106020 3.585401
v -38.020142 18.047720 3.991161
v -38.499741 18.047720 4.581361
v -39.436638 20.998720 6.447861
v -39.510441 18.047720 6.418351
v -39.953041 20.998720 9.214401
v -40.026840 18.047720 9.214401
v -39.436638 20.998720 11.988301
v -39.510441 18.047720 12.017801
v -40.971138 18.047720 9.214401
v -40.668739 18.047720 11.486701
v -41.214638 18.276421 9.214401
v -40.912140 18.276421 11.545701
v -41.428543 21.891420 9.214401
v -41.118744 21.891420 6.831491
v -40.912140 18.276421 6.883131
v -40.196541 21.891420 4.610871
v -40.012138 18.276421 4.714151
v -39.798141 18.047720 4.839571
v -40.668739 18.047720 6.949531
v -39.421940 22.157021 5.260091
v -38.167740 23.285721 3.637041
v -37.570141 21.197920 4.714151
v -37.761940 21.102020 4.389551
v -37.961140 20.998720 4.035431
v -38.787437 21.197920 6.824111
v -38.654640 23.285721 6.536391
v -38.639938 25.425220 6.551151
v -37.946442 25.425220 7.753671
v -38.130840 25.425220 9.214401
v -39.171040 25.425220 9.214401
v -37.946442 25.425220 10.682501
v -38.639938 25.425220 11.885101
v -39.207939 21.197920 9.214401
v -38.787437 21.197920 11.612101
v -38.654640 23.285721 11.899801
v -38.167740 23.285721 12.851501
v -37.570141 21.197920 13.722001
v -37.761940 21.102020 14.046700
v -37.961140 20.998720 14.400801
v -38.499741 18.047720 13.854801
v -38.020142 18.047720 14.445001
v -38.248940 18.047720 14.850801
v -38.418541 18.047720 15.396702
v -39.798141 18.047720 13.596601
v -40.012138 18.276421 13.722001
v -38.580841 18.276421 15.588501
v -37.142242 18.047720 16.459101
v -36.714340 18.276421 17.019800
v -35.681541 18.047720 17.263201
v -34.538040 18.276421 17.919802
v -34.102737 18.047720 17.772301
v -32.450241 18.047720 17.971500
v -32.214142 18.047720 17.978802
v -32.214142 18.114120 18.141100
v -34.065842 18.047720 17.270601
v -33.837143 18.047720 16.864801
v -34.073242 20.106020 17.248501
v -35.452843 18.047720 16.813200
v -33.822441 20.998720 16.791101
v -33.623238 21.102020 16.437000
v -33.431442 21.197920 16.105001
v -30.996840 21.197920 16.112301
v -31.314041 23.285721 16.141901
v -31.299341 25.425220 16.119701
v -30.605841 25.425220 14.917201
v -29.248341 25.425220 14.341801
v -28.731941 25.425220 15.249201
v -28.075340 25.425220 13.456501
v -26.688440 25.425220 13.456501
v -28.709841 21.197920 15.278702
v -26.666241 23.285721 13.456501
v -27.035141 23.285721 13.456501
v -28.075340 23.285721 13.456501
v -30.015640 23.285721 13.412201
v -29.845940 23.285721 13.316300
v -28.414740 23.285721 12.047400
v -28.414740 23.034920 12.047400
v -28.422140 23.034920 9.214401
v -28.931141 23.034920 11.110401
v -28.451641 20.047020 9.214401
v -29.550840 20.047020 11.877701
v -28.473740 17.051821 9.214401
v -29.565639 17.051821 6.573281
v -29.550840 20.047020 6.558521
v -32.214142 17.051821 5.481411
v -32.214142 20.047020 5.459281
v -31.247641 23.034920 5.555191
v -28.931141 23.034920 7.325781
v -28.414740 23.034920 6.388841
v -28.414740 23.285721 9.214401
v -28.414740 23.285721 6.971661
v -28.422140 24.281721 8.085661
v -28.422140 24.281721 10.350501
v -28.909040 24.281721 10.350501
v -28.422140 24.680120 10.350501
v -28.909040 24.680120 10.350501
v -28.872141 24.680120 13.139201
v -28.422140 24.680120 12.704000
v -28.481140 25.565420 12.785101
v -28.547541 26.428520 12.858901
v -27.632740 26.428520 12.858901
v -27.595840 26.428520 12.940001
v -27.595840 26.590820 12.940001
v -27.913040 26.428520 12.305601
v -27.603241 26.775320 12.940001
v -27.920441 26.775320 12.305601
v -30.546841 26.775320 12.121100
v -27.558941 26.775320 13.095001
v -27.617941 26.775320 13.249901
v -29.159840 26.775320 14.504101
v -30.532040 26.775320 15.086901
v -32.236240 26.775320 14.024501
v -33.542038 26.775320 13.272001
v -33.542038 26.775320 10.571901
v -34.951141 26.775320 12.460501
v -36.360241 26.775320 11.641601
v -36.529938 26.775320 11.560401
v -36.537338 26.775320 9.214401
v -38.315239 26.775320 9.214401
v -37.024239 26.775320 11.390800
v -37.990639 26.775320 11.176801
v -38.330040 26.428520 9.214401
v -38.182541 26.428520 8.366001
v -37.193939 26.428520 7.864331
v -37.998039 26.428520 7.244631
v -37.651340 26.428520 7.074951
v -37.902138 26.428520 7.119211
v -37.998039 26.590820 7.252001
v -37.990639 26.775320 7.259381
v -37.894741 26.775320 7.126591
v -37.732441 26.775320 7.089701
v -37.024239 26.775320 7.045441
v -36.529938 26.775320 6.875751
v -33.542038 26.775320 7.864331
v -36.360241 26.775320 6.794601
v -34.951141 26.775320 5.975701
v -33.542038 26.775320 5.164181
v -30.546841 26.775320 6.315071
v -31.860041 26.775320 8.616841
v -30.546841 26.775320 9.214401
v -28.031139 26.775320 9.214401
v -28.031139 26.775320 6.831491
v -28.023741 26.428520 9.214401
v -28.023741 26.428520 11.604701
v -28.031139 26.775320 11.604701
v -27.935141 26.428520 12.239201
v -27.920441 26.428520 11.604701
v -26.526140 26.428520 11.803901
v -26.297440 26.428520 12.364601
v -26.297440 27.395020 12.445701
v -25.729340 27.395020 12.681801
v -25.729340 26.428520 12.600701
v -25.685040 27.498320 12.689200
v -25.603941 27.490921 12.689200
v -25.153841 27.490921 12.689200
v -25.139141 26.967121 12.644901
v -25.050640 27.498320 12.659700
v -25.190741 27.586821 12.726101
v -25.603941 27.616320 12.755601
v -25.220240 27.623720 12.755601
v -25.603941 27.675320 12.888401
v -25.264540 27.653221 12.799901
v -25.153841 27.712221 12.829401
v -25.235041 27.719620 12.954801
v -25.308840 27.667921 12.844101
v -25.353041 27.675320 12.888401
v -26.622040 27.675320 14.629500
v -26.481840 27.852421 14.769601
v -28.318840 27.675320 15.957401
v -28.222940 27.852421 16.127100
v -28.193439 27.963020 16.171400
v -26.806440 28.022120 15.337702
v -28.127041 28.022120 16.289400
v -26.806440 28.022120 15.485300
v -25.515341 28.022120 14.083501
v -24.430941 28.022120 12.047400
v -24.349741 27.999920 12.076900
v -25.441641 27.999920 14.135201
v -23.833340 27.734320 12.268701
v -24.998940 27.734320 14.459801
v -27.064640 27.999920 15.809900
v -26.717939 27.734320 16.245100
v -29.078741 27.999920 16.975500
v -28.872141 27.734320 17.484600
v -31.336241 27.999920 17.536201
v -31.277140 27.734320 18.082100
v -33.660141 27.999920 17.455000
v -33.756042 27.734320 18.001001
v -35.873341 27.999920 16.732101
v -36.116840 27.734320 17.233702
v -37.806240 27.999920 15.433601
v -38.175140 27.734320 15.846802
v -39.303841 27.999920 13.648301
v -39.768639 27.734320 13.943401
v -40.248138 27.999920 11.523601
v -40.779343 27.734320 11.678501
v -40.572838 27.999920 9.214401
v -41.126137 27.734320 9.214401
v -40.351440 27.999920 7.288891
v -39.989941 28.022120 6.388841
v -39.687538 27.999920 5.466661
v -40.882637 27.734320 7.163481
v -40.174438 27.734320 5.215821
v -40.993340 27.572020 7.133971
v -41.236740 27.572020 9.214401
v -41.207237 27.667921 9.214401
v -40.890038 27.572020 11.708001
v -41.074440 24.185820 11.759601
v -40.034241 24.185820 14.105700
v -39.864540 27.572020 14.002400
v -38.381638 24.185820 16.068100
v -38.248940 27.572020 15.927900
v -36.249641 24.185820 17.506701
v -36.168442 27.572020 17.329601
v -33.815041 24.185820 18.303501
v -33.778141 27.572020 18.111601
v -31.247641 24.185820 18.392000
v -31.269840 27.572020 18.192801
v -28.754141 24.185820 17.764900
v -28.827841 27.572020 17.587801
v -26.533440 24.185820 16.488602
v -26.651541 27.572020 16.333700
v -24.748140 24.185820 14.636901
v -24.903040 27.572020 14.526201
v -23.545639 24.185820 12.372001
v -23.730042 27.572020 12.305601
v -23.206242 27.572020 9.848901
v -23.316940 27.734320 9.841501
v -23.383339 27.572020 7.340530
v -23.486540 27.734320 7.362671
v -23.870239 27.999920 9.804601
v -24.032539 27.999920 7.480711
v -23.951340 28.022120 9.797201
v -24.113640 28.022120 7.495461
v -24.829241 27.999920 5.289601
v -24.334940 27.734320 5.031391
v -25.795740 27.734320 3.024721
v -26.194139 27.999920 3.408341
v -25.515341 28.022120 4.352661
v -24.652241 28.022120 5.850291
v -26.806440 28.022120 2.950941
v -28.031139 27.999920 1.977111
v -27.750740 27.734320 1.497581
v -29.654140 27.734320 0.678681
v -29.624640 27.572020 0.568021
v -31.682940 27.572020 0.206521
v -31.690340 27.734320 0.317181
v -29.809040 27.999920 1.202481
v -31.727240 27.999920 0.870491
v -33.756042 27.734320 0.435221
v -33.660141 27.999920 0.981161
v -35.740540 27.734320 1.032801
v -35.526642 27.999920 1.541841
v -37.533241 27.734320 2.065641
v -37.201340 27.999920 2.508291
v -39.038239 27.734320 3.489491
v -38.617741 27.999920 3.843621
v -40.277740 27.572020 5.164181
v -39.126839 27.572020 3.415721
v -40.454742 24.185820 5.075651
v -41.185143 24.185820 7.089701
v -41.428543 24.185820 9.214401
v -41.362137 25.882620 9.214401
v -40.299843 23.964420 11.538301
v -39.340740 23.964420 13.677801
v -39.178440 24.266920 13.574501
v -37.710342 24.266920 15.323000
v -37.835739 23.964420 15.470501
v -35.895439 23.964420 16.776300
v -37.695541 24.680120 15.308201
v -36.729141 24.680120 16.053301
v -36.065140 24.680120 16.318901
v -35.747940 24.680120 16.473801
v -36.028240 23.285721 16.437000
v -36.286438 24.680120 16.208302
v -36.293839 23.285721 16.289400
v -36.493042 24.680120 16.045900
v -37.275040 24.680120 15.448400
v -37.599640 24.680120 15.197500
v -37.931641 24.680120 14.939301
v -39.326042 24.680120 13.286801
v -38.743141 24.680120 13.891701
v -38.167740 23.285721 14.799201
v -39.097340 24.680120 13.434300
v -39.156342 24.680120 13.360501
v -39.185841 24.680120 13.323701
v -37.548042 23.285721 13.714701
v -36.013542 23.285721 13.758901
v -33.438740 23.285721 16.090200
v -33.025642 23.285721 16.149200
v -32.376442 23.285721 16.193501
v -33.018242 23.285721 15.116402
v -33.158440 23.285721 15.359800
v -32.051842 24.680120 13.685201
v -32.162437 23.285721 13.633501
v -30.605841 23.285721 14.917201
v -31.660841 23.285721 13.921201
v -30.008240 23.285721 14.710601
v -29.248341 23.285721 14.341801
v -31.395241 23.034920 13.877001
v -29.845940 23.034920 13.316300
v -31.247641 23.034920 12.881001
v -32.214142 23.034920 13.006401
v -32.214142 20.047020 12.976901
v -29.565639 17.051821 11.862901
v -32.214142 17.051821 12.954801
v -30.355040 14.565521 12.438401
v -29.329540 14.565521 11.560401
v -28.990141 14.565521 11.073501
v -28.569641 14.565521 8.461911
v -28.990141 14.565521 7.362671
v -29.277941 14.565521 8.425021
v -30.059940 14.565521 7.067571
v -30.421440 15.059820 7.429061
v -29.167240 14.565521 9.214401
v -29.676241 15.059820 9.214401
v -30.421440 15.303320 7.429061
v -29.683640 15.303320 9.214401
v -30.421440 15.059820 11.007101
v -30.421440 15.303320 11.007101
v -32.214142 15.059820 11.752301
v -32.214142 15.303320 11.744901
v -33.999443 15.059820 11.007101
v -34.360939 14.565521 11.368601
v -35.253639 14.565521 9.214401
v -34.744640 15.059820 9.214401
v -33.999443 15.303320 11.007101
v -34.737240 15.303320 9.214401
v -33.999443 15.059820 7.429061
v -33.999443 15.303320 7.429061
v -32.214142 15.059820 6.683941
v -32.214142 15.303320 6.691321
v -33.962540 18.298521 7.465951
v -32.214142 18.298521 6.742961
v -33.925743 21.293821 7.502841
v -34.633942 21.293821 9.214401
v -34.685539 18.298521 9.214401
v -33.925743 21.293821 10.933401
v -33.962540 18.298521 10.970201
v -32.214142 21.293821 11.641601
v -32.214142 18.298521 11.693201
v -30.458241 18.298521 10.970201
v -30.495140 21.293821 10.933401
v -29.786940 21.293821 9.214401
v -29.735340 18.298521 9.214401
v -30.495140 21.293821 7.502841
v -30.458241 18.298521 7.465951
v -32.214142 21.293821 6.794601
v -32.214142 24.281721 6.846241
v -33.785538 24.281721 7.443821
v -34.567543 24.281721 8.941441
v -34.582340 24.281721 9.214401
v -35.696342 24.281721 9.214401
v -34.840538 24.281721 11.508801
v -34.567543 24.281721 9.494801
v -34.405243 24.281721 12.327701
v -35.083939 24.281721 11.929301
v -34.110138 23.285721 12.504801
v -33.121540 24.281721 13.065401
v -33.121540 24.680120 13.065401
v -33.062538 24.680120 13.095001
v -32.878139 24.680120 12.644901
v -30.989441 24.680120 13.095001
v -31.085340 24.680120 14.245801
v -32.147739 24.680120 16.090200
v -31.660841 26.428520 15.544300
v -30.982040 25.565420 14.231101
v -30.886141 26.428520 14.209001
v -31.343540 26.428520 15.005701
v -31.350941 26.428520 15.013101
v -31.395241 26.428520 15.094301
v -31.469040 26.428520 15.219702
v -31.483740 26.428520 15.241800
v -31.498541 26.428520 15.271301
v -32.988739 26.428520 15.330301
v -32.811741 26.428520 15.433601
v -32.000141 26.428520 16.141901
v -32.442841 26.428520 15.913200
v -32.745338 27.395020 15.470501
v -32.369041 27.395020 15.957401
v -32.523941 26.428520 16.518101
v -32.450241 27.395020 16.562401
v -32.346939 27.616320 16.422201
v -32.442841 27.454020 16.562401
v -32.428040 27.513020 16.547602
v -32.265739 27.786020 16.496000
v -32.383842 27.645821 16.621401
v -32.464943 27.498320 16.606602
v -32.509239 27.490921 16.680401
v -32.450241 27.616320 16.709902
v -32.678940 27.586821 17.049301
v -32.730541 27.490921 17.064001
v -32.841240 27.704821 17.167301
v -32.767441 27.771221 17.174702
v -32.642040 27.623720 17.041901
v -32.664139 27.830221 17.182100
v -32.612541 27.712221 17.137800
v -32.464943 27.719620 17.123100
v -32.457542 27.675320 16.990301
v -32.516640 27.667921 17.012402
v -32.575638 27.653221 17.027201
v -32.332138 27.675320 16.776300
v -30.318140 27.675320 16.761600
v -30.310740 27.675320 16.532902
v -28.429440 27.675320 15.765600
v -26.821239 27.675320 14.518801
v -28.532740 27.845020 15.595901
v -27.057240 27.845020 14.474501
v -25.906340 27.845020 13.021201
v -27.197441 28.022120 14.334401
v -28.628641 28.022120 15.426201
v -29.034441 28.022120 15.640202
v -30.236940 27.845020 16.311501
v -30.509941 28.022120 16.178701
v -32.073940 28.022120 16.377901
v -32.066540 28.007320 16.451700
v -32.214142 27.940920 16.444302
v -32.184639 27.970421 16.311501
v -32.265739 27.852421 16.377901
v -32.243641 27.837620 16.282001
v -32.295242 27.690121 16.341002
v -32.236240 27.867121 16.481201
v -32.177238 27.859720 16.540201
v -32.066540 27.977821 16.510700
v -32.066540 27.845020 16.577101
v -32.081341 27.808121 16.584501
v -32.118240 27.763821 16.606602
v -32.169838 27.727020 16.643501
v -32.258339 27.682720 16.709902
v -32.295242 27.675320 16.739401
v -32.258339 27.771221 16.296801
v -32.007538 27.837620 15.876301
v -31.749340 27.940920 15.418901
v -31.601841 28.022120 15.477901
v -31.498541 28.022120 14.991001
v -31.594440 27.999920 14.983601
v -31.948540 28.022120 14.201601
v -31.631340 28.007320 14.614701
v -32.243641 27.682720 15.765600
v -32.605141 27.682720 15.293402
v -32.693642 27.572020 15.426201
v -37.341438 27.572020 12.740801
v -34.943741 27.682720 13.943401
v -37.275040 27.682720 12.600701
v -37.865242 27.682720 12.519501
v -37.171738 28.007320 11.412901
v -37.518539 27.999920 11.567801
v -37.813641 27.940920 11.921901
v -38.337440 27.690121 12.851501
v -37.968540 27.395020 12.726101
v -38.381638 27.616320 12.940001
v -38.448040 27.513020 13.072801
v -38.455441 27.454020 13.087601
v -38.448040 27.395020 13.095001
v -37.894741 26.428520 12.770301
v -37.289841 26.428520 12.851501
v -36.906242 26.428520 12.578501
v -37.112740 26.428520 12.947401
v -36.286438 23.809521 11.966201
v -36.367638 26.428520 11.656401
v -32.553440 23.809521 14.120400
v -34.301941 26.428520 12.844101
v -32.236240 26.428520 14.039301
v -33.099442 24.930920 15.263901
v -35.054440 27.395020 14.142601
v -33.217438 23.433321 15.197500
v -35.054440 23.433321 14.142601
v -34.545441 23.322620 14.555701
v -33.276440 23.322620 15.293402
v -33.283840 23.285721 15.286100
v -33.298641 23.285721 15.323000
v -33.527340 22.887320 15.647600
v -33.578941 22.267620 15.625401
v -33.239639 21.190521 14.850801
v -32.863342 21.190521 14.201601
v -34.906940 21.190521 13.891701
v -35.327438 22.267620 14.614701
v -37.075840 22.267620 13.604001
v -36.574242 21.190521 12.925301
v -36.197941 21.190521 12.276101
v -37.120140 22.887320 13.574501
v -36.935738 23.285721 13.183501
v -36.935738 23.322620 13.176101
v -36.891441 23.433321 13.080201
v -37.002140 24.930920 13.013801
v -37.363640 27.395020 12.807200
v -35.991341 23.322620 13.722001
v -35.106041 23.322620 14.231101
v -34.744640 23.322620 14.445001
v -35.113441 24.680120 14.245801
v -34.604439 23.322620 14.526201
v -33.062538 24.680120 15.433601
v -34.176540 24.680120 16.090200
v -32.782143 24.680120 17.100901
v -32.730541 24.680120 17.100901
v -33.025642 26.428520 17.152601
v -32.723141 24.805521 17.108301
v -32.715740 24.871920 17.108301
v -32.686241 25.270321 17.123100
v -31.631340 24.680120 17.137800
v -31.373140 24.680120 17.152601
v -30.915640 26.428520 17.086201
v -32.914940 26.428520 17.130402
v -32.833839 26.428520 17.056702
v -32.782143 26.967121 17.056702
v -32.811741 27.498320 17.137800
v -32.922340 27.505621 17.159901
v -34.493740 27.830221 16.857500
v -33.593742 24.680120 17.071402
v -33.851940 24.680120 16.990301
v -35.098740 24.680120 16.584501
v -35.703640 24.680120 16.385302
v -36.057739 24.680120 16.193501
v -36.197941 27.830221 16.127100
v -33.608440 27.963020 17.130402
v -36.227440 27.963020 16.171400
v -34.619141 28.022120 17.019800
v -33.033043 28.022120 17.344400
v -31.358341 28.022120 17.337002
v -30.812441 27.963020 17.130402
v -29.860741 28.022120 17.041901
v -28.075340 28.022120 16.385302
v -29.860741 28.022120 17.152601
v -31.343540 28.022120 17.447701
v -33.033043 28.022120 17.455000
v -32.560841 27.845020 17.189501
v -32.464943 27.852421 17.189501
v -30.266439 27.852421 16.953402
v -34.626541 28.022120 17.137800
v -36.116840 28.022120 16.518101
v -36.109440 28.022120 16.392700
v -37.747238 28.022120 15.367201
v -37.673439 28.022120 15.286100
v -38.942341 28.022120 14.039301
v -38.927643 28.022120 13.854801
v -39.230141 28.022120 13.604001
v -39.134140 28.022120 13.545001
v -40.167038 28.022120 11.501401
v -40.056343 28.022120 11.464500
v -40.484238 28.022120 9.214401
v -40.528542 28.014721 9.214401
v -39.753941 27.963020 11.966201
v -40.189140 27.852421 9.214401
v -39.894043 27.852421 11.368601
v -38.986641 27.852421 13.426901
v -38.359543 27.963020 14.378601
v -38.935040 27.845020 13.508101
v -38.875938 27.830221 13.589201
v -38.935040 27.719620 13.390100
v -38.868641 27.712221 13.522901
v -38.824341 27.771221 13.677801
v -38.787437 27.653221 13.441701
v -38.772739 27.623720 13.500701
v -38.780041 27.704821 13.736801
v -38.757942 27.586821 13.545001
v -38.580841 27.616320 13.176101
v -38.691540 27.675320 13.102301
v -38.684143 27.675320 13.050701
v -38.676743 27.682720 13.006401
v -39.495640 27.675320 11.235801
v -39.687538 27.675320 11.353901
v -38.816940 27.675320 13.323701
v -38.802238 27.667921 13.382701
v -39.989941 27.675320 9.214401
v -39.768639 27.675320 9.214401
v -39.495640 27.675320 7.200361
v -39.687538 27.675320 7.082321
v -38.691540 27.675320 5.333861
v -38.816940 27.675320 5.112541
v -38.580841 27.616320 5.260091
v -38.536640 27.645821 5.363371
v -38.521843 27.490921 5.230581
v -38.757942 27.586821 4.891211
v -38.743141 27.490921 4.846951
v -38.780041 27.704821 4.699401
v -38.824341 27.771221 4.758421
v -38.772739 27.623720 4.935481
v -38.868641 27.712221 4.913351
v -38.787437 27.653221 4.994501
v -38.802238 27.667921 5.053521
v -38.735840 27.505621 4.633001
v -38.241539 24.680120 3.998541
v -38.256241 24.680120 4.013291
v -37.739838 24.680120 3.585401
v -36.588940 24.680120 4.116581
v -38.322639 24.680120 4.094451
v -37.164440 24.680120 5.378131
v -35.113441 24.680120 4.190351
v -34.604439 23.322620 3.910011
v -34.597038 23.322620 3.910011
v -33.217438 23.433321 3.238661
v -33.637939 23.322620 3.356701
v -35.106041 23.322620 4.205111
v -35.054440 23.433321 4.293641
v -35.467541 23.322620 4.411681
v -35.991341 23.322620 4.714151
v -36.050438 23.322620 4.743661
v -36.935738 23.322620 5.260091
v -37.053741 23.285721 5.326481
v -36.935738 23.285721 5.252711
v -36.891441 23.433321 5.355991
v -36.286438 23.809521 6.469991
v -37.120140 22.887320 4.861701
v -37.075840 22.267620 4.832191
v -36.574242 21.190521 5.510921
v -36.197941 21.190521 6.160141
v -32.553440 23.809521 4.315771
v -32.236240 26.428520 4.396931
v -34.301941 26.428520 5.592071
v -36.367638 26.428520 6.779851
v -37.002140 24.930920 5.422391
v -36.906242 26.428520 5.857661
v -37.112740 26.428520 5.488791
v -35.054440 27.395020 4.293641
v -37.289841 26.428520 5.584701
v -37.363640 27.395020 5.628961
v -37.341438 27.572020 5.695361
v -32.745338 27.395020 2.965691
v -32.693642 27.572020 3.009961
v -37.275040 27.682720 5.835531
v -34.943741 27.682720 4.485451
v -32.605141 27.682720 3.142761
v -32.243641 27.682720 2.670601
v -31.631340 28.007320 3.821481
v -31.594440 27.999920 3.445231
v -31.749340 27.940920 3.017341
v -32.295242 27.690121 2.095151
v -32.369041 27.395020 2.478781
v -32.346939 27.616320 2.014001
v -32.428040 27.513020 1.888581
v -32.442841 27.454020 1.873831
v -32.450241 27.395020 1.873831
v -32.442841 26.428520 2.523051
v -32.811741 26.428520 3.002581
v -32.988739 26.428520 3.105871
v -33.099442 24.930920 3.172271
v -34.530640 21.190521 5.193691
v -33.239639 21.190521 3.585401
v -34.906940 21.190521 4.544471
v -33.578941 22.267620 2.810771
v -35.327438 22.267620 3.821481
v -35.327438 22.887320 3.821481
v -31.498541 26.428520 3.164891
v -31.646040 26.428520 2.914051
v -30.982040 25.565420 4.205111
v -31.483740 26.428520 3.194401
v -31.469040 26.428520 3.216531
v -31.395241 26.428520 3.341951
v -31.343540 26.428520 3.430481
v -30.886141 26.428520 4.227241
v -29.632040 24.680120 4.758421
v -31.085340 24.680120 4.190351
v -29.543440 24.680120 6.971661
v -28.422140 24.680120 7.111831
v -28.422140 24.680120 8.085661
v -27.035141 23.285721 6.971661
v -28.414740 23.285721 6.388841
v -29.845940 23.285721 5.119921
v -28.075340 23.285721 4.979751
v -27.035141 23.285721 4.979751
v -25.648140 23.285721 6.846241
v -26.378540 23.285721 7.111831
v -26.415440 23.285721 7.111831
v -25.980141 22.887320 7.141341
v -27.795040 23.809521 7.060191
v -25.980141 22.267620 7.200361
v -26.821239 21.190521 7.296271
v -27.566339 21.190521 7.296271
v -27.795040 23.809521 11.376000
v -27.566339 21.190521 9.214401
v -27.566339 21.190521 11.139901
v -26.526140 23.433321 11.339101
v -26.526140 24.930920 11.471901
v -26.526140 26.428520 11.604701
v -26.526140 23.433321 9.214401
v -26.526140 27.395020 11.885101
v -26.526140 27.395020 9.214401
v -26.592541 27.572020 6.536391
v -26.592541 27.572020 11.899801
v -26.747440 27.682720 6.529011
v -26.297440 27.395020 5.990461
v -26.526140 27.395020 6.551151
v -26.526140 26.428520 6.632301
v -26.526140 26.428520 6.831491
v -27.935141 26.428520 6.197031
v -27.920441 26.428520 6.831491
v -28.023741 26.428520 6.831491
v -27.920441 26.775320 6.130631
v -27.603241 26.775320 5.496171
v -31.682940 26.775320 3.961651
v -31.291941 26.775320 3.371461
v -31.181240 26.775320 3.253421
v -31.181240 26.428520 3.238661
v -31.018940 26.775320 3.231291
v -31.018940 26.590820 3.223911
v -30.908340 26.428520 3.238661
v -30.686941 26.428520 3.327191
v -31.018940 26.428520 3.216531
v -31.299341 26.428520 3.356701
v -31.291941 26.590820 3.364081
v -31.690340 26.428520 3.954281
v -32.236240 26.775320 4.411681
v -26.526140 24.930920 6.964281
v -26.526140 23.433321 7.097081
v -26.526140 27.682720 5.968331
v -28.001541 28.014721 6.499501
v -28.001541 28.014721 9.214401
v -26.747440 27.682720 9.214401
v -28.001541 28.014721 11.936701
v -26.747440 27.682720 11.907201
v -26.526140 27.682720 12.467901
v -27.831940 28.007320 12.416201
v -27.522039 27.999920 12.637601
v -27.064640 27.940920 12.718700
v -25.980141 27.682720 12.711301
v -25.899040 27.616320 12.696601
v -25.758841 27.513020 12.696601
v -25.736740 27.454020 12.689200
v -25.714540 27.645821 12.770301
v -25.876841 27.786020 12.807200
v -25.869541 27.778620 12.999101
v -25.803141 27.727020 12.962201
v -25.699841 27.682720 12.925301
v -25.655540 27.675320 12.910501
v -25.891640 27.808121 13.013801
v -25.884241 27.859720 12.903101
v -25.965441 27.977821 12.984301
v -25.950640 27.940920 12.829401
v -26.017040 28.007320 12.954801
v -26.076040 27.970421 12.785101
v -26.076040 28.022120 12.917901
v -29.063940 28.022120 13.013801
v -26.540840 28.022120 12.917901
v -27.094141 28.022120 12.873601
v -26.540840 27.970421 12.785101
v -26.076040 27.837620 12.718700
v -26.540840 27.837620 12.718700
v -26.053940 27.771221 12.718700
v -26.017040 27.697420 12.711301
v -25.906340 27.867121 12.822001
v -25.980141 27.852421 12.748200
v -27.566339 28.022120 12.718700
v -28.045841 28.022120 11.936701
v -28.045841 28.022120 9.214401
v -29.063940 28.022120 10.483301
v -29.063940 28.022120 7.952861
v -28.045841 28.022120 6.499501
v -27.566339 28.022120 5.717491
v -27.522039 27.999920 5.798641
v -27.831940 28.007320 6.019971
v -25.980141 27.682720 5.724871
v -27.064640 27.940920 5.717491
v -26.017040 27.697420 5.724871
v -25.862141 27.771221 5.628961
v -25.899040 27.616320 5.739621
v -25.758841 27.513020 5.739621
v -25.714540 27.645821 5.665851
v -25.685040 27.498320 5.747001
v -25.603941 27.490921 5.747001
v -25.603941 27.616320 5.680611
v -25.190741 27.586821 5.710111
v -25.153841 27.490921 5.747001
v -25.043240 27.771221 5.724871
v -25.220240 27.623720 5.680611
v -25.087440 27.830221 5.628961
v -25.153841 27.712221 5.606831
v -25.235041 27.719620 5.481411
v -25.353041 27.675320 5.547811
v -25.308840 27.667921 5.592071
v -25.264540 27.653221 5.636341
v -25.603941 27.675320 5.547811
v -26.622040 27.675320 3.806731
v -26.821239 27.675320 3.917391
v -25.655540 27.675320 5.525681
v -25.699841 27.682720 5.510921
v -25.803141 27.727020 5.474031
v -25.854740 27.763821 5.444521
v -25.891640 27.808121 5.422391
v -25.906340 27.845020 5.415011
v -27.057240 27.845020 3.961651
v -28.429440 27.675320 2.670601
v -28.532740 27.845020 2.840281
v -30.236940 27.845020 2.124661
v -30.310740 27.675320 1.903341
v -32.066540 27.845020 1.859071
v -30.509941 28.022120 2.257461
v -29.034441 28.022120 2.796011
v -28.628641 28.022120 3.009961
v -29.063940 28.022120 5.422391
v -27.197441 28.022120 4.101831
v -26.540840 28.022120 5.518301
v -27.094141 28.022120 5.562561
v -26.540840 27.970421 5.651091
v -26.540840 27.837620 5.717491
v -26.076040 27.977821 5.636341
v -26.076040 27.837620 5.717491
v -25.980141 27.852421 5.687981
v -26.053940 27.771221 5.717491
v -25.950640 27.940920 5.606831
v -26.076040 28.022120 5.518301
v -26.017040 28.007320 5.481411
v -25.965441 27.977821 5.451901
v -25.884241 27.859720 5.533051
v -25.906340 27.867121 5.614211
v -32.059242 28.022120 4.330531
v -32.059242 28.022120 6.772471
v -32.059242 28.022120 9.214401
v -35.054440 28.022120 8.166811
v -35.054440 28.022120 10.269401
v -32.059242 28.022120 11.663701
v -35.054440 28.022120 12.379301
v -32.059242 28.022120 14.105700
v -36.662743 28.022120 11.486701
v -34.316742 28.014721 12.866301
v -37.562740 28.022120 11.486701
v -38.049740 28.022120 9.214401
v -38.071838 28.022120 11.988301
v -39.148941 28.022120 11.007101
v -38.248940 28.022120 12.276101
v -38.130840 27.970421 12.342501
v -38.366940 27.970421 12.748200
v -38.315239 27.837620 12.777700
v -38.079239 27.837620 12.372001
v -38.315239 27.771221 12.799901
v -38.381638 27.852421 12.851501
v -38.484940 27.867121 12.873601
v -38.470238 27.940920 12.836700
v -38.566139 27.859720 12.851501
v -38.492340 27.771221 12.917901
v -38.654640 27.845020 12.777700
v -38.654640 27.808121 12.792500
v -38.654640 27.763821 12.836700
v -38.536640 27.645821 13.072801
v -38.662041 27.727020 12.895801
v -38.521843 27.490921 13.205601
v -38.477638 27.498320 13.131801
v -38.381638 26.428520 13.139201
v -38.743141 27.490921 13.589201
v -38.713638 26.967121 13.633501
v -38.772739 27.498320 13.699901
v -38.735840 27.505621 13.803201
v -38.713638 26.428520 13.781101
v -38.684143 26.428520 13.670401
v -39.798141 26.428520 11.671101
v -38.676743 26.428520 13.891701
v -39.222740 24.680120 13.021201
v -39.326042 24.680120 12.748200
v -39.089943 24.680120 13.154001
v -39.119438 24.680120 13.198201
v -38.971840 24.680120 13.441701
v -37.688240 27.830221 15.013101
v -38.706341 26.981821 13.847501
v -38.787437 24.680120 13.633501
v -38.057041 24.680120 14.526201
v -38.477638 24.680120 13.095001
v -38.824341 25.336620 13.574501
v -38.853840 25.985920 13.515501
v -38.794838 26.207220 13.375300
v -39.798141 25.985920 11.457201
v -38.765343 26.317921 13.308901
v -38.735840 26.428520 13.235101
v -39.104641 26.428520 12.386701
v -39.289139 26.428520 11.966201
v -39.362839 26.428520 11.811301
v -39.436638 26.428520 11.641601
v -39.444038 26.428520 11.619501
v -39.584240 26.428520 11.302201
v -39.606339 26.428520 11.103001
v -39.613739 26.428520 11.103001
v -39.613739 26.428520 11.080901
v -39.864540 26.428520 9.251301
v -39.871941 26.428520 9.214401
v -40.122742 25.985920 9.214401
v -39.665340 26.428520 7.724161
v -39.613739 26.428520 7.355290
v -39.584240 26.428520 7.133971
v -39.798141 25.985920 6.979041
v -39.458839 26.428520 6.853621
v -39.451439 26.428520 6.831491
v -39.444038 26.428520 6.816731
v -39.436638 26.428520 6.801981
v -39.436638 26.428520 6.794601
v -39.362839 26.428520 6.624921
v -39.289139 26.428520 6.469991
v -39.104641 26.428520 6.049481
v -38.735840 26.428520 5.201071
v -38.794838 26.207220 5.060901
v -38.853840 25.985920 4.920721
v -39.820343 24.680120 7.008551
v -40.137543 24.680120 9.214401
v -40.189140 24.680120 9.214401
v -40.167038 24.680120 9.531601
v -40.144939 24.680120 10.011201
v -39.975243 26.428520 11.051401
v -40.115341 24.680120 10.166101
v -40.078541 24.680120 10.158701
v -40.012138 24.680120 10.719400
v -39.879341 24.680120 11.412901
v -39.739140 24.680120 11.700601
v -40.189140 26.428520 9.214401
v -39.901440 26.428520 9.214401
v -39.975243 26.428520 7.384801
v -39.827641 24.680120 6.853621
v -39.798141 26.428520 6.765091
v -39.650642 24.680120 6.433111
v -39.849838 24.680120 6.993791
v -39.916241 24.680120 7.443821
v -38.787437 24.680120 4.802681
v -39.207939 24.680120 5.400261
v -38.839142 24.680120 4.854331
v -38.676743 26.428520 4.544471
v -38.713638 26.428520 4.655131
v -38.684143 26.428520 4.765801
v -38.713638 26.967121 4.802681
v -38.772739 27.498320 4.736291
v -38.706341 26.981821 4.588741
v -38.359543 24.680120 4.146091
v -38.757942 24.680120 4.728911
v -37.459541 24.680120 7.111831
v -37.968540 26.428520 6.536391
v -37.732441 26.428520 6.934771
v -36.898842 26.428520 7.008551
v -37.710342 26.428520 6.971661
v -37.031639 26.428520 7.038061
v -37.739838 26.590820 7.082321
v -37.739838 26.428520 7.082321
v -38.138241 26.428520 6.241291
v -38.322639 26.428520 5.916681
v -37.894741 26.428520 5.665851
v -38.566139 26.428520 5.488791
v -38.381638 26.428520 5.296981
v -38.448040 27.395020 5.341241
v -38.477638 27.498320 5.304351
v -38.455441 27.454020 5.348621
v -38.381638 27.616320 5.496171
v -38.448040 27.513020 5.363371
v -38.492340 27.771221 5.518301
v -38.676743 27.682720 5.429771
v -38.662041 27.727020 5.540431
v -38.654640 27.763821 5.599451
v -38.566139 27.859720 5.584701
v -38.484940 27.867121 5.562561
v -38.381638 27.852421 5.584701
v -38.337440 27.690121 5.584701
v -38.315239 27.837620 5.658471
v -38.315239 27.771221 5.636341
v -38.079239 27.837620 6.064231
v -38.366940 27.970421 5.687981
v -38.130840 27.970421 6.093741
v -38.071838 28.022120 6.447861
v -37.813641 27.940920 6.514261
v -37.562740 28.022120 6.949531
v -37.518539 27.999920 6.868381
v -37.865242 27.682720 5.916681
v -37.968540 27.395020 5.710111
v -36.662743 28.022120 6.949531
v -34.316742 28.014721 5.569941
v -31.955940 28.014721 4.212491
v -35.054440 28.022120 6.056851
v -31.933741 28.022120 4.256751
v -31.498541 28.022120 3.445231
v -31.601841 28.022120 2.958321
v -31.837841 28.022120 2.456651
v -31.955940 27.970421 2.523051
v -32.184639 27.970421 2.124661
v -32.243641 27.837620 2.154171
v -32.007538 27.837620 2.559931
v -32.258339 27.771221 2.139421
v -32.265739 27.852421 2.058271
v -32.236240 27.867121 1.954981
v -32.214142 27.940920 1.991871
v -32.177238 27.859720 1.895961
v -32.273140 27.771221 1.925471
v -32.081341 27.808121 1.851701
v -32.118240 27.763821 1.829561
v -32.383842 27.645821 1.814811
v -32.169838 27.727020 1.792681
v -32.258339 27.682720 1.726281
v -32.450241 27.616320 1.726281
v -32.295242 27.675320 1.696771
v -32.332138 27.675320 1.659881
v -32.642040 27.623720 1.394291
v -32.575638 27.653221 1.409051
v -32.767441 27.771221 1.261501
v -32.612541 27.712221 1.298391
v -32.464943 27.719620 1.313141
v -32.664139 27.830221 1.254121
v -32.560841 27.845020 1.246741
v -32.464943 27.852421 1.246741
v -30.318140 27.675320 1.674641
v -30.266439 27.852421 1.482821
v -28.318840 27.675320 2.478781
v -28.222940 27.852421 2.309101
v -26.503941 27.852421 3.644421
v -32.457542 27.675320 1.445941
v -32.516640 27.667921 1.423801
v -32.509239 27.490921 1.755791
v -32.464943 27.498320 1.829561
v -32.523941 26.428520 1.918091
v -32.066540 27.977821 1.925471
v -32.073940 28.022120 2.058271
v -32.066540 28.007320 1.984491
v -37.171738 28.007320 7.023301
v -39.377640 28.022120 9.214401
v -39.148941 28.022120 7.429061
v -39.569443 27.845020 9.214401
v -39.340740 27.845020 7.384801
v -38.484940 28.022120 5.754381
v -38.544041 28.007320 5.724871
v -38.470238 27.940920 5.599451
v -38.595642 27.977821 5.695361
v -38.654640 27.845020 5.658471
v -38.654640 27.808121 5.643721
v -38.248940 28.022120 6.160141
v -39.340740 27.845020 11.051401
v -38.595642 27.977821 12.740801
v -38.544041 28.007320 12.711301
v -38.484940 28.022120 12.681801
v -38.684143 27.675320 5.385501
v -36.161041 24.680120 7.111831
v -37.127541 24.680120 7.679901
v -35.696342 24.680120 9.214401
v -35.563538 24.680120 10.173501
v -34.840538 24.281721 6.927391
v -34.965942 24.680120 7.082321
v -34.840538 24.680120 6.927391
v -35.083939 24.680120 6.506881
v -35.083939 24.281721 6.499501
v -36.057739 23.285721 7.052811
v -38.167740 23.285721 5.584701
v -37.548042 23.285721 4.721531
v -36.559441 23.285721 7.340530
v -37.946442 23.285721 7.753671
v -36.943039 23.285721 9.214401
v -36.943039 23.034920 9.214401
v -36.559441 23.034920 11.095701
v -36.559441 23.285721 11.095701
v -38.130840 23.285721 9.214401
v -37.946442 23.285721 10.682501
v -36.057739 23.285721 11.383401
v -37.053741 23.285721 13.109701
v -37.164440 24.680120 13.058101
v -36.153740 24.680120 11.309601
v -37.127541 24.680120 10.756301
v -37.282440 24.680120 10.114501
v -37.164440 25.565420 10.660400
v -37.193939 26.428520 10.571901
v -37.651340 26.428520 11.361300
v -37.739838 26.428520 11.353901
v -37.739838 26.590820 11.353901
v -37.031639 26.428520 11.398101
v -37.732441 26.775320 11.346500
v -37.894741 26.775320 11.309601
v -37.902138 26.428520 11.317000
v -37.998039 26.428520 11.191601
v -38.057041 26.428520 10.837501
v -37.998039 26.590820 11.184201
v -38.197243 26.428520 9.996401
v -38.293140 26.428520 9.443101
v -37.378342 26.428520 9.214401
v -37.164440 25.565420 7.775801
v -37.363640 24.680120 9.214401
v -36.898842 26.428520 11.427701
v -37.732441 26.428520 11.501401
v -37.968540 26.428520 11.899801
v -38.138241 26.428520 12.194901
v -38.322639 26.428520 12.519501
v -38.566139 26.428520 12.947401
v -35.083939 24.680120 11.929301
v -34.840538 24.680120 11.508801
v -37.098038 24.680120 13.095001
v -36.330742 24.680120 16.045900
v -36.220039 24.680120 16.105001
v -37.548042 24.680120 15.145901
v -37.857841 24.680120 14.769601
v -36.574242 23.322620 13.390100
v -34.397842 23.034920 12.335101
v -34.648640 23.034920 12.121100
v -33.033043 23.034920 13.131801
v -35.489738 23.034920 11.110401
v -34.870041 20.047020 11.877701
v -35.998741 23.034920 9.214401
v -35.969238 20.047020 9.214401
v -34.855240 17.051821 11.862901
v -32.214142 14.565521 12.932701
v -34.065842 14.565521 12.438401
v -32.214142 14.565521 12.261301
v -30.303341 14.565521 11.582601
v -30.059940 14.565521 11.368601
v -34.117538 14.565521 11.582601
v -35.091339 14.565521 11.560401
v -35.947140 17.051821 9.214401
v -35.430740 14.565521 11.073501
v -35.851242 14.565521 8.461911
v -35.142941 14.565521 8.425021
v -34.065842 14.565521 5.997831
v -35.430740 14.565521 7.362671
v -34.855240 17.051821 6.573281
v -32.214142 14.565521 5.503541
v -34.360939 14.565521 7.067571
v -32.214142 14.565521 6.174891
v -30.355040 14.565521 5.997831
v -34.870041 20.047020 6.558521
v -35.489738 23.034920 7.325781
v -34.648640 23.034920 6.315071
v -34.567543 23.034920 6.285561
v -32.214142 23.034920 5.429771
v -34.397842 23.034920 6.101121
v -33.033043 23.034920 5.304351
v -34.110138 23.285721 5.931441
v -31.660841 23.034920 4.514961
v -31.395241 23.034920 4.559231
v -30.015640 23.285721 5.024011
v -31.660841 23.285721 4.514961
v -30.008240 23.285721 3.725581
v -29.248341 23.285721 4.094451
v -28.075340 25.425220 4.979751
v -29.248341 25.425220 4.094451
v -26.688440 25.425220 4.979751
v -28.731941 25.425220 3.187021
v -26.850740 21.197920 4.721531
v -26.666241 23.285721 4.979751
v -25.633440 21.197920 6.831491
v -26.194139 20.998720 4.345281
v -28.709841 21.197920 3.157511
v -28.340940 20.998720 2.515671
v -30.996840 21.197920 2.323861
v -30.996840 20.998720 1.571351
v -33.431442 21.197920 2.331231
v -33.623238 21.102020 1.999251
v -33.822441 20.998720 1.645131
v -32.391140 18.047720 1.401671
v -33.837143 18.047720 1.571351
v -34.065842 18.047720 1.165591
v -32.450241 18.047720 0.464731
v -30.849340 18.047720 1.519711
v -30.679640 18.047720 0.597531
v -29.189341 18.047720 0.995911
v -29.359041 18.047720 1.940231
v -27.691740 18.047720 1.711531
v -28.304041 18.047720 2.449271
v -26.356440 18.047720 2.700111
v -25.839941 18.276421 2.847661
v -27.706541 18.276421 1.416431
v -25.692440 21.891420 2.700111
v -24.224340 21.891420 4.610871
v -24.408741 18.276421 4.714151
v -23.508739 18.276421 6.883131
v -23.752140 18.047720 6.949531
v -24.622740 18.047720 4.839571
v -24.312840 18.047720 6.801981
v -26.135040 18.047720 4.301021
v -24.777639 18.047720 6.801981
v -24.851440 20.998720 6.824111
v -25.249840 21.102020 6.831491
v -24.327641 20.106020 6.816731
v -26.083441 23.285721 5.872421
v -25.485840 22.157021 4.485451
v -25.094841 24.628420 5.355991
v -25.065340 24.635820 5.422391
v -25.581739 24.680120 4.404301
v -25.943241 24.680120 3.939521
v -26.297440 24.266920 3.511631
v -28.112240 24.680120 2.124661
v -28.104841 24.266920 2.102531
v -29.071341 24.414520 1.755791
v -29.027040 24.680120 1.792681
v -29.100840 24.266920 1.741041
v -28.178640 24.680120 2.242701
v -27.736040 24.680120 2.478781
v -27.713840 24.680120 2.486161
v -27.308140 22.157021 2.611581
v -27.595840 21.891420 1.231991
v -29.823841 21.891420 0.309811
v -29.882841 18.276421 0.516381
v -32.214142 18.114120 0.287671
v -32.214142 18.047720 0.457361
v -26.024441 24.680120 4.005921
v -26.061340 24.680120 3.961651
v -25.899040 24.680120 4.182981
v -25.360441 24.680120 4.979751
v -25.153841 24.680120 5.282221
v -26.194139 24.680120 3.814101
v -26.489241 24.680120 3.496871
v -23.449640 18.047720 9.214401
v -23.508739 18.276421 11.545701
v -23.206242 18.276421 9.214401
v -26.400640 18.047720 3.991161
v -26.017040 18.047720 3.024721
v -34.073242 20.106020 1.187731
v -33.438740 23.285721 2.345991
v -34.065842 23.285721 1.268881
v -33.785538 24.680120 1.283631
v -33.151039 22.157021 1.047551
v -33.615841 24.680120 1.261501
v -32.501839 24.266920 1.128711
v -32.464943 24.510420 1.136081
v -32.435440 24.680120 1.150841
v -33.630638 24.680120 1.150841
v -33.637939 24.266920 1.128711
v -35.054440 24.680120 1.667261
v -35.002838 24.480921 1.637751
v -34.951141 24.281721 1.600861
v -33.674843 23.964420 0.936891
v -31.719841 23.964420 0.818851
v -32.369041 24.252220 1.113951
v -32.214142 24.244820 1.099201
v -31.675541 24.185820 0.014709
v -33.815041 24.185820 0.132751
v -35.541340 23.964420 1.497581
v -35.865940 24.185820 0.752451
v -37.230843 23.964420 2.471401
v -37.717743 24.185820 1.822191
v -39.274338 24.185820 3.290301
v -39.724342 23.964420 5.444521
v -40.395737 23.964420 7.281511
v -40.425240 24.266920 9.214401
v -40.624443 23.964420 9.214401
v -40.108040 24.266920 11.479300
v -40.358841 24.680120 10.099701
v -40.004738 24.680120 11.744901
v -39.606339 24.680120 12.408901
v -39.621140 24.680120 12.372001
v -39.871941 24.680120 11.818701
v -39.894043 24.680120 11.730101
v -39.930939 24.680120 11.560401
v -40.115341 24.680120 10.771101
v -40.240841 24.680120 10.203001
v -40.255539 24.680120 10.055401
v -40.277740 24.680120 9.671801
v -40.403137 24.680120 9.214401
v -40.056343 24.680120 6.853621
v -37.599640 27.572020 1.977111
v -35.784840 27.572020 0.929511
v -33.778141 27.572020 0.324561
v -29.565639 24.185820 0.383581
v -27.699141 27.572020 1.401671
v -27.632740 25.882620 1.291011
v -25.714540 27.572020 2.943561
v -27.713840 27.667921 1.431181
v -34.206039 24.680120 1.409051
v -33.025642 23.285721 2.286971
v -30.605841 23.285721 3.519001
v -31.314041 23.285721 2.294351
v -31.299341 25.425220 2.316481
v -32.376442 23.285721 2.242701
v -30.605841 25.425220 3.519001
v -29.845940 23.034920 5.119921
v -33.121540 24.281721 5.370751
v -34.405243 24.281721 6.108501
v -32.878139 24.281721 5.791271
v -33.121540 24.680120 5.370751
v -32.878139 24.680120 5.791271
v -30.465641 24.680120 6.197031
v -30.465641 24.281721 6.197031
v -31.373140 24.281721 5.828151
v -31.011641 24.281721 7.170851
v -28.909040 24.281721 8.085661
v -29.838541 24.281721 9.214401
v -28.909040 24.680120 8.085661
v -36.559441 23.034920 7.340530
v -38.824341 25.336620 4.861701
v -25.176041 27.852421 5.451901
v -25.131741 27.845020 5.540431
v -25.050640 27.498320 5.776511
v -25.139141 26.967121 5.791271
v -25.729340 27.395020 5.754381
v -25.736740 27.454020 5.747001
v -26.415440 23.285721 11.324401
v -26.378540 23.285721 11.324401
v -26.378540 23.285721 10.763700
v -26.378540 23.285721 9.266101
v -24.180040 24.680120 10.203001
v -24.334940 24.680120 10.881701
v -24.172640 24.680120 10.062800
v -26.378540 23.285721 9.214401
v -25.980141 22.887320 9.214401
v -26.378540 23.285721 8.653721
v -25.980141 22.887320 11.294901
v -25.980141 22.267620 9.214401
v -25.980141 22.267620 11.235801
v -26.821239 21.190521 9.214401
v -26.821239 21.190521 11.139901
v -36.950439 23.285721 5.223201
v -36.094643 23.285721 4.728911
v -36.057739 23.285721 4.706781
v -36.020943 23.285721 4.684641
v -36.692238 24.680120 2.714861
v -32.974041 26.981821 17.159901
v -31.727240 26.428520 16.798401
v -31.343540 26.428520 16.754200
v -31.299341 26.428520 16.754200
v -30.937840 26.428520 16.709902
v -30.915640 26.428520 16.709902
v -30.539440 26.428520 17.019800
v -30.613241 26.428520 16.673000
v -30.332840 26.428520 16.643501
v -28.222940 26.428520 16.127100
v -29.226240 24.680120 16.614000
v -30.229540 24.680120 16.864801
v -30.391840 25.211220 16.931200
v -30.561541 24.768620 16.953402
v -32.612541 25.985920 17.123100
v -30.568941 24.724321 16.953402
v -31.358341 24.680120 17.145201
v -30.583740 24.680120 16.953402
v -32.546143 24.680120 17.108301
v -32.678940 25.336620 17.123100
v -32.516640 26.207220 16.997601
v -30.355040 25.985920 16.909101
v -32.428040 26.428520 16.879601
v -32.273140 26.428520 16.606602
v -32.044441 26.428520 16.215601
v -28.267139 24.680120 16.097601
v -28.672941 26.428520 15.972200
v -28.377840 26.428520 15.854101
v -28.333540 26.428520 15.817202
v -28.127041 26.428520 15.654902
v -28.473740 24.680120 16.237801
v -28.237640 24.680120 16.119701
v -34.530640 21.190521 13.242501
v -36.950439 23.285721 13.213001
v -36.463539 23.285721 13.493300
v -36.271740 23.285721 13.611401
v -36.094643 23.285721 13.707301
v -35.327438 22.887320 14.614701
v -35.880741 23.285721 13.832701
v -35.128242 23.285721 14.268001
v -34.633942 23.285721 14.548301
v -34.530640 23.285721 14.614701
v -31.682940 26.775320 14.474501
v -31.690340 26.428520 14.481901
v -31.291941 26.590820 15.072102
v -31.299341 26.428520 15.079500
v -29.949240 26.428520 14.821301
v -31.181240 26.428520 15.197500
v -31.181240 26.775320 15.182800
v -31.018940 26.775320 15.204901
v -31.018940 26.590820 15.212301
v -31.018940 26.428520 15.219702
v -30.908340 26.428520 15.197500
v -31.291941 26.775320 15.064701
v -29.152441 26.428520 14.511401
v -28.968040 26.428520 14.371301
v -28.510641 26.428520 14.024501
v -29.624640 26.428520 13.692501
v -27.890940 26.428520 13.545001
v -27.854040 26.428520 13.508101
v -27.610540 26.428520 13.249901
v -27.544140 26.428520 13.095001
v -27.617941 26.590820 13.249901
v -29.632040 24.680120 13.677801
v -31.837841 28.022120 15.979601
v -31.955940 27.970421 15.913200
v -30.465641 24.680120 12.239201
v -32.878139 24.281721 12.644901
v -31.373140 24.281721 12.608001
v -32.214142 24.281721 11.590001
v -33.785538 24.281721 10.992401
v -31.011641 24.281721 11.265301
v -30.465641 24.281721 12.239201
v -31.660841 23.034920 13.921201
v -37.444740 28.022120 2.803391
v -36.146339 28.022120 1.940231
v -38.551338 28.022120 3.895261
v -38.971840 28.022120 4.448571
v -33.645340 28.022120 1.069691
v -32.885441 28.022120 0.966401
v -31.343540 28.022120 0.988531
v -29.823841 28.022120 1.291011
v -28.075340 28.022120 2.050891
v -28.053240 28.014721 2.014001
v -24.239040 27.572020 4.979751
v -24.305441 23.964420 12.091600
v -25.404739 23.964420 14.164701
v -25.559641 24.266920 14.046700
v -27.035141 23.964420 15.846802
v -25.581739 24.680120 14.031900
v -25.714540 24.680120 13.936001
v -25.382540 24.680120 13.508101
v -25.235041 24.680120 13.323701
v -26.452341 24.584221 14.902401
v -26.526140 24.569420 14.976201
v -26.378540 24.680120 14.799201
v -29.056540 23.964420 17.019800
v -31.328840 23.964420 17.587801
v -33.674843 23.964420 17.499300
v -25.803141 26.428520 12.858901
v -27.005640 26.428520 12.858901
v -27.167940 26.428520 12.858901
v -31.557541 26.775320 9.457901
v -31.557541 26.775320 8.978331
v -32.214142 26.834320 9.214401
v -32.037041 26.819521 8.911931
v -32.560841 26.775320 8.616841
v -32.560841 26.819521 9.214401
v -32.907639 26.775320 9.214401
v -32.745338 26.775320 9.664401
v -32.332138 26.775320 9.907901
v -31.860041 26.775320 9.819401
v -36.338142 18.047720 16.370602
v -38.226738 20.106020 14.850801
v -38.396439 24.680120 4.005921
v -38.396439 24.680120 3.998541
v -38.374340 24.680120 3.976411
v -38.425941 24.680120 4.042811
v -38.868641 24.680120 4.692021
v -39.333340 24.680120 5.370751
v -30.214840 24.680120 1.409051
v -29.418041 24.466120 1.637751
v -29.366440 24.680120 1.667261
v -26.717939 26.428520 3.880501
v -27.890940 26.428520 2.965691
v -28.127041 26.428520 2.781261
v -28.333540 26.428520 2.618951
v -28.377840 26.428520 2.582071

f 1 2 3
f 1 3 4
f 5 1 4
f 6 5 4
f 7 6 4
f 8 7 4
f 9 8 4
f 9 4 10
f 11 9 10
f 12 11 10
f 13 12 10
f 14 13 10
f 15 14 10
f 16 15 10
f 10 17 16
f 18 16 17
f 19 18 17
f 17 20 19
f 21 19 20
f 20 22 21
f 22 23 21
f 23 24 21
f 24 25 21
f 26 21 25
f 27 26 25
f 28 27 25
f 29 28 25
f 30 29 25
f 25 31 30
f 32 30 31
f 33 32 31
f 34 33 31
f 35 34 31
f 36 35 31
f 37 36 31
f 31 38 37
f 39 37 38
f 40 39 38
f 38 41 40
f 41 42 40
f 42 43 40
f 43 44 40
f 44 45 40
f 46 40 45
f 47 46 45
f 47 45 48
f 47 48 49
f 47 49 50
f 47 50 51
f 50 52 51
f 51 52 53
f 54 51 53
f 54 53 55
f 54 55 46
f 55 53 56
f 56 57 55
f 58 55 57
f 57 59 58
f 60 58 59
f 59 61 60
f 60 61 62
f 60 62 63
f 60 63 64
f 64 65 60
f 65 64 66
f 66 67 65
f 67 68 65
f 68 44 65
f 44 69 65
f 69 70 65
f 70 71 65
f 71 72 65
f 72 73 65
f 74 65 73
f 73 55 74
f 58 65 74
f 72 55 73
f 75 55 72
f 75 72 76
f 75 76 77
f 77 78 75
f 75 78 79
f 79 78 80
f 80 40 79
f 55 79 40
f 81 80 78
f 82 80 81
f 82 81 76
f 82 76 71
f 83 82 71
f 84 83 71
f 85 84 71
f 71 86 85
f 86 70 85
f 70 44 85
f 70 86 44
f 86 71 44
f 84 85 87
f 87 80 84
f 88 80 87
f 89 88 87
f 88 89 90
f 88 90 91
f 91 90 92
f 92 80 91
f 39 80 92
f 92 93 39
f 94 39 93
f 90 94 93
f 90 95 94
f 94 95 36
f 96 95 90
f 96 97 95
f 97 98 95
f 95 98 33
f 99 98 97
f 99 97 100
f 100 101 99
f 102 101 100
f 96 102 100
f 102 96 103
f 102 103 31
f 104 102 31
f 105 102 104
f 104 106 105
f 107 105 106
f 108 107 106
f 109 108 106
f 110 109 106
f 111 110 106
f 106 112 111
f 113 111 112
f 114 113 112
f 114 112 115
f 116 114 115
f 116 115 117
f 116 117 118
f 119 116 118
f 119 118 120
f 121 119 120
f 120 122 121
f 122 123 121
f 124 121 123
f 125 124 123
f 126 124 125
f 125 127 126
f 126 127 128
f 129 126 128
f 128 130 129
f 129 130 131
f 131 132 129
f 133 129 132
f 132 134 133
f 133 134 135
f 116 133 135
f 110 135 134
f 134 136 110
f 134 137 136
f 136 137 101
f 101 137 28
f 137 134 138
f 137 138 139
f 140 137 139
f 139 141 140
f 141 142 140
f 142 143 140
f 143 144 140
f 145 140 144
f 144 146 145
f 146 147 145
f 148 145 147
f 147 149 148
f 149 150 148
f 148 150 151
f 152 148 151
f 152 151 153
f 152 153 154
f 152 154 155
f 155 156 152
f 157 152 156
f 158 157 156
f 159 158 156
f 156 160 159
f 159 160 161
f 161 162 159
f 163 159 162
f 160 163 162
f 160 162 164
f 163 160 164
f 159 163 164
f 164 165 159
f 165 164 166
f 165 166 167
f 165 167 2
f 2 167 166
f 168 166 164
f 164 169 168
f 168 169 170
f 170 171 168
f 171 172 168
f 171 173 172
f 173 174 172
f 175 172 174
f 174 176 175
f 177 175 176
f 176 164 177
f 177 164 178
f 178 164 179
f 175 178 179
f 175 179 180
f 175 180 181
f 175 181 182
f 175 182 183
f 175 183 184
f 175 184 4
f 184 185 4
f 184 186 185
f 185 186 10
f 186 187 10
f 187 188 10
f 188 189 10
f 190 10 189
f 190 189 191
f 190 191 192
f 190 192 193
f 190 193 194
f 190 194 195
f 190 195 196
f 197 190 196
f 197 196 198
f 199 197 198
f 199 198 200
f 199 200 201
f 202 199 201
f 202 201 203
f 202 203 204
f 205 202 204
f 205 204 206
f 207 205 206
f 207 206 208
f 207 208 209
f 210 207 209
f 210 209 211
f 210 211 212
f 213 210 212
f 213 212 214
f 215 213 214
f 215 214 216
f 217 215 216
f 217 216 218
f 217 218 219
f 217 219 220
f 217 220 221
f 217 221 222
f 223 217 222
f 223 222 224
f 223 224 225
f 223 225 215
f 215 225 226
f 215 226 227
f 227 226 228
f 228 53 227
f 213 227 53
f 53 228 229
f 53 229 230
f 230 231 53
f 232 53 231
f 59 232 231
f 231 233 59
f 233 234 59
f 234 233 235
f 236 234 235
f 235 237 236
f 236 237 238
f 238 237 239
f 239 240 238
f 241 238 240
f 241 240 242
f 241 242 243
f 241 243 244
f 241 244 245
f 245 246 241
f 247 241 246
f 248 247 246
f 246 249 248
f 250 248 249
f 251 250 249
f 249 252 251
f 252 249 253
f 252 253 254
f 252 254 255
f 252 255 256
f 257 252 256
f 258 257 256
f 258 256 259
f 258 259 260
f 258 260 261
f 258 261 262
f 262 263 258
f 264 258 263
f 265 264 263
f 265 263 266
f 266 261 265
f 267 261 266
f 267 266 268
f 269 267 268
f 270 269 268
f 271 270 268
f 268 272 271
f 273 271 272
f 274 273 272
f 275 274 272
f 275 272 276
f 277 275 276
f 277 276 278
f 279 277 278
f 279 278 280
f 279 280 281
f 282 279 281
f 282 281 283
f 284 282 283
f 284 283 285
f 286 284 285
f 286 285 287
f 287 288 286
f 289 286 288
f 288 290 289
f 291 289 290
f 292 291 290
f 292 290 293
f 294 292 293
f 295 294 293
f 295 293 296
f 297 295 296
f 297 296 298
f 299 297 298
f 299 298 300
f 299 300 301
f 302 299 301
f 303 302 301
f 301 304 303
f 305 303 304
f 304 306 305
f 307 305 306
f 301 307 306
f 307 301 308
f 308 305 307
f 309 305 308
f 300 309 308
f 309 300 310
f 310 305 309
f 311 305 310
f 311 310 312
f 311 312 313
f 313 314 311
f 315 311 314
f 296 315 314
f 296 316 315
f 296 317 316
f 317 311 316
f 287 311 317
f 317 318 287
f 319 287 318
f 319 318 293
f 288 319 293
f 317 293 318
f 311 287 320
f 311 320 321
f 322 321 320
f 323 322 320
f 323 320 285
f 323 285 324
f 323 324 325
f 323 325 326
f 323 326 327
f 328 327 326
f 326 329 328
f 328 329 330
f 328 330 331
f 332 328 331
f 333 332 331
f 333 331 334
f 333 334 335
f 335 336 333
f 337 333 336
f 322 337 336
f 322 336 338
f 322 338 339
f 339 338 340
f 339 340 341
f 339 341 342
f 339 342 321
f 305 321 342
f 343 305 342
f 343 342 344
f 345 343 344
f 345 344 346
f 345 346 347
f 348 345 347
f 348 347 349
f 348 349 350
f 348 350 351
f 348 351 352
f 352 353 348
f 354 353 352
f 355 354 352
f 355 352 340
f 355 340 356
f 356 334 355
f 340 352 357
f 355 334 354
f 358 354 334
f 359 358 334
f 360 359 334
f 360 361 359
f 359 361 362
f 345 359 362
f 345 362 363
f 364 345 363
f 364 363 365
f 364 365 366
f 367 364 366
f 368 367 366
f 369 368 366
f 370 369 366
f 370 366 371
f 372 370 371
f 373 372 371
f 371 374 373
f 374 375 373
f 373 375 376
f 373 376 377
f 373 377 378
f 377 379 378
f 380 378 379
f 379 376 380
f 380 376 381
f 380 381 382
f 383 382 381
f 382 383 384
f 382 384 385
f 382 385 386
f 386 387 382
f 387 378 382
f 387 372 378
f 388 372 387
f 388 387 389
f 390 388 389
f 391 390 389
f 391 389 392
f 393 391 392
f 393 392 394
f 395 393 394
f 395 394 396
f 397 395 396
f 398 397 396
f 399 398 396
f 399 396 400
f 399 400 401
f 401 402 399
f 403 399 402
f 402 404 403
f 405 403 404
f 405 406 403
f 407 406 405
f 407 405 408
f 407 408 409
f 407 409 410
f 407 410 411
f 412 407 411
f 413 412 411
f 413 411 414
f 413 414 415
f 413 415 416
f 413 416 417
f 413 417 418
f 418 417 419
f 418 419 420
f 418 420 421
f 418 421 412
f 422 412 421
f 423 422 421
f 423 421 424
f 423 424 425
f 423 425 426
f 423 426 427
f 426 419 427
f 419 426 428
f 429 428 426
f 430 429 426
f 430 431 429
f 429 431 432
f 432 431 433
f 434 432 433
f 434 433 435
f 436 434 435
f 436 435 437
f 436 437 438
f 439 436 438
f 438 440 439
f 441 439 440
f 441 440 442
f 441 442 443
f 441 443 444
f 445 441 444
f 445 444 446
f 447 445 446
f 447 446 424
f 420 447 424
f 420 448 447
f 447 448 449
f 448 434 449
f 420 428 448
f 428 432 448
f 447 449 445
f 445 449 439
f 450 446 444
f 268 450 444
f 450 268 263
f 450 425 446
f 450 451 425
f 425 451 452
f 425 452 453
f 425 453 454
f 430 425 454
f 433 454 453
f 453 452 433
f 455 433 452
f 455 452 456
f 457 455 456
f 457 456 458
f 457 458 459
f 459 460 457
f 460 459 461
f 460 461 462
f 462 463 460
f 460 463 455
f 462 464 463
f 463 464 435
f 462 465 464
f 464 465 466
f 464 466 467
f 464 467 437
f 467 468 437
f 468 469 437
f 470 437 469
f 470 469 471
f 470 471 472
f 470 472 473
f 474 470 473
f 475 474 473
f 475 473 476
f 475 476 278
f 476 473 477
f 476 477 478
f 476 478 280
f 478 477 479
f 478 479 480
f 478 480 281
f 480 479 481
f 480 481 482
f 480 482 483
f 484 480 483
f 484 483 326
f 484 325 480
f 480 325 283
f 483 482 326
f 482 481 485
f 482 485 486
f 486 329 482
f 487 486 485
f 487 485 488
f 487 488 284
f 487 284 489
f 284 490 489
f 330 489 490
f 490 491 330
f 492 330 491
f 492 491 493
f 494 492 493
f 494 493 495
f 494 495 496
f 496 497 494
f 497 496 498
f 498 499 497
f 499 500 497
f 497 500 492
f 499 360 500
f 500 360 331
f 499 501 360
f 502 501 499
f 499 503 502
f 502 503 504
f 502 504 505
f 502 505 506
f 502 506 154
f 506 507 154
f 508 154 507
f 507 509 508
f 510 508 509
f 510 509 511
f 510 511 512
f 510 512 513
f 514 510 513
f 514 513 515
f 514 515 516
f 514 516 517
f 514 517 518
f 514 518 508
f 508 518 519
f 519 520 508
f 520 519 521
f 521 522 520
f 523 520 522
f 523 522 524
f 524 525 523
f 523 525 155
f 526 155 525
f 526 527 155
f 155 527 528
f 529 528 527
f 529 527 530
f 531 529 530
f 530 532 531
f 531 532 533
f 534 531 533
f 533 535 534
f 536 534 535
f 537 536 535
f 537 535 538
f 537 538 539
f 537 539 540
f 537 540 541
f 541 542 537
f 542 543 537
f 544 537 543
f 543 545 544
f 545 546 544
f 546 547 544
f 548 544 547
f 549 548 547
f 547 550 549
f 550 551 549
f 551 552 549
f 553 549 552
f 552 554 553
f 555 553 554
f 554 556 555
f 555 556 557
f 557 558 555
f 549 555 558
f 558 559 549
f 557 559 558
f 559 557 560
f 548 559 560
f 548 560 561
f 548 561 562
f 548 562 563
f 563 564 548
f 564 563 565
f 564 565 566
f 564 566 567
f 567 568 564
f 569 564 568
f 570 569 568
f 571 570 568
f 568 572 571
f 571 572 573
f 573 574 571
f 575 571 574
f 575 574 576
f 575 576 536
f 574 577 576
f 577 578 576
f 579 576 578
f 578 580 579
f 579 580 581
f 581 582 579
f 534 579 582
f 581 583 582
f 583 584 582
f 584 585 582
f 586 582 585
f 587 586 585
f 587 585 588
f 587 588 186
f 588 585 589
f 590 588 589
f 590 589 591
f 590 591 592
f 590 592 188
f 593 188 592
f 594 593 592
f 594 592 595
f 594 595 596
f 594 596 597
f 594 597 192
f 598 192 597
f 598 597 599
f 598 599 600
f 598 600 193
f 600 601 193
f 193 601 602
f 601 603 602
f 602 603 604
f 604 605 602
f 194 602 605
f 605 606 194
f 607 606 605
f 607 605 608
f 609 607 608
f 610 609 608
f 610 608 611
f 612 610 611
f 612 611 613
f 614 612 613
f 614 613 615
f 616 614 615
f 616 615 617
f 618 616 617
f 618 617 619
f 620 618 619
f 620 619 621
f 622 620 621
f 622 621 623
f 624 622 623
f 624 623 625
f 626 624 625
f 626 625 627
f 628 626 627
f 629 628 627
f 629 627 630
f 629 630 631
f 629 631 632
f 631 633 632
f 633 634 632
f 632 634 635
f 632 635 636
f 632 636 628
f 636 637 628
f 636 635 637
f 637 635 638
f 637 638 639
f 640 637 639
f 640 639 641
f 642 640 641
f 642 641 643
f 644 642 643
f 644 643 645
f 646 644 645
f 646 645 647
f 648 646 647
f 648 647 649
f 650 648 649
f 650 649 651
f 652 650 651
f 652 651 653
f 654 652 653
f 654 653 655
f 656 654 655
f 656 655 390
f 657 656 390
f 609 656 657
f 609 657 658
f 658 657 659
f 658 659 660
f 658 660 661
f 658 661 607
f 660 662 661
f 662 663 661
f 661 663 606
f 606 663 195
f 662 664 663
f 663 664 196
f 665 664 662
f 666 665 662
f 666 667 665
f 667 668 665
f 668 669 665
f 665 669 670
f 670 669 201
f 668 671 669
f 669 671 203
f 672 671 668
f 673 672 668
f 674 672 673
f 674 673 675
f 674 675 676
f 674 676 677
f 678 674 677
f 679 678 677
f 679 677 680
f 681 679 680
f 681 680 682
f 683 681 682
f 683 682 684
f 685 683 684
f 685 684 686
f 687 685 686
f 687 686 633
f 686 688 633
f 686 689 688
f 688 689 690
f 688 690 691
f 634 688 691
f 634 691 692
f 634 692 693
f 693 692 638
f 638 692 694
f 638 694 695
f 694 696 695
f 695 696 697
f 695 697 698
f 639 695 698
f 698 697 294
f 698 294 699
f 641 698 699
f 697 696 700
f 697 700 701
f 697 701 292
f 701 702 292
f 702 703 292
f 703 702 704
f 704 291 703
f 705 704 702
f 706 704 705
f 705 707 706
f 708 706 707
f 708 707 701
f 709 706 708
f 708 700 709
f 710 709 700
f 711 710 700
f 711 712 710
f 710 712 713
f 713 706 710
f 712 714 713
f 714 715 713
f 715 716 713
f 279 713 716
f 279 717 713
f 704 713 717
f 717 718 704
f 718 719 704
f 289 704 719
f 491 289 719
f 491 719 720
f 491 720 721
f 721 720 493
f 722 493 720
f 720 723 722
f 723 724 722
f 722 724 725
f 725 726 722
f 725 727 726
f 727 728 726
f 495 726 728
f 495 728 729
f 504 729 728
f 728 727 504
f 727 730 504
f 504 730 731
f 732 731 730
f 730 733 732
f 511 732 733
f 511 733 734
f 511 734 735
f 734 736 735
f 735 736 737
f 735 737 738
f 735 738 739
f 512 735 739
f 512 739 740
f 512 740 741
f 740 742 741
f 743 741 742
f 744 743 742
f 744 742 745
f 744 745 746
f 747 744 746
f 748 747 746
f 748 746 749
f 750 748 749
f 750 749 751
f 752 750 751
f 753 752 751
f 753 751 754
f 753 754 755
f 753 755 756
f 757 753 756
f 758 757 756
f 758 756 759
f 760 758 759
f 760 759 761
f 760 761 762
f 763 760 762
f 763 762 764
f 763 764 765
f 763 765 766
f 767 763 766
f 767 766 768
f 769 767 768
f 769 768 770
f 769 770 771
f 769 771 757
f 757 771 752
f 772 752 771
f 772 771 773
f 772 773 774
f 775 772 774
f 775 774 776
f 777 775 776
f 777 776 778
f 777 778 764
f 777 764 747
f 778 776 779
f 778 779 780
f 765 778 780
f 765 780 781
f 765 781 782
f 782 781 783
f 783 784 782
f 782 784 785
f 766 782 785
f 786 785 784
f 786 784 787
f 786 787 788
f 789 786 788
f 789 788 725
f 790 789 725
f 791 790 725
f 791 792 790
f 793 792 791
f 791 724 793
f 794 793 724
f 724 795 794
f 794 795 796
f 796 797 794
f 798 794 797
f 799 798 797
f 800 799 797
f 801 800 797
f 802 801 797
f 803 802 797
f 804 803 797
f 803 804 805
f 806 805 804
f 796 806 804
f 806 796 807
f 807 808 806
f 809 806 808
f 810 809 808
f 810 808 811
f 810 811 812
f 813 810 812
f 813 812 814
f 813 814 815
f 816 813 815
f 817 816 815
f 817 815 818
f 817 818 819
f 820 817 819
f 821 820 819
f 821 819 822
f 821 822 823
f 821 823 824
f 821 824 825
f 825 824 826
f 827 825 826
f 827 826 828
f 827 828 829
f 827 829 830
f 827 830 831
f 830 820 831
f 825 831 820
f 830 829 820
f 820 829 832
f 829 833 832
f 834 832 833
f 833 599 834
f 835 834 599
f 599 836 835
f 837 835 836
f 838 837 836
f 838 836 839
f 838 839 840
f 838 840 841
f 840 842 841
f 837 841 842
f 837 842 843
f 843 842 844
f 843 844 845
f 846 843 845
f 847 846 845
f 847 845 848
f 849 847 848
f 849 848 850
f 849 850 851
f 816 849 851
f 816 852 849
f 816 853 852
f 852 853 847
f 853 854 847
f 853 855 854
f 854 855 843
f 843 855 834
f 855 856 834
f 856 857 834
f 857 858 834
f 858 859 834
f 859 860 834
f 817 860 859
f 817 832 860
f 816 859 858
f 816 858 857
f 853 857 856
f 853 856 855
f 816 857 853
f 861 851 850
f 861 850 862
f 861 862 851
f 863 851 862
f 863 862 864
f 863 864 865
f 863 865 866
f 866 865 867
f 866 867 868
f 866 868 869
f 866 869 851
f 813 851 869
f 868 867 869
f 869 867 870
f 810 869 870
f 810 870 871
f 872 871 870
f 872 870 873
f 873 874 872
f 875 872 874
f 875 874 876
f 875 876 877
f 875 877 878
f 875 878 879
f 880 875 879
f 880 879 881
f 880 881 882
f 880 882 883
f 880 883 884
f 884 885 880
f 886 880 885
f 886 885 887
f 888 886 887
f 889 888 887
f 889 887 890
f 891 889 890
f 891 890 892
f 891 892 893
f 894 891 893
f 894 893 805
f 895 894 805
f 895 896 894
f 895 897 896
f 896 897 898
f 898 899 896
f 900 896 899
f 900 899 723
f 723 901 900
f 901 902 900
f 902 891 900
f 891 902 903
f 891 903 904
f 891 904 905
f 906 905 904
f 906 904 907
f 906 907 908
f 909 906 908
f 910 909 908
f 910 908 911
f 910 911 912
f 910 912 913
f 910 913 914
f 889 910 914
f 915 889 914
f 915 914 897
f 915 897 888
f 916 888 897
f 897 914 917
f 917 918 897
f 919 897 918
f 919 918 920
f 921 919 920
f 898 921 920
f 922 898 920
f 920 923 922
f 795 922 923
f 923 924 795
f 925 795 924
f 925 924 926
f 927 925 926
f 928 927 926
f 929 928 926
f 930 929 926
f 931 930 926
f 932 931 926
f 926 933 932
f 934 932 933
f 935 934 933
f 935 933 822
f 936 822 933
f 936 933 937
f 936 937 823
f 938 823 937
f 937 939 938
f 939 940 938
f 941 938 940
f 940 923 941
f 941 923 942
f 942 923 943
f 942 943 944
f 938 942 944
f 945 938 944
f 945 944 946
f 945 946 947
f 945 947 948
f 945 948 949
f 950 945 949
f 950 949 951
f 950 951 603
f 603 951 952
f 953 952 951
f 613 952 953
f 951 949 953
f 954 953 949
f 949 955 954
f 615 954 955
f 615 953 954
f 956 945 950
f 957 956 950
f 958 957 950
f 958 950 601
f 828 957 958
f 828 956 957
f 956 826 945
f 955 949 948
f 947 955 948
f 955 947 959
f 617 955 959
f 960 959 947
f 947 961 960
f 962 960 961
f 961 963 962
f 964 962 963
f 963 965 964
f 966 964 965
f 965 967 966
f 968 966 967
f 967 969 968
f 219 968 969
f 970 968 219
f 625 968 970
f 971 625 970
f 971 970 630
f 630 970 218
f 972 969 967
f 972 220 969
f 973 220 972
f 974 973 972
f 975 974 972
f 975 972 976
f 977 975 976
f 977 976 978
f 979 977 978
f 980 979 978
f 980 978 981
f 980 981 982
f 983 982 981
f 983 981 984
f 983 984 985
f 983 985 986
f 983 986 987
f 986 988 987
f 988 989 987
f 989 990 987
f 987 990 991
f 991 992 987
f 993 987 992
f 979 993 992
f 979 982 993
f 993 982 987
f 979 992 991
f 979 991 975
f 994 991 990
f 994 990 995
f 995 996 994
f 997 994 996
f 996 998 997
f 999 997 998
f 1000 999 998
f 1000 998 1001
f 1000 1001 1002
f 1003 1000 1002
f 1003 1002 1004
f 1003 1004 1005
f 1003 1005 1006
f 1003 1006 1007
f 1007 1006 225
f 1008 1007 225
f 1008 1009 1007
f 1007 1009 1000
f 1010 1000 1009
f 1008 1010 1009
f 1008 999 1010
f 1008 224 999
f 224 221 999
f 226 1006 1005
f 226 1005 1011
f 1012 226 1011
f 1012 1011 1013
f 1013 1014 1012
f 1015 1014 1013
f 1015 1013 1016
f 1016 1017 1015
f 1015 1017 1018
f 1015 1018 233
f 233 230 1015
f 1018 1019 233
f 1020 233 1019
f 1019 1021 1020
f 1020 1021 1022
f 235 1022 1021
f 1023 1021 1019
f 1024 1021 1023
f 1023 1025 1024
f 1026 1024 1025
f 1018 1026 1025
f 1027 1024 1026
f 1026 1017 1027
f 1027 1017 1028
f 1028 1017 1029
f 1029 1030 1028
f 1031 1028 1030
f 1032 1031 1030
f 1032 1030 1033
f 1032 1033 1034
f 1032 1034 1035
f 1032 1035 1036
f 1032 1036 1037
f 1032 1037 1038
f 1032 1038 1039
f 1032 1039 1040
f 1041 1032 1040
f 1041 1040 1042
f 1041 1042 1043
f 1044 1041 1043
f 1044 1043 1045
f 1044 1045 1046
f 1046 1047 1044
f 1048 1044 1047
f 1049 1048 1047
f 1049 1047 1050
f 1049 1050 1051
f 1049 1051 1052
f 1053 1049 1052
f 1053 1052 1054
f 1053 1054 1055
f 1053 1055 1056
f 1053 1056 1057
f 1058 1053 1057
f 1058 1057 1059
f 1058 1059 1060
f 1058 1060 1061
f 1058 1061 1062
f 1058 1062 1063
f 1058 1063 1064
f 1058 1064 1048
f 1048 1064 1065
f 1048 1065 1024
f 1065 1066 1024
f 1065 1037 1066
f 1021 1066 1037
f 1037 237 1021
f 1037 1067 237
f 1068 237 1067
f 1067 1069 1068
f 1068 1069 1070
f 1069 1071 1070
f 1070 1071 239
f 1071 1072 239
f 1071 1034 1072
f 1069 1035 1071
f 1069 1067 1036
f 237 1068 1070
f 1073 1065 1064
f 1073 1064 1074
f 1073 1074 1075
f 1076 1073 1075
f 1077 1076 1075
f 1078 1077 1075
f 1079 1078 1075
f 1080 1079 1075
f 1075 1081 1080
f 132 1080 1081
f 1075 1082 1081
f 1082 1083 1081
f 1084 1081 1083
f 1083 1085 1084
f 1085 521 1084
f 1084 521 138
f 1086 138 521
f 1086 521 1087
f 1086 1087 1088
f 1086 1088 1089
f 1089 1090 1086
f 139 1086 1090
f 1090 1091 139
f 375 139 1091
f 375 1092 139
f 139 1092 1093
f 1093 1092 1094
f 1095 1093 1094
f 1095 1094 1096
f 1095 1096 1097
f 1095 1097 1098
f 1099 1095 1098
f 1098 1100 1099
f 1100 1101 1099
f 1099 1101 1102
f 1099 1102 1103
f 1099 1103 1104
f 1104 577 1099
f 1105 1104 1103
f 1105 1106 1104
f 1104 1106 578
f 1106 1105 1107
f 1107 1108 1106
f 1109 1106 1108
f 1110 1109 1108
f 1111 1110 1108
f 1111 1108 1112
f 1111 1112 115
f 1112 1113 115
f 1107 1113 1112
f 1113 1107 1114
f 1115 1113 1114
f 1114 1116 1115
f 1116 1117 1115
f 1118 1115 1117
f 1118 1117 572
f 1118 117 1115
f 1119 117 1118
f 130 1119 1118
f 130 1118 568
f 568 1120 130
f 1120 1121 130
f 1122 130 1121
f 1121 1123 1122
f 1123 1124 1122
f 1124 1123 1125
f 1125 1126 1124
f 130 1124 1126
f 130 1126 1127
f 1123 1127 1126
f 1126 1128 1123
f 1123 1129 1127
f 1079 1127 1129
f 1129 1130 1079
f 1079 1130 1131
f 1065 1079 1131
f 1065 1131 1038
f 1132 1038 1131
f 1132 1131 1120
f 567 1038 1132
f 1130 1121 1131
f 1123 1130 1129
f 1128 1126 1125
f 1125 1123 1128
f 1123 1121 1130
f 130 1122 1124
f 1120 1131 1121
f 568 1132 1120
f 130 120 1119
f 1117 1116 1133
f 1133 1095 1117
f 573 1117 1095
f 1133 1134 1095
f 1107 1134 1133
f 1114 1133 1116
f 1113 1115 117
f 1107 1133 1114
f 1111 1135 1110
f 1135 1136 1110
f 1136 1137 1110
f 1138 1110 1137
f 1137 1139 1138
f 1138 1139 1140
f 1138 1140 1109
f 1141 1109 1140
f 1141 1140 1142
f 1141 1142 1143
f 1141 1143 1144
f 1141 1144 1145
f 580 1141 1145
f 580 1145 1146
f 580 1146 1147
f 580 1147 1148
f 1148 1147 583
f 1149 583 1147
f 1149 1147 1150
f 1149 1150 1151
f 1149 1151 1152
f 1149 1152 1153
f 589 1149 1153
f 589 1153 1154
f 1154 1153 591
f 1153 836 591
f 597 591 836
f 1153 1151 836
f 1155 836 1151
f 589 584 1149
f 1152 1151 1153
f 1150 1155 1151
f 1150 839 1155
f 1150 1156 839
f 1157 839 1156
f 1157 1156 1158
f 1159 1157 1158
f 1159 1158 1160
f 1159 1160 1161
f 1159 1161 840
f 840 1161 1162
f 1163 1162 1161
f 1164 1162 1163
f 1144 1164 1163
f 1165 1144 1163
f 1165 1163 1160
f 1165 1160 1166
f 1165 1166 1167
f 1167 1166 1168
f 1167 1168 1169
f 1169 1145 1167
f 1150 1145 1169
f 1150 1169 1170
f 1170 1169 1171
f 1158 1170 1171
f 1158 1171 1166
f 1171 1169 1168
f 1171 1168 1166
f 1165 1167 1144
f 1172 1162 1164
f 1143 1172 1164
f 1173 1162 1172
f 1139 1173 1172
f 1142 1139 1172
f 1139 1174 1173
f 1173 1174 1175
f 1176 1175 1174
f 1174 1177 1176
f 1178 1176 1177
f 1179 1178 1177
f 1179 1177 1180
f 1179 1180 1135
f 1179 1135 1181
f 1182 1179 1181
f 1183 1182 1181
f 1184 1183 1181
f 1184 1181 1185
f 1184 1185 1186
f 1187 1184 1186
f 1187 1186 1188
f 1187 1188 1189
f 1190 1187 1189
f 1191 1190 1189
f 1191 1189 1192
f 1191 1192 22
f 1191 22 1193
f 1191 1193 1194
f 1194 1193 1195
f 1196 1194 1195
f 1196 1195 1197
f 1196 1197 1198
f 1196 1198 1199
f 1196 1199 1200
f 1199 1190 1200
f 1194 1200 1190
f 1199 1198 1190
f 1190 1198 1201
f 1198 1202 1201
f 1201 1202 1203
f 1204 1201 1203
f 1205 1204 1203
f 1206 1205 1203
f 1207 1206 1203
f 1208 1207 1203
f 1209 1208 1203
f 1210 1209 1203
f 1210 1203 1211
f 1212 1210 1211
f 1213 1212 1211
f 1213 1211 1214
f 1213 1214 1215
f 1213 1215 1216
f 1213 1216 1217
f 1213 1217 1218
f 1217 1219 1218
f 1218 1219 1220
f 1212 1218 1220
f 1221 1220 1219
f 1219 1222 1221
f 1223 1221 1222
f 1223 1222 1224
f 1225 1223 1224
f 1225 1224 1226
f 1227 1225 1226
f 1227 1226 1183
f 1228 1183 1226
f 1228 1224 1183
f 1227 1229 1225
f 1229 1230 1225
f 1229 1231 1230
f 1231 1210 1230
f 1210 1220 1230
f 1231 1232 1210
f 1229 1232 1231
f 1233 1232 1229
f 1234 1233 1229
f 1184 1233 1234
f 1184 1234 1227
f 1184 1207 1233
f 1233 1209 1232
f 1227 1234 1229
f 1228 1226 1224
f 1225 1230 1223
f 1182 1224 1222
f 1182 1222 1178
f 1223 1230 1221
f 1219 1178 1222
f 1230 1220 1221
f 1219 1217 1235
f 1235 1236 1219
f 1176 1219 1236
f 1236 1237 1176
f 1237 1236 1238
f 1238 1239 1237
f 1240 1237 1239
f 1239 1241 1240
f 1242 1240 1241
f 1243 1242 1241
f 1243 867 1242
f 1242 867 1162
f 867 1243 1244
f 1244 1243 873
f 1240 1242 1162
f 1162 1175 1240
f 1241 1239 1243
f 1245 1243 1239
f 1246 1245 1239
f 1246 1247 1245
f 877 1245 1247
f 1247 1246 1248
f 1248 1249 1247
f 878 1247 1249
f 1250 878 1249
f 1250 1249 1251
f 1250 1251 1252
f 1250 1252 1253
f 1253 1252 1254
f 1253 1254 879
f 1255 879 1254
f 1256 879 1255
f 1257 1256 1255
f 1257 1255 1252
f 1257 1258 1256
f 1259 1256 1258
f 1259 1258 1260
f 1259 1260 1261
f 1259 1261 1262
f 1263 1259 1262
f 1263 1262 1264
f 1263 1264 989
f 986 1263 989
f 986 1265 1263
f 1263 1265 1266
f 1263 1266 882
f 1266 1265 1267
f 884 1266 1267
f 1265 1268 1267
f 1269 1267 1268
f 1270 1269 1268
f 1270 1268 985
f 1270 985 1271
f 1270 1271 1272
f 1270 1272 1273
f 1274 1273 1272
f 1274 1272 1275
f 1275 1276 1274
f 1277 1274 1276
f 1278 1277 1276
f 1276 1279 1278
f 1280 1278 1279
f 1279 1275 1280
f 1281 1280 1275
f 1275 1282 1281
f 1282 1271 1281
f 1271 984 1281
f 1280 1281 1283
f 1283 1281 1284
f 1284 1285 1283
f 1286 1283 1285
f 1287 1286 1285
f 1285 1288 1287
f 1289 1287 1288
f 1288 1290 1289
f 1290 1291 1289
f 1291 1292 1289
f 1292 1293 1289
f 1293 1294 1289
f 1294 1295 1289
f 1295 1296 1289
f 1296 1297 1289
f 1297 1298 1289
f 1298 1299 1289
f 1299 1300 1289
f 1300 1301 1289
f 1301 1302 1289
f 1303 1289 1302
f 1302 1304 1303
f 1304 1305 1303
f 1305 1306 1303
f 1307 1303 1306
f 1306 1308 1307
f 1308 1309 1307
f 1309 1310 1307
f 1310 1311 1307
f 1311 1312 1307
f 1312 1313 1307
f 1313 1314 1307
f 1314 1315 1307
f 1315 1316 1307
f 1316 1317 1307
f 1307 1317 1318
f 1307 1318 1319
f 1307 1319 1320
f 1320 1319 1321
f 1321 1322 1320
f 1323 1320 1322
f 1322 1324 1323
f 1323 1324 1325
f 1323 1325 1326
f 1327 1326 1325
f 1328 1326 1327
f 1327 1324 1328
f 1274 1328 1324
f 1324 1296 1274
f 1328 1274 1329
f 1329 1326 1328
f 1289 1326 1329
f 1289 1329 1278
f 1325 1324 1327
f 1326 1320 1323
f 1303 1320 1326
f 1321 1324 1322
f 1324 1321 1330
f 1330 1331 1324
f 1331 1301 1324
f 1331 1330 1332
f 1332 1304 1331
f 1330 1333 1332
f 1332 1333 1334
f 1334 1305 1332
f 1335 1334 1333
f 1336 1335 1333
f 1319 1335 1336
f 1336 1337 1319
f 1336 1330 1337
f 1319 1338 1335
f 1335 1338 1339
f 1339 1338 1340
f 1340 1341 1339
f 1334 1339 1341
f 1341 1342 1334
f 1342 1343 1334
f 1343 1315 1334
f 1344 1343 1342
f 1344 1342 1004
f 1345 1004 1342
f 1345 1342 1011
f 1346 1011 1342
f 1016 1011 1346
f 1016 1346 1341
f 1016 1341 1347
f 1347 1341 1348
f 1338 1347 1348
f 1349 1347 1338
f 1338 1350 1349
f 1351 1349 1350
f 1351 1350 1042
f 1352 1351 1042
f 1352 1353 1351
f 1353 1352 1354
f 1353 1354 556
f 556 1349 1353
f 1354 1355 556
f 1356 556 1355
f 1355 560 1356
f 1355 1354 561
f 562 1354 1352
f 1350 1357 1042
f 1357 1358 1042
f 1359 1042 1358
f 1360 1359 1358
f 1358 1338 1360
f 1360 1338 1316
f 1316 1361 1360
f 1361 1316 1343
f 1362 1361 1343
f 1363 1362 1343
f 1002 1363 1343
f 1363 1364 1362
f 1365 1362 1364
f 1365 1364 1366
f 1367 1365 1366
f 1001 1367 1366
f 1001 1366 1363
f 1001 1368 1367
f 1367 1368 1369
f 1367 1369 1370
f 1367 1370 1371
f 1367 1371 1372
f 1367 1372 1373
f 1367 1373 1374
f 1373 1375 1374
f 1376 1374 1375
f 1376 1375 1377
f 1378 1377 1375
f 1378 1379 1377
f 1379 1380 1377
f 1381 1377 1380
f 1381 1380 1382
f 1381 1382 1383
f 1381 1383 1374
f 1383 1384 1374
f 1365 1374 1384
f 1365 1384 1385
f 1385 1384 1050
f 1384 1386 1050
f 1387 1050 1386
f 1386 1388 1387
f 1387 1388 1051
f 1388 1386 1389
f 1388 1389 1235
f 1388 1235 1390
f 1388 1390 1391
f 1054 1388 1391
f 1390 1217 1391
f 1391 1217 1392
f 1055 1391 1392
f 1393 1392 1217
f 1056 1392 1393
f 1394 1056 1393
f 1394 1393 1395
f 1394 1395 1396
f 1394 1396 1397
f 1397 1396 1398
f 1397 1398 1057
f 1399 1057 1398
f 1400 1057 1399
f 1401 1400 1399
f 1401 1399 1396
f 1401 1402 1400
f 1403 1400 1402
f 1403 1402 1215
f 1403 1215 1404
f 1403 1404 1405
f 1406 1403 1405
f 1406 1405 1407
f 1406 1407 1408
f 1409 1406 1408
f 1409 1408 1410
f 1409 1410 1411
f 1412 1409 1411
f 1412 1411 1413
f 1412 1413 1414
f 1412 1414 52
f 1415 1414 1413
f 1415 1413 1416
f 1415 1416 1417
f 1418 1417 1416
f 1418 1416 1419
f 210 1418 1419
f 1419 1416 1420
f 1421 1419 1420
f 1421 1420 1422
f 1421 1422 1423
f 207 1421 1423
f 1423 1422 1202
f 1424 1423 1202
f 1424 205 1423
f 1420 1211 1422
f 207 1419 1421
f 1416 1425 1420
f 1420 1425 1411
f 1411 1214 1420
f 1408 1214 1411
f 1408 1405 1214
f 1426 1411 1425
f 1426 1425 1416
f 210 1417 1418
f 210 53 1417
f 1414 1417 53
f 1426 1416 1413
f 1415 1417 1414
f 1426 1413 1411
f 1412 50 1409
f 1410 1408 1411
f 1409 1427 1406
f 1406 1427 1428
f 1406 1428 1060
f 1428 1427 1429
f 1062 1428 1429
f 1427 49 1429
f 1409 49 1427
f 1408 1407 1405
f 1406 1060 1403
f 1405 1404 1214
f 1402 1430 1215
f 1430 1431 1215
f 1430 1432 1431
f 1395 1431 1432
f 1401 1395 1432
f 1401 1432 1430
f 1401 1430 1402
f 1403 1057 1400
f 1399 1398 1396
f 1401 1396 1395
f 1395 1393 1431
f 1431 1393 1216
f 1394 1397 1056
f 1238 1389 1386
f 1238 1386 1246
f 1382 1246 1386
f 1433 1386 1384
f 1383 1386 1433
f 1383 1433 1384
f 1383 1382 1386
f 1380 1246 1382
f 1246 1380 1434
f 1434 1380 1435
f 1436 1434 1435
f 1436 1435 1437
f 1436 1437 995
f 1437 1435 1438
f 1439 1437 1438
f 1440 1439 1438
f 1440 1438 1378
f 1373 1440 1378
f 1440 1441 1439
f 1371 1441 1440
f 1371 1442 1441
f 1441 1442 1437
f 1437 1442 996
f 1442 1443 996
f 1443 1370 996
f 1371 1443 1442
f 1439 1441 1437
f 1438 1435 1444
f 1379 1438 1444
f 1445 1434 1436
f 1445 1436 990
f 1260 1445 990
f 1260 1248 1445
f 1446 1248 1260
f 1446 1447 1248
f 1447 1448 1248
f 1447 1251 1448
f 1257 1251 1447
f 1257 1447 1446
f 1445 1248 1434
f 1444 1435 1380
f 1381 1374 1377
f 1379 1444 1380
f 1378 1438 1379
f 1376 1377 1374
f 1373 1378 1375
f 1373 1372 1440
f 1372 1371 1440
f 1371 1370 1443
f 1370 1369 996
f 1369 1368 996
f 1368 1449 996
f 1001 1449 1368
f 1367 1374 1365
f 1365 1385 1362
f 1363 1366 1364
f 1385 1361 1362
f 1361 1385 1359
f 1046 1359 1385
f 1359 1360 1361
f 1042 1359 1045
f 1357 1338 1358
f 1353 1349 1351
f 1350 1338 1357
f 1347 1349 1017
f 1450 1017 1349
f 1349 1451 1450
f 1452 1450 1451
f 1451 1453 1452
f 1452 1453 783
f 1452 783 1454
f 1455 1452 1454
f 1455 1454 1456
f 1457 1455 1456
f 1457 1456 1458
f 1457 1458 1459
f 1450 1457 1459
f 1450 1459 1029
f 1459 1460 1029
f 1461 1029 1460
f 452 1461 1460
f 1459 456 1460
f 456 1459 1462
f 456 1462 1463
f 1464 1463 1462
f 1462 1465 1464
f 1464 1465 1466
f 1464 1466 1467
f 1468 1464 1467
f 1467 1469 1468
f 1468 1469 459
f 1469 1467 1470
f 1469 1470 465
f 1471 465 1470
f 1472 1471 1470
f 1472 1470 1473
f 1474 1472 1473
f 1473 1475 1474
f 1476 1474 1475
f 1476 1475 1477
f 1478 1476 1477
f 1478 1477 1479
f 1479 1480 1478
f 1481 1478 1480
f 1480 1482 1481
f 550 1481 1482
f 550 1482 1483
f 1484 1483 1482
f 1485 1483 1484
f 1484 1477 1485
f 1485 1477 1486
f 1486 1487 1485
f 1488 1487 1486
f 1489 1487 1488
f 1488 1490 1489
f 554 1489 1490
f 1490 1451 554
f 554 1451 1491
f 554 1491 1349
f 1490 1492 1451
f 1475 1451 1492
f 1490 1477 1492
f 1477 1490 1488
f 552 1487 1489
f 1488 1486 1477
f 1483 1485 1487
f 1487 551 1483
f 550 1493 1481
f 1482 1480 1484
f 1478 1481 1493
f 1478 1493 1494
f 1495 1494 1493
f 1496 1495 1493
f 887 1496 1493
f 887 1497 1496
f 1497 1285 1496
f 1498 1285 1497
f 1497 885 1498
f 1267 1498 885
f 1498 1267 1291
f 1273 1291 1267
f 1291 1285 1498
f 1496 1285 1495
f 1474 1495 1285
f 1495 1476 1494
f 1480 1479 1484
f 1479 1477 1484
f 1494 1476 1478
f 1477 1475 1492
f 1495 1474 1476
f 1475 1473 1453
f 1499 1453 1473
f 787 1499 1473
f 1453 1499 1500
f 1499 784 1500
f 1474 1285 1472
f 1501 1472 1285
f 787 1473 1470
f 1501 1471 1472
f 920 1471 1501
f 1501 1502 920
f 1503 920 1502
f 944 1503 1502
f 944 1502 1504
f 944 1504 1281
f 1505 1281 1504
f 1504 1501 1505
f 1505 1501 1284
f 1502 1501 1504
f 920 913 1471
f 920 1506 913
f 920 917 1506
f 1467 1466 1470
f 1507 1470 1466
f 1466 1508 1507
f 733 1507 1508
f 1507 733 1509
f 1509 788 1507
f 1466 1510 1508
f 1511 1508 1510
f 1511 1510 1512
f 1511 1512 1513
f 1511 1513 1514
f 1511 1514 736
f 1514 1515 736
f 1514 1516 1515
f 1515 1516 1517
f 1515 1517 1518
f 1518 737 1515
f 749 1518 1517
f 749 1519 1518
f 1519 738 1518
f 738 1519 745
f 738 745 740
f 1520 1517 1516
f 1521 1520 1516
f 1520 1521 754
f 751 1517 1520
f 1514 1521 1516
f 1514 1522 1521
f 1522 1523 1521
f 1521 1523 755
f 1524 755 1523
f 755 1524 1525
f 1526 1525 1524
f 1524 1527 1526
f 1528 1526 1527
f 1528 515 1526
f 515 1529 1526
f 1530 1526 1529
f 1529 1531 1530
f 759 1530 1531
f 759 1525 1530
f 1529 1532 1531
f 743 1531 1532
f 761 1531 743
f 513 1532 1529
f 513 741 1532
f 1528 1527 1524
f 1522 1528 1524
f 1533 1528 1522
f 1513 1533 1522
f 1513 1534 1533
f 1534 1535 1533
f 1533 1535 1536
f 1533 1536 1537
f 1533 1537 516
f 1536 1538 1537
f 1539 1537 1538
f 1538 1540 1539
f 1539 1540 62
f 1539 62 1541
f 1541 1542 1539
f 1543 1542 1541
f 1543 1541 1544
f 1543 1544 1545
f 1545 1089 1543
f 1545 1546 1089
f 1547 1089 1546
f 1546 1548 1547
f 1549 1547 1548
f 1549 1548 1550
f 1550 1551 1549
f 1549 1551 1552
f 1553 1552 1551
f 1554 1553 1551
f 1554 1551 1555
f 1556 1554 1555
f 1556 1555 1557
f 1558 1556 1557
f 1558 1557 1559
f 1558 1559 1560
f 1558 1560 1561
f 1562 1558 1561
f 1562 1561 1563
f 1564 1562 1563
f 1562 1564 416
f 1562 416 1565
f 1566 1562 1565
f 1565 1567 1566
f 1567 1568 1566
f 1569 1566 1568
f 1568 1570 1569
f 1571 1569 1570
f 1572 1571 1570
f 1573 1572 1570
f 1573 1570 1574
f 1573 1574 1575
f 1573 1575 1576
f 1577 1573 1576
f 1577 1576 349
f 1578 1577 349
f 1578 1579 1577
f 1577 1579 1580
f 1579 1581 1580
f 1582 1580 1581
f 1581 1583 1582
f 1582 1583 1554
f 1583 1584 1554
f 1554 1584 1585
f 350 1585 1584
f 1586 350 1584
f 350 1553 1585
f 350 376 1553
f 1553 376 1091
f 1553 1091 1587
f 1588 376 350
f 1588 350 1576
f 1588 1589 376
f 1590 376 1589
f 1590 1589 386
f 386 1589 1591
f 386 1591 1592
f 1593 386 1592
f 1593 1592 1594
f 1593 1594 1595
f 394 1593 1595
f 1596 1595 1594
f 1596 1594 1597
f 1598 1596 1597
f 1598 1597 1599
f 410 1598 1599
f 410 1599 1600
f 410 1600 1601
f 410 1601 1602
f 410 1602 1603
f 410 1603 1604
f 1605 1604 1603
f 1574 1605 1603
f 1574 1568 1605
f 1605 415 1604
f 1606 415 1605
f 1606 1605 1607
f 1606 1607 1565
f 1605 1567 1607
f 1606 1565 415
f 1602 1575 1603
f 1602 1588 1575
f 1602 1608 1588
f 1608 1602 1609
f 1608 1609 1592
f 1610 1608 1592
f 1610 1589 1608
f 1611 1589 1610
f 1610 1591 1611
f 1612 1611 1591
f 1612 1589 1611
f 1613 1592 1609
f 1592 1613 1614
f 1613 1602 1614
f 1609 1602 1613
f 1614 1602 1601
f 1614 1601 1594
f 1601 1600 1594
f 1600 1599 1594
f 410 400 1598
f 400 1595 1598
f 1597 1594 1599
f 1598 1595 1596
f 1592 1614 1594
f 392 386 1593
f 1591 1610 1592
f 1612 1591 1589
f 385 376 1590
f 1588 1608 1589
f 1586 1584 1583
f 1586 1583 1581
f 1581 351 1586
f 1615 351 1581
f 351 1615 357
f 1616 357 1615
f 1616 1615 1617
f 1616 1617 346
f 1617 1615 1579
f 341 357 1616
f 341 1616 344
f 1580 1582 1618
f 1580 1618 1619
f 1573 1580 1619
f 1572 1619 1618
f 1582 1556 1618
f 1571 1618 1556
f 1581 1579 1615
f 1617 1579 1578
f 1617 1578 347
f 1577 1580 1573
f 1588 1576 1575
f 1574 1603 1575
f 1573 1619 1572
f 1571 1572 1618
f 1569 1571 1558
f 1574 1570 1568
f 1566 1569 1558
f 1605 1568 1567
f 1567 1565 1607
f 416 1564 427
f 1620 427 1564
f 1620 1564 1561
f 1620 1561 422
f 1620 422 427
f 1563 1561 1564
f 1566 1558 1562
f 422 1561 1560
f 422 1560 1559
f 422 1559 1621
f 422 1621 1622
f 422 1622 1623
f 422 1623 1624
f 1623 1625 1624
f 1626 1624 1625
f 1627 1626 1625
f 1628 1627 1625
f 1629 1628 1625
f 1628 1629 1627
f 1627 1629 1626
f 1630 1626 1629
f 1629 1631 1630
f 1630 1631 1632
f 1630 1632 1633
f 257 1630 1633
f 257 1633 247
f 257 1634 1630
f 1630 1634 1635
f 1635 1636 1630
f 1635 1637 1636
f 1637 407 1636
f 1624 1636 407
f 406 1637 1635
f 399 406 1635
f 1638 1635 1634
f 1639 1638 1634
f 1639 1634 1640
f 1641 1639 1640
f 1641 1640 1642
f 1643 1641 1642
f 1643 1642 264
f 1644 1643 264
f 1644 264 1645
f 690 1644 1645
f 690 1645 1646
f 265 1646 1645
f 265 1647 1646
f 1646 1647 1648
f 691 1646 1648
f 1648 1647 1649
f 1648 1649 694
f 1649 1647 1650
f 1649 1650 1651
f 1649 1651 711
f 696 1649 711
f 1651 1652 711
f 716 711 1652
f 716 1652 277
f 1652 1653 277
f 1653 1654 277
f 1651 1654 1653
f 1654 1651 1655
f 1654 1655 275
f 1655 1656 275
f 1656 1657 275
f 1657 1658 275
f 1658 1659 275
f 1659 1660 275
f 1660 1659 1650
f 274 1660 1650
f 1661 274 1650
f 274 1661 1662
f 265 1662 1661
f 265 260 1662
f 260 269 1662
f 1658 1650 1659
f 1650 1658 1657
f 1650 1657 1656
f 1656 1655 1651
f 1651 1653 1652
f 1650 1656 1651
f 1647 1661 1650
f 265 1661 1647
f 1663 1643 1644
f 689 1663 1644
f 684 1663 689
f 1663 1664 1643
f 682 1664 1663
f 1664 1641 1643
f 1664 1665 1641
f 680 1665 1664
f 257 1642 1640
f 1665 1639 1641
f 1665 676 1639
f 676 1638 1639
f 1638 1666 1635
f 1666 398 1635
f 675 1666 1638
f 675 1667 1666
f 1666 1667 1668
f 1666 1668 397
f 1668 1669 397
f 1668 1667 1669
f 667 1669 1667
f 1670 667 1667
f 1670 673 667
f 675 1670 1667
f 257 1640 1634
f 1633 1632 1631
f 1671 1633 1631
f 1633 1671 1622
f 241 1633 1622
f 1629 1671 1631
f 1629 1623 1671
f 1626 1630 1636
f 1624 1626 1636
f 1629 1625 1623
f 1623 1622 1671
f 1621 241 1622
f 241 1621 234
f 61 234 1621
f 61 1621 1672
f 1673 61 1672
f 1672 1674 1673
f 1675 1673 1674
f 1675 1674 1557
f 1557 1674 1676
f 1557 1676 1672
f 1677 1673 1675
f 1675 1550 1677
f 1675 1555 1550
f 1548 1673 1677
f 1548 1545 1673
f 1674 1672 1676
f 61 1673 1545
f 1559 1672 1621
f 1557 1672 1559
f 1571 1556 1558
f 1675 1557 1555
f 1582 1554 1556
f 1585 1553 1554
f 1553 1587 1552
f 1090 1552 1587
f 1552 1090 1547
f 1550 1555 1551
f 1548 1677 1550
f 1547 1549 1552
f 1548 1546 1545
f 61 1545 1544
f 1088 1542 1543
f 1088 1678 1542
f 1542 1678 517
f 517 1537 1542
f 519 517 1678
f 1087 519 1678
f 1544 1541 62
f 1679 62 1540
f 1680 1679 1540
f 1680 1540 1459
f 1679 1680 1681
f 1679 1681 1682
f 1679 1682 63
f 1683 63 1682
f 1684 63 1683
f 1685 1684 1683
f 1686 1685 1683
f 1681 1686 1683
f 1686 1687 1685
f 1688 1685 1687
f 1687 1689 1688
f 1688 1689 522
f 1688 522 1690
f 1688 1690 1083
f 1688 1083 1684
f 1690 522 1085
f 774 1689 1687
f 1687 1686 779
f 779 1686 1680
f 1685 1688 1684
f 1682 1681 1683
f 1681 1680 1686
f 1538 1459 1540
f 1691 1459 1538
f 1538 1535 1691
f 1537 1539 1542
f 1538 1536 1535
f 1535 1534 1691
f 1512 1691 1534
f 1512 1465 1691
f 1533 516 1528
f 1526 1530 1525
f 1522 1524 1523
f 1513 1522 1514
f 1513 1512 1534
f 1465 1512 1510
f 1511 734 1508
f 1507 788 1470
f 1510 1466 1465
f 1462 1691 1465
f 1464 1468 1463
f 1463 1468 458
f 1462 1459 1691
f 1458 1680 1459
f 1454 1680 1458
f 781 1680 1454
f 1457 1450 1455
f 1458 1456 1454
f 1453 1500 783
f 1453 1451 1475
f 1452 1455 1450
f 1491 1451 1349
f 1002 1343 1344
f 1342 1341 1346
f 1348 1341 1340
f 1348 1340 1338
f 1692 1338 1319
f 1317 1338 1692
f 1339 1334 1335
f 1333 1330 1336
f 1337 1330 1321
f 1321 1319 1337
f 1692 1319 1318
f 1692 1318 1317
f 1316 1338 1317
f 1343 1316 1315
f 1315 1314 1334
f 1314 1313 1334
f 1312 1334 1313
f 1334 1312 1311
f 1334 1311 1310
f 1334 1310 1309
f 1334 1309 1308
f 1334 1308 1306
f 1303 1307 1320
f 1334 1306 1305
f 1304 1332 1305
f 1302 1331 1304
f 1289 1303 1326
f 1331 1302 1301
f 1300 1324 1301
f 1324 1300 1299
f 1324 1299 1298
f 1324 1298 1297
f 1324 1297 1296
f 1296 1295 1274
f 1294 1274 1295
f 1274 1294 1293
f 1274 1293 1292
f 1274 1292 1291
f 1291 1290 1285
f 1289 1278 1287
f 1290 1288 1285
f 1286 1287 1278
f 1278 1283 1286
f 1285 1284 1501
f 1284 1281 1505
f 1283 1278 1280
f 1278 1329 1277
f 1329 1274 1277
f 1276 1275 1279
f 1272 1282 1275
f 1274 1291 1273
f 1272 1271 1282
f 1270 1273 1269
f 1269 1273 1267
f 986 1268 1265
f 989 1264 1262
f 1263 882 1259
f 1262 1261 990
f 1261 1260 990
f 1258 1446 1260
f 1257 1446 1258
f 1259 879 1256
f 1255 1254 1252
f 1257 1252 1251
f 1251 1249 1448
f 1250 1253 878
f 1248 1448 1249
f 1434 1248 1246
f 876 1243 1245
f 1237 1240 1175
f 1239 1238 1246
f 1389 1238 1236
f 1236 1235 1389
f 1235 1217 1390
f 1217 1216 1393
f 1215 1431 1216
f 1404 1215 1214
f 1211 1420 1214
f 1213 1218 1212
f 1212 1220 1210
f 1203 1422 1211
f 1232 1209 1210
f 1233 1208 1209
f 1233 1207 1208
f 1184 1206 1207
f 1184 1205 1206
f 1187 1204 1205
f 1187 1201 1204
f 1422 1203 1202
f 1424 1202 1198
f 1197 1424 1198
f 1197 1693 1424
f 1424 1693 202
f 1693 1694 202
f 1197 1694 1693
f 1197 1195 1694
f 1694 1195 199
f 199 1195 20
f 1196 1200 1194
f 20 1195 1193
f 1695 22 1192
f 1695 1192 104
f 1695 104 23
f 1696 104 1192
f 1696 1192 1189
f 1189 106 1696
f 1191 1194 1190
f 1190 1201 1187
f 1189 1188 106
f 1188 1697 106
f 1188 1698 1697
f 1185 1697 1698
f 1185 1111 1697
f 1697 1111 112
f 1188 1186 1698
f 1187 1205 1184
f 1185 1698 1186
f 1184 1227 1183
f 1182 1183 1224
f 1185 1181 1135
f 1136 1180 1177
f 1182 1178 1179
f 1219 1176 1178
f 1175 1176 1237
f 1139 1177 1174
f 1175 1162 1173
f 1160 1163 1161
f 1158 1166 1160
f 1159 840 1157
f 1158 1156 1170
f 1150 1170 1156
f 1150 1147 1146
f 1150 1146 1145
f 580 1106 1141
f 1144 1167 1145
f 1143 1164 1144
f 1142 1172 1143
f 1142 1140 1139
f 1177 1139 1137
f 1177 1137 1136
f 1180 1136 1135
f 1185 1135 1111
f 1109 1110 1138
f 1141 1106 1109
f 1112 1108 1107
f 1134 1107 1105
f 1105 142 1134
f 1105 1103 1102
f 1102 149 1105
f 1101 1699 1102
f 150 1102 1699
f 1101 1700 1699
f 151 1699 1700
f 363 151 1700
f 363 1700 1701
f 363 1701 1702
f 363 1702 375
f 375 1703 363
f 1704 363 1703
f 1704 1703 371
f 1705 371 1703
f 1703 375 1705
f 1706 375 1702
f 1702 1707 1706
f 1706 1707 1708
f 1094 1708 1707
f 375 1706 1708
f 1701 1707 1702
f 1707 1701 1709
f 1709 1710 1707
f 1096 1707 1710
f 1710 1709 1711
f 1711 1712 1710
f 1097 1710 1712
f 1712 1711 1713
f 1100 1712 1713
f 1101 1713 1711
f 1101 1711 1709
f 1700 1709 1701
f 1101 1709 1700
f 1713 1101 1100
f 1712 1100 1098
f 1095 1099 574
f 1098 1097 1712
f 1710 1097 1096
f 1707 1096 1094
f 1095 1134 1093
f 141 1093 1134
f 1708 1094 1092
f 375 1708 1092
f 1090 1587 1091
f 1089 1547 1090
f 1088 1543 1089
f 1087 1678 1088
f 1085 1083 1690
f 1081 1084 138
f 1083 1082 1684
f 64 1684 1082
f 1082 1075 66
f 1080 1127 1079
f 1127 1080 131
f 1065 1078 1079
f 1065 1077 1078
f 1065 1076 1077
f 1074 66 1075
f 1063 66 1074
f 1065 1073 1076
f 1063 1074 1064
f 1062 1429 1063
f 1429 67 1063
f 1062 1061 1428
f 1061 1060 1428
f 1403 1060 1059
f 1403 1059 1057
f 1058 1048 1053
f 1056 1397 1057
f 1055 1392 1056
f 1054 1391 1055
f 1054 1052 1388
f 1388 1052 1051
f 1387 1051 1050
f 1385 1050 1047
f 1053 1048 1049
f 1044 1048 1024
f 1044 1024 1031
f 1385 1047 1046
f 1359 1046 1045
f 1044 1031 1041
f 1042 1045 1043
f 1042 1040 1352
f 563 1352 1040
f 565 1040 1039
f 567 1039 1038
f 1037 1065 1038
f 1037 1036 1067
f 1036 1035 1069
f 1035 1034 1071
f 1034 1033 1072
f 1072 1033 244
f 1030 1714 1033
f 1714 1715 1033
f 1716 1033 1715
f 1715 1461 1716
f 451 1716 1461
f 451 1717 1716
f 1717 451 246
f 451 254 246
f 1717 1033 1716
f 245 1033 1717
f 1461 1715 1714
f 1461 1714 1030
f 1041 1031 1032
f 1031 1024 1028
f 1461 1030 1029
f 1450 1029 1017
f 1028 1024 1027
f 1025 1023 1018
f 1066 1021 1024
f 1022 233 1020
f 1019 1018 1023
f 1018 1017 1026
f 1017 1016 1347
f 1015 1718 1014
f 1014 1718 226
f 1015 229 1718
f 1013 1011 1016
f 226 1012 1014
f 1345 1011 1005
f 1345 1005 1004
f 1344 1004 1002
f 1003 1007 1000
f 1001 1363 1002
f 1001 998 1449
f 1010 999 1000
f 221 997 999
f 221 973 997
f 1449 998 996
f 997 973 994
f 1437 996 995
f 1436 995 990
f 994 974 991
f 989 1262 990
f 986 989 988
f 985 1268 986
f 985 984 1271
f 984 981 1281
f 983 987 982
f 981 978 1281
f 980 982 979
f 976 1281 978
f 946 1281 976
f 946 976 963
f 979 975 977
f 976 972 965
f 991 974 975
f 994 973 974
f 625 966 968
f 972 967 965
f 623 964 966
f 976 965 963
f 621 962 964
f 946 963 961
f 621 960 962
f 619 959 960
f 946 961 947
f 946 944 1281
f 945 826 938
f 1503 944 943
f 943 923 1503
f 938 941 942
f 939 923 940
f 937 1719 939
f 1719 926 939
f 1719 937 933
f 819 934 935
f 932 934 1720
f 932 1720 1721
f 932 1721 1722
f 932 1722 1723
f 932 1723 1724
f 1724 1725 932
f 1725 1724 1726
f 1725 1726 1727
f 1725 1727 1728
f 1728 1729 1725
f 1729 1730 1725
f 1730 1731 1725
f 1732 1725 1731
f 1731 1733 1732
f 1732 1733 1734
f 1732 1734 931
f 1734 1735 931
f 1734 1736 1735
f 1735 1736 930
f 930 1736 1737
f 1736 1738 1737
f 929 1737 1738
f 1734 1738 1736
f 1738 1734 1733
f 1738 1733 1739
f 928 1738 1739
f 1740 1739 1733
f 1739 1740 1741
f 927 1739 1741
f 795 927 1741
f 1741 1742 795
f 1742 1743 795
f 1743 807 795
f 1742 811 1743
f 811 1742 1741
f 811 1741 934
f 1741 1740 1720
f 1740 1733 1731
f 1725 1732 931
f 1731 1730 1740
f 1744 1740 1730
f 169 1740 1744
f 1740 169 1727
f 1727 169 1745
f 1745 169 1746
f 1746 174 1745
f 1728 1745 174
f 174 1746 1747
f 174 1747 1748
f 1747 164 1748
f 1746 164 1747
f 1744 1730 1729
f 1744 1729 1749
f 1744 1749 1750
f 1750 173 1744
f 1750 1728 173
f 1728 1750 1749
f 1728 1749 1729
f 1745 1728 1727
f 1727 1726 1740
f 1724 1740 1726
f 1723 1740 1724
f 1722 1740 1723
f 1721 1740 1722
f 1720 1740 1721
f 934 1741 1720
f 933 926 1719
f 931 932 1725
f 930 931 1735
f 930 1737 929
f 928 929 1738
f 927 928 1739
f 939 926 924
f 795 925 927
f 924 923 939
f 920 1503 923
f 921 897 919
f 917 920 918
f 917 914 1506
f 1751 910 889
f 905 1751 889
f 1506 914 913
f 1471 913 912
f 466 1471 912
f 466 912 1752
f 466 1752 1753
f 466 1753 1754
f 466 1754 1755
f 466 1755 717
f 1754 1756 1755
f 1755 1756 718
f 718 1756 1757
f 1757 1756 1758
f 1757 1758 1759
f 1757 1759 1760
f 1757 1760 719
f 1760 901 719
f 1759 902 1760
f 902 1759 1756
f 1758 1756 1759
f 1753 1756 1754
f 1756 1753 911
f 907 1756 911
f 907 903 1756
f 1752 911 1753
f 1752 912 911
f 1751 909 910
f 909 1751 906
f 908 907 911
f 905 906 1751
f 904 903 907
f 903 902 1756
f 1760 902 901
f 901 723 719
f 922 723 899
f 900 891 896
f 922 899 898
f 898 897 921
f 895 916 897
f 871 916 895
f 871 895 809
f 893 801 805
f 894 896 891
f 542 893 892
f 1761 893 542
f 1761 1762 893
f 893 1762 799
f 1762 1763 799
f 799 1763 1764
f 1764 1765 799
f 1766 1765 1764
f 1764 1767 1766
f 1766 1767 1768
f 1768 1769 1766
f 1769 1770 1766
f 1766 1770 1771
f 1770 1769 1771
f 1769 1768 1771
f 541 1771 1768
f 1772 541 1768
f 541 1772 1761
f 1768 1767 1772
f 1763 1772 1767
f 1771 1765 1766
f 540 1765 1771
f 1765 540 1773
f 798 1765 1773
f 798 1773 1774
f 1774 1775 798
f 1776 798 1775
f 1775 1777 1776
f 530 1776 1777
f 530 1777 1778
f 530 1778 1779
f 530 1779 1780
f 1780 1779 538
f 1779 1781 538
f 1779 1778 1781
f 1778 1777 1781
f 539 1781 1777
f 1776 530 1782
f 1776 1782 794
f 539 1777 1775
f 539 1775 1774
f 539 1774 1773
f 1767 1764 1763
f 1763 1762 1772
f 1772 1762 1761
f 545 892 890
f 891 905 889
f 1493 890 887
f 546 890 1493
f 915 888 889
f 916 886 888
f 1497 887 885
f 880 886 916
f 885 884 1267
f 884 883 1266
f 883 882 1266
f 1259 882 881
f 1259 881 879
f 880 916 875
f 878 1253 879
f 877 1247 878
f 876 1245 877
f 876 874 1243
f 875 916 872
f 1243 874 873
f 1244 873 870
f 872 916 871
f 1244 870 867
f 867 865 1162
f 864 1162 865
f 842 1162 864
f 864 1783 842
f 1784 1783 864
f 1784 845 1783
f 1784 864 862
f 848 1784 862
f 863 866 851
f 848 862 850
f 849 852 847
f 848 845 1784
f 847 854 846
f 846 854 843
f 1783 845 844
f 844 842 1783
f 1162 842 840
f 1157 840 839
f 1155 839 836
f 838 841 837
f 837 843 835
f 843 834 835
f 860 832 834
f 958 833 829
f 600 833 958
f 828 958 829
f 828 826 956
f 827 831 825
f 938 826 824
f 938 824 823
f 936 823 822
f 935 822 819
f 821 825 820
f 820 832 817
f 819 818 934
f 818 812 934
f 817 859 816
f 816 851 813
f 818 815 814
f 818 814 812
f 813 869 810
f 812 811 934
f 808 1743 811
f 810 871 809
f 895 806 809
f 808 807 1743
f 895 805 806
f 802 803 805
f 801 802 805
f 893 800 801
f 893 799 800
f 798 799 1765
f 1776 794 798
f 796 804 797
f 807 796 795
f 795 724 922
f 793 794 1782
f 793 1782 527
f 527 1785 793
f 793 1785 792
f 1785 1786 792
f 789 792 1786
f 1785 1787 1786
f 786 1786 1787
f 1787 1788 786
f 1789 786 1788
f 768 1789 1788
f 768 785 1789
f 1787 1790 1788
f 770 1788 1790
f 773 770 1790
f 773 1790 1689
f 1689 1790 524
f 1791 524 1790
f 524 1791 526
f 1785 526 1791
f 1790 1787 1791
f 1785 1791 1787
f 790 792 789
f 1509 725 788
f 1792 725 1509
f 1509 730 1792
f 786 789 1786
f 787 1470 788
f 787 784 1499
f 785 786 1789
f 1500 784 783
f 1454 783 781
f 1680 781 780
f 1680 780 779
f 776 1687 779
f 777 748 775
f 776 774 1687
f 775 750 772
f 774 773 1689
f 771 770 773
f 768 1788 770
f 769 758 767
f 768 766 785
f 766 765 782
f 765 764 778
f 764 762 747
f 767 760 763
f 762 761 744
f 759 1531 761
f 767 758 760
f 756 1525 759
f 769 757 758
f 756 755 1525
f 755 754 1521
f 751 1520 754
f 757 752 753
f 772 750 752
f 749 1517 751
f 775 748 750
f 746 1519 749
f 777 747 748
f 747 762 744
f 746 745 1519
f 761 743 744
f 741 743 1532
f 742 740 745
f 740 739 738
f 737 1518 738
f 736 1515 737
f 1511 736 734
f 734 733 1508
f 730 1509 733
f 731 732 507
f 505 731 507
f 727 1792 730
f 727 725 1792
f 724 791 725
f 922 724 723
f 493 722 726
f 720 719 723
f 284 289 491
f 718 1757 719
f 718 717 1755
f 279 467 717
f 711 716 715
f 711 715 714
f 711 714 712
f 710 706 709
f 705 701 707
f 704 706 713
f 701 705 702
f 700 708 701
f 696 711 700
f 694 1649 696
f 692 1648 694
f 691 1648 692
f 691 690 1646
f 689 1644 690
f 687 1793 685
f 685 1793 1794
f 1794 1793 212
f 1795 212 1793
f 687 1795 1793
f 631 1795 687
f 631 1796 1795
f 1795 1796 214
f 684 689 686
f 685 1794 683
f 683 1794 1797
f 1797 1794 211
f 211 1798 1797
f 681 1797 1798
f 682 1663 684
f 683 1797 681
f 680 1664 682
f 681 1798 679
f 679 1798 1799
f 1798 208 1799
f 1800 1799 208
f 678 1799 1800
f 678 1800 1801
f 678 1801 1802
f 678 1802 672
f 1802 1801 671
f 671 1801 204
f 1801 1800 206
f 677 1665 680
f 679 1799 678
f 677 676 1665
f 676 675 1638
f 675 673 1670
f 678 672 674
f 1802 671 672
f 667 673 668
f 666 1669 667
f 666 1803 1669
f 1669 1803 395
f 660 1803 666
f 665 670 664
f 664 670 200
f 660 666 662
f 660 659 1803
f 1803 659 393
f 659 657 391
f 610 654 656
f 655 653 1804
f 655 1804 388
f 653 1805 1804
f 1805 370 1804
f 1805 1806 370
f 1807 1806 1805
f 651 1807 1805
f 1807 302 1806
f 1806 302 1808
f 1806 1808 369
f 1808 1809 369
f 1809 1810 369
f 1810 1811 369
f 1810 1812 1811
f 343 1811 1812
f 343 1812 1813
f 302 1813 1812
f 1809 1812 1810
f 1814 1812 1809
f 1812 1814 1808
f 1809 1808 1814
f 302 1812 1808
f 1815 302 1807
f 649 1815 1807
f 612 652 654
f 653 651 1805
f 614 650 652
f 651 649 1807
f 616 648 650
f 649 647 1815
f 647 1816 1815
f 1816 299 1815
f 618 646 648
f 647 645 1816
f 645 1817 1816
f 1817 297 1816
f 620 644 646
f 645 643 1817
f 643 699 1817
f 699 295 1817
f 622 642 644
f 643 641 699
f 624 640 642
f 641 639 698
f 626 637 640
f 639 638 695
f 693 638 635
f 634 693 635
f 633 688 634
f 631 687 633
f 631 630 1796
f 1796 630 216
f 971 630 627
f 629 632 628
f 628 637 626
f 971 627 625
f 626 640 624
f 623 966 625
f 624 642 622
f 621 964 623
f 622 644 620
f 619 960 621
f 620 646 618
f 617 959 619
f 618 648 616
f 615 955 617
f 616 650 614
f 613 953 615
f 614 652 612
f 611 952 613
f 611 604 952
f 612 654 610
f 608 604 611
f 610 656 609
f 609 658 607
f 661 606 607
f 608 605 604
f 952 604 603
f 601 950 603
f 600 958 601
f 600 599 833
f 836 599 597
f 591 597 596
f 595 591 596
f 594 189 593
f 595 592 591
f 589 1154 591
f 590 187 588
f 587 183 586
f 586 183 582
f 582 183 1818
f 1818 1819 582
f 1819 1820 582
f 1820 531 582
f 529 1820 1819
f 1818 156 1819
f 528 1819 156
f 156 1818 161
f 161 1818 183
f 589 585 584
f 1149 584 583
f 581 1148 583
f 580 1148 581
f 580 578 1106
f 579 534 576
f 577 1104 578
f 574 1099 577
f 574 573 1095
f 1117 573 572
f 572 568 1118
f 570 571 575
f 570 575 537
f 537 1821 570
f 1822 570 1821
f 1822 1821 1823
f 1822 1823 1824
f 1822 1824 569
f 1823 569 1824
f 1825 569 1823
f 1825 1823 1826
f 1825 1826 1827
f 564 1825 1827
f 564 1827 1828
f 564 1828 544
f 1828 1829 544
f 1829 1828 1823
f 1830 1829 1823
f 537 1829 1830
f 1828 1827 1823
f 1827 1826 1823
f 1821 1830 1823
f 537 1830 1821
f 570 1822 569
f 569 1825 564
f 568 567 1132
f 566 1039 567
f 566 565 1039
f 563 1040 565
f 562 1352 563
f 562 561 1354
f 1355 561 560
f 557 1356 560
f 557 556 1356
f 554 1349 556
f 1489 554 552
f 555 549 553
f 552 551 1487
f 550 1483 551
f 550 547 1493
f 548 549 559
f 544 548 564
f 546 1493 547
f 545 890 546
f 545 543 892
f 537 544 1829
f 542 892 543
f 541 1761 542
f 1771 541 540
f 539 1773 540
f 1781 539 538
f 538 535 1780
f 536 537 575
f 536 576 534
f 535 533 1780
f 534 582 531
f 532 1780 533
f 530 1780 532
f 529 531 1820
f 530 527 1782
f 1819 528 529
f 527 526 1785
f 524 526 525
f 524 522 1689
f 520 523 154
f 1085 522 521
f 521 519 1087
f 517 519 518
f 516 1537 517
f 1528 516 515
f 515 513 1529
f 513 512 741
f 511 735 512
f 511 509 732
f 514 508 510
f 509 507 732
f 508 520 154
f 505 507 506
f 505 504 731
f 504 503 729
f 729 503 496
f 501 502 153
f 153 361 501
f 503 499 498
f 498 496 503
f 496 495 729
f 495 493 726
f 497 492 494
f 491 721 493
f 492 500 330
f 486 489 330
f 284 491 490
f 284 488 1831
f 1831 488 479
f 487 489 486
f 488 485 481
f 481 479 488
f 479 477 1831
f 473 1831 477
f 475 440 474
f 470 474 438
f 1831 473 472
f 282 1831 472
f 1832 282 472
f 1832 472 469
f 1832 469 279
f 471 469 472
f 279 469 468
f 279 468 467
f 467 466 717
f 1471 466 465
f 462 1469 465
f 461 1469 462
f 461 459 1469
f 459 458 1468
f 458 456 1463
f 460 455 457
f 452 1460 456
f 455 463 433
f 452 451 1461
f 1833 451 450
f 450 262 1833
f 1833 1834 451
f 1834 1835 451
f 1835 255 451
f 256 1835 1834
f 1833 259 1834
f 259 1833 1836
f 259 1836 1837
f 1837 1836 261
f 1838 1837 261
f 1838 260 1837
f 260 1838 267
f 1836 1833 261
f 268 444 443
f 442 276 443
f 442 475 276
f 442 440 475
f 445 439 441
f 440 438 474
f 436 439 449
f 438 437 470
f 464 437 435
f 436 449 434
f 463 435 433
f 434 448 432
f 431 454 433
f 430 454 431
f 428 429 432
f 430 426 425
f 425 424 446
f 423 427 422
f 422 1624 412
f 420 424 421
f 420 419 428
f 417 427 419
f 427 417 416
f 415 1565 416
f 415 414 1604
f 414 411 1604
f 413 418 412
f 1624 407 412
f 410 1604 411
f 409 1839 410
f 401 410 1839
f 1840 401 1839
f 1841 1840 1839
f 1841 1839 402
f 1841 402 1840
f 1839 409 402
f 409 408 402
f 408 405 402
f 407 1637 406
f 404 402 405
f 399 403 406
f 1840 402 401
f 410 401 400
f 400 396 1595
f 399 1635 398
f 1666 397 398
f 1669 395 397
f 394 1595 396
f 1803 393 395
f 392 1593 394
f 659 391 393
f 389 386 392
f 657 390 391
f 390 655 388
f 1804 372 388
f 389 387 386
f 385 1590 386
f 384 376 385
f 383 376 384
f 381 376 383
f 378 380 382
f 377 376 379
f 1091 376 375
f 1705 375 374
f 371 1705 374
f 378 372 373
f 1804 370 372
f 366 1704 371
f 370 1806 369
f 368 369 1811
f 1811 345 368
f 368 345 367
f 1704 366 365
f 365 363 1704
f 367 345 364
f 363 362 153
f 153 362 361
f 360 501 361
f 345 358 359
f 345 354 358
f 354 345 353
f 351 357 352
f 350 1586 351
f 350 349 1576
f 1578 349 347
f 345 348 353
f 1617 347 346
f 1616 346 344
f 345 1811 343
f 343 1813 305
f 341 344 342
f 341 340 357
f 338 356 340
f 338 335 356
f 322 327 337
f 332 337 327
f 335 338 336
f 335 334 356
f 360 334 331
f 337 332 333
f 500 331 330
f 329 486 330
f 329 326 482
f 327 328 332
f 484 326 325
f 283 325 324
f 323 327 322
f 322 339 321
f 316 311 315
f 313 298 314
f 298 313 312
f 298 312 310
f 305 311 321
f 305 1813 303
f 301 306 304
f 302 303 1813
f 1815 299 302
f 300 308 301
f 298 310 300
f 1816 297 299
f 296 314 298
f 1817 295 297
f 293 317 296
f 699 294 295
f 294 697 292
f 291 292 703
f 704 289 291
f 290 288 293
f 288 287 319
f 287 285 320
f 286 289 284
f 283 324 285
f 284 1831 282
f 480 283 281
f 1832 279 282
f 478 281 280
f 476 280 278
f 277 279 716
f 475 278 276
f 275 277 1654
f 272 443 276
f 1660 274 275
f 1662 273 274
f 1662 271 273
f 272 268 443
f 1662 270 271
f 270 1662 269
f 260 267 269
f 267 1838 261
f 266 263 268
f 265 1645 264
f 258 264 1642
f 450 263 262
f 262 261 1833
f 260 265 261
f 259 1837 260
f 256 1834 259
f 258 1642 257
f 257 247 252
f 1835 256 255
f 451 255 254
f 254 253 246
f 251 252 250
f 250 252 248
f 249 246 253
f 248 252 247
f 241 247 1633
f 246 245 1717
f 244 1033 245
f 1072 244 243
f 1072 243 242
f 242 240 1072
f 241 234 238
f 239 1072 240
f 237 1070 239
f 1021 237 235
f 236 238 234
f 235 233 1022
f 233 231 230
f 1015 230 229
f 1718 229 228
f 228 226 1718
f 226 225 1006
f 1008 225 224
f 224 222 221
f 221 220 973
f 220 219 969
f 219 218 970
f 218 216 630
f 223 215 217
f 216 214 1796
f 215 227 213
f 214 212 1795
f 213 53 210
f 212 211 1794
f 1798 211 209
f 210 1419 207
f 208 1798 209
f 208 206 1800
f 207 1423 205
f 206 204 1801
f 1424 202 205
f 204 203 671
f 203 201 669
f 1694 199 202
f 201 200 670
f 200 198 664
f 199 17 197
f 196 664 198
f 196 195 663
f 195 194 606
f 193 602 194
f 598 193 192
f 191 594 192
f 191 189 594
f 197 10 190
f 593 189 188
f 590 188 187
f 588 187 186
f 587 186 184
f 587 184 183
f 182 161 183
f 182 164 161
f 181 164 182
f 180 164 181
f 179 164 180
f 1748 164 176
f 175 177 178
f 174 1748 176
f 175 166 172
f 3 166 175
f 174 173 1728
f 171 1744 173
f 170 1744 171
f 1744 170 169
f 164 1746 169
f 166 168 172
f 162 161 164
f 156 161 160
f 158 159 165
f 165 157 158
f 157 165 6
f 152 157 8
f 156 155 528
f 523 155 154
f 154 153 502
f 153 151 363
f 12 148 152
f 1699 151 150
f 149 1102 150
f 147 1105 149
f 14 145 148
f 146 1105 147
f 144 1105 146
f 15 140 145
f 143 1105 144
f 142 1105 143
f 141 1134 142
f 139 1093 141
f 137 140 26
f 139 138 1086
f 1081 138 134
f 132 1081 134
f 132 131 1080
f 1127 131 130
f 129 133 126
f 126 133 119
f 130 128 127
f 130 127 122
f 122 127 125
f 126 121 124
f 125 123 122
f 130 122 120
f 126 119 121
f 118 1119 120
f 116 119 133
f 118 117 1119
f 1113 117 115
f 135 114 116
f 115 112 1111
f 135 113 114
f 135 111 113
f 1697 112 106
f 135 110 111
f 109 110 136
f 136 108 109
f 136 107 108
f 136 105 107
f 1696 106 104
f 136 102 105
f 103 1842 31
f 1843 31 1842
f 89 1843 1842
f 89 1842 96
f 89 1844 1843
f 1843 1844 38
f 1844 1845 38
f 1845 1846 38
f 1846 1845 89
f 85 1846 89
f 85 41 1846
f 1844 89 1845
f 103 96 1842
f 136 101 102
f 99 101 98
f 98 101 32
f 32 101 29
f 96 100 97
f 93 92 90
f 89 96 90
f 91 80 88
f 89 87 85
f 84 80 83
f 83 80 82
f 77 81 78
f 81 77 76
f 79 55 75
f 72 71 76
f 70 69 71
f 69 44 71
f 67 1429 68
f 45 68 1429
f 66 1063 67
f 64 1082 66
f 1684 64 63
f 1679 63 62
f 61 1544 62
f 59 234 61
f 58 60 65
f 59 57 232
f 74 55 58
f 56 232 57
f 56 53 232
f 54 46 51
f 52 1414 53
f 1412 52 50
f 50 49 1409
f 48 1429 49
f 48 45 1429
f 47 51 46
f 40 46 55
f 45 44 68
f 44 43 85
f 43 42 85
f 41 85 42
f 41 38 1846
f 40 80 39
f 37 39 94
f 31 1843 38
f 94 36 37
f 35 36 95
f 95 34 35
f 95 33 34
f 32 33 98
f 25 104 31
f 32 29 30
f 28 29 101
f 27 28 137
f 137 26 27
f 26 140 21
f 104 25 24
f 24 23 104
f 1695 23 22
f 20 1193 22
f 19 21 140
f 199 20 17
f 140 18 19
f 140 16 18
f 197 17 10
f 140 15 16
f 145 14 15
f 148 13 14
f 148 12 13
f 152 11 12
f 152 9 11
f 4 185 10
f 152 8 9
f 7 8 157
f 157 6 7
f 5 6 165
f 165 1 5
f 175 4 3
f 3 2 166
f 165 2 1

