# Exported from 3D Builder
o Object.1
v 37.848461 17.842070 20.664591
v 37.868458 18.802071 20.624590
v 39.048458 18.802071 19.344591
v 39.068459 17.842070 19.344591
v 39.068459 17.842070 19.084591
v 40.108459 17.842070 20.364590
v 40.108459 17.842070 18.484591
v 40.228458 17.842070 20.204590
v 38.308460 19.282070 22.304590
v 40.248459 18.562071 20.224590
v 40.268459 19.282070 20.224590
v 40.268459 19.762070 20.224590
v 40.448460 20.242071 19.904591
v 40.468460 19.282070 19.904591
v 40.548458 19.282070 19.544590
v 40.528461 19.762070 19.544590
v 40.528461 20.242071 19.544590
v 40.148460 20.582071 20.124590
v 40.368458 20.582071 19.544590
v 40.028461 20.722071 19.544590
v 39.988461 20.722071 19.724590
v 39.888458 20.722071 19.884590
v 38.088459 20.582071 22.304590
v 37.788460 20.722071 22.124590
v 36.048458 20.582071 24.484591
v 37.668461 20.722071 22.244591
v 37.108459 20.722071 22.844591
v 35.728458 20.722071 24.304590
v 35.068459 20.582071 25.484591
v 34.828461 20.722071 25.244591
v 31.948460 21.422070 28.724592
v 33.308460 20.962070 26.924591
v 31.848461 21.602070 28.504591
v 30.088459 22.582071 30.144590
v 30.088459 22.442070 30.484591
v 28.368458 23.382071 31.624590
v 28.108459 23.302071 32.184589
v 26.628460 24.042070 32.984589
v 25.988461 24.002069 33.804588
v 25.068459 24.482071 34.024590
v 23.628460 24.522070 35.184589
v 22.608459 24.982071 35.244587
v 20.988461 24.882071 36.084587
v 20.408459 25.262070 35.804588
v 18.208460 25.102070 36.304588
v 17.508459 25.482071 35.864590
v 15.448460 25.222071 36.104588
v 15.088459 25.582071 35.644588
v 12.788460 25.602070 35.344589
v 12.728460 25.242071 35.764587
v 10.908459 25.602070 35.124588
v 9.968460 25.242071 35.424587
v 9.288460 25.602070 34.924587
v 7.788460 25.602070 34.744587
v 7.188459 25.242071 35.084587
v 9.608459 24.722071 35.564587
v 11.248459 24.722071 35.764587
v 12.708460 24.722071 35.944588
v 12.588459 20.942070 35.984589
v 10.468460 20.942070 35.724590
v 12.728460 20.942070 35.244587
v 13.128460 20.942070 34.544590
v 13.648460 20.942070 34.544590
v 14.768459 20.942070 36.264587
v 15.308460 20.942070 34.804588
v 13.648460 22.642071 34.584587
v 13.688459 24.362070 34.564587
v 15.768459 24.322071 34.804588
v 16.368460 24.302071 34.864590
v 16.988461 20.902071 34.984589
v 16.848459 20.922070 36.464588
v 18.928459 20.862070 36.524590
v 18.168459 24.602070 36.464588
v 15.528460 24.682070 36.284588
v 19.908459 24.502069 36.404587
v 20.788460 20.782070 36.344589
v 21.348459 24.382071 36.164589
v 22.688459 24.242071 35.744587
v 22.688459 20.642071 35.824589
v 24.548458 20.442070 34.924587
v 24.488461 23.962070 34.884590
v 26.308460 20.162071 33.804588
v 26.748459 23.422070 33.404587
v 28.048458 23.002069 32.384590
v 28.028461 19.782070 32.464588
v 29.748459 19.282070 30.984591
v 29.328461 22.482071 31.284590
v 30.608459 21.882071 30.124590
v 31.328461 19.282070 29.504591
v 31.928459 21.162071 28.884592
v 32.968460 19.282070 27.884592
v 33.528461 20.482071 27.284590
v 34.668461 19.282070 26.144590
v 35.188461 20.242071 25.584591
v 36.448460 19.282070 24.284590
v 36.088459 20.242071 24.644590
v 37.468460 20.242071 23.184591
v 38.148460 20.242071 22.464590
v 40.248459 20.242071 20.224590
v 37.768459 17.842070 22.824591
v 38.988461 17.842070 21.544590
v 37.108459 17.842070 21.444590
v 37.108459 17.842070 23.544590
v 36.648460 17.842070 21.944590
v 36.628460 18.802071 21.944590
v 36.568459 18.942070 21.944590
v 34.368458 17.842070 21.944590
v 36.408459 19.082071 21.944590
v 39.048458 19.042070 19.204590
v 39.048458 18.922070 19.304590
v 39.048458 18.782070 19.104591
v 39.068459 18.322071 19.084591
v 38.808460 17.042070 19.104591
v 39.988461 17.042070 18.604591
v 37.608459 17.042070 18.604591
v 37.628460 18.782070 18.644590
v 38.288460 18.782070 19.044590
v 37.548458 19.042070 18.724590
v 38.828461 19.102070 19.304590
v 38.488461 19.142071 19.444590
v 37.388458 19.142071 18.884590
v 36.788460 19.142071 17.804590
v 36.908459 19.102070 17.464590
v 37.008461 19.042070 17.224590
v 37.208458 18.782070 18.004591
v 37.088459 18.922070 17.224590
v 36.908459 18.922070 17.224590
v 36.868458 18.802071 17.224590
v 37.128460 18.782070 17.224590
v 36.868458 17.842070 17.204590
v 37.128460 18.322071 17.224590
v 37.128460 17.842070 17.324591
v 37.108459 17.842070 17.424591
v 37.128460 17.042070 17.424591
v 38.288460 17.042070 17.924591
v 38.808460 17.042070 18.144590
v 38.808460 19.142071 18.124590
v 38.308460 19.142071 17.924591
v 38.088459 17.042070 17.424591
v 38.108459 19.142071 17.424591
v 38.288460 21.522070 17.924591
v 38.088459 21.522070 17.424591
v 37.608459 21.522070 18.604591
v 38.808460 21.522070 18.144590
v 39.988461 21.522070 18.604591
v 38.808460 21.522070 19.104591
v 39.488461 20.722071 18.964590
v 38.828461 20.722071 19.104591
v 37.728458 20.722071 20.424591
v 37.708458 20.722071 18.704590
v 34.728458 20.722071 20.244591
v 34.728458 20.722071 22.504591
v 31.728458 20.722071 20.944590
v 33.468460 20.722071 22.564590
v 34.368458 20.722071 23.364590
v 33.128460 20.922070 24.604591
v 31.948460 21.502069 25.784590
v 32.048458 21.502069 25.984591
v 30.368458 22.502069 27.364590
v 32.068459 21.522070 26.224590
v 34.508461 20.722071 23.524590
v 33.268459 20.922070 25.004591
v 32.008461 21.542070 27.124590
v 30.928459 22.242071 27.344591
v 34.548458 20.722071 23.724590
v 34.648460 20.722071 24.384590
v 34.708458 20.722071 24.744591
v 29.008461 23.282070 28.684591
v 28.948460 23.342070 29.244589
v 27.508461 24.022070 30.064589
v 26.828461 24.302071 31.104589
v 25.308460 24.842070 31.844591
v 25.348461 24.802071 32.224590
v 24.028461 25.202070 32.684589
v 24.088459 25.162071 33.084587
v 22.808460 25.442070 33.764587
v 22.748459 25.502069 33.384590
v 20.648460 25.842070 34.084587
v 20.668459 25.762070 34.484589
v 19.188459 26.002069 34.264587
v 19.128460 25.922070 34.664589
v 16.468460 26.162071 34.184589
v 16.388460 26.082071 34.564587
v 14.688459 26.202070 33.984589
v 14.628460 26.122070 34.364590
v 12.928459 26.142071 34.164589
v 12.988461 26.222071 33.784588
v 12.948460 26.202070 33.984589
v 12.728460 26.222071 33.764587
v 12.728460 24.762070 29.344591
v 13.388460 25.862070 31.524591
v 13.728460 24.762070 29.504591
v 12.788460 24.002069 28.964590
v 11.628460 24.762070 29.184591
v 12.028460 26.222071 33.664589
v 12.268459 26.222071 33.704590
v 12.508459 26.222071 33.724590
v 12.228460 26.142071 34.084587
v 11.988461 26.142071 34.044590
v 12.468460 26.142071 34.104588
v 12.688459 26.142071 34.144588
v 11.748459 26.142071 34.024590
v 11.448460 26.142071 33.984589
v 11.128460 26.142071 33.944588
v 11.488461 26.222071 33.604588
v 11.168459 26.222071 33.564587
v 10.788460 26.142071 33.904587
v 10.448460 26.142071 33.864590
v 10.828459 26.222071 33.524590
v 10.468460 26.222071 33.484589
v 10.088459 26.142071 33.824589
v 10.108459 26.222071 33.444588
v 9.728460 26.142071 33.784588
v 9.768459 26.222071 33.404587
v 9.388460 26.142071 33.724590
v 9.028460 26.142071 33.684589
v 8.648460 26.142071 33.644588
v 8.248459 26.142071 33.604588
v 8.668459 26.222071 33.264587
v 8.268459 26.222071 33.224590
v 7.828459 26.122070 33.544590
v 7.368460 26.122070 33.484589
v 6.868460 26.122070 33.424587
v 6.408460 25.602070 34.564587
v 6.328460 26.122070 33.364590
v 5.748460 26.122070 33.284588
v 5.128460 25.602070 34.404587
v 4.428460 25.242071 34.744587
v 5.748460 24.702070 35.084587
v 7.748459 24.702070 35.324589
v 6.468460 20.942070 35.244587
v 4.668460 20.942070 35.024590
v 3.888459 24.702070 34.864590
v 3.048460 20.942070 34.824589
v 2.248460 24.702070 34.644588
v 1.628460 20.942070 34.644588
v 0.788460 24.702070 34.484589
v 0.848459 20.942070 34.544590
v 0.368460 20.942070 34.484589
v -0.491540 24.702070 34.324589
v -0.771541 20.942070 34.344589
v -1.591540 24.702070 34.184589
v -1.811540 20.942070 34.224590
v -2.571540 24.702070 34.064587
v -2.711540 20.942070 34.104588
v -3.451540 24.702070 33.964588
v -3.531540 20.942070 34.004589
v -4.211540 24.702070 33.864590
v -4.271540 20.942070 33.924587
v -4.891541 24.702070 33.784588
v -4.911541 20.942070 33.844589
v -5.491540 24.702070 33.704590
v -5.491540 20.942070 33.764587
v -6.011540 20.942070 33.704590
v -6.051540 24.702070 33.644588
v -6.451540 20.942070 33.644588
v -6.591540 24.702070 33.564587
v -6.871540 20.942070 33.604588
v -7.131540 24.702070 33.504589
v -7.291540 20.942070 33.564587
v -7.691540 24.702070 33.444588
v -7.711540 20.942070 33.504589
v -8.311542 24.702070 33.404587
v -8.131540 20.942070 33.484589
v -8.551541 20.942070 33.444588
v -8.951540 24.702070 33.364590
v -8.971541 20.942070 33.424587
v -9.531542 24.702070 33.344589
v -9.411540 20.942070 33.424587
v -9.891541 20.942070 33.424587
v -10.031542 24.702070 33.364590
v -10.411540 20.942070 33.444588
v -10.471540 24.702070 33.384590
v -10.891541 24.702070 33.404587
v -10.971540 20.942070 33.464588
v -11.311541 24.702070 33.424587
v -11.571541 20.942070 33.504589
v -11.751540 24.702070 33.444588
v -12.211540 20.942070 33.564587
v -12.231541 24.702070 33.484589
v -12.731541 24.702070 33.524590
v -12.871540 20.942070 33.604588
v -13.251540 24.702070 33.584587
v -13.551540 20.942070 33.664589
v -13.811541 24.702070 33.624588
v -14.231541 20.942070 33.724590
v -14.411541 24.702070 33.684589
v -14.891541 20.942070 33.784588
v -15.051540 24.702070 33.744587
v -15.571541 20.942070 33.844589
v -15.731541 24.702070 33.804588
v -16.291540 20.942070 33.924587
v -16.431541 24.702070 33.864590
v -17.111540 20.942070 34.004589
v -17.191540 24.702070 33.944588
v -17.971540 24.702070 34.004589
v -18.051540 20.942070 34.084587
v -18.791540 24.702070 34.084587
v -19.151541 20.942070 34.184589
v -19.651541 24.702070 34.164589
v -20.391541 20.942070 34.304588
v -19.451540 20.942070 32.564587
v -19.871540 20.942070 33.324589
v -19.531540 20.942070 32.264587
v -19.591541 19.882071 32.444588
v -20.071541 19.882071 33.704590
v -19.411541 19.882071 30.664591
v -20.631540 19.882071 30.884592
v -20.631540 19.882071 30.664591
v -20.971540 17.002069 29.084589
v -21.011539 19.882071 28.984591
v -21.931541 17.002069 27.504591
v -21.811541 19.882071 27.644590
v -21.931541 18.482071 27.504591
v -22.091541 19.882071 27.364590
v -23.111542 18.482071 26.564590
v -21.551540 18.482071 26.844591
v -22.731541 18.482071 25.924591
v -24.531540 18.482071 26.024590
v -23.691540 19.882071 26.284590
v -25.611540 19.882071 25.904591
v -23.291540 19.882071 25.144590
v -21.271542 19.882071 26.444590
v -21.271542 22.882071 26.564590
v -21.211540 20.402071 26.484591
v -21.251541 22.442070 26.564590
v -21.191540 20.942070 26.524590
v -20.431541 20.942070 27.384590
v -19.111542 20.942070 26.324591
v -19.891541 20.942070 28.044592
v -19.611542 20.942070 27.884592
v -19.571541 22.242071 27.904589
v -16.931541 20.942070 27.624590
v -19.531540 23.482071 27.924589
v -16.591541 23.482071 27.644590
v -14.351541 23.642071 27.484591
v -19.511539 23.642071 27.964590
v -14.411541 23.722071 27.544592
v -14.471540 23.782070 27.624590
v -16.691540 23.782070 27.824591
v -19.511539 23.782070 28.084589
v -19.751541 23.702070 28.244589
v -18.971540 24.602070 30.244589
v -19.351540 24.542070 32.224590
v -19.411541 24.342070 32.204590
v -19.311541 24.282070 30.344591
v -19.811541 23.482071 28.404589
v -19.791540 23.482071 28.084589
v -19.691540 23.602070 28.024591
v -19.851540 22.242071 28.384592
v -19.431541 19.882071 30.284590
v -19.891541 20.942070 28.364592
v -20.011539 19.882071 28.204592
v -20.311541 19.882071 27.624590
v -19.471540 22.582071 32.224590
v -19.331539 24.342070 32.504589
v -19.251541 24.582071 32.444588
v -19.071541 24.682070 32.304588
v -19.051540 24.522070 32.564587
v -18.491539 24.642071 32.384590
v -18.571541 24.562071 32.484589
v -18.651541 24.342070 32.584587
v -18.851540 24.342070 32.604588
v -19.051540 24.342070 32.624588
v -19.091541 22.582071 32.644588
v -18.911541 20.942070 32.664589
v -19.151541 20.942070 32.684589
v -18.651541 20.942070 32.644588
v -18.651541 22.642071 32.604588
v -18.371540 24.682070 32.244587
v -17.751541 20.942070 31.564589
v -17.531540 20.942070 32.524590
v -16.711540 20.942070 31.564589
v -17.471540 22.642071 32.504589
v -17.431541 24.342070 32.464588
v -15.371540 20.942070 32.324589
v -14.431540 24.342070 32.184589
v -17.351540 24.562071 32.384590
v -14.471540 24.582071 32.104588
v -17.271542 24.642071 32.264587
v -14.451540 24.682070 31.884592
v -11.391541 24.682070 31.624590
v -11.471540 24.582071 31.844591
v -9.391542 24.642071 31.684591
v -9.331541 24.562071 31.784590
v -9.271542 24.342070 31.864592
v -9.851542 24.342070 31.864592
v -10.471540 24.342070 31.884592
v -11.371540 24.342070 31.924589
v -11.171540 20.942070 31.984591
v -13.171540 20.942070 32.124588
v -11.811541 24.342070 31.964590
v -14.231541 24.342070 32.164589
v -10.191541 20.942070 31.924589
v -9.231542 22.642071 31.904589
v -9.191543 20.942070 31.924589
v -9.451540 20.942070 31.564589
v -8.471542 20.942070 31.564589
v -9.871540 20.942070 29.564589
v -9.171541 24.722071 30.504591
v -9.831541 24.622070 29.544592
v -9.511540 23.782070 27.284590
v -8.711541 23.782070 27.304590
v -8.411541 24.682070 31.584589
v -7.631540 23.782070 27.424591
v -7.951540 24.682070 31.624590
v -7.391541 24.642071 31.804590
v -7.291540 24.682070 31.684591
v -7.531540 20.942070 32.024590
v -7.451540 24.562071 31.884592
v -7.511540 24.342070 31.964590
v -8.231541 24.562071 31.824591
v -7.891541 24.342070 31.944590
v -8.191542 24.342070 31.904589
v -8.311542 24.642071 31.724592
v -8.171540 22.642071 31.944590
v -8.171540 20.942070 31.964590
v -7.851541 20.942070 32.004589
v -7.131540 20.942070 31.564589
v -5.671540 24.582071 29.764589
v -5.431540 23.782070 27.764589
v -6.531540 23.782070 27.584589
v -6.971540 23.782070 27.524591
v -6.971540 23.662071 27.384590
v -9.951542 23.642071 27.164591
v -6.951540 23.482071 27.344591
v -4.091540 23.722071 27.904589
v -4.151540 23.782070 27.964590
v -4.631540 20.942070 28.564589
v -5.751540 20.942070 29.904589
v -4.811540 20.942070 30.024591
v -3.591540 20.942070 28.564589
v -4.611540 24.562071 29.844591
v -3.171540 23.782070 28.104589
v -3.831540 24.682070 32.084587
v -6.251540 24.682070 31.804590
v -3.511540 24.582071 32.344589
v -3.531540 24.682070 32.124588
v -0.551540 24.582071 32.724590
v -1.891541 24.682070 32.324589
v -0.631540 24.682070 32.484589
v 0.908460 24.642071 32.804588
v 0.988460 24.562071 32.924587
v 1.048460 24.342070 33.004589
v -0.611541 24.342070 32.804588
v -0.991540 20.942070 32.824589
v -1.051540 24.342070 32.744587
v -2.931540 20.942070 32.584587
v -2.691540 24.342070 32.544590
v -3.571540 24.342070 32.444588
v -4.751540 20.942070 32.344589
v -4.011540 24.342070 32.384590
v -5.491540 24.342070 32.204590
v -5.671540 20.942070 32.244587
v -6.491540 24.342070 32.084587
v -6.431540 24.562071 32.004589
v -6.091540 20.942070 31.564589
v -6.351541 24.642071 31.904589
v -6.531540 22.642071 32.104588
v -6.571540 20.942070 32.124588
v 1.088460 22.642071 33.044590
v 1.128460 20.942070 33.084587
v 0.808459 24.702070 32.664589
v 0.068460 20.942070 31.564589
v 1.048460 20.942070 31.564589
v 2.208460 20.942070 33.204590
v 2.188459 24.362070 33.144588
v 2.128460 24.562071 33.064587
v 2.068460 24.642071 32.944588
v 1.968460 24.702070 32.804588
v 2.988460 24.662071 33.064587
v 2.928460 24.582071 33.144588
v 2.848459 20.942070 33.284588
v 2.848459 24.362070 33.224590
v 2.528460 24.362070 33.184589
v 3.268459 20.942070 34.544590
v 4.288460 20.942070 31.564589
v 3.788460 20.942070 33.404587
v 5.648459 20.942070 34.544590
v 5.728459 20.942070 33.644588
v 7.588459 20.942070 33.864590
v 8.048460 20.942070 34.544590
v 9.348459 20.942070 34.084587
v 10.448460 20.942070 34.544590
v 10.948460 20.942070 34.284588
v 12.028460 20.942070 34.404587
v 12.668459 20.942070 34.484589
v 12.848459 20.942070 34.524590
v 8.428459 20.942070 35.484589
v 14.188459 20.942070 32.664589
v 12.888460 24.702070 34.144588
v 12.728460 24.562071 34.364590
v 12.668459 24.362070 34.424587
v 11.948460 24.582071 34.264587
v 12.368460 24.362070 34.404587
v 12.008459 24.362070 34.344589
v 10.408459 20.942070 32.104588
v 11.868460 24.662071 34.144588
v 11.768459 24.702070 34.004589
v 12.368460 24.702070 34.084587
v 13.028460 24.682070 32.924587
v 13.568460 23.842070 30.764589
v 14.268459 24.562071 32.524590
v 14.508459 23.842070 30.884592
v 13.588459 23.722071 30.644590
v 8.888460 23.702070 29.904589
v 13.608459 23.562071 30.604589
v 15.628460 23.702070 30.904589
v 15.548460 23.822071 31.024591
v 15.128460 20.942070 31.564589
v 15.148460 20.942070 32.764587
v 13.748459 24.582071 34.484589
v 13.828459 24.662071 34.384590
v 13.928459 24.702070 34.264587
v 15.808460 24.662071 34.484589
v 15.708460 24.562071 34.704590
v 16.428459 24.642071 34.544590
v 18.688459 24.422070 34.884590
v 18.208460 24.562071 34.644588
v 18.688459 24.522070 34.644588
v 21.448460 24.182070 34.404587
v 21.548460 24.102070 34.484589
v 21.628460 23.862070 34.544590
v 18.668459 24.182070 34.984589
v 18.248459 24.222071 34.984589
v 19.048460 20.842070 35.024590
v 19.948460 24.062071 34.904587
v 20.348459 20.782070 34.904587
v 21.668459 22.282070 34.564587
v 21.708460 20.682070 34.564587
v 22.568460 20.602070 34.244587
v 21.228460 20.662071 33.124588
v 20.268459 20.742071 33.364590
v 21.328459 24.242071 34.284588
v 19.448460 24.282070 32.724590
v 19.608459 20.782070 32.824589
v 20.548460 20.702070 32.564587
v 18.548460 20.822071 30.884592
v 17.348459 20.882071 30.924589
v 17.368460 23.482071 30.964590
v 17.428459 23.642071 31.024591
v 17.488461 23.702070 31.064589
v 17.568460 23.762070 31.144590
v 17.088459 23.782070 31.124590
v 16.568460 23.802071 31.104589
v 16.668459 23.662071 30.984591
v 16.708460 20.942070 30.904589
v 16.708460 22.222071 30.924589
v 17.048460 23.482071 30.964590
v 16.708460 23.502069 30.944590
v 16.228460 20.942070 30.884592
v 15.728460 20.942070 30.844591
v 15.568460 20.922070 30.824591
v 16.268459 20.922070 30.704592
v 18.868460 20.782070 30.604589
v 18.488461 20.802071 29.384592
v 19.988461 20.642071 29.104589
v 21.308460 20.502069 29.964590
v 19.788460 20.722071 30.684591
v 18.588459 22.102070 30.904589
v 18.628460 23.402071 30.924589
v 18.668459 23.562071 30.964590
v 23.528461 22.842070 29.284590
v 19.768459 23.302071 30.744589
v 22.188459 22.942070 29.924589
v 23.548458 22.642071 29.204592
v 23.368458 20.342070 31.444590
v 23.528461 22.942070 29.364592
v 23.508461 23.002069 29.504591
v 22.228460 23.282070 30.144590
v 20.988461 23.462070 30.624590
v 18.808460 23.682070 31.084589
v 20.468460 24.142071 32.464588
v 22.268459 24.082071 33.964588
v 22.388460 24.022070 34.064587
v 22.708460 24.002069 33.784588
v 23.148460 23.882071 33.704590
v 23.148460 23.902071 33.564587
v 23.148460 20.522070 33.984589
v 23.128460 23.802071 33.824589
v 23.128460 22.062071 33.964588
v 23.128460 23.582071 33.924587
v 22.468460 23.942070 34.144588
v 22.828461 23.642071 34.084587
v 22.548460 23.702070 34.204590
v 22.848461 20.562071 34.124588
v 23.288460 20.402071 32.324589
v 23.988461 20.402071 33.524590
v 25.388458 20.162071 32.604588
v 25.088459 23.102070 32.764587
v 24.788460 23.182070 32.964588
v 24.028461 23.382071 33.444588
v 24.128460 20.262070 31.904589
v 24.028461 23.602070 33.344589
v 24.068459 23.682070 33.064587
v 24.788460 23.402071 32.844589
v 24.628460 23.542070 32.704590
v 26.148460 23.042070 31.584589
v 27.108459 22.602070 31.124590
v 26.288460 22.702070 31.904589
v 27.068459 22.402071 31.264589
v 26.668461 19.882071 31.664591
v 27.948460 19.542070 30.584589
v 27.648460 22.162071 30.784590
v 29.228458 21.402071 29.384592
v 29.288460 19.102070 29.384592
v 30.568459 19.002069 30.224592
v 28.748459 19.022070 28.404589
v 29.968460 18.842070 28.744589
v 30.168461 18.762070 28.564589
v 30.388458 18.662071 28.344591
v 30.848461 18.682070 28.864592
v 31.108459 18.682070 29.084589
v 31.408459 18.662071 29.404589
v 32.408459 18.302071 28.404589
v 33.128460 18.042070 27.124590
v 33.428459 18.042070 27.384590
v 35.168461 17.842070 25.104591
v 35.408459 17.842070 25.324591
v 34.508461 17.842070 24.184591
v 36.588459 17.842070 24.084591
v 35.208458 17.842070 23.464590
v 35.888458 17.842070 22.724590
v 35.868458 18.802071 22.724590
v 35.828461 18.942070 22.724590
v 34.428459 19.042070 24.104591
v 35.208458 18.802071 23.444590
v 34.508461 18.802071 24.164591
v 33.368458 19.042070 25.204590
v 33.908459 18.802071 24.784590
v 33.408459 18.802071 25.324591
v 32.928459 19.362070 25.664591
v 33.168461 18.962070 25.564590
v 32.908459 19.142071 25.804590
v 31.188461 20.442070 27.464590
v 31.168461 20.522070 27.304590
v 31.168461 20.522070 27.084591
v 32.028461 19.962070 26.204590
v 32.768459 19.442070 25.464590
v 30.848461 19.482071 23.624590
v 31.088459 19.322071 23.404591
v 31.348461 19.142071 23.164591
v 33.008461 19.282070 25.224590
v 32.248459 19.142071 24.084591
v 32.508461 19.142071 24.324591
v 33.208458 19.142071 25.024590
v 33.688461 19.142071 24.524590
v 34.248459 19.142071 23.924591
v 35.648460 19.082071 22.724590
v 34.828461 19.142071 23.324591
v 35.388458 19.142071 22.724590
v 34.108459 17.842070 22.724590
v 32.508461 19.142071 22.724590
v 33.588459 17.842070 22.724590
v 31.668461 17.842070 22.344591
v 32.088459 17.842070 21.924591
v 34.108459 17.842070 21.944590
v 32.608459 19.142071 21.944590
v 35.508461 19.142071 21.944590
v 32.888458 19.142071 21.664591
v 33.188461 19.142071 21.384590
v 34.988461 19.142071 19.584591
v 35.508461 19.142071 19.084591
v 36.148460 19.142071 21.944590
v 37.348461 19.142071 20.664591
v 33.008461 19.042070 21.204590
v 32.348461 19.082071 21.944590
v 32.168461 18.942070 21.944590
v 32.108459 18.802071 21.944590
v 32.508461 18.802071 21.564590
v 32.948460 18.802071 21.124590
v 34.908459 18.802071 19.184591
v 34.108459 17.842070 19.944590
v 32.928459 17.842070 21.124590
v 31.128460 17.842070 20.884590
v 33.468460 17.842070 18.564590
v 32.488461 19.282070 19.484591
v 30.568459 19.282070 21.364590
v 29.988461 17.902071 21.964590
v 28.868458 18.082071 23.024590
v 28.748459 19.282070 23.084591
v 27.748459 18.382071 24.024590
v 27.028461 19.282070 24.644590
v 26.648460 18.782070 24.984591
v 26.008461 19.042070 25.524590
v 25.688461 19.462070 27.384590
v 27.208458 18.762070 25.484591
v 27.568459 18.742071 25.804590
v 26.768459 19.122070 26.824591
v 25.768459 19.482071 27.604589
v 24.948460 19.722071 28.224592
v 24.688461 19.802071 28.404589
v 24.428459 19.882071 28.584589
v 23.588459 20.062071 28.844591
v 24.208458 20.182070 30.964590
v 23.568459 20.082071 29.124590
v 22.228460 20.362070 29.864592
v 20.988461 20.562071 30.364592
v 20.888460 23.162071 30.444590
v 21.848459 20.302071 28.384592
v 23.628460 19.862070 27.324591
v 22.708460 23.422070 27.984591
v 21.168459 23.682070 28.764589
v 19.828459 23.822071 29.204592
v 21.348459 24.242071 28.944590
v 18.888460 24.522070 29.644590
v 18.448460 23.922070 29.444590
v 16.728460 23.982071 29.464590
v 16.328459 24.642071 29.704592
v 13.808460 24.002069 29.124590
v 13.748459 24.682070 29.404589
v 15.928459 24.762070 29.784590
v 17.408459 24.722071 29.884592
v 13.788460 24.422070 29.224592
v 11.828459 20.942070 28.764589
v 11.668459 24.002069 28.784590
v 10.588459 20.942070 28.564589
v 10.488461 24.002069 28.604589
v 9.848459 20.942070 28.444590
v 9.208460 24.002069 28.404589
v 7.308460 20.942070 28.044592
v 7.828459 23.982071 28.184591
v 6.348459 23.982071 27.944590
v 5.748460 20.942070 27.804590
v 4.868460 23.982071 27.704592
v 4.148459 20.942070 27.544592
v 3.488460 23.982071 27.484591
v 1.228459 20.942070 27.084591
v 2.248460 23.982071 27.304590
v 1.128460 23.982071 27.124590
v -0.931540 20.942070 26.744591
v 0.108459 23.982071 26.964590
v -0.831540 23.982071 26.804590
v -1.711540 23.982071 26.664591
v -2.591540 20.942070 26.484591
v -2.491540 23.982071 26.544590
v -3.231540 23.962070 26.424591
v -4.131540 20.942070 26.244591
v -3.911541 23.962070 26.324591
v -4.551540 23.962070 26.224590
v -5.571540 20.942070 26.004591
v -5.151540 23.962070 26.124590
v -5.691540 23.962070 26.044590
v -6.791540 20.942070 25.824591
v -6.191540 23.962070 25.964590
v -6.651540 23.962070 25.884590
v -7.071540 23.962070 25.824591
v -7.631540 20.942070 25.704590
v -7.451540 23.962070 25.784590
v -7.811541 23.962070 25.724590
v -8.471542 20.942070 25.604591
v -8.171540 23.962070 25.684591
v -8.531540 23.962070 25.664591
v -9.211540 20.942070 25.584591
v -8.891541 23.962070 25.644590
v -9.251540 23.962070 25.624590
v -10.291540 20.942070 25.584591
v -9.631541 23.962070 25.624590
v -10.031542 23.962070 25.624590
v -10.471540 23.962070 25.644590
v -11.431540 20.942070 25.644590
v -10.971540 23.962070 25.664591
v -11.511540 23.962070 25.704590
v -13.711540 20.942070 25.824591
v -12.091540 23.962070 25.744591
v -12.731541 23.962070 25.804590
v -13.431540 23.962070 25.864590
v -14.171540 23.962070 25.924591
v -15.191540 20.942070 25.964590
v -14.991541 23.962070 26.004591
v -15.851541 23.962070 26.084591
v -17.091541 20.942070 26.144590
v -16.791540 23.962070 26.164591
v -17.811541 23.962070 26.264591
v -18.891541 23.962070 26.364590
v -20.051540 23.962070 26.484591
v -19.731541 24.762070 26.884590
v -20.951540 24.762070 27.004591
v -19.911541 25.762070 28.904589
v -19.771542 25.922070 29.344591
v -19.571541 26.202070 30.884592
v -19.211540 26.222071 31.984591
v -18.751541 26.222071 31.944590
v -18.311541 26.222071 31.904589
v -18.591541 24.762070 26.764591
v -17.911541 26.222071 31.864592
v -17.551540 26.222071 31.824591
v -17.211540 26.222071 31.804590
v -17.531540 24.762070 26.664591
v -16.891541 26.222071 31.764589
v -16.591541 26.222071 31.744589
v -16.331539 26.222071 31.724592
v -16.551540 24.762070 26.584591
v -16.071541 26.222071 31.684591
v -15.831540 26.222071 31.664591
v -15.611540 26.222071 31.644590
v -15.411541 26.222071 31.624590
v -15.231541 26.222071 31.624590
v -15.631540 24.762070 26.484591
v -15.051540 26.222071 31.604589
v -14.911541 26.222071 31.584589
v -14.751540 26.222071 31.564589
v -14.611540 26.222071 31.564589
v -14.451540 26.222071 31.544592
v -14.311541 26.222071 31.524591
v -14.771540 24.762070 26.404591
v -14.171540 26.222071 31.524591
v -14.031540 26.222071 31.504591
v -13.871540 26.222071 31.504591
v -13.731541 26.222071 31.484591
v -13.591540 26.222071 31.464590
v -13.991541 24.762070 26.344591
v -13.451540 26.222071 31.464590
v -13.291540 26.222071 31.444590
v -13.151541 26.222071 31.424589
v -13.011540 26.222071 31.424589
v -12.871540 26.222071 31.404589
v -13.251540 24.762070 26.284590
v -12.711540 26.222071 31.404589
v -12.551540 26.222071 31.384592
v -12.391541 26.222071 31.364592
v -12.211540 26.222071 31.364592
v -12.571541 24.762070 26.224590
v -12.031540 26.222071 31.344591
v -11.871540 26.222071 31.324591
v -11.691540 26.222071 31.324591
v -11.951540 24.762070 26.164591
v -11.551540 26.222071 31.304590
v -11.391541 26.222071 31.304590
v -11.251540 26.222071 31.284590
v -11.111540 26.222071 31.284590
v -11.371540 24.762070 26.124590
v -10.951540 26.222071 31.264589
v -10.811541 26.222071 31.264589
v -10.671540 26.222071 31.264589
v -10.851541 24.762070 26.104591
v -10.531540 26.222071 31.244589
v -10.411540 26.222071 31.244589
v -10.291540 26.222071 31.244589
v -10.371540 24.762070 26.084591
v -10.171540 26.222071 31.244589
v -10.071541 26.222071 31.224592
v -9.951542 26.222071 31.224592
v -9.951542 24.762070 26.064590
v -9.851542 26.222071 31.224592
v -9.751542 26.222071 31.224592
v -9.651543 26.222071 31.224592
v -9.571542 24.762070 26.064590
v -9.551540 26.222071 31.224592
v -9.431541 26.222071 31.224592
v -9.331541 26.222071 31.224592
v -9.191543 24.762070 26.064590
v -9.231542 26.222071 31.224592
v -9.031543 26.222071 31.224592
v -8.851541 24.762070 26.084591
v -8.851541 26.222071 31.244589
v -8.511541 24.762070 26.104591
v -8.751541 26.222071 31.244589
v -8.631540 26.222071 31.244589
v -8.171540 24.762070 26.124590
v -8.531540 26.222071 31.244589
v -8.431540 26.222071 31.264589
v -8.331540 26.222071 31.264589
v -7.811541 24.762070 26.164591
v -8.211542 26.222071 31.264589
v -8.111540 26.222071 31.284590
v -7.451540 24.762070 26.204590
v -7.971540 26.222071 31.284590
v -7.831540 26.222071 31.304590
v -7.711540 26.222071 31.304590
v -7.091540 24.762070 26.264591
v -7.571540 26.222071 31.324591
v -7.371540 26.222071 31.344591
v -6.671540 24.762070 26.324591
v -7.111540 26.222071 31.364592
v -6.931540 26.222071 31.384592
v -6.211540 24.762070 26.384590
v -6.651540 26.222071 31.424589
v -6.471540 26.222071 31.444590
v -5.711540 24.762070 26.464590
v -6.291540 26.222071 31.464590
v -6.171540 26.222071 31.464590
v -6.051540 26.222071 31.484591
v -5.911540 26.222071 31.504591
v -5.151540 24.762070 26.564590
v -5.771541 26.222071 31.524591
v -5.611540 26.222071 31.544592
v -5.451540 26.222071 31.564589
v -5.291540 26.222071 31.584589
v -4.571540 24.762070 26.644590
v -5.131540 26.222071 31.604589
v -4.971540 26.222071 31.624590
v -4.791540 26.222071 31.644590
v -4.631540 26.222071 31.664591
v -3.931540 24.762070 26.744591
v -4.471540 26.222071 31.684591
v -4.311540 26.222071 31.704592
v -4.471540 26.122070 32.044590
v -4.631540 26.122070 32.024590
v -4.611540 25.602070 33.224590
v -3.991540 25.602070 33.284588
v -4.311540 26.122070 32.064587
v -4.151540 26.122070 32.084587
v -4.151540 26.222071 31.724592
v -3.971540 26.222071 31.744589
v -3.251540 24.762070 26.844591
v -3.811540 26.222071 31.764589
v -3.651540 26.222071 31.784590
v -3.491540 26.222071 31.804590
v -3.311540 26.222071 31.824591
v -2.511540 24.762070 26.964590
v -3.151540 26.222071 31.844591
v -2.971540 26.222071 31.864592
v -2.751540 26.222071 31.884592
v -2.531540 26.222071 31.904589
v -1.711540 24.762070 27.084591
v -2.291540 26.222071 31.944590
v -2.011540 26.222071 31.984591
v -1.731540 26.222071 32.004589
v -0.851541 24.762070 27.224590
v -1.431540 26.222071 32.044590
v -1.151541 26.222071 32.084587
v -0.871540 26.222071 32.104588
v -0.591540 26.222071 32.144588
v 0.088460 24.762070 27.384590
v -0.311541 26.222071 32.184589
v -0.011540 26.222071 32.224590
v 0.288460 26.222071 32.244587
v 1.128460 24.762070 27.544592
v 0.588460 26.222071 32.284588
v 0.888459 26.222071 32.324589
v 1.208460 26.222071 32.364590
v 0.908460 26.122070 32.704590
v 0.588460 26.122070 32.664589
v 1.708460 25.602070 33.984589
v 1.208460 26.122070 32.724590
v 1.508460 26.122070 32.764587
v 1.808459 26.122070 32.804588
v 2.128460 26.122070 32.844589
v 2.868460 25.602070 34.124588
v 2.448460 26.122070 32.884590
v 2.808459 26.122070 32.924587
v 3.208460 26.122070 32.984589
v 3.968460 25.602070 34.264587
v 3.628460 26.122070 33.024590
v 4.108459 26.122070 33.084587
v 4.628460 26.122070 33.144588
v 5.188459 26.122070 33.224590
v 5.168460 26.222071 32.844589
v 4.628460 26.222071 32.784588
v 4.868460 24.762070 28.124590
v 6.328460 24.762070 28.344591
v 5.748460 26.222071 32.904587
v 6.328460 26.222071 32.984589
v 6.868460 26.222071 33.044590
v 7.808460 24.762070 28.584589
v 7.368460 26.222071 33.104588
v 7.828459 26.222071 33.164589
v 9.168459 24.762070 28.784590
v 4.108459 26.222071 32.724590
v 3.488460 24.762070 27.904589
v 3.628460 26.222071 32.664589
v 3.188459 26.222071 32.604588
v 2.808459 26.222071 32.564587
v 2.248460 24.762070 27.704592
v 2.448460 26.222071 32.524590
v 2.128460 26.222071 32.484589
v 1.808459 26.222071 32.444588
v 1.508460 26.222071 32.404587
v 1.648459 25.242071 34.404587
v 0.448460 25.602070 33.844589
v -0.671540 25.602070 33.704590
v -1.111541 25.242071 34.064587
v -1.611540 25.602070 33.584587
v -2.451540 25.602070 33.484589
v -3.271540 25.602070 33.384590
v -3.871541 25.242071 33.724590
v -3.811540 26.122070 32.124588
v -3.651540 26.122070 32.144588
v -3.491540 26.122070 32.164589
v -3.331540 26.122070 32.184589
v -3.151540 26.122070 32.204590
v -2.971540 26.122070 32.224590
v -3.991540 26.122070 32.104588
v -2.751540 26.122070 32.244587
v -2.531540 26.122070 32.284588
v -2.271540 26.122070 32.304588
v -1.991540 26.122070 32.344589
v -1.711540 26.122070 32.384590
v -1.431540 26.122070 32.404587
v -1.151541 26.122070 32.444588
v -0.871540 26.122070 32.484589
v -0.591540 26.122070 32.504589
v -0.311541 26.122070 32.544590
v -0.011540 26.122070 32.584587
v 0.288460 26.122070 32.624588
v -5.311541 25.602070 33.124588
v -6.111540 25.602070 33.024590
v -6.651540 25.242071 33.404587
v -6.811541 25.602070 32.944588
v -7.391541 25.602070 32.884590
v -7.891541 25.602070 32.844589
v -8.311542 25.602070 32.804588
v -8.711541 25.602070 32.784588
v -9.211540 25.602070 32.764587
v -9.391542 25.242071 33.184589
v -9.651543 25.602070 32.764587
v -10.031542 25.602070 32.764587
v -10.451540 25.602070 32.784588
v -10.951540 25.602070 32.804588
v -11.551540 25.602070 32.844589
v -12.131540 25.242071 33.324589
v -12.251540 25.602070 32.904587
v -13.031540 25.602070 32.964588
v -13.691540 25.602070 33.024590
v -14.271540 25.602070 33.064587
v -14.931540 25.602070 33.124588
v -14.911541 25.242071 33.564587
v -15.711540 25.602070 33.204590
v -16.571541 25.602070 33.284588
v -17.611542 25.602070 33.384590
v -17.691540 25.242071 33.824589
v -18.811541 25.602070 33.504589
v -20.231541 25.602070 33.624588
v -20.471540 25.242071 34.084587
v -21.511539 25.862070 35.304588
v -19.951540 25.862070 33.004589
v -21.351540 27.062071 35.124588
v -23.311541 27.062071 36.424587
v -23.911541 25.862070 36.684589
v -25.611540 27.062071 36.884590
v -26.691540 25.862070 36.824589
v -27.911541 27.062071 36.424587
v -29.231541 25.862070 35.704590
v -29.851540 27.062071 35.124588
v -31.011539 25.862070 33.584587
v -31.151541 27.062071 33.184589
v -31.611540 27.062071 30.884592
v -31.651541 25.862070 30.884592
v -31.171541 22.882071 33.404587
v -29.631540 22.882071 35.484589
v -29.711540 19.882071 35.524590
v -31.131540 19.882071 33.704590
v -31.251541 19.882071 33.424587
v -31.731541 22.882071 30.884592
v -31.791540 19.882071 30.884592
v -31.791540 19.882071 30.664591
v -30.591541 19.882071 30.664591
v -30.591541 19.882071 30.884592
v -30.591541 18.482071 30.884592
v -30.531540 18.482071 31.644590
v -31.131540 18.482071 32.384590
v -30.531540 18.482071 32.384590
v -31.131540 17.002069 32.384590
v -31.331541 18.482071 30.884592
v -31.331541 17.002069 30.884592
v -31.131540 18.482071 29.384592
v -31.131540 17.002069 29.384592
v -30.371540 17.002069 29.384592
v -29.671541 17.002069 30.684591
v -29.671541 17.002069 30.884592
v -29.471540 17.202070 32.144588
v -29.471540 17.202070 29.624590
v -28.491541 17.002069 28.004591
v -27.991541 17.202070 27.584589
v -26.711540 17.002069 26.964590
v -25.611540 17.002069 26.824591
v -25.611540 17.202070 26.824591
v -23.491539 17.002069 27.404591
v -23.211540 17.202070 27.584589
v -22.731541 17.002069 28.004591
v -21.851540 17.002069 29.324591
v -21.731541 17.202070 29.624590
v -21.531540 17.002069 30.884592
v -21.731541 17.202070 32.144588
v -21.851540 17.002069 32.444588
v -22.731541 17.002069 33.764587
v -23.211540 17.202070 34.164589
v -23.491539 17.002069 34.364590
v -25.611540 17.002069 34.944588
v -25.611540 17.202070 34.944588
v -23.231541 20.182070 34.144588
v -25.611540 20.182070 34.924587
v -23.251541 23.182070 34.124588
v -25.611540 23.182070 34.904587
v -24.511539 26.182070 34.724590
v -22.791540 26.182070 33.704590
v -21.931541 26.182070 32.404587
v -21.791540 23.182070 32.124588
v -21.611542 26.182070 30.884592
v -21.791540 23.182070 29.644590
v -21.771542 20.182070 32.124588
v -21.771542 20.182070 29.644590
v -23.251541 23.182070 27.644590
v -23.231541 20.182070 27.624590
v -25.611540 23.182070 26.864590
v -25.611540 20.182070 26.844591
v -27.971540 23.182070 27.644590
v -27.971540 20.182070 27.624590
v -29.431540 23.182070 29.644590
v -29.451540 20.182070 29.644590
v -29.431540 23.182070 32.124588
v -29.591541 26.182070 30.884592
v -29.291540 26.182070 32.404587
v -28.431540 26.182070 33.704590
v -27.971540 23.182070 34.124588
v -29.451540 20.182070 32.124588
v -27.971540 20.182070 34.144588
v -27.991541 17.202070 34.164589
v -28.491541 17.002069 33.764587
v -29.671541 17.002069 31.084589
v -29.851540 17.002069 33.504589
v -30.371540 17.002069 32.384590
v -30.371540 18.482071 32.384590
v -30.211540 19.882071 32.784588
v -29.711540 19.882071 33.724590
v -28.091541 17.002069 35.204590
v -29.131540 19.882071 34.404587
v -27.511539 19.882071 35.484589
v -26.671541 17.002069 35.764587
v -25.611540 19.882071 35.864590
v -24.531540 17.002069 35.744587
v -24.531540 18.482071 35.744587
v -24.131540 18.482071 36.424587
v -24.131540 17.002069 36.424587
v -23.591541 17.002069 36.244587
v -22.731541 17.002069 35.844589
v -22.731541 18.482071 35.844589
v -21.551540 17.002069 34.924587
v -21.551540 18.482071 34.924587
v -21.931541 18.482071 34.244587
v -23.111542 18.482071 35.204590
v -23.691540 19.882071 35.484589
v -22.091541 19.882071 34.404587
v -22.411541 19.882071 36.184589
v -21.511539 19.882071 33.724590
v -20.491539 19.882071 34.404587
v -22.391541 22.882071 36.084587
v -24.811541 22.882071 36.944588
v -23.731541 19.882071 36.784588
v -24.871540 19.882071 37.024590
v -27.391541 22.882071 36.744587
v -27.451540 19.882071 36.804588
v -27.711540 19.882071 36.704590
v -25.731541 19.882071 36.664589
v -20.451540 20.402071 34.364590
v -20.531540 22.882071 34.284588
v -20.571541 24.702070 34.264587
v -21.011539 19.882071 32.784588
v -20.971540 17.002069 32.684589
v -20.631540 17.002069 30.884592
v -21.931541 17.002069 34.244587
v -26.711540 17.002069 34.804588
v -25.611540 26.182070 34.864590
v -27.711540 26.182070 34.264587
v -24.611542 26.182070 32.064587
v -27.611540 26.182070 31.944590
v -27.611540 26.182070 29.824591
v -24.611542 26.182070 29.684591
v -21.931541 26.182070 29.364592
v -24.511539 26.182070 27.044590
v -27.711540 26.182070 27.504591
v -25.611540 26.182070 26.904591
v -22.791540 26.182070 28.064589
v -28.431540 26.182070 28.064589
v -29.291540 26.182070 29.364592
v -23.591541 17.002069 25.524590
v -21.551540 17.002069 26.844591
v -22.731541 17.002069 25.924591
v -24.131540 17.002069 25.344591
v -24.131540 18.482071 25.344591
v -24.531540 17.002069 26.024590
v -26.671541 17.002069 26.004591
v -28.091541 17.002069 26.564590
v -27.511539 19.882071 26.284590
v -29.131540 19.882071 27.364590
v -29.851540 17.002069 28.264589
v -29.391541 19.882071 27.644590
v -30.211540 19.882071 28.984591
v -30.371540 18.482071 29.384592
v -30.531540 18.482071 29.384592
v -30.531540 18.482071 30.084589
v -30.871540 19.882071 27.624590
v -30.011539 19.882071 26.524590
v -28.011539 19.882071 25.184591
v -29.191540 22.882071 25.924591
v -26.551540 22.882071 24.844591
v -25.651541 19.882071 24.684591
v -23.691540 22.882071 25.064590
v -26.391541 25.862070 24.904591
v -29.071541 25.862070 25.924591
v -27.911541 27.062071 25.324591
v -29.851540 27.062071 26.644590
v -30.951540 25.862070 28.084589
v -31.151541 27.062071 28.584589
v -31.051540 22.882071 28.104589
v -31.331541 19.882071 28.524591
v -30.971540 27.242071 28.304590
v -31.571541 27.242071 30.884592
v -30.991541 27.362070 28.644590
v -29.731541 27.362070 26.764591
v -29.311541 27.242071 26.224590
v -27.831541 27.362070 25.504591
v -26.931540 27.242071 25.084591
v -25.611540 27.062071 24.884590
v -24.291540 27.242071 25.084591
v -23.311541 27.062071 25.324591
v -23.531540 25.862070 25.204590
v -21.351540 27.062071 26.644590
v -21.151541 25.862070 26.824591
v -21.291540 23.962070 26.584591
v -21.211540 24.402071 26.684591
v -20.051540 27.062071 28.584589
v -19.591541 27.062071 30.884592
v -19.651541 27.242071 30.884592
v -20.231541 27.242071 28.304590
v -19.791540 27.362070 30.884592
v -20.231541 27.362070 33.104588
v -20.231541 27.242071 33.464588
v -21.491539 27.362070 35.004589
v -21.891541 27.242071 35.544590
v -20.051540 27.062071 33.184589
v -19.611542 26.222071 31.464590
v -19.691540 26.222071 32.044590
v -19.311541 26.122070 32.364590
v -19.731541 26.182070 32.224590
v -19.771542 26.122070 32.404587
v -18.831539 26.122070 32.304588
v -23.371540 27.362070 36.264587
v -24.291540 27.242071 36.684589
v -25.611540 27.362070 36.704590
v -26.931540 27.242071 36.684589
v -27.831541 27.362070 36.264587
v -29.311541 27.242071 35.544590
v -29.731541 27.362070 35.004589
v -30.971540 27.242071 33.464588
v -30.991541 27.362070 33.104588
v -31.431540 27.362070 30.884592
v -30.391541 27.922070 30.884592
v -30.031540 27.922070 29.044592
v -29.711540 28.022070 29.184591
v -28.751541 28.022070 27.744589
v -28.991541 27.922070 27.504591
v -27.291540 28.022070 26.784590
v -27.431540 27.922070 26.464590
v -25.611540 28.022070 26.444590
v -25.611540 27.922070 26.084591
v -25.611540 27.362070 25.064590
v -23.771542 27.922070 26.464590
v -23.371540 27.362070 25.504591
v -22.211540 27.922070 27.504591
v -21.491539 27.362070 26.764591
v -21.171539 27.922070 29.044592
v -20.231541 27.362070 28.644590
v -20.811541 27.922070 30.884592
v -21.171539 27.922070 32.724590
v -21.511539 28.022070 32.584587
v -22.471540 28.022070 34.024590
v -22.211540 27.922070 34.264587
v -24.031540 28.022070 35.024590
v -23.771542 27.922070 35.304588
v -25.611540 28.022070 35.324589
v -25.611540 27.922070 35.664589
v -27.291540 28.022070 34.984589
v -27.431540 27.922070 35.304588
v -28.751541 28.022070 34.024590
v -28.991541 27.922070 34.264587
v -30.031540 27.922070 32.724590
v -29.711540 28.022070 32.584587
v -30.031540 28.022070 30.884592
v -30.231541 28.002069 30.884592
v -27.151541 28.022070 29.624590
v -24.171539 28.022070 29.604589
v -24.031540 28.022070 26.744591
v -22.471540 28.022070 27.744589
v -21.511539 28.022070 29.184591
v -21.171539 28.022070 30.884592
v -20.991539 28.002069 30.884592
v -24.171539 28.022070 32.164589
v -27.151541 28.022070 32.144588
v -21.891541 27.242071 26.224590
v -18.391541 26.122070 32.264587
v -17.991539 26.122070 32.224590
v -17.611542 26.122070 32.204590
v -17.271542 26.122070 32.164589
v -16.951540 26.122070 32.124588
v -16.651541 26.122070 32.104588
v -16.371540 26.122070 32.084587
v -16.111540 26.122070 32.044590
v -15.871540 26.122070 32.024590
v -15.651541 26.122070 32.004589
v -15.451540 26.122070 31.984591
v -15.251540 26.122070 31.984591
v -15.091540 26.122070 31.964590
v -14.911541 26.122070 31.944590
v -14.771540 26.122070 31.924589
v -14.631540 26.122070 31.924589
v -14.471540 26.122070 31.904589
v -14.331540 26.122070 31.884592
v -14.191540 26.122070 31.884592
v -14.051540 26.122070 31.864592
v -13.891541 26.122070 31.844591
v -13.751540 26.122070 31.844591
v -13.611540 26.122070 31.824591
v -13.471540 26.122070 31.804590
v -13.331540 26.122070 31.804590
v -13.191540 26.122070 31.784590
v -13.031540 26.122070 31.784590
v -12.891541 26.122070 31.764589
v -12.751540 26.122070 31.744589
v -12.591540 26.122070 31.744589
v -12.431540 26.122070 31.724592
v -12.271541 26.122070 31.704592
v -12.091540 26.122070 31.704592
v -11.911540 26.122070 31.684591
v -11.751540 26.122070 31.684591
v -11.591540 26.122070 31.664591
v -11.451540 26.122070 31.644590
v -11.291540 26.122070 31.644590
v -11.151541 26.122070 31.644590
v -11.011540 26.122070 31.624590
v -10.871540 26.122070 31.624590
v -10.731541 26.122070 31.604589
v -10.591540 26.122070 31.604589
v -10.451540 26.122070 31.604589
v -10.331540 26.122070 31.604589
v -10.211540 26.122070 31.584589
v -10.111540 26.122070 31.584589
v -10.011540 26.122070 31.584589
v -9.911540 26.122070 31.584589
v -9.791541 26.122070 31.584589
v -9.691543 26.122070 31.584589
v -9.591542 26.122070 31.584589
v -9.491543 26.122070 31.584589
v -9.391542 26.122070 31.584589
v -9.291542 26.122070 31.584589
v -9.091540 26.122070 31.584589
v -8.911541 26.122070 31.584589
v -8.711541 26.122070 31.604589
v -8.611542 26.122070 31.604589
v -8.511541 26.122070 31.604589
v -8.411541 26.122070 31.604589
v -8.311542 26.122070 31.624590
v -8.191542 26.122070 31.624590
v -8.071541 26.122070 31.644590
v -7.951540 26.122070 31.644590
v -7.811541 26.122070 31.664591
v -7.691540 26.122070 31.664591
v -7.571540 26.122070 31.684591
v -7.471540 26.122070 31.684591
v -7.191540 26.122070 31.724592
v -7.011540 26.122070 31.744589
v -6.851541 26.122070 31.744589
v -6.671540 26.122070 31.764589
v -6.491540 26.122070 31.804590
v -6.291540 26.122070 31.824591
v -6.171540 26.122070 31.824591
v -6.051540 26.122070 31.844591
v -5.911540 26.122070 31.864592
v -5.771541 26.122070 31.884592
v -5.611540 26.122070 31.904589
v -5.451540 26.122070 31.924589
v -5.291540 26.122070 31.944590
v -5.131540 26.122070 31.964590
v -4.951540 26.122070 31.984591
v -4.791540 26.122070 32.004589
v -14.251540 20.942070 27.384590
v -14.191540 20.942070 28.564589
v -13.111540 20.942070 27.284590
v -13.291540 23.782070 27.504591
v -13.211540 23.722071 27.424591
v -13.171540 23.642071 27.364590
v -13.131540 23.482071 27.324591
v -12.791540 23.482071 27.304590
v -12.791540 20.942070 27.244591
v -12.471540 20.942070 27.224590
v -12.471540 23.482071 27.264591
v -12.451540 23.642071 27.304590
v -11.531540 20.942070 28.564589
v -12.351541 23.782070 27.424591
v -12.811541 23.782070 27.464590
v -14.291540 24.682070 31.864592
v -12.011540 24.682070 31.664591
v -10.731541 24.642071 29.784590
v -10.831540 20.942070 29.584589
v -9.491543 24.682070 31.564589
v -9.991541 24.682070 31.564589
v -10.671540 24.682070 31.584589
v -15.091540 24.562071 29.684591
v -16.131540 24.622070 30.904589
v -16.091541 24.622070 30.864592
v -15.331540 20.942070 29.904589
v -15.231541 20.942070 28.564589
v -16.451540 20.942070 30.004591
v -16.311541 24.562071 29.804590
v -17.331539 24.722071 31.004591
v -18.711540 24.682070 32.284588
v -17.151541 24.682070 32.124588
v -10.571541 20.942070 28.564589
v -11.551540 20.942070 27.144590
v -11.371540 23.782070 27.364590
v -11.471540 23.642071 27.244591
v -11.531540 22.222071 27.164591
v -11.491541 23.482071 27.204590
v -10.351541 23.482071 27.124590
v -10.651541 20.942070 27.104591
v -9.771541 20.942070 27.064590
v -9.911540 23.482071 27.104591
v -9.531542 23.482071 27.104591
v -8.711541 23.482071 27.144590
v -8.191542 23.482071 27.184591
v -7.591540 23.482071 27.264591
v -7.051540 20.942070 27.284590
v -6.031540 20.942070 27.444590
v -6.471540 23.482071 27.424591
v -5.351541 23.502069 27.604589
v -4.011540 23.502069 27.804590
v -4.991540 20.942070 27.604589
v -3.991540 22.222071 27.784590
v -3.971540 20.942070 27.764589
v -7.991540 20.942070 27.164591
v -8.871541 20.942070 27.084591
v -9.911540 23.782070 27.284590
v -10.291540 23.782070 27.304590
v -14.271540 22.202070 27.404591
v -14.311541 23.482071 27.424591
v -3.051540 20.942070 27.924589
v -2.731540 20.942070 27.964590
v -2.411541 20.942070 28.024591
v -2.731540 23.502069 28.004591
v -2.391541 23.502069 28.064589
v -2.371541 23.662071 28.124590
v -3.051540 23.502069 27.964590
v -3.091540 23.662071 28.004591
v -2.731540 23.782070 28.184591
v -2.271540 23.802071 28.264589
v -2.331540 23.742071 28.164591
v -2.031540 20.942070 28.564589
v -0.771541 24.562071 30.404589
v -0.631540 20.942070 30.544592
v 0.448460 20.942070 30.704592
v -1.051540 20.942070 28.564589
v 0.388459 24.562071 30.544592
v -1.111541 23.802071 28.444590
v 0.028460 23.802071 28.624590
v 1.848459 23.802071 28.904589
v 2.948460 23.802071 29.084589
v 2.528460 24.702070 32.864590
v 3.088460 24.702070 32.944588
v 5.948460 23.822071 29.544592
v 4.608459 24.562071 31.144590
v 4.488460 20.942070 31.324591
v 5.348459 20.942070 31.564589
v 6.128460 20.942070 29.364592
v 5.428460 20.942070 31.464590
v 4.108459 24.702070 33.064587
v 5.608459 24.562071 31.264589
v 7.048460 20.942070 29.524591
v 6.928459 23.822071 29.704592
v 7.368460 23.822071 29.784590
v 7.008459 23.682070 29.604589
v 7.808460 23.822071 29.844591
v 7.048460 24.702070 33.424587
v 6.848459 24.582071 33.624588
v 9.828459 24.582071 33.984589
v 7.988461 24.702070 33.544590
v 9.948460 24.702070 33.784588
v 10.728460 24.662071 34.004589
v 10.808460 24.582071 34.124588
v 10.868460 24.362070 34.204590
v 9.948460 24.362070 34.104588
v 8.088459 24.362070 33.864590
v 6.888460 24.362070 33.724590
v 3.928460 24.582071 33.284588
v 4.008460 24.662071 33.184589
v 3.868460 24.362070 33.344589
v 6.248460 24.362070 33.644588
v 10.908459 22.642071 34.244587
v 10.628460 24.702070 33.864590
v 9.328459 20.942070 31.944590
v 10.028460 20.942070 31.564589
v 10.328459 24.562071 31.924589
v 8.988461 23.822071 30.024591
v 11.468460 23.822071 30.424589
v 8.788460 20.942070 29.784590
v 8.808460 22.242071 29.824591
v 11.168459 20.942070 30.164591
v 8.848459 23.542070 29.844591
v 11.448460 23.542070 30.264589
v 13.548460 20.942070 30.544592
v 14.588459 23.542070 30.744589
v 15.668459 23.542070 30.884592
v 15.708460 22.242071 30.864592
v 16.168459 20.942070 31.564589
v 13.588459 20.942070 30.404589
v 15.428459 20.942070 29.304590
v 16.968460 20.902071 29.424589
v 13.808460 20.942070 29.064589
v 13.688459 20.942070 29.804590
v 8.188459 20.942070 28.564589
v 7.688459 20.942070 29.624590
v 5.788460 20.942070 28.564589
v 4.288460 20.942070 29.084589
v 3.408460 20.942070 28.564589
v 2.448460 20.942070 28.784590
v 1.028460 20.942070 28.564589
v 0.568460 20.942070 28.484591
v 0.028460 23.502069 28.444590
v 1.788460 23.522070 28.724592
v 0.148459 23.682070 28.524591
v 2.948460 23.522070 28.924589
v 3.108459 23.682070 28.984591
v 6.028460 23.682070 29.444590
v 6.068460 23.522070 29.404589
v 4.428460 23.522070 29.144590
v -1.211540 23.662071 28.304590
v -1.231540 23.502069 28.244589
v -1.271540 22.222071 28.224592
v -1.311540 20.942070 28.184591
v -1.171540 23.742071 28.364592
v 7.368460 23.522070 29.604589
v 7.688459 23.542070 29.664591
v 7.728460 23.682070 29.704592
v 7.048460 23.522070 29.564589
v 9.048460 20.942070 31.564589
v 9.148460 24.562071 31.764589
v 10.448460 24.762070 28.984591
v 9.408459 26.222071 33.364590
v 9.048460 26.222071 33.304588
v 19.528460 24.602070 29.704592
v 21.428459 24.402071 29.144590
v 23.048458 24.122070 28.324591
v 23.548458 23.782070 27.684591
v 24.528461 22.942070 26.744591
v 25.568459 23.102070 26.184591
v 26.648460 22.122070 25.044590
v 25.368458 19.282070 26.024590
v 27.768459 21.582071 24.044590
v 27.408459 22.242071 24.584591
v 29.168461 21.242071 22.924591
v 28.968460 20.922070 22.924591
v 30.168461 20.402071 21.784590
v 31.388458 20.242071 20.584591
v 32.388458 20.242071 19.604591
v 31.488461 20.582071 20.704590
v 32.568459 20.582071 19.644590
v 33.768459 20.242071 18.244591
v 34.528461 19.282070 17.464590
v 34.528461 20.242071 17.484591
v 36.708458 20.242071 15.324591
v 36.688461 19.282070 15.304590
v 34.908459 17.842070 17.124590
v 34.068459 17.842070 17.964590
v 34.888458 17.842070 19.164591
v 37.108459 17.842070 17.204590
v 36.708458 17.842070 15.344591
v 36.928459 17.842070 15.144590
v 37.108459 17.842070 15.004591
v 37.448460 17.842070 16.424591
v 37.608459 17.042070 16.244591
v 38.288460 17.042070 16.924591
v 38.808460 17.042070 16.704590
v 38.308460 19.142071 16.924591
v 38.808460 19.142071 16.724590
v 39.308460 17.042070 16.924591
v 39.288460 19.142071 16.924591
v 39.508461 17.042070 17.424591
v 39.508461 19.142071 17.424591
v 39.308460 21.522070 16.924591
v 39.528461 21.522070 17.424591
v 39.988461 21.522070 16.244591
v 38.808460 21.522070 16.704590
v 37.608459 21.522070 16.244591
v 38.808460 21.522070 15.744591
v 37.688461 20.722071 16.164591
v 38.548458 20.722071 15.764591
v 38.908459 20.682070 15.744591
v 37.988461 20.722071 15.364590
v 38.188461 20.582071 15.084591
v 39.268459 20.562071 15.804590
v 39.768459 20.422070 16.044590
v 39.788460 20.242071 16.024590
v 40.288460 20.422070 16.644590
v 40.328461 20.242071 16.624590
v 39.808460 19.282070 16.004591
v 38.288460 19.282070 14.924591
v 38.288460 18.522070 14.964590
v 38.288460 17.842070 14.984591
v 37.728458 17.842070 14.804590
v 37.168461 18.522070 14.944590
v 37.168461 19.282070 14.924591
v 37.728458 19.282070 14.764591
v 38.288460 19.762070 14.944590
v 38.288460 20.242071 14.964590
v 37.728458 20.242071 14.784590
v 37.708458 20.582071 14.924591
v 37.248459 20.582071 15.064590
v 37.428459 20.722071 15.364590
v 37.708458 20.722071 15.284590
v 37.228458 20.722071 15.504591
v 37.048458 20.722071 15.664591
v 36.808460 20.582071 15.424591
v 34.888458 20.722071 17.844591
v 37.528461 20.722071 16.324591
v 37.128460 20.722071 17.424591
v 37.128460 21.522070 17.424591
v 38.288460 21.522070 16.924591
v 37.248459 20.722071 18.084591
v 34.688461 20.722071 18.044590
v 37.628460 20.722071 18.624590
v 34.128460 20.722071 18.584591
v 32.728458 20.722071 19.964590
v 34.688461 20.582071 17.544590
v 36.908459 20.242071 15.124590
v 37.148460 20.242071 14.944590
v 36.928459 19.282070 15.104591
v 37.168461 19.762070 14.924591
v 39.708458 17.842070 16.004591
v 38.908459 17.842070 15.744591
v 38.088459 17.842070 15.904591
v 38.808460 17.042070 15.744591
v 39.988461 17.042070 16.244591
v 40.128460 17.842070 16.404591
v 40.268459 17.842070 16.604591
v 40.508461 17.842070 17.424591
v 40.468460 17.042070 17.424591
v 40.508461 17.842070 19.524590
v 40.528461 18.562071 19.524590
v 40.548458 19.282070 17.424591
v 40.428459 17.842070 19.884590
v 39.308460 17.042070 17.924591
v 39.288460 19.142071 17.924591
v 40.348461 19.282070 16.624590
v 40.528461 20.242071 17.424591
v 40.488461 20.422070 17.424591
v 40.388458 20.562071 17.984591
v 40.228458 20.682070 18.304590
v 40.028461 20.722071 18.584591
v 40.468460 21.522070 17.424591
v 39.308460 21.522070 17.924591
v 30.588459 20.902071 22.064590
v 31.128460 21.482071 24.864590
v 29.468460 21.402071 23.144590
v 28.268459 22.082071 24.264591
v 27.128460 22.682070 25.284590
v 24.968460 23.582071 27.044590
v 23.328461 23.682070 31.664591
v 24.228458 23.402071 31.024591
v 24.408459 22.762070 28.964590
v 24.848461 22.622070 28.664591
v 25.328461 22.462070 28.344591
v 26.968460 22.722071 30.944590
v 27.048458 22.282070 28.804590
v 27.408459 22.542070 30.564589
v 28.848461 21.862070 29.284590
v 29.008461 21.782070 29.324591
v 29.128460 21.682070 29.364592
v 28.028461 19.282070 29.044592
v 26.968460 19.422070 28.764589
v 27.728458 19.182070 28.144590
v 26.188461 22.122070 27.704592
v 25.948460 22.042070 27.644590
v 25.848461 21.842070 27.604589
v 27.708458 20.902071 26.064590
v 27.768459 18.742071 25.964590
v 27.768459 19.142071 25.984591
v 27.928459 20.782070 25.884590
v 28.088459 20.982071 25.864590
v 30.048458 19.702070 24.004591
v 30.068459 19.902071 24.184591
v 28.248459 21.102070 26.024590
v 27.948460 21.262070 26.264591
v 27.748459 21.902071 28.124590
v 29.568459 21.462070 28.604589
v 29.728458 21.402071 28.644590
v 29.968460 21.242071 28.224592
v 30.408459 21.002069 28.044592
v 30.388458 21.002069 27.844591
v 30.408459 20.902071 28.204592
v 30.448460 19.142071 28.284590
v 30.428459 20.742071 28.264589
v 30.188461 20.882071 28.484591
v 29.948460 21.022070 28.704592
v 29.848461 21.282070 28.684591
v 30.348461 19.142071 28.384592
v 30.248459 18.302071 26.144590
v 31.188461 18.382071 27.584589
v 30.228458 18.242071 25.784590
v 30.988461 18.102070 25.424591
v 31.188461 19.142071 27.544592
v 32.048458 19.142071 26.684591
v 32.788460 17.982071 25.964590
v 34.408459 17.842070 24.304590
v 34.868458 17.842070 24.804590
v 35.108459 17.842070 25.044590
v 32.128460 19.682070 26.604591
v 31.188461 20.282070 27.524591
v 30.968460 18.062071 25.064590
v 31.008461 20.022070 25.324591
v 30.788460 17.922070 23.184591
v 30.828461 19.382071 23.444590
v 30.828461 19.242071 23.304590
v 30.808460 18.962070 23.204590
v 31.168461 19.042070 23.004591
v 30.928459 18.882071 23.084591
v 31.048458 18.802071 22.964590
v 31.348461 18.942070 22.724590
v 31.508461 19.082071 22.724590
v 31.788460 19.142071 22.724590
v 31.568459 19.142071 22.944590
v 31.288460 18.802071 22.724590
v 31.168461 18.802071 22.844591
v 31.268459 18.342070 22.724590
v 31.268459 17.842070 22.724590
v 31.028461 17.902071 22.964590
v 31.608459 17.842070 21.404591
v 30.048458 18.042070 23.884590
v 30.048458 18.582071 23.904591
v 30.048458 19.142071 23.904591
v 28.928459 19.142071 24.944590
v 29.928459 19.542070 24.024590
v 30.048458 19.482071 23.924591
v 28.908459 18.342070 24.944590
v 30.228458 20.542070 26.104591
v 30.088459 19.982071 24.364590
v 28.968460 20.682070 25.384590
v 25.088459 22.382071 28.284590
v 24.428459 22.682070 28.824591
v 24.428459 22.582071 28.704592
v 24.448460 22.362070 28.624590
v 24.708458 22.282070 28.444590
v 24.988461 22.182070 28.244589
v 32.508461 17.842070 21.524590
v 32.108459 18.322071 21.924591
v 15.248459 24.562071 32.704590
v 11.788460 26.222071 33.644588
v 39.048458 18.922070 19.124590

f 1 2 3
f 4 1 3
f 4 3 5
f 6 4 5
f 6 5 7
f 7 8 6
f 9 6 8
f 9 8 10
f 9 10 11
f 12 9 11
f 13 12 11
f 13 11 14
f 13 14 15
f 13 15 16
f 13 16 17
f 18 13 17
f 18 17 19
f 18 19 20
f 18 20 21
f 18 21 22
f 23 18 22
f 23 22 24
f 25 23 24
f 25 24 26
f 25 26 27
f 25 27 28
f 29 25 28
f 29 28 30
f 31 29 30
f 31 30 32
f 31 32 33
f 31 33 34
f 35 31 34
f 35 34 36
f 37 35 36
f 37 36 38
f 39 37 38
f 39 38 40
f 41 39 40
f 41 40 42
f 43 41 42
f 43 42 44
f 45 43 44
f 45 44 46
f 47 45 46
f 47 46 48
f 47 48 49
f 50 47 49
f 50 49 51
f 52 50 51
f 52 51 53
f 52 53 54
f 52 54 55
f 52 55 56
f 52 56 57
f 52 57 58
f 59 58 57
f 60 59 57
f 59 60 61
f 59 61 62
f 62 63 59
f 63 64 59
f 65 64 63
f 65 63 66
f 66 67 65
f 67 68 65
f 68 69 65
f 69 70 65
f 65 70 71
f 70 72 71
f 71 72 73
f 71 73 74
f 64 71 74
f 64 74 58
f 47 58 74
f 47 74 73
f 72 75 73
f 45 73 75
f 72 76 75
f 76 77 75
f 43 75 77
f 43 77 78
f 79 78 77
f 79 80 78
f 80 81 78
f 41 78 81
f 80 82 81
f 82 83 81
f 39 81 83
f 39 83 84
f 85 84 83
f 85 86 84
f 87 84 86
f 88 87 86
f 88 86 89
f 90 88 89
f 90 89 91
f 92 90 91
f 92 91 93
f 94 92 93
f 94 93 95
f 96 94 95
f 97 96 95
f 97 95 9
f 98 97 9
f 99 98 9
f 18 98 99
f 23 97 98
f 9 95 100
f 9 100 101
f 102 101 100
f 102 100 103
f 103 104 102
f 102 104 2
f 104 105 2
f 106 2 105
f 107 106 105
f 107 108 106
f 108 109 106
f 106 109 110
f 106 110 3
f 110 111 3
f 3 111 112
f 112 111 113
f 112 113 5
f 5 113 114
f 115 114 113
f 116 115 113
f 117 116 113
f 118 116 117
f 118 117 109
f 118 109 119
f 118 119 120
f 118 120 121
f 118 121 122
f 118 122 123
f 118 123 124
f 118 124 125
f 126 125 124
f 126 124 127
f 126 127 128
f 126 128 129
f 128 130 129
f 130 131 129
f 129 131 132
f 129 132 133
f 125 129 133
f 125 133 115
f 133 134 115
f 134 135 115
f 135 136 115
f 137 136 135
f 138 137 135
f 138 135 139
f 138 139 140
f 141 138 140
f 141 140 142
f 142 143 141
f 141 143 144
f 145 144 143
f 143 146 145
f 147 145 146
f 147 146 148
f 20 147 148
f 148 149 20
f 150 149 148
f 149 150 151
f 151 152 149
f 149 152 26
f 152 151 153
f 153 154 152
f 155 152 154
f 156 155 154
f 156 154 157
f 156 157 158
f 158 157 159
f 158 159 160
f 158 160 161
f 158 161 155
f 162 161 160
f 162 160 33
f 33 160 163
f 33 163 164
f 163 160 164
f 162 165 161
f 165 152 161
f 166 152 165
f 167 152 166
f 162 167 166
f 162 30 167
f 152 167 27
f 162 166 165
f 160 159 164
f 164 159 168
f 164 168 169
f 34 164 169
f 169 168 170
f 169 170 171
f 36 169 171
f 171 170 172
f 171 172 173
f 38 171 173
f 173 172 174
f 173 174 175
f 40 173 175
f 40 175 176
f 175 177 176
f 176 177 178
f 176 178 179
f 42 176 179
f 179 178 180
f 179 180 181
f 44 179 181
f 181 180 182
f 181 182 183
f 46 181 183
f 183 182 184
f 183 184 185
f 48 183 185
f 48 185 186
f 185 187 186
f 188 186 187
f 188 187 189
f 190 189 187
f 190 187 191
f 190 191 192
f 190 192 193
f 190 193 194
f 190 194 195
f 190 195 196
f 190 196 197
f 198 197 196
f 198 196 199
f 198 199 49
f 200 198 49
f 201 200 49
f 186 201 49
f 186 189 201
f 201 189 200
f 200 189 197
f 199 202 49
f 202 203 49
f 203 204 49
f 203 205 204
f 204 205 206
f 204 206 207
f 204 207 51
f 208 51 207
f 207 209 208
f 208 209 210
f 208 210 211
f 211 210 212
f 211 212 213
f 211 213 51
f 213 212 214
f 213 214 215
f 213 215 53
f 215 216 53
f 216 217 53
f 217 218 53
f 217 219 218
f 218 219 220
f 218 220 221
f 218 221 54
f 221 222 54
f 222 223 54
f 223 224 54
f 223 225 224
f 225 226 224
f 226 227 224
f 55 224 227
f 55 227 228
f 55 228 229
f 55 229 230
f 231 230 229
f 232 231 229
f 232 229 233
f 234 232 233
f 234 233 235
f 236 234 235
f 236 235 237
f 238 236 237
f 239 238 237
f 239 237 240
f 241 239 240
f 241 240 242
f 243 241 242
f 243 242 244
f 245 243 244
f 245 244 246
f 247 245 246
f 247 246 248
f 249 247 248
f 249 248 250
f 251 249 250
f 251 250 252
f 253 251 252
f 254 253 252
f 254 252 255
f 256 254 255
f 256 255 257
f 258 256 257
f 258 257 259
f 260 258 259
f 260 259 261
f 262 260 261
f 262 261 263
f 264 262 263
f 265 264 263
f 265 263 266
f 267 265 266
f 267 266 268
f 269 267 268
f 270 269 268
f 270 268 271
f 272 270 271
f 272 271 273
f 272 273 274
f 275 272 274
f 275 274 276
f 277 275 276
f 277 276 278
f 279 277 278
f 279 278 280
f 279 280 281
f 282 279 281
f 282 281 283
f 284 282 283
f 284 283 285
f 286 284 285
f 286 285 287
f 288 286 287
f 288 287 289
f 290 288 289
f 290 289 291
f 292 290 291
f 292 291 293
f 294 292 293
f 294 293 295
f 294 295 296
f 297 294 296
f 297 296 298
f 299 297 298
f 299 298 300
f 299 300 301
f 302 299 301
f 301 303 302
f 304 302 303
f 305 304 303
f 306 305 303
f 307 305 306
f 306 308 307
f 309 307 308
f 309 308 310
f 311 309 310
f 311 310 312
f 313 311 312
f 313 312 314
f 315 313 314
f 316 315 314
f 316 314 317
f 317 318 316
f 316 318 319
f 316 319 320
f 319 321 320
f 320 321 322
f 315 320 322
f 322 323 315
f 322 324 323
f 325 323 324
f 325 324 326
f 325 326 327
f 325 327 328
f 328 327 329
f 330 328 329
f 329 331 330
f 332 330 331
f 332 331 333
f 332 333 334
f 334 333 335
f 334 335 336
f 337 334 336
f 337 336 338
f 337 338 339
f 337 339 340
f 337 340 341
f 342 337 341
f 342 341 343
f 342 343 344
f 342 344 345
f 342 345 346
f 342 346 347
f 348 342 347
f 348 347 330
f 348 330 334
f 349 348 334
f 350 330 347
f 351 350 347
f 351 352 350
f 351 353 352
f 353 354 352
f 354 328 352
f 354 323 328
f 323 354 313
f 354 353 309
f 353 351 307
f 307 351 346
f 350 352 330
f 349 342 348
f 351 347 346
f 307 346 345
f 355 307 345
f 356 355 345
f 356 304 355
f 355 304 307
f 344 356 345
f 357 356 344
f 357 344 358
f 357 358 359
f 359 358 360
f 359 360 361
f 359 361 362
f 359 362 363
f 359 363 364
f 356 359 364
f 356 364 302
f 365 302 364
f 365 364 366
f 365 366 367
f 299 367 366
f 299 366 368
f 363 368 366
f 363 369 368
f 361 368 369
f 365 367 302
f 363 366 364
f 363 362 369
f 361 369 362
f 361 360 368
f 360 370 368
f 370 371 368
f 297 368 371
f 371 372 297
f 371 373 372
f 374 372 373
f 374 373 375
f 374 375 376
f 377 376 375
f 378 377 375
f 379 377 378
f 379 378 380
f 379 380 381
f 379 381 382
f 383 379 382
f 383 382 384
f 383 384 385
f 383 385 386
f 383 386 387
f 383 387 388
f 383 388 389
f 389 388 390
f 389 390 391
f 392 389 391
f 393 392 391
f 393 391 376
f 288 376 391
f 379 392 393
f 379 389 392
f 282 391 390
f 388 394 390
f 275 390 394
f 388 387 394
f 387 386 394
f 386 395 394
f 395 396 394
f 270 394 396
f 385 396 395
f 385 395 386
f 385 384 396
f 384 397 396
f 397 398 396
f 267 396 398
f 398 397 399
f 400 398 399
f 400 399 401
f 400 401 402
f 400 402 403
f 400 403 404
f 403 405 404
f 405 406 404
f 407 404 406
f 407 406 408
f 407 408 409
f 410 407 409
f 410 409 411
f 412 410 411
f 412 411 413
f 412 413 414
f 412 414 398
f 415 412 398
f 415 398 404
f 416 398 414
f 416 417 398
f 398 417 265
f 413 417 416
f 413 418 417
f 417 418 264
f 413 416 414
f 413 411 418
f 415 410 412
f 411 409 418
f 418 409 262
f 415 407 410
f 408 419 409
f 260 409 419
f 420 419 408
f 421 420 408
f 422 421 408
f 423 422 408
f 424 422 423
f 425 424 423
f 425 423 405
f 425 426 424
f 424 426 427
f 424 427 428
f 424 428 421
f 427 429 428
f 428 429 420
f 420 429 430
f 431 430 429
f 429 432 431
f 433 431 432
f 433 432 434
f 433 434 435
f 433 435 436
f 437 436 435
f 437 435 438
f 439 437 438
f 439 438 440
f 439 440 441
f 439 441 442
f 439 442 443
f 439 443 444
f 439 444 445
f 445 444 446
f 447 445 446
f 447 446 448
f 449 447 448
f 450 449 448
f 450 448 451
f 452 450 451
f 453 452 451
f 453 451 454
f 453 454 455
f 456 453 455
f 456 455 457
f 458 456 457
f 458 457 436
f 436 457 431
f 437 456 458
f 437 450 456
f 459 457 455
f 459 460 457
f 419 457 460
f 419 460 258
f 457 419 430
f 459 454 460
f 460 454 256
f 459 455 454
f 454 451 253
f 456 452 453
f 456 450 452
f 451 448 249
f 437 449 450
f 437 447 449
f 448 446 245
f 437 445 447
f 444 461 446
f 461 462 446
f 446 462 241
f 443 462 461
f 443 461 444
f 443 442 462
f 442 463 462
f 463 464 462
f 464 465 462
f 466 462 465
f 467 466 465
f 468 467 465
f 469 468 465
f 469 465 470
f 469 470 471
f 469 471 472
f 472 471 473
f 472 473 474
f 468 472 474
f 468 474 475
f 475 474 473
f 475 473 466
f 466 473 238
f 476 238 473
f 476 473 477
f 477 478 476
f 479 476 478
f 478 480 479
f 480 481 479
f 482 479 481
f 481 483 482
f 484 482 483
f 483 485 484
f 485 486 484
f 486 487 484
f 487 488 484
f 60 484 488
f 60 489 484
f 489 60 56
f 489 56 230
f 488 487 490
f 62 488 490
f 491 490 487
f 492 491 487
f 492 487 493
f 494 492 493
f 494 493 495
f 494 495 496
f 494 496 497
f 498 494 497
f 498 497 499
f 498 499 491
f 491 499 500
f 501 491 500
f 502 501 500
f 502 491 501
f 503 491 502
f 504 503 502
f 505 504 502
f 505 502 506
f 505 506 507
f 505 507 508
f 505 508 509
f 508 510 509
f 509 510 503
f 503 510 490
f 63 490 510
f 510 511 63
f 67 63 511
f 512 67 511
f 513 512 511
f 513 511 514
f 513 514 515
f 516 513 515
f 516 515 517
f 516 517 518
f 516 518 68
f 516 68 512
f 518 517 519
f 518 519 520
f 518 520 521
f 518 521 522
f 518 522 523
f 518 523 524
f 518 524 69
f 69 524 525
f 525 524 70
f 524 526 70
f 524 527 526
f 527 528 526
f 526 528 72
f 527 523 528
f 529 528 523
f 529 530 528
f 528 530 76
f 530 79 76
f 531 79 530
f 532 531 530
f 533 532 530
f 534 533 530
f 521 534 530
f 535 533 534
f 520 535 534
f 535 536 533
f 537 533 536
f 538 537 536
f 539 538 536
f 540 539 536
f 541 540 536
f 542 541 536
f 542 536 543
f 542 543 544
f 542 544 545
f 542 545 546
f 546 545 547
f 548 546 547
f 548 547 549
f 549 550 548
f 549 541 550
f 541 546 550
f 549 547 539
f 539 547 551
f 539 551 552
f 539 552 553
f 539 553 554
f 539 554 555
f 554 556 555
f 555 556 557
f 555 557 558
f 555 558 559
f 555 559 538
f 560 538 559
f 560 559 561
f 560 561 562
f 563 562 561
f 564 563 561
f 564 565 563
f 565 566 563
f 563 566 567
f 568 563 567
f 568 567 569
f 568 569 570
f 568 570 571
f 568 571 572
f 568 572 562
f 562 572 538
f 573 538 572
f 573 572 571
f 574 573 571
f 574 537 573
f 574 532 537
f 575 532 574
f 575 574 576
f 577 575 576
f 577 576 578
f 577 578 579
f 580 577 579
f 580 579 581
f 581 582 580
f 580 582 583
f 580 583 575
f 583 582 584
f 583 584 585
f 583 585 532
f 585 584 531
f 584 586 531
f 584 582 586
f 581 586 582
f 581 579 586
f 586 579 79
f 578 587 579
f 579 587 80
f 587 588 80
f 588 589 80
f 590 589 588
f 591 590 588
f 592 591 588
f 592 588 593
f 594 592 593
f 594 593 595
f 596 594 595
f 596 595 597
f 596 597 598
f 596 598 599
f 596 599 590
f 599 600 590
f 599 601 600
f 600 601 602
f 600 602 589
f 589 602 82
f 602 85 82
f 602 603 85
f 604 603 602
f 604 605 603
f 605 606 603
f 603 606 86
f 606 607 86
f 606 608 607
f 608 609 607
f 609 610 607
f 610 611 607
f 611 612 607
f 612 613 607
f 613 614 607
f 89 607 614
f 89 614 615
f 616 615 614
f 616 617 615
f 91 615 617
f 617 616 618
f 618 619 617
f 93 617 619
f 619 618 620
f 619 620 621
f 95 619 621
f 95 621 103
f 622 103 621
f 103 622 623
f 623 622 624
f 625 623 624
f 626 625 624
f 626 624 627
f 626 627 628
f 629 626 628
f 629 628 630
f 629 630 631
f 632 629 631
f 632 631 633
f 632 633 634
f 632 634 635
f 632 635 636
f 632 636 637
f 632 637 638
f 632 638 639
f 639 638 640
f 641 639 640
f 641 640 642
f 641 642 643
f 642 644 643
f 644 645 643
f 645 646 643
f 629 643 646
f 629 639 643
f 645 647 646
f 626 646 647
f 626 647 648
f 626 648 649
f 649 648 650
f 649 650 651
f 651 623 649
f 652 623 651
f 651 653 652
f 652 653 654
f 652 654 655
f 652 655 656
f 656 657 652
f 657 656 658
f 659 657 658
f 659 658 660
f 659 660 661
f 659 661 662
f 659 662 663
f 664 659 663
f 663 665 664
f 119 664 665
f 119 108 664
f 663 120 665
f 107 659 664
f 666 663 662
f 666 122 663
f 666 662 661
f 666 661 667
f 666 667 668
f 666 668 669
f 666 669 670
f 666 670 671
f 666 671 127
f 672 127 671
f 673 672 671
f 674 673 671
f 674 675 673
f 676 673 675
f 677 676 675
f 678 677 675
f 678 675 679
f 678 679 680
f 681 678 680
f 681 680 682
f 683 681 682
f 683 682 684
f 685 683 684
f 686 685 684
f 687 686 684
f 687 688 686
f 686 688 689
f 686 689 690
f 686 690 691
f 686 691 692
f 686 692 693
f 694 686 693
f 694 693 695
f 694 695 696
f 694 696 697
f 558 694 697
f 558 697 698
f 565 698 697
f 699 698 565
f 699 559 698
f 564 559 699
f 558 700 694
f 694 700 701
f 702 701 700
f 703 702 700
f 703 700 557
f 704 703 557
f 705 703 704
f 706 705 704
f 706 704 707
f 706 707 708
f 709 706 708
f 709 708 710
f 709 710 711
f 709 711 712
f 709 712 713
f 713 712 182
f 711 192 712
f 712 192 184
f 184 192 187
f 711 710 714
f 711 714 193
f 714 710 193
f 193 710 715
f 716 193 715
f 716 715 717
f 718 716 717
f 718 717 719
f 720 718 719
f 720 719 721
f 722 720 721
f 723 722 721
f 723 721 724
f 725 723 724
f 725 724 726
f 727 725 726
f 727 726 728
f 729 727 728
f 730 729 728
f 730 728 731
f 732 730 731
f 733 732 731
f 734 733 731
f 734 731 735
f 736 734 735
f 737 736 735
f 737 735 738
f 739 737 738
f 740 739 738
f 740 738 741
f 742 740 741
f 743 742 741
f 743 741 744
f 745 743 744
f 746 745 744
f 747 746 744
f 747 744 748
f 749 747 748
f 750 749 748
f 750 748 751
f 752 750 751
f 753 752 751
f 753 751 754
f 755 753 754
f 756 755 754
f 756 754 757
f 758 756 757
f 759 758 757
f 760 759 757
f 760 757 761
f 762 760 761
f 763 762 761
f 763 761 764
f 765 763 764
f 766 765 764
f 767 766 764
f 768 767 764
f 768 764 769
f 770 768 769
f 771 770 769
f 771 769 772
f 773 771 772
f 774 773 772
f 774 772 329
f 775 774 329
f 776 775 329
f 777 775 776
f 777 776 778
f 777 778 779
f 777 779 780
f 777 780 781
f 777 781 782
f 777 782 783
f 777 783 784
f 785 777 784
f 785 784 786
f 785 786 787
f 785 787 788
f 789 785 788
f 789 788 790
f 789 790 791
f 789 791 792
f 793 789 792
f 793 792 794
f 793 794 795
f 793 795 796
f 793 796 797
f 793 797 798
f 799 793 798
f 799 798 800
f 799 800 801
f 799 801 802
f 799 802 803
f 799 803 804
f 799 804 805
f 806 799 805
f 806 805 807
f 806 807 808
f 806 808 809
f 806 809 810
f 806 810 811
f 812 806 811
f 812 811 813
f 812 813 814
f 812 814 815
f 812 815 816
f 812 816 817
f 818 812 817
f 818 817 819
f 818 819 820
f 818 820 821
f 818 821 822
f 823 818 822
f 823 822 824
f 823 824 825
f 823 825 826
f 827 823 826
f 827 826 828
f 827 828 829
f 827 829 830
f 827 830 831
f 832 827 831
f 832 831 833
f 832 833 834
f 832 834 835
f 836 832 835
f 836 835 837
f 836 837 838
f 836 838 839
f 840 836 839
f 840 839 841
f 840 841 842
f 840 842 843
f 844 840 843
f 844 843 845
f 844 845 846
f 844 846 847
f 848 844 847
f 848 847 849
f 848 849 850
f 848 850 851
f 852 848 851
f 852 851 853
f 852 853 854
f 855 852 854
f 855 854 856
f 857 855 856
f 857 856 858
f 857 858 859
f 860 857 859
f 860 859 861
f 860 861 862
f 860 862 863
f 864 860 863
f 864 863 865
f 864 865 866
f 867 864 866
f 867 866 868
f 867 868 869
f 867 869 870
f 871 867 870
f 871 870 872
f 871 872 873
f 874 871 873
f 874 873 875
f 874 875 876
f 877 874 876
f 877 876 878
f 877 878 879
f 880 877 879
f 880 879 881
f 880 881 882
f 880 882 883
f 880 883 884
f 885 880 884
f 885 884 886
f 885 886 887
f 885 887 888
f 885 888 889
f 890 885 889
f 890 889 891
f 890 891 892
f 890 892 893
f 890 893 894
f 895 890 894
f 895 894 896
f 897 895 896
f 898 897 896
f 898 896 899
f 899 900 898
f 898 900 901
f 898 901 902
f 902 901 903
f 903 904 902
f 902 904 897
f 903 905 904
f 895 904 905
f 906 895 905
f 906 905 907
f 906 907 908
f 906 908 909
f 906 909 910
f 911 906 910
f 911 910 912
f 911 912 913
f 911 913 914
f 911 914 915
f 916 911 915
f 916 915 917
f 916 917 918
f 916 918 919
f 920 916 919
f 920 919 921
f 920 921 922
f 920 922 923
f 920 923 924
f 925 920 924
f 925 924 926
f 925 926 927
f 925 927 928
f 929 925 928
f 929 928 930
f 929 930 931
f 932 929 931
f 933 932 931
f 933 931 934
f 933 934 935
f 936 933 935
f 937 936 935
f 938 937 935
f 939 938 935
f 939 935 940
f 941 939 940
f 942 941 940
f 943 942 940
f 943 940 944
f 945 943 944
f 946 945 944
f 946 944 227
f 947 946 227
f 948 947 227
f 948 949 947
f 947 949 950
f 951 950 949
f 952 951 949
f 952 949 953
f 952 953 954
f 952 954 955
f 956 952 955
f 956 955 957
f 956 957 958
f 956 958 220
f 959 956 220
f 959 720 956
f 222 958 957
f 223 957 955
f 956 722 952
f 225 955 954
f 226 954 953
f 226 953 948
f 952 723 951
f 951 960 950
f 946 950 960
f 951 961 960
f 961 962 960
f 945 960 962
f 961 963 962
f 943 962 963
f 961 964 963
f 942 963 964
f 961 965 964
f 965 966 964
f 941 964 966
f 965 967 966
f 939 966 967
f 965 968 967
f 938 967 968
f 965 969 968
f 969 937 968
f 965 929 969
f 965 729 929
f 961 727 965
f 951 725 961
f 948 953 949
f 947 950 946
f 946 960 945
f 945 962 943
f 228 944 940
f 228 940 970
f 228 970 233
f 943 963 942
f 942 964 941
f 941 966 939
f 970 940 935
f 970 935 971
f 970 971 972
f 970 972 973
f 970 973 237
f 973 972 974
f 973 974 975
f 973 975 976
f 973 976 977
f 973 977 242
f 977 976 901
f 978 901 976
f 979 978 976
f 980 979 976
f 981 980 976
f 982 981 976
f 983 982 976
f 983 913 982
f 982 912 981
f 981 910 980
f 980 909 979
f 979 908 978
f 984 901 978
f 978 907 984
f 983 976 975
f 985 983 975
f 986 985 975
f 987 986 975
f 987 917 986
f 986 915 985
f 985 914 983
f 987 975 974
f 988 987 974
f 989 988 974
f 990 989 974
f 990 921 989
f 989 919 988
f 988 918 987
f 990 974 972
f 991 990 972
f 992 991 972
f 993 992 972
f 994 993 972
f 994 926 993
f 993 924 992
f 992 923 991
f 991 922 990
f 994 972 971
f 995 994 971
f 996 995 971
f 934 996 971
f 934 930 996
f 996 928 995
f 995 927 994
f 939 967 938
f 938 968 937
f 937 969 936
f 936 969 932
f 934 971 935
f 936 932 933
f 969 929 932
f 934 931 930
f 996 930 928
f 929 730 925
f 995 928 927
f 926 994 927
f 993 926 924
f 925 732 920
f 992 924 923
f 991 923 922
f 990 922 921
f 989 921 919
f 920 733 916
f 988 919 918
f 987 918 917
f 986 917 915
f 916 734 911
f 985 915 914
f 983 914 913
f 982 913 912
f 981 912 910
f 911 736 906
f 980 910 909
f 979 909 908
f 978 908 907
f 984 907 905
f 906 737 895
f 984 905 903
f 903 901 984
f 977 901 900
f 977 900 997
f 977 997 998
f 977 998 999
f 977 999 248
f 999 998 1000
f 999 1000 1001
f 999 1001 1002
f 999 1002 1003
f 999 1003 1004
f 999 1004 1005
f 999 1005 1006
f 999 1006 259
f 1006 1005 1007
f 1006 1007 1008
f 1006 1008 1009
f 1006 1009 1010
f 1006 1010 1011
f 1006 1011 1012
f 1006 1012 268
f 1012 1011 1013
f 1012 1013 1014
f 1012 1014 1015
f 1012 1015 1016
f 1012 1016 1017
f 1012 1017 1018
f 1012 1018 280
f 1018 1017 1019
f 1018 1019 1020
f 1018 1020 1021
f 1018 1021 1022
f 1018 1022 289
f 1022 1021 1023
f 1022 1023 1024
f 1022 1024 1025
f 1022 1025 296
f 1026 1025 1024
f 1026 1024 1027
f 1026 1027 1028
f 1026 1028 1029
f 1030 1026 1029
f 1030 1029 1031
f 1032 1030 1031
f 1032 1031 1033
f 1034 1032 1033
f 1034 1033 1035
f 1036 1034 1035
f 1036 1035 1037
f 1036 1037 1038
f 1036 1038 1039
f 1036 1039 1040
f 1036 1040 1041
f 1042 1041 1040
f 1043 1042 1040
f 1044 1043 1040
f 1044 1040 1045
f 1044 1045 1046
f 1044 1046 1047
f 1047 1048 1044
f 1048 1049 1044
f 1048 1050 1049
f 1051 1049 1050
f 1050 1052 1051
f 1053 1051 1052
f 1054 1053 1052
f 1052 1055 1054
f 1056 1054 1055
f 1055 1057 1056
f 1058 1056 1057
f 1058 1057 1059
f 1058 1059 1060
f 1058 1060 1061
f 1062 1061 1060
f 1063 1062 1060
f 1063 1060 1064
f 1065 1063 1064
f 1065 1064 1066
f 1065 1066 1067
f 1068 1065 1067
f 1068 1067 1069
f 1070 1068 1069
f 1070 1069 1071
f 1070 1071 1072
f 1073 1070 1072
f 1073 1072 1074
f 1075 1073 1074
f 1075 1074 1076
f 1075 1076 1077
f 1078 1075 1077
f 1078 1077 1079
f 1078 1079 1080
f 1078 1080 1081
f 1082 1078 1081
f 1082 1081 1083
f 1084 1082 1083
f 1084 1083 1085
f 1084 1085 1086
f 1084 1086 1087
f 1084 1087 1088
f 1084 1088 1089
f 1089 1088 1090
f 1089 1090 1091
f 1089 1091 1092
f 1089 1092 1082
f 1093 1092 1091
f 1091 1094 1093
f 1094 1095 1093
f 1093 1095 1073
f 1094 1096 1095
f 1095 1096 1097
f 1095 1097 1070
f 1096 1098 1097
f 1098 1099 1097
f 1097 1099 1068
f 1098 1100 1099
f 1100 1101 1099
f 1099 1101 1065
f 1102 1101 1100
f 1100 1103 1102
f 1102 1103 1104
f 1102 1104 1105
f 1102 1105 1106
f 1102 1106 1107
f 1106 1108 1107
f 1107 1108 1062
f 1108 1109 1062
f 1062 1109 1110
f 1062 1110 1111
f 1110 1112 1111
f 1112 1113 1111
f 1056 1111 1113
f 1056 1061 1111
f 1114 1113 1112
f 1114 1112 1115
f 1114 1115 1049
f 1049 1115 1043
f 1116 1043 1115
f 1116 1115 1112
f 1116 1112 1117
f 1118 1116 1117
f 1119 1118 1117
f 1119 1117 1120
f 1121 1119 1120
f 1121 1120 1122
f 1123 1121 1122
f 1124 1123 1122
f 1122 1125 1124
f 1124 1125 1126
f 1124 1126 1127
f 1128 1124 1127
f 1127 1129 1128
f 1130 1128 1129
f 1130 1129 1131
f 1131 1132 1130
f 1123 1130 1132
f 1123 1132 1133
f 1132 1134 1133
f 1135 1133 1134
f 1135 1134 1136
f 1136 1137 1135
f 1135 1137 1138
f 1135 1138 1139
f 1140 1135 1139
f 1141 1140 1139
f 1141 1139 1142
f 1143 1141 1142
f 1143 1142 1041
f 1144 1143 1041
f 1143 1144 1145
f 1119 1145 1144
f 1034 1041 1142
f 1141 1143 1145
f 1032 1142 1139
f 1145 1140 1141
f 1140 1145 1121
f 1140 1121 1133
f 1030 1139 1138
f 1138 1137 1146
f 1138 1146 301
f 1138 301 1147
f 1026 1138 1147
f 1026 1147 1148
f 301 1148 1147
f 1146 306 301
f 1146 1137 306
f 1137 1136 306
f 1149 306 1136
f 1149 1136 1150
f 1149 1150 1151
f 308 1149 1151
f 1074 1151 1150
f 1131 1150 1136
f 1131 1152 1150
f 1152 1077 1150
f 1131 1136 1134
f 1133 1135 1140
f 1132 1131 1134
f 1152 1131 1129
f 1129 1079 1152
f 1128 1130 1123
f 1079 1129 1127
f 1079 1127 1126
f 1122 1126 1125
f 1126 1122 1080
f 1123 1124 1128
f 1123 1133 1121
f 1080 1122 1120
f 1153 1080 1120
f 1119 1121 1145
f 1120 1117 1153
f 1118 1119 1144
f 1144 1042 1118
f 1116 1118 1042
f 1112 1153 1117
f 1114 1054 1113
f 1112 1110 1153
f 1109 1153 1110
f 1109 1081 1153
f 1108 1083 1109
f 1106 1085 1108
f 1106 1154 1085
f 1106 1155 1154
f 1155 1086 1154
f 1086 1155 1156
f 1157 1156 1155
f 1155 1104 1157
f 1156 1157 1158
f 1156 1158 1159
f 1159 1090 1156
f 1090 1159 1160
f 1161 1160 1159
f 1159 1162 1161
f 1163 1161 1162
f 1096 1163 1162
f 1094 1161 1163
f 1094 1164 1161
f 1161 1164 1160
f 1091 1160 1164
f 1162 1159 1158
f 1158 1165 1162
f 1098 1162 1165
f 1098 1165 1166
f 1158 1166 1165
f 1166 1158 1103
f 1157 1103 1158
f 1106 1105 1155
f 1155 1105 1104
f 1103 1157 1104
f 1100 1166 1103
f 1101 1102 1107
f 1107 1063 1101
f 1098 1166 1100
f 1096 1162 1098
f 1094 1163 1096
f 1091 1164 1094
f 1092 1093 1075
f 1091 1090 1160
f 1088 1156 1090
f 1156 1088 1087
f 1156 1087 1086
f 1085 1154 1086
f 1085 1083 1108
f 1084 1089 1082
f 1083 1081 1109
f 1082 1092 1078
f 1081 1080 1153
f 1126 1080 1079
f 1077 1152 1079
f 1092 1075 1078
f 1076 1150 1077
f 1150 1076 1074
f 1073 1075 1093
f 1151 1074 1072
f 1151 1072 310
f 1095 1070 1073
f 1071 310 1072
f 1069 312 1071
f 312 1069 1167
f 1167 1168 312
f 1168 317 312
f 317 1168 1169
f 1167 1169 1168
f 318 1169 1167
f 318 1167 1170
f 1171 318 1170
f 319 1171 1170
f 1170 1172 319
f 319 1172 1173
f 1173 1172 1069
f 1170 1167 1172
f 1069 1172 1167
f 1070 1097 1068
f 1069 1067 1173
f 1099 1065 1068
f 1173 1067 1066
f 1066 1174 1173
f 1175 1173 1174
f 1176 1175 1174
f 1176 1174 1177
f 1178 1176 1177
f 1179 1178 1177
f 1179 1177 1059
f 1180 1179 1059
f 1180 1059 1181
f 1181 1182 1180
f 1181 1055 1182
f 1050 1182 1055
f 1180 1182 1179
f 1182 1048 1179
f 1183 1179 1048
f 1183 1178 1179
f 1178 1183 1184
f 1178 1184 1185
f 1185 1184 1186
f 1185 1186 1187
f 1188 1185 1187
f 1188 1187 1189
f 322 1188 1189
f 1190 1189 1187
f 1191 1190 1187
f 1192 1190 1191
f 1193 1192 1191
f 1193 1191 1194
f 1195 1193 1194
f 1195 1194 1039
f 1039 1194 1045
f 1194 1196 1045
f 1194 1186 1196
f 1183 1196 1186
f 1183 1197 1196
f 1197 1047 1196
f 1047 1197 1183
f 1198 1193 1195
f 1198 1195 1038
f 1198 1038 1199
f 1198 1199 1200
f 1198 1200 1201
f 1198 1201 1202
f 1202 1201 1203
f 1202 1203 1204
f 1202 1204 1192
f 1204 1205 1192
f 1204 1206 1205
f 1206 1207 1205
f 1205 1207 1208
f 1205 1208 1190
f 1207 1209 1208
f 1209 1210 1208
f 1208 1210 1211
f 1208 1211 324
f 1208 324 1189
f 324 1211 776
f 1210 1212 1211
f 1212 778 1211
f 1210 778 1212
f 1209 1213 1210
f 1213 780 1210
f 1213 1214 780
f 1215 1214 1213
f 1216 1215 1213
f 1216 1217 1215
f 1215 1217 1218
f 1215 1218 1219
f 1219 1218 1220
f 1219 1220 1221
f 1028 1219 1221
f 1028 1222 1219
f 1222 1214 1219
f 1222 781 1214
f 1222 1223 781
f 1222 1224 1223
f 1223 1224 782
f 1225 782 1224
f 1226 1225 1224
f 1226 1227 1225
f 1225 1227 1023
f 1228 1225 1023
f 1227 1027 1023
f 1222 1027 1227
f 1222 1227 1226
f 1228 782 1225
f 1222 1226 1224
f 1221 1220 1229
f 1221 1229 1230
f 1029 1221 1230
f 1230 1229 1231
f 1230 1231 1232
f 1031 1230 1232
f 1232 1231 1233
f 1232 1233 1234
f 1033 1232 1234
f 1234 1233 1235
f 1234 1235 1236
f 1035 1234 1236
f 1236 1235 1237
f 1236 1237 1238
f 1236 1238 1199
f 1037 1236 1199
f 1237 1239 1238
f 1240 1238 1239
f 1240 1239 1241
f 1240 1241 1242
f 1240 1242 1243
f 1200 1240 1243
f 1243 1242 1244
f 1243 1244 1245
f 1201 1243 1245
f 1245 1244 1246
f 1245 1246 1247
f 1203 1245 1247
f 1248 1203 1247
f 1248 1247 1249
f 1250 1248 1249
f 1250 1249 1251
f 1252 1250 1251
f 1252 1251 1253
f 1254 1252 1253
f 1254 1253 1255
f 1254 1255 1217
f 1217 1255 1256
f 1255 1257 1256
f 1256 1257 1258
f 1256 1258 1259
f 1218 1256 1259
f 1259 1258 1260
f 1259 1260 1261
f 1220 1259 1261
f 1261 1260 1262
f 1261 1262 1263
f 1229 1261 1263
f 1263 1262 1264
f 1263 1264 1265
f 1231 1263 1265
f 1265 1264 1266
f 1265 1266 1267
f 1233 1265 1267
f 1267 1266 1268
f 1235 1267 1268
f 1268 1266 1269
f 1268 1269 1270
f 1271 1268 1270
f 1271 1270 1241
f 1241 1270 1272
f 1272 1244 1241
f 1244 1272 1273
f 1273 1274 1244
f 1274 1273 1275
f 1249 1274 1275
f 1275 1273 1276
f 1253 1275 1276
f 1253 1276 1277
f 1278 1253 1277
f 1278 1277 1257
f 1257 1277 1279
f 1279 1260 1257
f 1260 1279 1264
f 1280 1264 1279
f 1279 1273 1280
f 1273 1279 1277
f 1277 1276 1273
f 1280 1273 1272
f 1280 1272 1270
f 1271 1239 1268
f 1270 1269 1280
f 1266 1280 1269
f 1264 1280 1266
f 1264 1262 1260
f 1257 1260 1258
f 1278 1257 1255
f 1278 1255 1253
f 1216 1252 1254
f 1281 1252 1216
f 1281 1216 1209
f 1251 1275 1253
f 1281 1250 1252
f 1206 1250 1281
f 1249 1275 1251
f 1206 1248 1250
f 1247 1274 1249
f 1247 1246 1274
f 1246 1244 1274
f 1241 1244 1242
f 1271 1241 1239
f 1200 1238 1240
f 1237 1268 1239
f 1237 1235 1268
f 1235 1233 1267
f 1233 1231 1265
f 1231 1229 1263
f 1229 1220 1261
f 1220 1218 1259
f 1218 1217 1256
f 1216 1254 1217
f 1215 1219 1214
f 1216 1213 1209
f 1281 1209 1207
f 1206 1281 1207
f 1204 1248 1206
f 1204 1203 1248
f 1203 1201 1245
f 1201 1200 1243
f 1199 1238 1200
f 1198 1202 1193
f 1194 1191 1186
f 1202 1192 1193
f 1192 1205 1190
f 1190 1208 1189
f 1175 1185 1188
f 1188 321 1175
f 1191 1187 1186
f 1184 1183 1186
f 1185 1176 1178
f 1174 1064 1177
f 1185 1175 1176
f 1175 321 1173
f 1174 1066 1064
f 1101 1063 1065
f 1060 1177 1064
f 1063 1107 1062
f 1062 1111 1061
f 1060 1059 1177
f 1057 1181 1059
f 1061 1056 1058
f 1057 1055 1181
f 1113 1054 1056
f 1054 1114 1053
f 1114 1051 1053
f 1055 1052 1050
f 1051 1114 1049
f 1182 1050 1048
f 1048 1047 1183
f 1047 1046 1196
f 1046 1045 1196
f 1043 1044 1049
f 1043 1116 1042
f 1042 1144 1041
f 1040 1039 1045
f 1038 1195 1039
f 1037 1199 1038
f 1037 1035 1236
f 1036 1041 1034
f 1035 1033 1234
f 1034 1142 1032
f 1033 1031 1232
f 1032 1139 1030
f 1031 1029 1230
f 1030 1138 1026
f 1029 1028 1221
f 1028 1027 1222
f 1026 1148 1025
f 1025 1148 300
f 1027 1024 1023
f 1228 1023 1021
f 1282 1228 1021
f 1283 1282 1021
f 1284 1283 1021
f 1284 786 1283
f 1283 784 1282
f 1282 783 1228
f 1284 1021 1020
f 1285 1284 1020
f 1286 1285 1020
f 1287 1286 1020
f 1287 790 1286
f 1286 788 1285
f 1285 787 1284
f 1287 1020 1019
f 1288 1287 1019
f 1289 1288 1019
f 1290 1289 1019
f 1291 1290 1019
f 1291 795 1290
f 1290 794 1289
f 1289 792 1288
f 1288 791 1287
f 1291 1019 1017
f 1292 1291 1017
f 1293 1292 1017
f 1294 1293 1017
f 1295 1294 1017
f 1295 800 1294
f 1294 798 1293
f 1293 797 1292
f 1292 796 1291
f 1295 1017 1016
f 1296 1295 1016
f 1297 1296 1016
f 1298 1297 1016
f 1299 1298 1016
f 1299 804 1298
f 1298 803 1297
f 802 1296 1297
f 1296 801 1295
f 1299 1016 1015
f 1015 1300 1299
f 1300 805 1299
f 1015 1301 1300
f 1301 807 1300
f 1302 1301 1015
f 1303 1302 1015
f 1303 809 1302
f 1302 808 1301
f 1303 1015 1014
f 1304 1303 1014
f 1305 1304 1014
f 1014 1306 1305
f 1306 813 1305
f 1014 1307 1306
f 1307 814 1306
f 1014 1308 1307
f 1308 815 1307
f 1305 811 1304
f 1304 810 1303
f 1308 1014 1013
f 1309 1308 1013
f 1310 1309 1013
f 1311 1310 1013
f 1312 1311 1013
f 1313 1312 1013
f 1313 821 1312
f 1312 820 1311
f 1311 819 1310
f 1310 817 1309
f 1309 816 1308
f 1313 1013 1011
f 1314 1313 1011
f 1315 1314 1011
f 1316 1315 1011
f 1317 1316 1011
f 1317 826 1316
f 1316 825 1315
f 1315 824 1314
f 1314 822 1313
f 1317 1011 1010
f 1318 1317 1010
f 1319 1318 1010
f 1320 1319 1010
f 1321 1320 1010
f 1321 831 1320
f 1320 830 1319
f 1319 829 1318
f 1318 828 1317
f 1321 1010 1009
f 1322 1321 1009
f 1323 1322 1009
f 1324 1323 1009
f 1325 1324 1009
f 1325 837 1324
f 1324 835 1323
f 1323 834 1322
f 1322 833 1321
f 1325 1009 1008
f 1326 1325 1008
f 1327 1326 1008
f 1328 1327 1008
f 1329 1328 1008
f 1329 842 1328
f 1328 841 1327
f 1327 839 1326
f 1326 838 1325
f 1329 1008 1007
f 1330 1329 1007
f 1331 1330 1007
f 1007 1332 1331
f 1332 846 1331
f 1007 1333 1332
f 1333 847 1332
f 1331 845 1330
f 1330 843 1329
f 1333 1007 1005
f 1334 1333 1005
f 1334 1005 1335
f 1335 850 1334
f 1335 1005 1336
f 1336 851 1335
f 1337 1336 1005
f 1337 853 1336
f 1334 849 1333
f 1337 1005 1004
f 1338 1337 1004
f 1339 1338 1004
f 1340 1339 1004
f 1340 859 1339
f 1339 858 1338
f 1338 854 1337
f 1340 1004 1003
f 1341 1340 1003
f 1342 1341 1003
f 1343 1342 1003
f 1344 1343 1003
f 1344 865 1343
f 1343 863 1342
f 1342 862 1341
f 1341 861 1340
f 1344 1003 1002
f 1345 1344 1002
f 1346 1345 1002
f 1347 1346 1002
f 1348 1347 1002
f 1348 870 1347
f 1347 869 1346
f 1346 868 1345
f 1345 866 1344
f 1348 1002 1001
f 1349 1348 1001
f 1350 1349 1001
f 1351 1350 1001
f 1351 873 1350
f 1350 873 1349
f 1349 872 1348
f 1351 1001 1000
f 1352 1351 1000
f 1353 1352 1000
f 1354 1353 1000
f 1354 878 1353
f 1353 876 1352
f 1352 875 1351
f 1354 1000 998
f 1355 1354 998
f 1356 1355 998
f 1357 1356 998
f 1358 1357 998
f 1359 1358 998
f 1359 884 1358
f 1358 883 1357
f 1357 882 1356
f 1356 881 1355
f 1355 879 1354
f 1359 998 997
f 1360 1359 997
f 1361 1360 997
f 1362 1361 997
f 1363 1362 997
f 1364 1363 997
f 1364 891 1363
f 1363 889 1362
f 1362 888 1361
f 1361 887 1360
f 1360 886 1359
f 1364 997 900
f 1365 1364 900
f 1366 1365 900
f 1366 893 1365
f 1365 892 1364
f 1366 900 899
f 899 894 1366
f 902 897 898
f 904 895 897
f 899 896 894
f 895 739 890
f 1366 894 893
f 892 1365 893
f 891 1364 892
f 1363 891 889
f 890 740 885
f 888 1362 889
f 1361 888 887
f 1360 887 886
f 1359 886 884
f 885 742 880
f 1358 884 883
f 1357 883 882
f 1356 882 881
f 1355 881 879
f 880 743 877
f 1354 879 878
f 1353 878 876
f 877 745 874
f 1352 876 875
f 1351 875 873
f 874 746 871
f 1349 873 872
f 1348 872 870
f 871 747 867
f 1347 870 869
f 1346 869 868
f 1345 868 866
f 867 749 864
f 1344 866 865
f 1343 865 863
f 864 750 860
f 1342 863 862
f 1341 862 861
f 1340 861 859
f 860 752 857
f 1339 859 858
f 1338 858 856
f 857 753 855
f 1338 856 854
f 855 755 852
f 1337 854 853
f 1336 853 851
f 852 756 848
f 1335 851 850
f 849 1334 850
f 1333 849 847
f 848 758 844
f 1332 847 846
f 1331 846 845
f 1330 845 843
f 844 759 840
f 1329 843 842
f 1328 842 841
f 1327 841 839
f 840 760 836
f 1326 839 838
f 1325 838 837
f 1324 837 835
f 836 762 832
f 1323 835 834
f 1322 834 833
f 1321 833 831
f 832 763 827
f 1320 831 830
f 1319 830 829
f 1318 829 828
f 1317 828 826
f 827 765 823
f 1316 826 825
f 1315 825 824
f 1314 824 822
f 823 766 818
f 1313 822 821
f 1312 821 820
f 1311 820 819
f 1310 819 817
f 818 767 812
f 1309 817 816
f 1308 816 815
f 1307 815 814
f 1306 814 813
f 1305 813 811
f 812 768 806
f 1304 811 810
f 1303 810 809
f 1302 809 808
f 1301 808 807
f 1300 807 805
f 806 770 799
f 1299 805 804
f 1298 804 803
f 1297 803 802
f 1296 802 801
f 1295 801 800
f 1294 800 798
f 799 771 793
f 1293 798 797
f 1292 797 796
f 1291 796 795
f 1290 795 794
f 1289 794 792
f 793 773 789
f 1288 792 791
f 1287 791 790
f 1286 790 788
f 789 774 785
f 1285 788 787
f 1284 787 786
f 1283 786 784
f 1282 784 783
f 1228 783 782
f 781 1223 782
f 1214 781 780
f 1210 780 779
f 1210 779 778
f 778 776 1211
f 785 775 777
f 785 774 775
f 789 773 774
f 793 771 773
f 333 772 769
f 769 1367 333
f 799 770 771
f 806 768 770
f 1367 769 764
f 1368 1367 764
f 764 1369 1368
f 1370 1368 1369
f 1371 1370 1369
f 1372 1371 1369
f 1373 1372 1369
f 1374 1373 1369
f 1374 1369 1375
f 1374 1375 1376
f 1374 1376 1377
f 1374 1377 1378
f 1378 1377 1379
f 1378 1379 1380
f 1371 1378 1380
f 1371 1380 1381
f 1382 1381 1380
f 1383 1382 1380
f 1384 1383 1380
f 1384 1380 1385
f 1384 1385 397
f 1384 397 1386
f 1384 1386 1387
f 1384 1387 1388
f 1384 1388 382
f 382 1388 1387
f 384 1387 1386
f 1384 382 1383
f 381 1382 1383
f 1382 381 1370
f 381 1389 1370
f 381 1390 1389
f 1390 1391 1389
f 1391 1392 1389
f 1389 1392 1368
f 1393 1368 1392
f 1393 1392 1394
f 1395 1393 1394
f 1395 1394 1396
f 340 1395 1396
f 340 1396 370
f 340 370 1397
f 343 340 1397
f 343 1397 358
f 1396 1394 371
f 339 1393 1395
f 373 1394 1392
f 1392 1391 373
f 1390 373 1391
f 1398 373 1390
f 380 373 1398
f 1390 381 1398
f 1382 1370 1381
f 1380 1379 1385
f 1379 1399 1385
f 1399 399 1385
f 1399 1379 1400
f 1401 1399 1400
f 1402 1401 1400
f 1402 1400 1403
f 1403 1404 1402
f 425 1402 1404
f 1405 425 1404
f 1405 1404 1406
f 1405 1406 1407
f 1405 1407 1408
f 1408 1407 1409
f 1408 1409 1410
f 1408 1410 1411
f 1408 1411 1412
f 1408 1412 426
f 1412 1413 426
f 426 1413 1414
f 426 1414 1415
f 1415 1414 1416
f 1415 1416 427
f 1416 1417 427
f 1416 1418 1417
f 1419 1417 1418
f 1418 1420 1419
f 1419 1420 429
f 1420 1418 738
f 1419 429 1417
f 1416 1414 1418
f 1418 1414 741
f 1414 1413 744
f 1412 1421 1413
f 1413 1421 748
f 1411 1421 1412
f 1410 1421 1411
f 1410 1422 1421
f 1421 1422 751
f 1409 1422 1410
f 1409 1407 1422
f 1422 1407 754
f 757 1407 1406
f 1405 1408 425
f 425 1423 1402
f 1402 1423 1424
f 1401 1424 1423
f 401 1401 1423
f 425 402 1423
f 1403 1406 1404
f 1403 1400 1406
f 761 1406 1400
f 761 1400 1376
f 1402 1424 1401
f 401 1399 1401
f 1379 1376 1400
f 1377 1376 1379
f 761 1376 1375
f 761 1375 1369
f 1374 1378 1373
f 1373 1378 1372
f 1372 1378 1371
f 1371 1381 1370
f 1389 1368 1370
f 1368 1393 1367
f 1425 1367 1393
f 1425 1393 1426
f 335 1425 1426
f 336 1426 1393
f 335 1367 1425
f 812 767 768
f 818 766 767
f 823 765 766
f 827 763 765
f 1369 764 761
f 832 762 763
f 836 760 762
f 1406 761 757
f 840 759 760
f 844 758 759
f 848 756 758
f 1407 757 754
f 852 755 756
f 855 753 755
f 754 751 1422
f 857 752 753
f 860 750 752
f 751 748 1421
f 864 749 750
f 867 747 749
f 748 744 1413
f 871 746 747
f 874 745 746
f 877 743 745
f 744 741 1414
f 880 742 743
f 885 740 742
f 741 738 1418
f 890 739 740
f 895 737 739
f 738 735 1420
f 432 1420 735
f 735 1427 432
f 1428 1427 735
f 1429 1428 735
f 1430 1428 1429
f 1430 1429 1431
f 1430 1431 1432
f 1432 1433 1430
f 1433 1432 1434
f 1433 1434 1427
f 1434 434 1427
f 1434 1435 434
f 434 1435 438
f 1435 1436 438
f 1434 1436 1435
f 1434 1437 1436
f 1437 1438 1436
f 1436 1438 1439
f 1436 1439 440
f 1439 1438 1440
f 1439 1440 464
f 1440 1441 464
f 1441 1440 1442
f 1443 1441 1442
f 1443 1442 1444
f 1443 1444 1445
f 1443 1445 1446
f 1443 1446 470
f 1446 1447 470
f 1447 1448 470
f 1447 1449 1448
f 471 1448 1449
f 1447 1450 1449
f 1450 1451 1449
f 1451 477 1449
f 1451 1452 477
f 1453 477 1452
f 1453 1452 1454
f 1454 1455 1453
f 1456 1453 1455
f 1457 1456 1455
f 1457 1455 1458
f 1457 1458 1459
f 1457 1459 1460
f 1461 1460 1459
f 1461 1462 1460
f 1460 1462 1463
f 1460 1463 1456
f 1464 1456 1463
f 1465 1464 1463
f 1465 1463 1466
f 1465 1466 1467
f 1465 1467 1468
f 1465 1468 1469
f 1465 1469 1470
f 1465 1470 1471
f 1471 1470 483
f 1472 1471 483
f 1464 1471 1472
f 1464 1472 1473
f 1464 1473 1474
f 1464 1474 1475
f 1475 1474 1453
f 1474 1476 1453
f 1476 478 1453
f 1474 1477 1476
f 1477 480 1476
f 1477 1473 480
f 1474 1473 1477
f 1473 1472 481
f 1470 1478 483
f 1478 1470 1469
f 1469 485 1478
f 1469 1468 485
f 1468 1479 485
f 1479 1480 485
f 1480 497 485
f 497 1480 1481
f 1482 497 1481
f 1482 1481 1483
f 1484 1482 1483
f 506 1484 1483
f 506 1483 1485
f 1486 506 1485
f 1486 1485 1487
f 1486 1487 1488
f 1489 1488 1487
f 1489 1487 1490
f 1489 1490 507
f 507 1490 553
f 507 553 1491
f 1491 553 1492
f 1491 1492 508
f 1492 553 1493
f 1492 1493 510
f 1493 552 510
f 1494 510 552
f 1490 1487 715
f 715 1495 1490
f 554 1490 1495
f 554 1495 1496
f 554 1496 1497
f 708 1497 1496
f 708 1496 1498
f 1499 1498 1496
f 715 1498 1499
f 1496 1495 1499
f 715 1499 1495
f 506 1488 1489
f 1487 1485 717
f 1500 717 1485
f 1485 1501 1500
f 1501 1458 1500
f 1458 1454 1500
f 1502 1500 1454
f 1454 1503 1502
f 1504 1502 1503
f 1503 1505 1504
f 1505 1506 1504
f 728 1504 1506
f 1506 1507 728
f 1508 1507 1506
f 1508 1506 1509
f 1510 1508 1509
f 1509 1511 1510
f 1510 1511 1512
f 1510 1512 1447
f 1512 1511 1513
f 1512 1513 1450
f 1513 1452 1450
f 1513 1514 1452
f 1515 1514 1513
f 1515 1454 1514
f 1513 1511 1515
f 1511 1503 1515
f 1509 1505 1511
f 1510 1516 1508
f 1508 1516 1517
f 1518 1517 1516
f 1516 1519 1518
f 1518 1519 1507
f 1507 1519 731
f 731 1519 1438
f 1438 1429 731
f 1442 1438 1519
f 1516 1520 1519
f 1520 1444 1519
f 1518 1507 1517
f 1510 1520 1516
f 1510 1445 1520
f 1508 1517 1507
f 1509 1506 1505
f 1511 1505 1503
f 1502 1504 724
f 1515 1503 1454
f 1500 1502 721
f 1521 1458 1501
f 1521 1501 1522
f 1521 1522 1523
f 1523 1524 1521
f 1524 1523 1461
f 1524 1461 1458
f 1523 1522 1525
f 1523 1525 1462
f 1462 1525 1526
f 1462 1526 1466
f 1526 1525 1480
f 1522 1501 1525
f 1521 1524 1458
f 1501 1485 1525
f 1481 1525 1485
f 1486 1488 506
f 1484 499 1482
f 1484 502 499
f 1483 1481 1485
f 1525 1481 1480
f 1526 1480 1479
f 1526 1479 1467
f 1468 1467 1479
f 1526 1467 1466
f 1465 1471 1464
f 1464 1475 1456
f 1462 1466 1463
f 1461 1523 1462
f 1461 1459 1458
f 1457 1460 1456
f 1475 1453 1456
f 1454 1458 1455
f 1514 1454 1452
f 1450 1452 1451
f 1512 1450 1447
f 1510 1447 1446
f 1510 1446 1445
f 1520 1445 1444
f 1444 1442 1519
f 1443 470 1441
f 1438 1442 1440
f 1437 1432 1438
f 1434 1432 1437
f 1432 1431 1438
f 1431 1429 1438
f 1430 1433 1428
f 1433 1427 1428
f 906 736 737
f 911 734 736
f 735 731 1429
f 916 733 734
f 920 732 733
f 925 730 732
f 731 728 1507
f 929 729 730
f 965 727 729
f 728 726 1504
f 961 725 727
f 726 724 1504
f 951 723 725
f 724 721 1502
f 952 722 723
f 956 720 722
f 721 719 1500
f 959 718 720
f 1527 718 959
f 1527 959 214
f 959 1528 214
f 959 1529 1528
f 216 1528 1529
f 1529 959 219
f 717 1500 719
f 1527 716 718
f 194 716 1527
f 194 1527 209
f 194 209 206
f 717 715 1487
f 710 1498 715
f 710 708 1498
f 709 713 706
f 706 713 1530
f 706 1530 1531
f 1531 1530 178
f 1530 713 180
f 708 707 1497
f 707 556 1497
f 707 704 556
f 706 1531 705
f 705 1531 1532
f 705 1532 1533
f 705 1533 702
f 1533 1534 702
f 1533 1535 1534
f 1535 1536 1534
f 1534 1536 1537
f 1534 1537 701
f 686 701 1537
f 1536 683 1537
f 1536 1538 683
f 1539 1538 1536
f 1539 1540 1538
f 1540 1541 1538
f 1538 1541 681
f 1541 1542 681
f 1541 1543 1542
f 1542 1543 678
f 1543 1544 678
f 1545 1544 1543
f 1545 1546 1544
f 1546 1547 1544
f 1544 1547 677
f 1547 1548 677
f 1547 1549 1548
f 1549 1550 1548
f 1550 1551 1548
f 1548 1551 1552
f 1548 1552 1553
f 1548 1553 676
f 1552 130 1553
f 1554 1553 130
f 1553 1554 673
f 1555 130 1552
f 1555 1552 1556
f 1555 1556 1557
f 1555 1557 1558
f 1558 1559 1555
f 1559 134 1555
f 132 1555 134
f 1559 1560 134
f 139 134 1560
f 1560 1561 139
f 1560 1562 1561
f 1563 1561 1562
f 1564 1563 1562
f 1564 1562 1565
f 1566 1564 1565
f 1566 1565 1567
f 1566 1567 1568
f 1569 1566 1568
f 1569 1568 1570
f 1570 1571 1569
f 1569 1571 1572
f 1573 1572 1571
f 1571 1574 1573
f 1575 1573 1574
f 1576 1575 1574
f 1577 1576 1574
f 1577 1578 1576
f 1579 1578 1577
f 1579 1577 1580
f 1579 1580 1581
f 1582 1579 1581
f 1582 1581 1583
f 1582 1583 1584
f 1582 1584 1585
f 1586 1582 1585
f 1587 1586 1585
f 1587 1585 1588
f 1589 1587 1588
f 1589 1588 1558
f 1589 1558 1590
f 1589 1590 1591
f 1589 1591 1592
f 1589 1592 1586
f 1592 1593 1586
f 1592 1594 1593
f 1593 1594 1582
f 1595 1594 1592
f 1579 1594 1595
f 1596 1579 1595
f 1596 1595 1597
f 1596 1597 1598
f 1596 1598 1599
f 1600 1599 1598
f 1601 1599 1600
f 1597 1601 1600
f 1597 1602 1601
f 1602 1603 1601
f 1601 1603 1604
f 1601 1604 1575
f 1604 1603 1605
f 1605 1573 1604
f 1605 1606 1573
f 1573 1606 1607
f 142 1607 1606
f 142 1563 1607
f 1608 1606 1605
f 1608 1605 1609
f 1609 151 1608
f 1608 151 1610
f 1610 143 1608
f 150 143 1610
f 151 1609 1611
f 151 1611 1612
f 1613 1612 1611
f 1546 1612 1613
f 1546 1613 1549
f 1546 153 1612
f 1613 1611 1609
f 1613 1609 1603
f 1608 143 1606
f 1609 1605 1603
f 1613 1603 1602
f 1613 1602 1550
f 1602 1614 1550
f 1602 1615 1614
f 1614 1615 1616
f 1614 1616 1551
f 1616 1556 1551
f 1617 1616 1615
f 1595 1617 1615
f 1595 1591 1617
f 1617 1591 1616
f 1558 1616 1591
f 1597 1615 1602
f 1575 1599 1601
f 1599 1575 1578
f 1597 1600 1598
f 1597 1595 1615
f 1596 1599 1579
f 1595 1592 1591
f 1558 1591 1590
f 1618 1558 1588
f 1618 1619 1558
f 1558 1619 1620
f 1620 1619 1621
f 1620 1621 1560
f 1622 1560 1621
f 1618 1622 1621
f 1618 1623 1622
f 1623 1624 1622
f 1624 1625 1622
f 1625 1626 1622
f 1626 1565 1622
f 7 1626 1625
f 1627 7 1625
f 1628 1627 1625
f 1625 15 1628
f 15 1625 1629
f 14 1627 1628
f 1630 1627 14
f 7 1627 1630
f 7 114 1626
f 1567 1626 114
f 114 1631 1567
f 114 136 1631
f 1632 1631 136
f 1632 1568 1631
f 1624 1629 1625
f 1624 1633 1629
f 1634 1629 1633
f 1584 1634 1633
f 17 1629 1634
f 1634 1635 17
f 17 1635 1636
f 1636 1635 145
f 1637 1636 145
f 1637 145 1638
f 19 1637 1638
f 19 1636 1637
f 1635 1639 145
f 145 1639 1640
f 1570 1640 1639
f 1640 1570 1632
f 1640 1632 137
f 1640 137 144
f 1583 1639 1635
f 1583 1571 1639
f 1634 1583 1635
f 1624 1623 1633
f 1623 1618 1633
f 1618 1585 1633
f 1619 1618 1621
f 1588 1585 1618
f 1589 1586 1587
f 1582 1586 1593
f 1584 1633 1585
f 1634 1584 1583
f 1583 1581 1571
f 1579 1582 1594
f 1581 1580 1571
f 1580 1577 1571
f 1579 1599 1578
f 1578 1575 1576
f 1604 1573 1575
f 1577 1574 1571
f 1573 1607 1572
f 1607 1564 1572
f 1639 1571 1570
f 1570 1568 1632
f 1572 1566 1569
f 1568 1567 1631
f 1626 1567 1565
f 1572 1564 1566
f 1565 1562 1622
f 1607 1563 1564
f 1563 140 1561
f 1560 1622 1562
f 1559 1620 1560
f 1558 1620 1559
f 1558 1557 1616
f 1557 1556 1616
f 1551 1556 1552
f 1550 1614 1551
f 1613 1550 1549
f 1546 1549 1547
f 1545 153 1546
f 1545 1641 153
f 1641 1642 153
f 1641 1643 1642
f 157 1642 1643
f 1644 157 1643
f 1539 1644 1643
f 1539 1645 1644
f 1644 1645 159
f 1535 1645 1539
f 1535 1646 1645
f 1645 1646 168
f 1545 1643 1641
f 1545 1540 1643
f 1545 1543 1541
f 1545 1541 1540
f 1539 1643 1540
f 1535 1539 1536
f 1533 1646 1535
f 1533 1532 1646
f 1646 1532 172
f 1532 1531 174
f 1531 177 174
f 705 702 703
f 702 1534 701
f 566 697 696
f 695 593 696
f 567 696 593
f 567 593 587
f 1647 567 587
f 1648 593 695
f 1648 695 1649
f 597 1648 1649
f 597 1649 1650
f 1649 1651 1650
f 598 1650 1651
f 1652 598 1651
f 1652 1651 1653
f 1654 1652 1653
f 1654 1653 1655
f 1656 1654 1655
f 1656 1655 606
f 1657 1656 606
f 599 1656 1657
f 599 1652 1656
f 1655 1658 606
f 1653 1658 1655
f 1653 1659 1658
f 1660 1658 1659
f 690 1660 1659
f 1661 1660 690
f 1662 1661 690
f 1663 1662 690
f 1664 1662 1663
f 1664 1663 689
f 1664 689 1665
f 1664 1665 1666
f 1664 1666 1667
f 1664 1667 1668
f 1667 1669 1668
f 1668 1669 1670
f 1668 1670 1671
f 1668 1671 1661
f 1661 1671 1672
f 1673 1661 1672
f 1674 1673 1672
f 1674 608 1673
f 1673 608 1660
f 1675 608 1674
f 1675 1674 1676
f 1677 1675 1676
f 1677 1676 1678
f 1677 1678 611
f 1679 1677 611
f 1679 611 1680
f 1679 1680 1681
f 1681 1682 1679
f 1683 1679 1682
f 1683 1682 609
f 1679 1683 1684
f 1684 1683 608
f 1685 1682 1681
f 1685 610 1682
f 1680 1685 1681
f 1680 611 1685
f 1679 1684 1677
f 611 1678 1686
f 1687 611 1686
f 1687 1686 1688
f 1687 1688 1689
f 1687 1689 1690
f 1687 1690 1691
f 1687 1691 1692
f 1687 1692 616
f 1687 616 613
f 1692 1693 616
f 1693 1694 616
f 1694 1695 616
f 1695 1694 1693
f 618 1695 1693
f 630 1693 1692
f 1692 1691 634
f 1691 1696 634
f 1691 1697 1696
f 635 1696 1697
f 635 1697 1689
f 1691 1690 1697
f 1689 1697 1690
f 1689 1688 1698
f 1689 1698 1699
f 1689 1699 637
f 1698 640 1699
f 1698 1700 640
f 1701 640 1700
f 1702 1701 1700
f 1702 1700 1703
f 1704 1702 1703
f 1704 1703 1705
f 1704 1705 1706
f 1704 1706 1707
f 1704 1707 1708
f 1704 1708 1709
f 1704 1709 1710
f 1704 1710 642
f 1704 642 1701
f 645 642 1710
f 645 1710 1709
f 1709 653 645
f 653 648 645
f 1708 654 1709
f 1707 654 1708
f 1711 654 1707
f 1707 1712 1711
f 1713 1711 1712
f 1713 1712 1714
f 1714 654 1713
f 1712 1706 1714
f 1706 1715 1714
f 1714 1715 675
f 675 655 1714
f 675 1716 655
f 1713 654 1711
f 1707 1706 1712
f 1705 1715 1706
f 1705 1700 1715
f 1715 1700 679
f 1717 679 1700
f 1705 1703 1700
f 1704 1701 1702
f 1698 1717 1700
f 1698 1688 1717
f 1718 1717 1688
f 1718 1688 1719
f 1718 1719 1720
f 1721 1720 1719
f 1721 1719 1722
f 1721 1722 1669
f 1669 1722 1688
f 1721 1667 1720
f 1722 1719 1688
f 1718 1720 1717
f 1720 1723 1717
f 1717 1723 680
f 1720 1666 1723
f 1686 1724 1688
f 1688 1724 1725
f 1670 1688 1725
f 1726 1725 1724
f 1726 1724 1678
f 1671 1725 1726
f 1676 1671 1726
f 1687 613 611
f 1686 1678 1724
f 1676 1726 1678
f 1677 1684 1675
f 1676 1674 1671
f 1675 1684 608
f 1674 1672 1671
f 1670 1725 1671
f 1670 1669 1688
f 1721 1669 1667
f 1667 1666 1720
f 1666 1665 1723
f 1723 1665 682
f 688 682 1665
f 1664 1668 1662
f 1668 1661 1662
f 1673 1660 1661
f 1660 608 1658
f 1656 1652 1654
f 1651 1659 1653
f 1727 1659 1651
f 1727 1651 1728
f 1727 1728 1729
f 1727 1729 1730
f 1731 1727 1730
f 1731 1730 693
f 1731 1732 1727
f 1731 691 1732
f 1732 691 1659
f 1730 1729 693
f 1729 1728 693
f 1728 1649 693
f 1727 1732 1659
f 1728 1651 1649
f 1649 695 693
f 694 701 686
f 1731 693 692
f 1731 692 691
f 690 1659 691
f 1663 690 689
f 688 1665 689
f 687 682 688
f 686 1537 685
f 685 1537 683
f 687 684 682
f 1538 681 683
f 1723 682 680
f 1542 678 681
f 1717 680 679
f 1715 679 675
f 1544 677 678
f 677 1548 676
f 673 676 1553
f 675 674 1716
f 1733 1716 674
f 1733 674 670
f 1733 670 656
f 1734 656 670
f 668 656 1734
f 1716 1733 656
f 673 1554 672
f 1554 128 672
f 670 674 671
f 670 669 1734
f 668 1734 669
f 668 667 656
f 667 661 660
f 667 660 658
f 659 107 657
f 657 107 623
f 107 104 623
f 667 658 656
f 656 655 1716
f 654 1714 655
f 1709 654 653
f 623 652 657
f 653 651 650
f 653 650 648
f 647 645 648
f 645 644 642
f 1701 642 640
f 641 643 639
f 638 1699 640
f 638 637 1699
f 636 1689 637
f 636 635 1689
f 635 634 1696
f 633 1692 634
f 633 631 1692
f 632 639 629
f 631 630 1692
f 630 628 1693
f 620 1693 628
f 622 620 628
f 629 646 626
f 622 628 627
f 626 649 625
f 649 623 625
f 622 627 624
f 622 621 620
f 618 1693 620
f 1695 618 616
f 616 614 613
f 611 613 612
f 1685 611 610
f 1682 610 609
f 1683 609 608
f 606 1658 608
f 1657 606 605
f 1657 605 604
f 1657 604 601
f 601 604 602
f 599 1657 601
f 599 598 1652
f 598 597 1650
f 597 595 1648
f 596 591 594
f 595 593 1648
f 594 591 592
f 596 590 591
f 590 600 589
f 587 593 588
f 1647 587 578
f 570 1647 578
f 576 570 578
f 580 575 577
f 576 574 570
f 575 583 532
f 574 571 570
f 570 569 1647
f 569 567 1647
f 566 696 567
f 565 697 566
f 564 699 565
f 568 562 563
f 564 561 559
f 560 562 538
f 558 698 559
f 558 557 700
f 704 557 556
f 554 1497 556
f 553 1490 554
f 1493 553 552
f 552 551 1494
f 551 547 1494
f 548 550 546
f 545 1494 547
f 1735 1494 545
f 515 1735 545
f 1735 511 1494
f 517 545 544
f 517 544 543
f 542 546 541
f 549 540 541
f 549 539 540
f 539 555 538
f 573 537 538
f 543 536 535
f 519 543 535
f 537 532 533
f 585 531 532
f 531 586 79
f 522 530 529
f 524 523 527
f 529 523 522
f 522 521 530
f 521 520 534
f 520 519 535
f 519 517 543
f 517 515 545
f 515 514 1735
f 514 511 1735
f 516 512 513
f 510 1494 511
f 508 1492 510
f 507 1491 508
f 1489 507 506
f 506 502 1484
f 505 509 504
f 504 509 503
f 502 500 499
f 499 497 1482
f 496 486 497
f 495 486 496
f 498 492 494
f 495 493 487
f 498 491 492
f 503 490 491
f 495 487 486
f 486 485 497
f 1478 485 483
f 482 484 489
f 489 231 482
f 1472 483 481
f 479 482 231
f 1473 481 480
f 1476 480 478
f 476 479 232
f 477 1453 478
f 1449 477 473
f 471 1449 473
f 471 470 1448
f 470 465 1441
f 469 472 468
f 468 475 467
f 475 466 467
f 462 466 238
f 465 464 1441
f 1439 464 463
f 1439 463 441
f 442 441 463
f 1439 441 440
f 1436 440 438
f 439 445 437
f 437 458 436
f 434 438 435
f 434 432 1427
f 433 436 431
f 432 429 1420
f 430 431 457
f 427 1417 429
f 426 1415 427
f 425 1408 426
f 424 421 422
f 421 428 420
f 420 430 419
f 423 408 406
f 415 404 407
f 405 423 406
f 425 405 403
f 425 403 402
f 401 1423 402
f 401 399 1399
f 400 404 398
f 397 1385 399
f 384 1386 397
f 384 382 1387
f 383 389 379
f 381 1383 382
f 380 1398 381
f 380 378 373
f 379 393 377
f 377 393 376
f 378 375 373
f 376 372 374
f 294 372 376
f 373 371 1394
f 1396 371 370
f 360 1397 370
f 360 358 1397
f 357 359 356
f 344 343 358
f 349 337 342
f 343 341 340
f 340 339 1395
f 338 1393 339
f 338 336 1393
f 349 334 337
f 335 1426 336
f 335 333 1367
f 772 333 331
f 332 334 330
f 331 329 772
f 328 330 352
f 776 329 327
f 326 776 327
f 326 324 776
f 323 325 328
f 322 1189 324
f 1188 322 321
f 319 1173 321
f 1171 319 318
f 1169 318 317
f 316 320 315
f 313 315 323
f 314 312 317
f 311 313 354
f 310 1071 312
f 309 311 354
f 308 1151 310
f 307 309 353
f 306 1149 308
f 305 307 304
f 356 302 304
f 306 303 301
f 302 367 299
f 300 1148 301
f 1025 300 298
f 368 297 299
f 1025 298 296
f 372 294 297
f 1022 296 295
f 1022 295 293
f 376 292 294
f 1022 293 291
f 376 290 292
f 1022 291 289
f 376 288 290
f 1018 289 287
f 391 286 288
f 1018 287 285
f 391 284 286
f 1018 285 283
f 391 282 284
f 1018 283 281
f 390 279 282
f 1018 281 280
f 1012 280 278
f 390 277 279
f 1012 278 276
f 390 275 277
f 1012 276 274
f 394 272 275
f 1012 274 273
f 1012 273 271
f 394 270 272
f 1012 271 268
f 396 269 270
f 267 269 396
f 1006 268 266
f 265 267 398
f 1006 266 263
f 264 265 417
f 262 264 418
f 1006 263 261
f 260 262 409
f 1006 261 259
f 258 260 419
f 999 259 257
f 256 258 460
f 999 257 255
f 254 256 454
f 999 255 252
f 253 254 454
f 251 253 451
f 999 252 250
f 249 251 451
f 999 250 248
f 247 249 448
f 977 248 246
f 245 247 448
f 977 246 244
f 243 245 446
f 977 244 242
f 241 243 446
f 973 242 240
f 239 241 462
f 973 240 237
f 238 239 462
f 238 476 236
f 970 237 235
f 234 236 476
f 970 235 233
f 232 234 476
f 231 232 479
f 231 489 230
f 228 233 229
f 228 227 944
f 226 948 227
f 225 954 226
f 223 955 225
f 222 957 223
f 221 958 222
f 221 220 958
f 219 959 220
f 217 1529 219
f 216 1529 217
f 215 1528 216
f 215 214 1528
f 1527 214 212
f 210 1527 212
f 209 1527 210
f 211 51 208
f 207 206 209
f 194 206 205
f 194 205 1736
f 203 1736 205
f 202 1736 203
f 202 195 1736
f 199 195 202
f 200 197 198
f 199 196 195
f 194 1736 195
f 194 193 716
f 711 193 192
f 187 192 191
f 190 197 189
f 188 189 186
f 185 184 187
f 712 184 182
f 713 182 180
f 1530 180 178
f 1531 178 177
f 175 174 177
f 1532 174 172
f 1646 172 170
f 1646 170 168
f 1645 168 159
f 1644 159 157
f 157 154 1642
f 156 158 155
f 161 152 155
f 1642 154 153
f 1612 153 151
f 1610 151 150
f 20 1638 147
f 148 146 150
f 147 1638 145
f 150 146 143
f 145 1640 144
f 1606 143 142
f 142 140 1563
f 144 138 141
f 140 139 1561
f 144 137 138
f 137 1632 136
f 134 139 135
f 133 132 134
f 131 1555 132
f 130 1555 131
f 1554 130 128
f 672 128 127
f 666 127 124
f 126 129 125
f 123 666 124
f 123 122 666
f 122 121 663
f 120 663 121
f 119 665 120
f 109 117 111
f 109 111 1737
f 118 125 116
f 116 125 115
f 114 115 136
f 111 117 113
f 110 1737 111
f 110 109 1737
f 119 109 108
f 107 664 108
f 107 105 104
f 103 623 104
f 101 102 1
f 101 1 6
f 95 103 100
f 23 96 97
f 25 94 96
f 95 93 619
f 29 92 94
f 93 91 617
f 29 90 92
f 91 89 615
f 35 88 90
f 89 86 607
f 35 87 88
f 37 84 87
f 603 86 85
f 82 85 83
f 589 82 80
f 579 80 79
f 76 79 77
f 528 76 72
f 70 526 72
f 69 525 70
f 518 69 68
f 512 68 67
f 66 63 67
f 65 71 64
f 63 62 490
f 488 62 61
f 488 61 60
f 59 64 58
f 60 57 56
f 55 230 56
f 55 54 224
f 218 54 53
f 213 53 51
f 52 58 50
f 204 51 49
f 50 58 47
f 48 186 49
f 48 46 183
f 47 73 45
f 46 44 181
f 45 75 43
f 44 42 179
f 43 78 41
f 42 40 176
f 41 81 39
f 40 38 173
f 39 84 37
f 38 36 171
f 37 87 35
f 36 34 169
f 35 90 31
f 34 33 164
f 32 162 33
f 32 30 162
f 31 90 29
f 30 28 167
f 29 94 25
f 27 167 28
f 27 26 152
f 149 26 24
f 25 96 23
f 24 22 149
f 23 98 18
f 21 149 22
f 20 149 21
f 19 1638 20
f 19 17 1636
f 18 99 13
f 1629 17 16
f 16 15 1629
f 14 1628 15
f 1630 14 11
f 13 99 12
f 12 99 9
f 1630 11 10
f 1630 10 8
f 9 101 6
f 7 1630 8
f 7 5 114
f 3 112 5
f 4 6 1
f 106 3 2
f 1 102 2

