# Exported from 3D Builder
o Object.1
v 20.182961 27.630661 6.691160
v 19.271460 27.951759 7.488720
v 19.375061 27.962061 7.944460
v 20.286560 27.630661 7.447280
v 20.317659 27.516661 6.618660
v 20.421160 27.516661 7.374780
v 20.379761 27.340561 6.608300
v 20.845860 27.340561 6.007540
v 20.783760 27.516661 6.017900
v 22.648161 27.775660 4.919970
v 23.414560 26.366961 4.619590
v 22.782761 27.527060 4.857820
v 23.031361 27.433861 4.733530
v 23.373159 26.905560 4.588520
v 23.342060 27.433861 4.547090
v 23.311060 27.516661 4.536730
v 23.000259 27.558161 4.671380
v 23.238560 27.589161 4.484940
v 23.145260 27.609859 4.433150
v 22.938160 27.609859 4.557450
v 22.824160 27.640961 4.743890
v 22.772461 27.661659 4.588520
v 22.720661 27.796360 4.671380
v 22.668859 27.785959 4.598880
v 22.627359 27.910259 4.650670
v 22.699961 27.879160 4.774960
v 22.585960 27.951759 4.692100
v 22.544559 27.962061 4.743890
v 22.606661 27.910259 4.857820
v 22.710260 27.796360 4.857820
v 22.741360 27.796360 4.764600
v 20.234760 27.775660 6.307920
v 20.649061 27.630661 6.080050
v 19.727261 27.889561 6.629010
v 19.509661 27.962061 6.639370
v 19.312860 27.962061 6.950110
v 19.395760 27.941360 6.981180
v 18.681061 27.962061 5.292850
v 17.013460 27.962061 8.286270
v 15.760160 27.962061 5.292850
v 15.760160 27.962061 2.299440
v 13.326059 27.962061 2.579100
v 12.828859 27.962061 5.292850
v 14.496561 27.962061 8.286270
v 12.197060 27.962061 6.950110
v 12.145260 27.962061 7.944460
v 11.979561 27.962061 8.286270
v 13.004961 27.962061 11.279700
v 15.760160 27.962061 11.279700
v 14.341160 27.962061 14.273100
v 17.179161 27.962061 14.273100
v 17.096361 27.962061 17.266500
v 19.778961 27.962061 17.266500
v 19.167860 27.962061 19.017000
v 19.333660 27.962061 19.348400
v 19.240360 27.889561 19.545200
v 19.095360 27.941360 19.068800
v 19.250761 27.630661 20.612101
v 19.261160 27.775660 20.135599
v 19.261160 27.775660 22.921900
v 19.240360 27.516661 20.757099
v 19.219660 27.340561 20.819201
v 19.136860 26.366961 23.740200
v 19.240360 27.527060 23.066900
v 19.230061 27.433861 23.346600
v 19.188660 26.905560 23.719400
v 19.230061 27.433861 23.709101
v 19.261160 27.516661 23.688400
v 19.292160 27.558161 23.346600
v 19.343960 27.589161 23.646900
v 19.426861 27.609859 23.595100
v 19.426861 27.609859 23.346600
v 19.323259 27.640961 23.160101
v 19.478661 27.661659 23.191200
v 19.437160 27.796360 23.108299
v 19.530460 27.785959 23.108299
v 19.509661 27.910259 23.035801
v 21.746960 27.785959 21.969000
v 22.119860 27.910259 21.637501
v 23.652861 27.785959 20.363501
v 24.253561 27.910259 19.566000
v 22.617060 27.962061 21.067801
v 21.125561 27.962061 22.134701
v 19.457960 27.962061 22.921900
v 19.478661 27.951759 22.983999
v 19.364660 27.879160 23.046200
v 19.323259 27.910259 22.921900
v 19.281860 27.796360 23.004801
v 19.343960 27.796360 23.077299
v 19.323259 27.910259 20.135599
v 19.385361 27.962061 19.503799
v 19.457960 27.962061 20.135599
v 21.384460 27.962061 20.259899
v 19.457960 27.962061 20.259899
v 22.472061 27.962061 17.266500
v 20.017260 27.962061 14.273100
v 22.855261 27.962061 14.273100
v 21.260160 27.962061 11.279700
v 18.515360 27.962061 11.279700
v 19.530460 27.962061 8.286270
v 21.891960 27.962061 12.305100
v 20.659460 27.951759 10.109200
v 21.529461 27.630661 9.601710
v 22.907061 27.516661 11.683600
v 22.782761 27.630661 11.766500
v 23.383560 27.630661 12.232600
v 22.244160 27.951759 12.626200
v 22.730961 27.962061 12.864400
v 22.730961 27.941360 12.771200
v 23.093561 27.962061 12.843700
v 23.217760 27.889561 12.657300
v 23.746061 27.775660 12.377600
v 24.139662 27.630661 12.129000
v 23.507860 27.516661 12.149700
v 24.263960 27.516661 12.046200
v 23.549261 27.340561 12.108300
v 24.305361 27.340561 12.004700
v 24.139662 26.366961 11.994400
v 23.507860 26.366961 12.035800
v 22.907061 26.366961 11.569700
v 22.948460 27.340561 11.642200
v 21.715960 23.373560 9.498130
v 21.715960 27.340561 9.498130
v 20.649061 23.373560 7.664800
v 20.586960 24.875460 7.550860
v 20.524761 26.366961 7.436930
v 20.483360 27.340561 7.364420
v 20.421160 26.366961 6.680800
v 19.230061 26.366961 8.182690
v 20.762960 26.366961 6.162910
v 19.167860 26.366961 8.089470
v 19.240360 26.366961 6.970820
v 20.711161 26.366961 6.131840
v 19.478661 24.606159 7.022610
v 20.731960 26.366961 6.111120
v 20.752661 26.366961 6.100770
v 20.825161 26.366961 6.059330
v 20.887260 26.366961 6.080050
v 20.939060 26.366961 5.997190
v 23.197060 26.366961 4.692100
v 22.192360 26.366961 3.935980
v 21.177361 25.911261 2.951980
v 23.331760 26.139061 4.640310
v 23.466360 25.911261 4.588520
v 21.260160 24.606159 2.962340
v 18.598261 24.606159 1.895480
v 18.546461 25.911261 1.926560
v 15.760160 24.606159 1.543320
v 15.760160 25.911261 1.574390
v 12.911760 24.606159 1.895480
v 12.963560 25.911261 1.926560
v 10.343060 25.911261 2.951980
v 10.249760 24.606159 2.962340
v 8.737560 24.606159 3.956690
v 8.053961 25.911261 4.588520
v 8.188560 26.139061 4.640310
v 8.323259 26.366961 4.692100
v 9.825161 26.366961 3.635600
v 10.042660 26.366961 3.490590
v 10.084061 26.366961 3.459520
v 10.539860 26.366961 3.138420
v 9.690460 26.366961 3.231650
v 13.201759 26.366961 1.781550
v 11.503059 26.366961 2.309800
v 13.118959 24.657961 1.802260
v 15.739460 24.657961 1.491530
v 13.595360 26.366961 1.698690
v 15.760160 26.366961 1.491530
v 18.401461 24.657961 1.802260
v 18.743259 24.657961 1.367230
v 18.743259 24.657961 1.885130
v 20.327961 24.606159 1.905840
v 21.746960 24.657961 2.599820
v 20.897661 24.657961 2.703390
v 20.006861 26.366961 2.309800
v 17.924961 26.366961 1.698690
v 18.069960 26.366961 2.081920
v 17.904261 26.366961 2.061210
v 17.655661 26.366961 2.030140
v 15.863760 26.366961 1.843700
v 15.760160 26.366961 1.833340
v 15.470160 26.366961 1.874770
v 14.009661 26.366961 2.050850
v 13.719660 26.366961 2.081920
v 13.067160 26.366961 2.164790
v 12.984261 26.366961 2.195860
v 19.654661 26.366961 2.548030
v 19.737560 26.366961 2.579100
v 20.535160 26.366961 2.537670
v 20.079361 26.366961 2.744830
v 20.379761 26.366961 2.900190
v 21.643459 26.366961 3.521660
v 22.389160 26.366961 3.614890
v 21.943760 26.366961 3.304150
v 23.114260 24.657961 4.174210
v 21.757360 24.657961 3.190210
v 24.201761 24.606159 4.495300
v 24.750761 24.657961 5.075340
v 24.740358 24.657961 5.841820
v 23.652861 26.366961 4.650670
v 24.709360 27.568460 5.810750
v 24.937159 24.657961 6.100770
v 25.672659 27.568460 7.219410
v 26.273359 24.657961 8.410560
v 26.418360 27.568460 8.752370
v 26.853361 24.802959 10.337100
v 27.029459 24.657961 10.948200
v 26.884459 26.366961 10.254300
v 26.894861 26.915960 10.306000
v 26.874159 26.366961 10.378600
v 26.915560 27.444160 10.347500
v 26.894861 27.433861 10.471800
v 26.791262 26.366961 10.471800
v 26.801661 26.905560 10.523600
v 26.811960 27.433861 10.565000
v 26.905161 27.516661 10.502800
v 26.811960 27.516661 10.606400
v 26.915560 27.578859 10.544300
v 26.936262 27.651360 10.451100
v 26.925859 27.620260 10.409600
v 26.915560 27.568460 10.378600
v 26.915560 27.506361 10.357800
v 26.428759 27.651360 8.783440
v 25.672659 27.651360 7.219410
v 26.283762 27.796360 8.400200
v 24.957960 27.796360 6.090410
v 24.698961 27.651360 5.779670
v 23.279961 27.796360 4.288140
v 23.404261 27.754959 4.402080
v 23.238560 27.661659 4.329580
v 23.507860 27.651360 4.505660
v 23.414560 27.578859 4.484940
v 23.445660 27.516661 4.505660
v 23.466360 27.433861 4.526370
v 23.580360 27.444160 4.578160
v 23.569960 27.506361 4.567800
v 23.559660 27.568460 4.557450
v 23.528561 27.620260 4.536730
v 23.611361 26.915960 4.609240
v 23.538860 26.366961 4.588520
v 20.990860 27.661659 2.806970
v 21.601961 27.796360 3.076280
v 19.758261 27.796360 2.195860
v 18.453159 27.661659 1.864410
v 17.790260 27.796360 1.657250
v 15.760160 27.796360 1.470810
v 15.760160 27.661659 1.543320
v 13.719660 27.796360 1.657250
v 13.067160 27.661659 1.864410
v 11.751659 27.796360 2.195860
v 10.519060 27.661659 2.806970
v 9.907961 27.796360 3.076280
v 8.240360 27.796360 4.288140
v 8.281761 27.661659 4.329580
v 9.752661 27.609859 3.407730
v 11.275261 27.609859 2.599820
v 11.813860 27.609859 2.382300
v 11.513460 27.609859 2.755180
v 9.970160 27.609859 3.542380
v 10.860861 27.661659 3.200570
v 8.737560 27.661659 4.588520
v 8.582161 27.609859 4.557450
v 8.509661 27.558161 4.671380
v 8.685760 27.640961 4.743890
v 8.478559 27.433861 4.733530
v 8.727160 27.527060 4.857820
v 8.768660 27.796360 4.764600
v 8.799660 27.796360 4.857820
v 8.872160 27.775660 4.919970
v 8.810061 27.879160 4.774960
v 8.903261 27.910259 4.868180
v 8.923960 27.951759 4.692100
v 8.965460 27.962061 4.743890
v 11.016260 27.962061 3.418090
v 8.882561 27.910259 4.650670
v 11.409861 27.910259 3.086640
v 14.268660 27.910259 2.268370
v 13.274260 27.785959 2.392660
v 10.933460 27.785959 3.231650
v 8.841160 27.785959 4.598880
v 13.243259 27.661659 2.330510
v 15.760160 27.785959 2.102640
v 15.760160 27.661659 2.040490
v 13.812860 27.609859 2.081920
v 11.927761 27.609859 2.589460
v 13.678261 27.609859 1.864410
v 15.594460 27.609859 1.677970
v 15.760160 27.609859 1.677970
v 16.008760 27.609859 1.905840
v 15.760160 27.609859 1.905840
v 18.277161 27.661659 2.330510
v 18.235661 27.785959 2.392660
v 20.576561 27.785959 3.231650
v 20.649061 27.661659 3.200570
v 18.339260 27.609859 2.216580
v 20.773361 27.609859 3.117710
v 18.422161 27.609859 1.988700
v 20.928761 27.609859 2.931270
v 20.100060 27.910259 3.086640
v 17.241360 27.910259 2.268370
v 18.183861 27.962061 2.579100
v 20.493660 27.962061 3.418090
v 21.601961 27.962061 5.292850
v 20.203661 27.910259 6.256130
v 20.141560 27.962061 6.131840
v 19.623661 27.962061 6.515080
v 8.789360 27.796360 4.671380
v 9.907961 27.962061 5.292850
v 11.378759 27.962061 6.131840
v 11.886360 27.962061 6.515080
v 11.306261 27.910259 6.256130
v 12.000259 27.962061 6.639370
v 11.782761 27.889561 6.629010
v 12.114161 27.941360 6.981180
v 11.327061 27.630661 6.691160
v 12.238461 27.951759 7.488720
v 11.223461 27.630661 7.447280
v 9.980461 27.630661 9.601710
v 10.850561 27.951759 10.109200
v 8.727160 27.630661 11.766500
v 9.617960 27.962061 12.305100
v 8.126461 27.630661 12.232600
v 8.002161 27.516661 12.149700
v 7.246060 27.516661 12.046200
v 7.370360 27.630661 12.129000
v 8.778961 27.941360 12.771200
v 9.276161 27.951759 12.626200
v 8.789360 27.962061 12.864400
v 11.503059 27.962061 14.273100
v 10.249760 27.962061 11.279700
v 8.665060 27.962061 14.273100
v 9.048260 27.962061 17.266500
v 11.730961 27.962061 17.266500
v 10.135860 27.962061 20.259899
v 12.052061 27.962061 20.259899
v 12.052061 27.962061 22.921900
v 12.186760 27.910259 22.921900
v 12.031361 27.951759 22.983999
v 10.394760 27.962061 22.134701
v 12.010660 27.910259 23.046200
v 9.390060 27.910259 21.637501
v 11.989960 27.785959 23.108299
v 12.072760 27.796360 23.108299
v 12.197060 27.640961 23.160101
v 12.031361 27.661659 23.191200
v 12.217760 27.558161 23.346600
v 12.083160 27.609859 23.346600
v 12.165960 27.589161 23.646900
v 12.083160 27.609859 23.595100
v 12.248859 27.516661 23.688400
v 12.041660 27.661659 23.719400
v 10.508760 27.609859 22.911501
v 9.597260 27.661659 22.538601
v 9.048260 27.609859 22.000000
v 8.592560 27.609859 21.637501
v 7.504960 27.661659 20.819201
v 9.566160 27.796360 22.590401
v 12.020960 27.796360 23.781601
v 11.834560 27.796360 23.719400
v 9.452261 27.796360 22.528299
v 7.463560 27.796360 20.860701
v 7.411760 27.796360 20.808901
v 5.826961 27.796360 18.675200
v 6.562360 27.910259 19.886999
v 5.143360 27.910259 17.432199
v 5.671660 27.962061 18.768400
v 6.541660 27.962061 20.063101
v 8.271460 27.962061 21.865400
v 8.530361 27.910259 21.917200
v 9.576561 27.962061 22.818300
v 10.943760 27.910259 23.408701
v 11.772360 27.962061 23.885201
v 12.632061 27.962061 24.164801
v 13.636761 27.910259 24.268400
v 14.133961 27.962061 24.475599
v 15.656561 27.962061 24.589500
v 16.464460 27.910259 24.444500
v 17.179161 27.962061 24.506599
v 18.681061 27.962061 24.216600
v 19.250761 27.910259 23.926600
v 19.737560 27.962061 23.885201
v 21.736660 27.962061 22.942600
v 21.819460 27.910259 22.745800
v 23.248859 27.962061 21.865400
v 24.036058 27.910259 20.964300
v 24.771460 27.962061 20.311701
v 25.838362 27.962061 18.768400
v 25.734758 27.910259 18.706301
v 26.915560 27.962061 16.282499
v 26.801661 27.910259 16.251400
v 27.267759 27.910259 13.610200
v 27.381659 27.962061 13.620600
v 27.101961 27.910259 10.937900
v 27.226259 27.962061 10.917200
v 26.335562 27.910259 8.379490
v 26.449461 27.962061 8.327700
v 24.999361 27.910259 6.059330
v 25.102961 27.962061 5.986830
v 24.678259 27.962061 5.458580
v 23.166059 27.910259 4.112060
v 23.238560 27.962061 4.018840
v 21.829861 27.962061 3.003770
v 20.928761 27.910259 2.641250
v 20.390160 27.962061 2.258010
v 18.857161 27.962061 1.719400
v 18.411760 27.910259 1.729760
v 17.324160 27.962061 1.398310
v 15.760160 27.962061 1.294730
v 15.760160 27.910259 1.419020
v 18.401461 27.796360 1.781550
v 20.908060 27.796360 2.693040
v 12.942860 27.910259 1.760830
v 14.030361 27.962061 1.429380
v 12.445660 27.962061 1.781550
v 10.923059 27.962061 2.351230
v 10.301559 27.910259 2.786260
v 9.493660 27.962061 3.128070
v 8.271460 27.962061 4.018840
v 7.991760 27.910259 4.422790
v 6.645260 27.962061 5.686450
v 6.417360 27.962061 5.986830
v 6.148060 27.910259 6.577230
v 5.060560 27.962061 8.327700
v 4.884460 27.910259 9.114890
v 4.283660 27.962061 10.917200
v 4.283660 27.910259 11.880400
v 4.128360 27.962061 13.620600
v 4.366560 27.910259 14.708100
v 4.594460 27.962061 16.282499
v 4.770460 27.796360 16.230700
v 4.304360 27.796360 13.610200
v 4.749761 27.796360 16.168600
v 4.304360 27.796360 13.475500
v 4.459761 27.796360 10.948200
v 4.501161 27.796360 10.761800
v 5.226260 27.796360 8.400200
v 5.081261 27.651360 8.783440
v 5.837360 27.651360 7.219410
v 6.562360 27.796360 6.090410
v 6.821361 27.651360 5.779670
v 8.002161 27.651360 4.505660
v 8.105761 27.754959 4.402080
v 8.385361 27.796360 4.153490
v 8.105761 27.578859 4.484940
v 8.064260 27.516661 4.505660
v 7.981461 27.620260 4.536730
v 7.960760 27.568460 4.557450
v 7.939960 27.506361 4.567800
v 7.939960 27.444160 4.578160
v 8.043560 27.433861 4.526370
v 7.971060 26.366961 4.588520
v 8.095360 26.366961 4.619590
v 8.136761 26.905560 4.588520
v 8.167860 27.433861 4.547090
v 10.622660 26.366961 6.080050
v 10.601961 26.366961 6.017900
v 10.653761 26.366961 6.038620
v 10.653761 26.366961 6.048970
v 11.068060 26.366961 6.276850
v 10.498360 24.606159 6.131840
v 12.041660 24.606159 7.022610
v 13.077459 24.606159 7.613010
v 12.621759 24.606159 8.400200
v 13.895760 24.606159 9.984950
v 11.689560 24.606159 10.016000
v 12.735661 24.606159 11.196800
v 12.269560 24.606159 12.947300
v 12.735661 24.222860 11.196800
v 14.009661 24.222860 9.922810
v 13.698959 24.222860 11.756100
v 13.440060 24.222860 12.419000
v 14.040760 21.229460 11.227900
v 13.336460 21.229460 12.947300
v 14.009661 18.236059 11.186500
v 15.760160 18.236059 10.461400
v 15.760160 21.229460 10.513200
v 17.510660 18.236059 11.186500
v 17.541759 15.242661 11.155400
v 18.287460 15.242661 12.947300
v 18.235661 18.236059 12.947300
v 17.541759 15.242661 14.728800
v 17.510660 18.236059 14.697800
v 15.760160 15.242661 15.474600
v 15.760160 18.236059 15.422800
v 17.469160 21.229460 14.656300
v 15.760160 21.229460 15.371000
v 17.811060 24.222860 14.128100
v 18.183861 21.229460 12.947300
v 18.069960 24.222860 12.419000
v 17.811060 24.222860 11.756100
v 17.469160 21.229460 11.227900
v 15.760160 24.222860 10.565000
v 15.760160 24.222860 9.456700
v 14.009661 24.606159 9.922810
v 15.760160 24.606159 9.456700
v 17.500259 24.222860 9.922810
v 17.500259 24.606159 9.922810
v 18.774260 24.222860 11.196800
v 17.614260 24.606159 9.984950
v 15.925859 24.606159 6.981180
v 18.442860 24.606159 7.613010
v 18.380661 25.486561 7.561220
v 18.318560 26.366961 7.509430
v 15.874060 26.366961 6.939750
v 17.769560 26.366961 5.872890
v 15.708361 26.366961 3.594170
v 17.924961 26.366961 3.853120
v 17.790260 26.366961 3.811680
v 16.412661 26.366961 3.604530
v 15.760160 26.366961 3.583810
v 15.729061 26.366961 3.583810
v 13.750761 26.719160 3.832400
v 15.698061 26.366961 3.594170
v 13.719660 26.366961 3.811680
v 13.274260 26.366961 3.956690
v 11.834560 26.719160 4.474590
v 12.342060 26.366961 4.277790
v 13.388260 26.366961 4.940690
v 11.730961 26.366961 4.888900
v 12.176361 26.366961 5.634660
v 12.632061 26.366961 6.380430
v 12.362761 26.719160 5.572520
v 12.663160 26.719160 6.390790
v 14.579361 26.719160 5.645020
v 14.527561 26.719160 8.638440
v 16.930561 26.719160 5.645020
v 16.992760 26.719160 8.638440
v 19.157560 26.719160 5.572520
v 18.846760 26.719160 6.390790
v 19.147160 26.719160 8.110190
v 19.457960 26.719160 8.638440
v 21.187660 26.719160 11.631800
v 18.473961 26.719160 11.631800
v 19.696159 26.719160 14.625300
v 17.106661 26.719160 14.625300
v 16.360960 26.719160 13.289100
v 16.360960 26.719160 12.595100
v 15.760160 26.719160 12.243000
v 15.760160 26.719160 11.631800
v 15.304461 26.719160 12.408700
v 13.046461 26.719160 11.631800
v 15.066160 26.719160 12.823000
v 14.506861 26.719160 14.625300
v 11.917360 26.719160 14.625300
v 10.332661 26.719160 11.631800
v 9.327961 26.719160 14.625300
v 9.876961 26.719160 12.419000
v 9.845860 26.366961 12.408700
v 12.062460 26.719160 8.638440
v 12.362761 26.719160 8.110190
v 9.907961 26.366961 12.315500
v 12.290260 26.366961 8.182690
v 9.814760 23.746460 12.004700
v 11.969160 23.746460 8.265550
v 9.731861 21.136261 11.694000
v 10.695160 21.136261 10.026400
v 11.658461 21.136261 8.358770
v 10.860861 23.373560 7.664800
v 10.923059 24.875460 7.550860
v 10.995560 26.366961 7.436930
v 9.804461 23.373560 9.498130
v 11.036961 27.340561 7.364420
v 9.804461 27.340561 9.498130
v 8.737560 23.373560 11.341800
v 8.675360 24.875460 11.455800
v 8.602859 26.366961 11.569700
v 8.561460 27.340561 11.642200
v 8.602859 27.516661 11.683600
v 7.960760 27.340561 12.108300
v 8.002161 26.366961 12.035800
v 7.380660 26.366961 11.994400
v 7.246060 26.366961 11.932200
v 7.204560 27.340561 12.004700
v 4.718760 26.366961 10.471800
v 5.360860 27.775660 10.989700
v 5.246961 27.527060 10.896400
v 5.008760 27.433861 10.751400
v 4.708361 26.905560 10.523600
v 4.697960 27.433861 10.565000
v 4.697960 27.516661 10.606400
v 4.977660 27.558161 10.803200
v 4.687660 27.589161 10.699600
v 4.697960 27.609859 10.792900
v 4.905160 27.609859 10.917200
v 5.122661 27.640961 10.917200
v 5.019060 27.661659 11.041500
v 5.112360 27.796360 11.041500
v 5.070860 27.785959 11.124300
v 5.133060 27.910259 11.134700
v 5.205561 27.879160 11.010400
v 5.195160 27.951759 11.145000
v 5.267660 27.962061 11.165700
v 5.329861 27.910259 11.041500
v 5.278060 27.796360 10.968900
v 5.184860 27.796360 10.979300
v 7.774260 27.775660 12.377600
v 7.743160 27.910259 12.429400
v 8.416460 27.962061 12.843700
v 8.302561 27.889561 12.657300
v 8.261061 27.962061 12.802300
v 7.670660 27.962061 12.553700
v 5.215860 27.962061 14.366300
v 6.065260 27.962061 17.339001
v 5.536961 27.962061 15.888900
v 5.775260 27.910259 16.986900
v 7.256360 27.910259 19.566000
v 6.365561 27.785959 18.364401
v 7.857161 27.785959 20.363501
v 9.762960 27.785959 21.969000
v 7.826059 27.661659 20.425699
v 9.762960 27.661659 22.051800
v 9.058661 27.609859 21.709999
v 10.508760 27.609859 22.652599
v 8.706461 27.609859 21.430401
v 7.204560 27.609859 20.280600
v 7.318561 27.609859 20.052799
v 6.075561 27.609859 18.716600
v 6.199861 27.609859 18.457701
v 6.075561 27.609859 18.240101
v 5.309160 27.661659 16.065001
v 6.313860 27.661659 18.395500
v 5.381660 27.785959 16.075399
v 4.936260 27.785959 13.620600
v 4.874061 27.661659 13.568800
v 5.174460 27.609859 16.075399
v 4.739460 27.609859 13.506600
v 4.946560 27.609859 16.116800
v 5.992761 27.609859 18.571600
v 5.878760 27.661659 18.644100
v 4.811960 27.661659 16.147900
v 4.366560 27.661659 13.475500
v 4.501161 27.609859 13.465200
v 4.563360 27.661659 10.772100
v 4.604760 27.578859 10.544300
v 4.604760 27.516661 10.502800
v 4.615160 27.433861 10.471800
v 4.604760 27.444160 10.347500
v 4.604760 27.506361 10.357800
v 4.594460 27.568460 10.378600
v 4.573660 27.651360 10.451100
v 4.584061 27.620260 10.409600
v 5.101960 27.568460 8.752370
v 5.837360 27.568460 7.219410
v 5.236560 24.657961 8.410560
v 6.572761 24.657961 6.100770
v 6.728160 24.657961 5.893610
v 6.800660 27.568460 5.810750
v 8.395760 24.657961 4.174210
v 7.857161 26.366961 4.650670
v 9.576561 26.366961 3.304150
v 9.711161 24.657961 3.221290
v 10.612360 24.657961 2.703390
v 9.721560 24.657961 2.630890
v 9.120760 24.657961 3.003770
v 9.566160 23.912161 2.724110
v 8.923960 23.912161 3.179860
v 8.716860 24.067560 3.324870
v 9.048260 23.860359 3.096990
v 9.804461 24.606159 2.630890
v 8.002161 24.606159 3.915260
v 7.939960 24.606159 3.967050
v 7.929661 24.606159 4.650670
v 7.339260 24.606159 4.526370
v 7.794960 24.606159 7.022610
v 9.918360 24.606159 7.022610
v 9.390060 24.606159 10.016000
v 10.146259 24.606159 8.710940
v 10.902361 24.606159 7.395490
v 10.850561 23.363159 7.499070
v 11.430561 23.363159 7.830520
v 12.559561 23.363159 8.483070
v 14.310061 23.363159 7.830520
v 13.388260 23.363159 8.845590
v 15.760160 23.363159 8.203410
v 13.398560 22.979959 8.845590
v 15.760160 22.979959 8.213760
v 13.823259 22.979959 9.601710
v 15.760160 22.979959 9.083820
v 13.502161 19.986561 9.839940
v 15.760160 19.986561 9.104540
v 17.686760 22.979959 9.601710
v 18.007860 19.986561 9.839940
v 19.105761 22.979959 11.010400
v 19.198959 22.979959 11.196800
v 19.406160 19.986561 11.756100
v 19.613260 22.979959 12.688300
v 19.406160 19.986561 14.128100
v 19.395760 22.979959 14.231700
v 19.105761 22.979959 14.873900
v 18.007860 19.986561 16.044300
v 17.686760 22.979959 16.282499
v 15.760160 22.979959 16.800400
v 15.760160 19.986561 16.779699
v 17.997459 16.993160 16.023600
v 15.760160 16.993160 16.748600
v 17.655661 14.507259 16.220400
v 18.805361 14.507259 15.194900
v 19.033260 14.507259 14.832400
v 19.385361 16.993160 14.117700
v 19.457960 14.507259 12.118700
v 19.385361 16.993160 11.766500
v 19.033260 14.507259 11.051800
v 17.997459 16.993160 9.860660
v 17.655661 14.507259 9.663860
v 15.760160 14.507259 9.156330
v 15.760160 16.993160 9.135610
v 13.864660 14.507259 9.663860
v 13.512560 16.993160 9.860660
v 12.476761 14.507259 11.051800
v 12.134960 16.993160 11.766500
v 12.103861 19.986561 11.756100
v 12.414560 22.979959 11.010400
v 12.310961 22.979959 11.196800
v 11.378759 22.979959 11.165700
v 11.668859 22.979959 10.575400
v 11.658461 23.363159 10.575400
v 11.534161 23.363159 10.803200
v 11.213060 23.363159 10.823900
v 10.301559 23.363159 12.408700
v 10.249760 24.606159 12.501900
v 8.592560 23.363159 11.414300
v 8.530361 24.606159 11.507600
v 9.327961 24.606159 13.009400
v 12.269560 24.606159 13.009400
v 9.804461 24.606159 13.278700
v 10.653761 24.606159 16.013201
v 10.591560 24.606159 15.920000
v 12.331760 26.366961 17.825800
v 10.591560 26.366961 15.920000
v 10.011560 26.366961 18.996300
v 11.637760 26.366961 18.934099
v 12.331760 26.366961 18.675200
v 12.404261 25.496960 17.877600
v 12.331760 26.366961 19.286301
v 13.263960 26.366961 18.323000
v 13.377861 26.366961 19.824900
v 13.377861 26.366961 18.323000
v 13.605761 23.746460 18.550900
v 17.914560 23.746460 18.550900
v 18.142460 26.366961 18.323000
v 13.263960 26.719160 18.291901
v 18.246059 26.366961 18.323000
v 15.760160 26.719160 18.291901
v 18.246059 26.719160 18.291901
v 15.760160 26.719160 17.629000
v 18.442860 26.719160 17.629000
v 19.882561 26.719160 18.892700
v 21.135860 26.719160 17.629000
v 20.742260 26.719160 20.404900
v 20.887260 26.719160 20.591400
v 21.125561 26.719160 20.570700
v 20.866560 26.366961 20.643200
v 21.115160 26.543060 20.591400
v 20.887260 26.366961 20.643200
v 20.711161 26.366961 20.456699
v 20.876961 26.366961 20.404900
v 20.700861 26.366961 20.436001
v 20.731960 26.543060 20.425699
v 20.110460 26.366961 19.348400
v 19.882561 26.366961 18.934099
v 20.876961 26.366961 18.219400
v 19.178261 26.366961 18.675200
v 19.178261 26.366961 17.877600
v 20.897661 26.366961 16.054600
v 19.105761 25.486561 17.898300
v 19.022860 24.606159 17.929399
v 19.022860 24.606159 18.996300
v 17.375959 24.606159 16.033899
v 19.105761 24.606159 16.002899
v 17.500259 24.606159 15.961400
v 18.774260 24.606159 14.687400
v 17.500259 24.222860 15.961400
v 15.760160 24.222860 16.427500
v 15.760160 24.222860 15.433200
v 18.111361 24.222860 15.516000
v 15.760160 24.222860 15.319200
v 13.698959 24.222860 14.128100
v 14.040760 21.229460 14.656300
v 14.009661 18.236059 14.697800
v 13.284660 18.236059 12.947300
v 13.222460 15.242661 12.947300
v 13.968260 15.242661 11.155400
v 15.760160 15.242661 10.409600
v 15.760160 15.004459 10.409600
v 13.564260 15.004459 11.673300
v 15.760160 14.507259 9.902090
v 18.391060 14.507259 11.424700
v 17.956060 15.004459 11.673300
v 18.681061 14.507259 12.118700
v 18.391060 14.507259 14.459500
v 17.956060 15.004459 14.211000
v 17.427761 14.507259 15.485000
v 15.760160 14.507259 15.982100
v 15.760160 15.004459 15.474600
v 14.082161 14.507259 15.485000
v 13.118959 14.507259 14.459500
v 13.564260 15.004459 14.211000
v 12.828859 14.507259 12.118700
v 13.118959 14.507259 11.424700
v 13.968260 15.242661 14.728800
v 12.062460 14.507259 12.118700
v 12.476761 14.507259 14.832400
v 12.134960 16.993160 14.117700
v 12.714960 14.507259 15.194900
v 13.512560 16.993160 16.023600
v 12.103861 19.986561 14.128100
v 11.907061 22.979959 12.688300
v 12.114161 22.979959 14.231700
v 11.213060 22.979959 14.242000
v 11.036961 22.979959 12.688300
v 11.068060 23.363159 12.294800
v 11.109461 23.363159 13.858800
v 9.949461 23.363159 13.817400
v 11.451260 23.363159 16.810801
v 9.700861 23.363159 16.852200
v 9.514360 23.363159 16.541500
v 8.633961 23.363159 14.045200
v 8.240360 23.363159 13.817400
v 8.582161 25.465860 14.076300
v 6.034161 25.465860 12.605500
v 5.982360 25.465860 15.495300
v 5.661261 25.465860 12.823000
v 5.785561 25.465860 12.605500
v 5.619861 24.160761 12.760900
v 5.702661 22.979959 14.438800
v 5.588760 22.979959 12.698700
v 5.319460 22.979959 14.480300
v 5.205561 22.979959 12.947300
v 5.329861 22.979959 11.372900
v 5.226260 21.281260 11.839000
v 5.329861 21.281260 11.103600
v 5.360860 22.979959 11.165700
v 5.474860 21.281260 10.378600
v 5.681960 21.281260 9.663860
v 5.806260 22.979959 9.446350
v 5.785561 21.830259 9.415270
v 5.930560 21.281260 8.969890
v 6.220560 21.281260 8.327700
v 6.251660 21.281260 8.265550
v 6.583160 21.281260 7.644080
v 6.593460 21.830259 7.654440
v 3.776160 21.830259 8.027320
v 3.568960 21.830259 9.415270
v 5.764860 23.363159 9.415270
v 5.826961 23.363159 9.415270
v 6.479560 23.363159 7.820170
v 6.717760 23.363159 9.953880
v 8.582161 23.363159 7.830520
v 6.479560 23.363159 10.823900
v 8.934361 23.363159 10.823900
v 9.794060 23.363159 9.332410
v 6.914560 24.606159 10.016000
v 7.235661 24.606159 11.797600
v 4.666961 24.606159 10.316400
v 4.894760 26.366961 10.627100
v 7.173560 26.366961 11.942600
v 7.287460 26.366961 12.004700
v 7.359961 26.366961 12.046200
v 7.380660 26.366961 12.056500
v 8.851460 26.366961 12.905900
v 9.079361 26.366961 13.040500
v 9.814760 26.366961 13.465200
v 8.509661 26.366961 13.517000
v 8.084961 26.366961 13.558400
v 6.800660 26.719160 13.527300
v 7.380660 26.366961 13.630900
v 8.665060 26.366961 14.759900
v 6.748860 26.366961 13.662000
v 6.500260 26.366961 14.097000
v 6.800660 26.366961 15.630000
v 6.831660 26.366961 15.743900
v 6.593460 26.719160 14.666700
v 7.018160 26.719160 16.199699
v 7.691461 26.719160 17.629000
v 10.384460 26.719160 17.629000
v 8.882561 26.719160 19.244900
v 10.384460 26.719160 20.570700
v 11.627359 26.719160 18.892700
v 10.622660 26.719160 20.591400
v 10.778061 26.719160 20.404900
v 10.653761 26.366961 20.643200
v 10.788361 26.532660 20.436001
v 10.798759 26.366961 20.456699
v 11.213060 26.366961 19.690201
v 9.959761 26.366961 20.239201
v 10.384460 26.366961 20.601700
v 9.214060 26.366961 19.586700
v 8.861860 26.366961 19.275900
v 7.691461 26.366961 17.670500
v 7.691461 26.366961 17.660101
v 7.681060 26.366961 17.660101
v 7.670660 26.366961 17.649799
v 7.649961 26.366961 17.618700
v 7.339260 26.366961 17.038601
v 10.560560 26.366961 15.868200
v 9.814760 25.496960 13.372000
v 10.394760 26.532660 20.601700
v 13.067160 26.719160 17.629000
v 15.998360 26.719160 13.599800
v 15.521959 26.719160 13.599800
v 15.149061 26.719160 13.289100
v 15.760160 26.781260 12.947300
v 16.060560 26.760561 13.113000
v 8.540760 26.719160 13.537700
v 6.562360 26.719160 13.558400
v 6.790260 26.543060 13.506600
v 6.769560 26.366961 13.475500
v 6.821361 26.366961 13.496300
v 6.531361 26.366961 13.506600
v 6.520960 26.366961 13.537700
v 6.448461 26.543060 13.755200
v 6.427760 26.366961 13.734500
v 6.448461 26.366961 13.817400
v 6.469160 26.719160 13.775900
v 4.666961 24.657961 10.316400
v 4.780860 26.139061 10.533900
v 4.397660 25.911261 13.247700
v 4.687660 26.366961 12.274000
v 4.687660 26.366961 12.284400
v 4.666961 26.366961 12.470800
v 4.666961 26.366961 12.491500
v 4.666961 26.366961 12.512300
v 4.656560 26.366961 12.553700
v 4.729060 26.366961 13.744800
v 4.749761 26.366961 14.086700
v 4.791261 26.366961 14.677100
v 4.822260 25.911261 16.033899
v 5.091560 26.366961 15.951100
v 5.143360 26.366961 16.168600
v 5.195160 26.366961 16.375700
v 5.909861 25.911261 18.623400
v 6.096260 26.366961 18.395500
v 6.137760 26.366961 18.499100
v 7.608561 25.911261 20.871000
v 6.282761 26.366961 18.685499
v 7.287460 26.366961 20.011299
v 7.536060 26.366961 20.353100
v 7.722460 26.366961 20.591400
v 7.774260 26.366961 20.663900
v 9.017260 26.366961 21.668600
v 7.235661 26.366961 20.591400
v 8.675360 26.366961 21.937901
v 7.432460 24.657961 20.798500
v 8.571859 24.657961 21.761801
v 7.308160 24.657961 21.388901
v 6.707460 24.657961 20.757099
v 6.272360 24.606159 20.218500
v 5.816660 24.657961 19.576300
v 5.723460 24.606159 19.296600
v 5.599160 24.606159 19.110201
v 6.106660 24.606159 19.027300
v 5.588760 24.606159 19.089500
v 5.878760 24.606159 18.644100
v 5.547360 24.606159 19.017000
v 5.402360 24.606159 18.789101
v 4.811960 24.606159 16.137501
v 4.760160 24.606159 17.515100
v 5.516260 24.305759 19.027300
v 4.925860 24.606159 17.991600
v 5.412661 23.912161 18.913401
v 5.681960 24.129660 19.327700
v 5.609460 23.912161 19.213800
v 5.246961 23.912161 19.006599
v 4.128360 23.912161 16.427500
v 3.351460 24.129660 16.655399
v 3.869360 24.129660 18.074400
v 4.542661 24.129660 19.410601
v 6.365561 23.912161 20.591400
v 6.562360 23.912161 20.570700
v 6.386360 23.912161 20.601700
v 6.427760 23.912161 20.663900
v 6.572761 23.912161 20.840000
v 6.583160 23.912161 20.860701
v 6.614161 23.912161 20.891800
v 7.059560 23.912161 21.140301
v 7.121760 24.088261 21.150700
v 7.504960 24.222860 21.523600
v 7.411760 23.912161 21.430401
v 7.525661 24.171061 21.544300
v 8.095360 24.606159 22.062201
v 6.924960 23.912161 21.275000
v 6.842060 23.912161 21.181801
v 6.852460 23.912161 21.171400
v 6.396660 21.913059 21.461399
v 6.821361 23.922560 21.192101
v 6.697061 23.953560 21.264601
v 6.396660 24.046860 21.461399
v 6.158461 24.098560 21.513201
v 6.282761 21.882061 21.502899
v 6.158461 21.850960 21.513201
v 6.945661 21.830259 22.435101
v 5.951261 21.830259 21.388901
v 6.769560 17.987459 21.927500
v 6.117061 17.987459 21.223200
v 5.630160 21.830259 21.016001
v 5.340160 21.830259 20.622400
v 5.184860 17.987459 20.000999
v 4.542661 21.830259 19.420900
v 5.267660 21.850960 20.394600
v 5.329861 24.119360 20.622400
v 5.267660 24.098560 20.394600
v 5.298760 21.882061 20.270300
v 5.371261 24.046860 20.166700
v 5.371261 21.913059 20.166700
v 5.619861 22.006361 19.918100
v 5.868461 22.099560 19.669500
v 5.391960 22.099560 18.923800
v 5.443760 23.860359 18.903000
v 5.868461 23.860359 19.669500
v 5.847760 23.912161 19.638500
v 6.438160 23.860359 20.373899
v 6.230960 23.912161 20.104601
v 5.775260 24.202160 19.472700
v 5.723460 24.481859 19.327700
v 7.038860 23.860359 21.057501
v 5.702661 24.543961 19.286301
v 7.049260 24.129660 21.047100
v 7.069961 24.606159 21.016001
v 5.630160 24.119360 21.016001
v 6.148060 23.984659 20.798500
v 6.251660 23.963961 20.767500
v 6.334560 23.932859 20.705299
v 5.371261 24.129660 20.674200
v 4.708361 27.516661 19.317400
v 5.982360 27.516661 21.140301
v 6.334560 24.129660 21.823999
v 7.432460 24.129660 22.859699
v 7.556760 27.516661 22.714701
v 8.644360 24.129660 23.760900
v 9.379761 27.516661 23.988701
v 9.949461 24.129660 24.517000
v 11.327061 24.129660 25.107401
v 11.399561 27.516661 24.931299
v 12.766760 24.129660 25.542400
v 13.543560 27.516661 25.500999
v 14.258261 24.129660 25.801399
v 15.760160 24.129660 25.894600
v 15.760160 27.516661 25.697800
v 17.262060 24.129660 25.801399
v 17.976761 27.516661 25.500999
v 18.743259 24.129660 25.542400
v 20.182961 24.129660 25.107401
v 20.120861 27.516661 24.931299
v 21.570961 24.129660 24.517000
v 22.130260 27.516661 23.988701
v 22.875959 24.129660 23.760900
v 24.077559 24.129660 22.859699
v 23.953260 27.516661 22.714701
v 25.175459 24.129660 21.823999
v 25.527559 27.516661 21.140301
v 26.138762 24.129660 20.674200
v 26.967360 24.129660 19.410601
v 26.915560 25.817961 19.379499
v 27.640562 24.129660 18.074400
v 27.381659 23.912161 16.427500
v 28.158461 24.129660 16.655399
v 27.640562 23.912161 15.391700
v 28.510660 24.129660 15.194900
v 27.827059 23.912161 13.993400
v 27.630259 23.912161 14.324900
v 27.837358 23.912161 13.734500
v 27.682062 23.912161 13.641300
v 27.702761 24.657961 12.947300
v 27.661360 24.606159 12.947300
v 27.671659 24.212561 12.999100
v 27.671659 23.912161 13.009400
v 27.640562 23.860359 13.827700
v 27.671659 23.912161 12.988700
v 27.858160 23.912161 13.506600
v 27.671659 23.912161 12.978400
v 27.671659 23.912161 12.926600
v 27.630259 23.912161 11.580100
v 27.858160 23.912161 13.454800
v 27.847761 23.912161 13.620600
v 27.847761 23.912161 13.641300
v 27.837358 23.912161 13.703400
v 27.837358 23.912161 13.755200
v 27.837358 23.912161 13.848400
v 27.588861 23.860359 14.739200
v 28.666059 24.119360 13.910600
v 27.992762 23.953560 13.931300
v 28.065260 23.963961 13.869100
v 28.697062 24.119360 13.423800
v 28.282759 24.015760 13.672300
v 28.686762 24.129660 13.693100
v 27.713060 23.912161 10.834300
v 28.686762 24.129660 12.191200
v 28.510660 24.129660 10.689300
v 27.609560 23.912161 10.347500
v 28.158461 24.129660 9.228830
v 26.905161 23.912161 8.130900
v 27.640562 24.129660 7.809810
v 25.496561 23.912161 5.696810
v 26.967360 24.129660 6.473650
v 26.138762 24.129660 5.209990
v 24.636862 23.912161 4.661030
v 25.175459 24.129660 4.060270
v 23.559660 23.912161 3.645960
v 24.077559 24.129660 3.024490
v 21.601961 23.912161 2.309800
v 22.875959 24.129660 2.123360
v 21.208361 23.912161 2.092280
v 21.570961 24.129660 1.367230
v 18.556761 23.912161 1.129000
v 20.182961 24.129660 0.776838
v 18.743259 24.129660 0.341808
v 15.760160 23.912161 0.807911
v 17.262060 24.129660 0.082863
v 15.760160 24.129660 0.000000
v 17.976761 27.516661 0.383240
v 15.760160 25.817961 0.062147
v 15.760160 27.516661 0.186441
v 18.670761 27.682461 0.652544
v 15.760160 27.620260 0.227872
v 15.760160 27.682461 0.310735
v 18.525660 27.930960 1.242940
v 21.156561 27.930960 2.195860
v 21.425859 27.682461 1.657250
v 23.487160 27.930960 3.728820
v 23.880762 27.682461 3.262720
v 25.403360 27.930960 5.758960
v 25.890162 27.682461 5.396430
v 26.791262 27.930960 8.182690
v 27.350561 27.682461 7.944460
v 27.599161 27.930960 10.855000
v 28.199961 27.682461 10.751400
v 27.754560 27.930960 13.641300
v 28.365660 27.682461 13.672300
v 27.267759 27.930960 16.386101
v 27.858160 27.682461 16.562201
v 26.169760 27.930960 18.954800
v 26.698061 27.682461 19.255199
v 27.744162 27.516661 17.307899
v 28.313860 27.516661 15.153500
v 28.510660 27.516661 12.947300
v 28.313860 27.516661 10.730700
v 26.770559 27.620260 19.296600
v 26.801661 27.516661 19.317400
v 24.947561 27.682461 21.606400
v 24.502161 27.930960 21.192101
v 22.358061 27.930960 22.983999
v 22.699961 27.682461 23.491600
v 19.872261 27.930960 24.237301
v 20.079361 27.682461 24.806999
v 17.148161 27.930960 24.879499
v 17.220661 27.682461 25.490601
v 14.361860 27.930960 24.879499
v 15.656561 27.962061 24.806999
v 14.133961 27.962061 24.703400
v 12.632061 27.962061 24.392700
v 11.699860 27.962061 24.092300
v 11.648060 27.930960 24.237301
v 14.289360 27.682461 25.490601
v 11.440960 27.682461 24.806999
v 9.151861 27.930960 22.983999
v 8.820459 27.682461 23.491600
v 7.018160 27.930960 21.192101
v 6.572761 27.682461 21.606400
v 5.350560 27.930960 18.954800
v 4.822260 27.682461 19.255199
v 4.242260 27.930960 16.386101
v 3.651860 27.682461 16.562201
v 3.776160 27.516661 17.307899
v 3.196160 27.516661 15.153500
v 3.009661 24.129660 15.194900
v 2.999360 27.516661 12.947300
v 2.833560 24.129660 13.693100
v 3.641460 23.912161 13.651600
v 4.304360 23.912161 16.365400
v 4.314760 23.912161 16.427500
v 4.325160 23.860359 16.458599
v 4.666961 23.860359 17.297600
v 4.635860 23.912161 17.214701
v 4.677260 23.912161 17.307899
v 5.029460 23.860359 18.126200
v 5.008760 23.912161 18.084801
v 5.205561 23.912161 18.457701
v 4.894760 24.233259 17.815500
v 4.760160 24.595760 17.515100
v 4.749761 24.564659 17.483999
v 4.708361 24.253960 17.401199
v 4.376861 23.984659 16.541500
v 4.584061 24.015760 17.028299
v 4.294061 24.543961 16.147900
v 4.718760 24.657961 17.515100
v 5.837360 24.657961 18.664801
v 6.697061 24.657961 19.938801
v 5.837360 26.366961 18.664801
v 4.791261 24.657961 16.230700
v 4.718760 26.366961 15.992500
v 4.552960 24.906460 14.946400
v 4.325160 24.657961 13.610200
v 4.470160 24.792561 14.428500
v 4.459761 24.657961 14.387000
v 4.480460 24.657961 14.573500
v 4.490860 24.657961 14.677100
v 4.035060 24.657961 15.277800
v 3.807261 24.606159 12.947300
v 4.480460 24.657961 10.958600
v 4.304360 26.366961 13.133700
v 4.335461 26.366961 13.755200
v 4.325160 26.366961 12.325800
v 4.625461 26.366961 10.254300
v 4.635860 26.366961 10.378600
v 4.615160 26.915960 10.306000
v 4.666961 24.751160 10.326800
v 4.666961 24.668261 10.326800
v 4.035060 24.657961 10.606400
v 4.718760 24.657961 8.369130
v 4.221560 24.606159 10.016000
v 4.231860 24.606159 9.984950
v 3.962561 24.606159 11.352200
v 3.983260 24.005360 10.927500
v 3.993660 23.922560 10.865400
v 4.190460 24.502560 10.130000
v 4.190460 24.512960 10.119600
v 3.952260 24.606159 11.466100
v 3.931561 24.606159 11.683600
v 3.848660 24.606159 13.009400
v 3.827960 24.326460 12.978400
v 3.838261 24.108959 13.558400
v 3.910760 24.606159 13.931300
v 3.827960 23.963961 13.579100
v 4.014360 24.606159 14.801300
v 4.086861 24.606159 15.526400
v 3.983260 24.326460 14.759900
v 3.993660 24.471460 14.739200
v 4.252660 24.575060 16.023600
v 4.252660 24.606159 16.013201
v 4.262960 24.606159 16.023600
v 4.480460 24.606159 14.625300
v 4.356160 24.606159 13.081900
v 4.262960 24.606159 16.033899
v 4.262960 24.606159 16.044300
v 4.760160 24.606159 17.494400
v 4.594460 24.657961 15.153500
v 4.294061 23.943260 16.323900
v 4.180060 24.088261 15.733600
v 4.055861 24.202160 15.112100
v 4.231860 24.606159 9.974600
v 4.231860 24.606159 9.964240
v 4.760160 24.606159 8.389850
v 4.283660 24.606159 9.798510
v 4.563360 24.233259 8.907740
v 4.780860 23.912161 8.213760
v 4.552960 24.140060 8.949170
v 4.532260 23.912161 9.042390
v 4.407960 23.912161 9.342770
v 4.169761 23.912161 9.984950
v 3.807261 23.912161 10.834300
v 4.615160 23.912161 8.130900
v 3.869360 24.129660 7.809810
v 3.351460 24.129660 9.228830
v 3.009661 24.129660 10.689300
v 2.833560 24.129660 12.191200
v 3.196160 27.516661 10.730700
v 3.320360 27.682461 10.751400
v 3.144361 27.682461 13.672300
v 3.921161 27.930960 10.855000
v 3.755460 27.930960 13.641300
v 3.910760 27.962061 13.630900
v 4.066160 27.962061 10.875700
v 4.718760 27.930960 8.182690
v 4.853360 27.962061 8.244840
v 6.117061 27.930960 5.758960
v 4.159360 27.682461 7.944460
v 5.630160 27.682461 5.396430
v 4.708361 27.516661 6.566870
v 3.776160 27.516661 8.576290
v 4.542661 24.129660 6.473650
v 5.982360 27.516661 4.743890
v 5.371261 24.129660 5.209990
v 6.023760 23.912161 5.696810
v 6.168760 23.912161 5.810750
v 5.443760 23.912161 6.981180
v 5.391960 23.912161 7.074400
v 5.257360 23.912161 7.385140
v 4.376861 23.860359 9.415270
v 5.236560 24.077860 7.395490
v 5.454161 24.388660 6.981180
v 5.443760 24.606159 7.001900
v 5.495561 24.606159 6.908680
v 5.816660 24.657961 6.307920
v 5.505860 24.606159 6.877600
v 6.334560 24.606159 5.655380
v 5.485160 24.419661 6.908680
v 5.692360 24.067560 6.608300
v 7.007760 23.860359 4.857820
v 6.997460 23.912161 4.868180
v 7.028461 23.912161 4.826750
v 7.598160 23.912161 4.194920
v 7.618860 23.860359 4.174210
v 7.639660 23.912161 4.153490
v 6.562360 23.912161 5.023550
v 8.074659 23.912161 3.790970
v 7.960760 23.912161 3.645960
v 7.432460 24.129660 3.024490
v 6.334560 24.129660 4.060270
v 6.572761 23.912161 5.303210
v 7.101060 24.057159 4.764600
v 7.297860 24.336861 4.557450
v 7.432460 24.367861 4.412440
v 7.308160 24.657961 4.495300
v 7.763960 24.191860 4.080990
v 7.815660 24.046860 4.039560
v 7.826059 23.912161 4.039560
v 7.836460 24.367861 4.029200
v 7.888260 23.860359 3.998120
v 7.815660 23.860359 3.998120
v 6.987061 24.119360 3.418090
v 7.318561 24.119360 3.117710
v 8.302561 23.860359 3.583810
v 7.546360 24.098560 3.034850
v 8.043560 23.953560 3.355940
v 7.774260 24.046860 3.128070
v 7.660360 21.882061 3.055560
v 7.774260 21.913059 3.128070
v 8.468260 21.830259 2.247650
v 7.546360 21.850960 3.034850
v 7.318561 21.830259 3.128070
v 6.987061 21.830259 3.418090
v 6.769560 17.987459 3.956690
v 6.665960 21.830259 3.728820
v 5.505860 21.830259 5.023550
v 5.184860 17.987459 5.883250
v 4.977660 17.987459 6.204340
v 4.542661 21.830259 6.463290
v 4.014360 17.987459 8.079110
v 3.610460 17.987459 9.187400
v 3.227160 21.830259 9.674220
v 3.289360 17.987459 10.461400
v 3.123560 21.830259 10.109200
v 3.030360 21.830259 10.544300
v 3.071860 17.987459 12.201500
v 2.843960 21.830259 11.973700
v 3.040760 17.987459 12.947300
v 2.823260 21.830259 13.423800
v 3.247860 17.987459 15.194900
v 2.843960 21.830259 13.910600
v 2.895761 21.830259 14.397400
v 3.289360 17.987459 15.422800
v 3.133961 21.830259 15.826800
v 4.014360 17.987459 17.805099
v 3.537960 21.830259 17.214701
v 3.703660 21.830259 17.670500
v 3.890060 21.830259 18.126200
v 4.190460 17.987459 18.209101
v 4.055861 21.850960 18.302299
v 4.180060 21.882061 18.333401
v 4.304360 21.913059 18.323000
v 4.066160 24.098560 18.302299
v 4.304360 24.046860 18.323000
v 3.890060 24.119360 18.126200
v 3.703660 24.119360 17.670500
v 4.646160 23.953560 18.229799
v 4.646160 22.006361 18.229799
v 4.977660 22.099560 18.136600
v 4.397660 17.987459 15.194900
v 4.563360 17.987459 16.375700
v 4.615160 17.987459 16.562201
v 4.677260 17.987459 16.748600
v 5.133060 17.987459 16.779699
v 5.143360 17.987459 17.908701
v 5.226260 17.987459 18.074400
v 5.288361 17.987459 18.188400
v 5.309160 17.987459 18.250500
v 5.764860 17.987459 18.219400
v 5.920260 17.987459 18.198700
v 5.940960 17.987459 19.327700
v 6.044560 17.987459 19.493401
v 6.158461 17.987459 19.648800
v 6.158461 20.980860 19.648800
v 6.738461 21.125860 19.514200
v 7.132060 21.229460 19.369200
v 6.044560 20.980860 19.493401
v 7.194261 21.250160 19.348400
v 6.976760 21.281260 18.861601
v 7.266760 21.260561 19.358801
v 7.411760 21.281260 19.462400
v 7.266760 17.987459 19.358801
v 7.411760 17.987459 19.462400
v 7.121760 17.987459 20.228901
v 7.132060 17.987459 19.369200
v 6.924960 17.987459 20.632799
v 6.603860 17.987459 19.555599
v 7.049260 17.987459 20.777800
v 7.183860 17.987459 20.922800
v 8.302561 17.987459 21.171400
v 7.608561 17.987459 20.767500
v 8.240360 17.987459 20.477400
v 8.395760 17.987459 20.560301
v 8.457861 17.987459 20.850300
v 8.271460 21.125860 21.223200
v 8.457861 21.229460 20.850300
v 8.944759 21.281260 21.057501
v 8.084961 20.980860 21.792900
v 8.219660 17.987459 21.357901
v 8.084961 17.987459 21.792900
v 8.230061 17.987459 21.917200
v 8.375061 17.987459 22.041500
v 8.375061 20.980860 22.041500
v 8.230061 20.980860 21.917200
v 9.234760 21.229460 21.502899
v 9.296860 21.250160 21.461399
v 9.369360 21.260561 21.451099
v 9.504061 21.281260 21.492500
v 9.369360 17.987459 21.451099
v 9.504061 17.987459 21.492500
v 9.390060 17.987459 22.776899
v 8.696159 17.987459 23.512300
v 9.234760 17.987459 21.502899
v 8.778961 17.987459 21.823999
v 8.903261 21.125860 21.751499
v 9.545460 17.987459 22.880501
v 9.711161 17.987459 22.973700
v 9.918360 17.987459 24.226999
v 10.084061 17.987459 22.714701
v 10.488060 17.987459 22.321100
v 10.612360 17.987459 22.259001
v 10.746960 17.987459 22.279699
v 10.819460 17.987459 22.310801
v 10.819460 17.987459 23.564100
v 10.995560 17.987459 23.646900
v 11.171659 17.987459 23.719400
v 12.290260 17.987459 23.698700
v 12.342060 17.987459 24.144100
v 12.445660 17.987459 24.175200
v 10.891960 17.987459 24.682699
v 12.528561 17.987459 24.206301
v 12.714960 17.987459 24.258101
v 13.274260 17.987459 25.407801
v 12.766760 17.987459 24.185499
v 13.854361 17.987459 24.195900
v 13.937160 17.987459 24.517000
v 14.123661 17.987459 24.537701
v 14.320459 17.987459 24.568800
v 15.376961 17.987459 24.175200
v 15.397661 17.987459 24.237301
v 15.563360 17.987459 24.651600
v 15.760160 17.987459 24.651600
v 15.760160 17.987459 25.656401
v 15.946560 17.987459 24.651600
v 16.122660 17.987459 24.237301
v 16.143360 17.987459 24.175200
v 16.972061 17.987459 24.175200
v 17.199860 17.987459 24.568800
v 17.386360 17.987459 24.537701
v 17.572760 17.987459 24.517000
v 18.235661 17.987459 25.407801
v 15.760160 18.142860 25.666700
v 14.020060 21.830259 25.770300
v 15.760160 19.914061 25.811701
v 15.760160 21.136261 25.863501
v 15.760160 21.830259 25.894600
v 13.823259 21.830259 23.346600
v 12.714960 21.830259 25.262800
v 12.549261 21.830259 25.407801
v 12.321360 21.830259 25.428499
v 11.896660 21.830259 25.304199
v 11.472061 21.830259 25.159201
v 11.472061 24.119360 25.159201
v 11.285561 21.850960 25.003799
v 11.285561 24.098560 25.003799
v 11.244160 21.882061 24.889900
v 10.135860 21.830259 24.610201
v 11.244160 21.913059 24.765600
v 11.316660 22.006361 24.413401
v 11.378759 22.099560 24.071600
v 10.570860 22.099560 23.719400
v 10.591560 23.860359 23.677999
v 11.389160 23.860359 24.030199
v 11.119860 23.912161 23.905899
v 10.633060 23.912161 23.698700
v 10.539860 23.912161 23.646900
v 9.814760 23.860359 23.274099
v 10.156561 23.912161 23.450100
v 9.845860 24.564659 23.274099
v 9.804461 24.512960 23.253300
v 9.048260 23.860359 22.787201
v 9.638660 24.440359 23.149799
v 8.830761 23.912161 22.621500
v 8.312860 23.860359 22.248600
v 8.302561 23.912161 22.227900
v 7.649961 23.860359 21.678900
v 7.681060 23.912161 21.699699
v 7.629260 23.912161 21.658199
v 7.618860 22.099560 21.709999
v 8.292160 22.099560 22.290100
v 8.126461 22.006361 22.590401
v 7.960760 21.913059 22.911501
v 7.960760 24.046860 22.911501
v 7.919260 21.882061 23.035801
v 7.929661 24.098560 23.149799
v 8.126461 23.953560 22.590401
v 8.064260 24.119360 23.356899
v 8.468260 24.119360 23.636600
v 8.665060 23.963961 23.025499
v 8.892960 23.922560 23.004801
v 8.913660 23.922560 22.983999
v 8.903261 23.912161 22.932199
v 8.913660 23.922560 23.004801
v 9.193260 23.912161 22.921900
v 8.934361 23.912161 22.952999
v 9.017260 23.912161 23.004801
v 9.058661 23.912161 23.025499
v 9.100060 23.912161 23.056499
v 9.120760 23.912161 23.066900
v 9.151861 23.912161 23.098000
v 9.586861 23.912161 23.170500
v 10.239460 24.606159 23.543400
v 9.638660 23.912161 23.408701
v 9.576561 23.912161 23.377600
v 9.327961 23.912161 23.211901
v 9.669760 23.912161 23.429399
v 11.668859 23.912161 24.175200
v 11.285561 24.243561 23.978399
v 11.627359 24.305759 24.102699
v 12.673561 24.606159 24.444500
v 12.248859 23.860359 24.330601
v 13.129261 23.860359 24.558399
v 13.098160 23.860359 24.610201
v 12.911760 23.953560 24.931299
v 12.714960 24.057159 25.262800
v 12.590660 24.005360 25.003799
v 12.424961 24.005360 24.983101
v 12.197060 23.974260 24.796700
v 11.689560 24.015760 24.775900
v 11.461660 24.026060 24.734501
v 11.896660 24.119360 25.304199
v 12.103861 23.963961 24.724199
v 12.279961 23.974260 24.827700
v 12.321360 24.119360 25.428499
v 12.549261 24.098560 25.407801
v 11.440960 24.005360 24.672400
v 11.327061 23.995060 24.568800
v 11.316660 23.953560 24.413401
v 11.337360 23.943260 24.372000
v 11.358061 23.912161 24.226999
v 11.368460 23.912161 24.226999
v 11.399561 23.912161 24.247700
v 11.482361 23.912161 24.268400
v 11.617060 23.912161 24.320200
v 11.751659 23.912161 24.361601
v 12.580259 23.912161 24.465200
v 12.176361 23.912161 24.517000
v 12.259260 23.912161 24.537701
v 12.310961 23.912161 24.548100
v 12.362761 23.912161 24.568800
v 12.580259 23.912161 24.641300
v 12.590660 23.912161 24.641300
v 12.652861 23.912161 24.662001
v 14.372261 23.912161 24.806999
v 13.667860 24.233259 24.651600
v 14.310061 24.243561 24.765600
v 14.475760 24.471460 24.765600
v 14.434361 23.860359 24.786301
v 15.760160 23.860359 24.858801
v 15.739460 24.606159 24.848400
v 14.610460 24.606159 24.775900
v 15.760160 24.606159 24.848400
v 14.662260 24.606159 21.989700
v 14.206461 24.606159 24.703400
v 13.429661 24.657961 24.662001
v 14.175461 24.606159 24.703400
v 12.725361 24.657961 24.506599
v 11.181961 24.657961 23.978399
v 11.306261 24.606159 23.937000
v 11.119860 24.606159 23.864500
v 12.487061 24.606159 23.864500
v 9.866560 24.606159 22.704399
v 12.424961 25.258659 23.833401
v 12.373159 25.911261 23.791901
v 9.804461 25.911261 22.631901
v 12.352461 26.139061 23.646900
v 12.331760 26.366961 23.512300
v 10.581261 26.366961 22.694000
v 10.353361 26.366961 22.590401
v 10.301559 26.366961 22.559401
v 9.876961 26.366961 22.362600
v 8.965460 24.699360 22.093300
v 8.986160 24.657961 22.114000
v 9.462561 24.657961 22.507601
v 10.291260 26.366961 23.004801
v 9.731861 24.657961 22.683701
v 11.844860 24.657961 23.698700
v 12.518160 26.366961 23.926600
v 12.725361 24.657961 23.988701
v 14.051161 27.568460 24.268400
v 12.466360 26.915960 23.916201
v 12.414560 26.366961 23.854099
v 12.424961 27.444160 23.895500
v 12.321360 27.433861 23.823000
v 12.373159 26.366961 23.740200
v 12.331760 26.905560 23.719400
v 12.279961 27.454559 23.709101
v 12.300661 27.516661 23.812700
v 12.259260 27.578859 23.802299
v 12.331760 27.651360 23.874800
v 12.362761 27.620260 23.885201
v 14.020060 27.651360 24.268400
v 12.393860 27.568460 23.885201
v 12.414560 27.506361 23.895500
v 15.760160 27.651360 24.392700
v 14.423960 27.796360 24.330601
v 17.085960 27.796360 24.330601
v 17.489960 27.651360 24.268400
v 15.760160 27.568460 24.392700
v 17.458860 27.568460 24.268400
v 17.085960 24.657961 24.320200
v 15.739460 24.657961 24.392700
v 14.423960 24.657961 24.320200
v 15.739460 24.657961 24.889900
v 18.090660 24.657961 24.662001
v 17.831760 24.606159 24.713800
v 17.334560 24.606159 24.744900
v 17.313860 24.606159 24.744900
v 16.847761 24.606159 21.989700
v 18.432461 24.606159 24.527399
v 18.805361 24.606159 24.403099
v 18.857161 24.606159 24.392700
v 19.022860 24.606159 23.864500
v 19.022860 24.606159 21.989700
v 18.132061 24.606159 19.918100
v 15.760160 24.606159 19.918100
v 15.760160 23.363159 19.907801
v 18.018160 23.363159 19.907801
v 15.760160 23.363159 22.797600
v 13.823259 23.363159 22.797600
v 13.823259 23.363159 22.259001
v 13.491760 23.363159 19.907801
v 12.497459 23.363159 21.886101
v 13.491760 23.363159 19.804199
v 11.244160 23.363159 21.326799
v 11.244160 23.363159 19.804199
v 11.181961 25.465860 18.582001
v 11.244160 23.363159 18.561199
v 9.462561 25.465860 16.572500
v 8.654661 25.465860 20.125299
v 7.007760 25.465860 17.991600
v 6.955960 22.979959 18.022600
v 6.624560 22.979959 17.411501
v 6.044560 22.979959 15.961400
v 5.681960 22.979959 16.065001
v 6.282761 22.979959 17.566900
v 5.681960 21.281260 16.220400
v 5.485160 21.281260 15.536800
v 5.474860 21.281260 15.474600
v 5.329861 21.281260 14.780600
v 5.226260 21.281260 14.086700
v 5.215860 21.281260 14.014100
v 5.174460 21.281260 13.475500
v 5.164061 21.281260 12.947300
v 4.045461 20.980860 13.154500
v 4.594460 21.125860 12.926600
v 4.459761 17.987459 12.978400
v 4.998361 17.987459 12.812600
v 4.998361 21.229460 12.812600
v 5.122661 17.987459 12.740100
v 5.060560 21.250160 12.781600
v 5.164061 21.281260 12.771200
v 5.174460 21.281260 12.574400
v 5.122661 21.260561 12.740100
v 5.174460 17.987459 12.574400
v 5.133060 17.987459 12.398300
v 5.008760 17.987459 12.325800
v 5.081261 21.250160 12.346500
v 5.008760 21.229460 12.325800
v 4.107560 20.980860 11.714700
v 5.133060 21.260561 12.398300
v 4.128360 20.980860 11.528300
v 4.708361 21.125860 11.372900
v 4.563360 17.987459 11.404000
v 5.122661 17.987459 11.321100
v 5.122661 21.229460 11.321100
v 5.246961 17.987459 11.259000
v 5.195160 21.250160 11.300400
v 5.246961 21.260561 11.259000
v 5.329861 17.987459 11.103600
v 5.309160 17.987459 10.927500
v 5.309160 21.260561 10.927500
v 5.267660 21.250160 10.875700
v 4.387260 20.980860 10.109200
v 4.439060 20.980860 9.922810
v 5.029460 21.125860 9.850300
v 4.884460 17.987459 9.860660
v 5.443760 17.987459 9.850300
v 5.443760 21.229460 9.850300
v 5.588760 17.987459 9.819230
v 5.526660 21.250160 9.850300
v 5.588760 21.260561 9.819230
v 5.681960 17.987459 9.663860
v 5.692360 17.987459 9.487780
v 5.599160 17.987459 9.384200
v 5.661261 21.250160 9.435990
v 5.599160 21.229460 9.384200
v 4.894760 20.980860 8.555570
v 5.692360 21.260561 9.498130
v 4.967260 20.980860 8.379490
v 5.568060 21.125860 8.379490
v 5.423060 17.987459 8.379490
v 5.982360 17.987459 8.451990
v 5.982360 21.229460 8.451990
v 6.117061 17.987459 8.431280
v 6.054860 21.250160 8.451990
v 6.117061 21.260561 8.431280
v 6.220560 17.987459 8.327700
v 6.251660 17.987459 8.265550
v 6.272360 17.987459 8.120540
v 6.199861 17.987459 8.006610
v 6.241361 21.250160 8.058400
v 6.199861 21.229460 8.006610
v 5.609460 20.980860 7.084760
v 6.272360 21.260561 8.130900
v 5.713060 20.980860 6.919030
v 6.303460 21.125860 7.012260
v 6.158461 17.987459 6.981180
v 6.697061 17.987459 7.126190
v 6.697061 21.229460 7.126190
v 6.842060 17.987459 7.136550
v 6.769560 21.250160 7.146910
v 6.842060 21.260561 7.136550
v 6.955960 21.281260 7.053690
v 6.976760 17.987459 7.022610
v 6.997460 21.281260 6.991540
v 7.411760 21.281260 6.421860
v 7.712160 21.830259 6.069690
v 7.888260 21.281260 5.852180
v 7.753561 22.979959 6.069690
v 7.743160 23.363159 6.100770
v 7.701760 23.363159 6.059330
v 7.380660 23.591061 5.489650
v 6.583160 23.363159 7.644080
v 5.443760 23.860359 6.981180
v 5.692360 23.912161 6.629010
v 5.495561 23.912161 6.898320
v 6.987061 23.860359 4.806040
v 6.800660 23.953560 4.484940
v 6.603860 24.057159 4.153490
v 6.603860 21.830259 4.153490
v 6.562360 21.830259 3.925620
v 6.562360 24.098560 3.925620
v 6.665960 24.119360 3.728820
v 8.654661 22.979959 6.587580
v 8.478559 22.979959 5.313570
v 9.628361 22.979959 5.645020
v 8.654661 23.363159 6.608300
v 9.638660 23.363159 5.645020
v 10.664061 23.363159 7.830520
v 10.757360 23.363159 4.837110
v 13.149960 23.363159 6.225060
v 13.149960 25.465860 6.162910
v 10.601961 25.465860 4.692100
v 10.601961 25.465860 4.257070
v 13.087860 25.465860 3.200570
v 15.760160 25.465860 5.676090
v 15.760160 25.465860 2.838050
v 18.359961 25.465860 6.162910
v 18.432461 25.465860 3.200570
v 20.908060 25.465860 4.692100
v 20.752661 23.363159 4.837110
v 18.359961 23.363159 6.225060
v 15.760160 23.363159 5.738240
v 17.199860 23.363159 7.830520
v 20.079361 23.363159 7.830520
v 18.121759 23.363159 8.845590
v 18.950359 23.363159 8.483070
v 19.861860 23.363159 10.575400
v 20.307261 23.363159 10.823900
v 19.820459 24.606159 10.016000
v 18.888260 24.606159 8.400200
v 18.774260 24.606159 11.196800
v 20.483360 24.606159 13.009400
v 19.240360 24.606159 13.009400
v 20.866560 24.606159 16.013201
v 20.918360 24.606159 15.920000
v 21.705561 24.606159 13.278700
v 22.182060 24.606159 13.009400
v 21.260160 24.606159 12.501900
v 22.989960 24.606159 11.507600
v 21.218760 23.363159 12.408700
v 20.452261 23.363159 12.294800
v 19.986160 23.363159 10.803200
v 20.141560 22.979959 11.165700
v 20.472960 22.979959 12.688300
v 20.400461 23.363159 13.858800
v 20.296860 22.979959 14.242000
v 19.861860 23.363159 15.308900
v 19.851460 22.979959 15.308900
v 18.121759 22.979959 17.038601
v 18.121759 23.363159 17.038601
v 15.760160 23.363159 17.680799
v 17.552061 22.979959 17.307899
v 15.760160 22.979959 17.194000
v 15.760160 22.979959 17.670500
v 13.957861 22.979959 17.307899
v 13.823259 22.979959 16.282499
v 13.398560 22.979959 17.038601
v 12.414560 22.979959 14.873900
v 11.668859 22.979959 15.308900
v 13.502161 19.986561 16.044300
v 11.658461 23.363159 15.308900
v 13.108561 23.363159 16.872900
v 13.388260 23.363159 17.038601
v 13.491760 23.363159 17.939800
v 15.760160 23.363159 17.939800
v 13.388260 24.606159 17.929399
v 13.388260 24.606159 18.996300
v 12.414560 24.606159 16.002899
v 14.144360 24.606159 16.033899
v 14.009661 24.606159 15.961400
v 12.735661 24.606159 14.687400
v 12.735661 24.222860 14.687400
v 12.310961 24.222860 12.419000
v 13.408960 24.222860 15.516000
v 14.009661 24.222860 15.961400
v 15.760160 24.606159 16.427500
v 15.760160 24.606159 17.929399
v 18.132061 24.606159 17.929399
v 18.018160 23.363159 17.939800
v 18.132061 24.606159 18.996300
v 18.018160 23.363159 19.804199
v 20.276161 23.363159 19.804199
v 19.012560 23.363159 21.886101
v 20.276161 23.363159 21.326799
v 20.265860 23.166361 21.337099
v 20.327961 25.465860 21.533899
v 20.265860 22.979959 21.337099
v 20.296860 24.160761 21.596100
v 20.452261 25.465860 21.751499
v 20.265860 22.979959 21.647900
v 20.379761 22.979959 21.855000
v 20.027561 22.979959 22.590401
v 19.012560 22.979959 21.896500
v 17.707460 22.979959 22.269300
v 17.707460 22.979959 23.305099
v 17.697060 23.363159 22.797600
v 17.697060 23.363159 22.259001
v 15.760160 23.363159 23.533001
v 13.823259 23.363159 23.356899
v 13.833561 23.363159 23.305099
v 13.491760 23.591061 23.926600
v 13.812860 22.979959 23.305099
v 13.812860 22.979959 22.269300
v 11.492760 22.979959 22.590401
v 12.497459 22.979959 21.896500
v 11.254459 22.979959 21.647900
v 11.130260 22.979959 21.855000
v 11.223461 24.160761 21.596100
v 11.181961 25.465860 21.533899
v 11.254459 22.979959 21.337099
v 11.244160 23.166361 21.337099
v 11.057661 25.465860 21.751499
v 10.881660 22.979959 21.865400
v 10.850561 24.160761 21.813601
v 8.820459 22.979959 20.373899
v 10.819460 25.465860 21.751499
v 8.654661 22.979959 20.218500
v 8.302561 22.979959 20.404900
v 7.639660 22.979959 19.679899
v 7.888260 21.281260 20.032101
v 7.473860 21.260561 19.628099
v 7.463560 21.250160 19.700600
v 7.432460 21.229460 19.762800
v 7.194261 21.125860 20.104601
v 6.924960 20.980860 20.632799
v 7.432460 17.987459 19.762800
v 7.049260 20.980860 20.777800
v 8.178261 21.250160 20.477400
v 8.250761 21.260561 20.477400
v 8.395760 21.281260 20.560301
v 8.105761 17.987459 20.508499
v 8.105761 21.229460 20.508499
v 7.743160 21.125860 20.705299
v 7.183860 20.980860 20.922800
v 7.473860 17.987459 19.628099
v 9.400461 22.979959 21.357901
v 8.488960 21.260561 20.715700
v 8.488960 21.250160 20.788200
v 8.488960 17.987459 20.715700
v 6.562360 21.281260 18.209101
v 6.230960 21.281260 17.587601
v 5.951261 21.281260 16.945400
v 5.920260 21.281260 16.872900
v 5.920260 17.987459 16.872900
v 5.826961 17.987459 16.769300
v 5.868461 17.987459 17.204399
v 5.443760 17.987459 17.566900
v 5.692360 17.987459 16.748600
v 5.143360 20.980860 17.908701
v 5.547360 21.125860 17.463301
v 5.226260 20.980860 18.074400
v 6.386360 21.250160 18.095100
v 6.458860 21.260561 18.115900
v 6.458860 17.987459 18.115900
v 6.313860 17.987459 18.105499
v 6.313860 21.229460 18.105499
v 5.909861 21.125860 18.198700
v 5.309160 20.980860 18.250500
v 6.552060 17.987459 18.188400
v 6.583160 17.987459 18.240101
v 6.603860 21.281260 18.271200
v 6.624560 21.260561 18.405899
v 6.603860 21.250160 18.478399
v 6.562360 21.229460 18.530199
v 6.282761 21.125860 18.840900
v 5.940960 20.980860 19.327700
v 6.189560 17.987459 18.954800
v 6.562360 17.987459 18.530199
v 6.624560 17.987459 18.405899
v 5.868461 21.229460 17.204399
v 5.930560 21.250160 17.152599
v 5.961660 21.260561 17.080099
v 5.951261 17.987459 17.090401
v 5.951261 17.987459 16.945400
v 5.764860 21.250160 16.748600
v 5.692360 21.229460 16.748600
v 4.615160 20.980860 16.562201
v 5.826961 21.260561 16.769300
v 4.563360 20.980860 16.375700
v 4.894760 21.084459 16.096100
v 4.905160 17.987459 16.085699
v 5.381660 17.987459 15.785300
v 5.381660 21.229460 15.785300
v 5.474860 17.987459 15.681800
v 5.433360 21.250160 15.743900
v 5.474860 21.260561 15.681800
v 5.485160 17.987459 15.536800
v 5.474860 17.987459 15.474600
v 5.391960 17.987459 15.350300
v 5.257360 17.987459 15.308900
v 5.329861 21.250160 15.319200
v 5.257360 21.229460 15.308900
v 4.221560 20.980860 14.977400
v 5.391960 21.260561 15.350300
v 4.190460 20.980860 14.791000
v 4.697960 21.125860 14.480300
v 4.573660 17.987459 14.542400
v 5.081261 17.987459 14.314500
v 5.081261 21.229460 14.314500
v 5.195160 17.987459 14.221300
v 5.143360 21.250160 14.273100
v 5.195160 21.260561 14.221300
v 5.226260 17.987459 14.086700
v 5.215860 17.987459 14.014100
v 5.153760 17.987459 13.889900
v 5.164061 21.260561 13.889900
v 5.101960 21.250160 13.848400
v 5.029460 21.229460 13.817400
v 4.055861 20.980860 13.537700
v 4.045461 20.980860 13.351200
v 4.045461 17.987459 13.351200
v 4.045461 17.987459 13.154500
v 4.708361 17.987459 12.222200
v 4.490860 17.987459 12.118700
v 4.615160 21.125860 12.180800
v 4.086861 17.987459 11.911500
v 4.086861 20.980860 11.911500
v 4.107560 17.987459 11.714700
v 4.128360 17.987459 11.528300
v 4.345860 17.987459 10.295700
v 4.718760 17.987459 10.565000
v 4.832661 21.125860 10.637500
v 4.345860 20.980860 10.295700
v 5.205561 21.229460 10.834300
v 4.387260 17.987459 10.109200
v 4.439060 17.987459 9.922810
v 5.371261 17.987459 9.228830
v 5.153760 17.987459 9.052750
v 5.257360 21.125860 9.145970
v 4.822260 17.987459 8.731660
v 4.822260 20.980860 8.731660
v 4.894760 17.987459 8.555570
v 4.967260 17.987459 8.379490
v 5.516260 17.987459 7.250480
v 5.795960 17.987459 7.613010
v 5.889160 21.125860 7.716590
v 5.516260 20.980860 7.250480
v 5.609460 17.987459 7.084760
v 5.713060 17.987459 6.919030
v 6.593460 17.987459 6.204340
v 6.634960 17.987459 6.276850
v 6.717760 21.125860 6.401140
v 6.407061 17.987459 5.883250
v 6.407061 20.980860 5.883250
v 6.976760 21.229460 6.722240
v 6.520960 20.980860 5.727880
v 7.018160 21.250160 6.784380
v 7.028461 21.260561 6.856890
v 7.028461 17.987459 6.846530
v 6.976760 17.987459 6.722240
v 6.645260 20.980860 5.582870
v 7.214960 21.125860 5.748600
v 7.080260 17.987459 5.707170
v 7.598160 17.987459 5.924680
v 7.598160 21.229460 5.924680
v 7.732861 17.987459 5.945400
v 7.670660 21.250160 5.945400
v 7.743160 21.260561 5.945400
v 7.888260 17.987459 5.852180
v 7.960760 17.987459 5.696810
v 7.929661 17.987459 5.562160
v 7.960760 21.250160 5.624300
v 7.929661 21.229460 5.562160
v 7.618860 20.980860 4.516020
v 8.395760 21.281260 5.323930
v 7.960760 21.260561 5.696810
v 7.753561 20.980860 4.381360
v 8.302561 21.125860 4.629950
v 8.167860 17.987459 4.567800
v 8.654661 17.987459 4.857820
v 8.654661 21.229460 4.857820
v 8.789360 17.987459 4.899260
v 8.716860 21.250160 4.888900
v 8.789360 21.260561 4.899260
v 8.944759 21.281260 4.826750
v 9.535061 21.281260 4.371010
v 10.021959 22.979959 4.091340
v 9.970160 22.979959 5.365360
v 10.353361 22.979959 4.474590
v 10.477661 22.979959 4.692100
v 10.736660 22.979959 4.837110
v 10.746960 23.166361 4.837110
v 10.529461 24.160761 4.692100
v 10.477661 25.465860 4.474590
v 10.467260 22.979959 4.257070
v 10.529461 24.160761 4.257070
v 13.015360 22.979959 3.159140
v 12.766760 22.979959 2.827690
v 11.347761 22.979959 3.355940
v 12.134960 21.281260 2.993410
v 12.797861 21.281260 2.765540
v 12.870359 21.281260 2.755180
v 13.553961 21.281260 2.579100
v 14.247961 22.979959 2.506600
v 14.247961 21.281260 2.454810
v 14.320459 21.281260 2.444450
v 15.014360 21.281260 2.371940
v 15.760160 21.281260 2.351230
v 15.760160 22.979959 2.392660
v 15.760160 22.979959 2.775900
v 17.262060 22.979959 2.506600
v 18.504961 22.979959 3.159140
v 18.743259 22.979959 2.827690
v 20.162260 22.979959 3.355940
v 20.100060 21.281260 3.283430
v 20.731960 21.281260 3.594170
v 21.374161 21.281260 3.956690
v 21.488060 22.979959 4.091340
v 21.042660 22.979959 4.257070
v 21.166960 22.979959 4.474590
v 21.042660 22.979959 4.692100
v 21.539860 22.979959 5.365360
v 23.041759 22.979959 5.313570
v 21.881660 22.979959 5.645020
v 22.865660 22.979959 6.587580
v 23.766760 22.979959 6.069690
v 23.766760 23.363159 6.100770
v 22.865660 23.363159 6.608300
v 21.871260 23.363159 5.645020
v 20.856260 23.363159 7.830520
v 20.659460 23.363159 7.499070
v 20.617960 24.606159 7.395490
v 21.601961 24.606159 7.022610
v 21.011560 24.606159 6.131840
v 23.580360 24.606159 4.650670
v 23.725361 24.606159 7.022610
v 22.119860 24.606159 10.016000
v 24.605761 24.606159 10.016000
v 24.284658 24.606159 11.797600
v 26.853361 24.606159 10.316400
v 27.288462 24.606159 9.974600
v 27.278059 24.606159 9.964240
v 27.288462 24.606159 9.995310
v 27.288462 24.606159 10.005700
v 27.474859 24.606159 10.606400
v 26.853361 24.657961 10.316400
v 26.843061 24.657961 10.316400
v 26.853361 25.258659 10.378600
v 26.843061 25.911261 10.451100
v 26.729158 26.139061 10.533900
v 26.615160 26.366961 10.627100
v 27.122660 25.911261 13.247700
v 26.729158 26.366961 11.870100
v 27.153761 26.366961 11.859700
v 26.853361 26.366961 13.320200
v 26.791262 26.366961 13.744800
v 27.153761 26.366961 14.003800
v 27.195261 26.366961 12.408700
v 27.184862 24.657961 13.610200
v 26.967360 24.875460 14.915300
v 26.729158 24.657961 16.230700
v 27.091661 26.366961 14.573500
v 26.687662 26.366961 14.407700
v 26.760160 26.366961 13.952000
v 26.698061 25.911261 16.033899
v 26.760160 26.366961 13.920900
v 26.791262 26.366961 13.765600
v 26.625559 26.366961 14.801300
v 26.428759 26.366961 16.002899
v 26.221560 26.366961 16.510401
v 26.573759 26.366961 16.686501
v 26.107660 26.366961 16.759001
v 25.424059 26.366961 18.395500
v 25.372259 26.366961 18.499100
v 25.672659 26.366961 18.664801
v 25.672659 24.657961 18.664801
v 24.771460 24.657961 20.000999
v 24.408960 26.366961 20.436001
v 24.087862 24.657961 20.798500
v 24.150061 26.366961 20.736401
v 22.844961 26.366961 21.937901
v 22.762060 24.657961 21.906799
v 24.201761 24.657961 21.388901
v 22.575661 24.657961 22.082899
v 22.523861 24.657961 22.114000
v 22.047359 24.657961 22.507601
v 22.399561 24.657961 22.880501
v 22.606661 24.606159 22.735399
v 21.985260 24.606159 23.056499
v 21.912760 24.409361 23.129000
v 21.612360 23.912161 23.356899
v 22.327061 23.912161 22.921900
v 22.720661 23.912161 22.590401
v 24.574659 23.912161 21.285400
v 22.606661 23.912161 22.932199
v 22.606661 23.922560 22.983999
v 22.689560 24.036461 23.470900
v 22.461660 24.005360 23.481199
v 23.052061 24.119360 23.636600
v 22.037060 23.953560 23.501900
v 22.637760 24.119360 23.905899
v 23.052061 21.830259 23.636600
v 23.456060 21.830259 23.356899
v 23.456060 24.119360 23.356899
v 23.580360 21.850960 23.149799
v 24.564360 21.830259 22.435101
v 23.590660 21.882061 23.035801
v 23.549261 21.913059 22.911501
v 23.580360 24.098560 23.149799
v 23.549261 24.046860 22.911501
v 22.472061 23.860359 22.787201
v 22.575661 23.912161 22.952999
v 22.409861 23.912161 23.056499
v 22.306360 23.912161 23.129000
v 21.695160 23.860359 23.274099
v 21.954161 23.912161 23.336201
v 21.881660 23.912161 23.388000
v 21.840260 23.912161 23.408701
v 21.840260 23.912161 23.429399
v 21.840260 23.912161 23.439800
v 21.612360 23.912161 23.574400
v 20.887260 23.912161 23.688400
v 20.317659 24.606159 23.947300
v 21.705561 24.253960 23.263700
v 20.928761 23.860359 23.677999
v 21.726261 22.099560 23.305099
v 20.949461 22.099560 23.719400
v 21.374161 21.830259 24.610201
v 21.954161 22.006361 23.564100
v 22.192360 21.913059 23.843700
v 22.192360 24.046860 23.843700
v 22.285561 21.882061 23.916201
v 22.399561 24.098560 23.957701
v 21.954161 23.953560 23.564100
v 21.850561 23.912161 23.439800
v 21.995560 23.963961 23.564100
v 22.192360 23.963961 23.460501
v 22.399561 21.850960 23.957701
v 22.637760 21.830259 23.905899
v 23.818560 21.136261 23.046200
v 21.363760 21.136261 24.589500
v 20.037960 21.830259 25.159201
v 19.613260 21.830259 25.304199
v 19.188660 21.830259 25.428499
v 18.629261 21.136261 25.542400
v 17.489960 21.830259 25.770300
v 18.960760 21.830259 25.407801
v 19.188660 24.119360 25.428499
v 18.960760 24.098560 25.407801
v 18.795061 24.057159 25.262800
v 18.795061 21.830259 25.262800
v 18.598261 23.953560 24.931299
v 18.411760 23.860359 24.610201
v 18.391060 23.860359 24.558399
v 18.028561 23.601460 23.926600
v 17.085960 23.860359 24.786301
v 17.324160 24.595760 24.744900
v 17.272360 24.492161 24.755199
v 15.956961 24.492161 24.838100
v 15.760160 24.543961 24.848400
v 15.594460 23.912161 24.889900
v 15.231960 24.606159 24.879499
v 15.594460 23.912161 25.076300
v 12.673561 23.912161 24.672400
v 14.351460 23.912161 24.993500
v 12.714960 23.912161 24.682699
v 12.704559 23.922560 24.734501
v 12.652861 23.995060 24.993500
v 17.168859 23.912161 24.993500
v 17.148161 23.912161 24.806999
v 18.608561 23.912161 24.734501
v 18.608561 23.912161 24.548100
v 18.649960 24.285061 24.496300
v 19.105761 24.108959 24.372000
v 19.126461 24.108959 24.361601
v 19.841160 23.912161 24.175200
v 19.820459 23.912161 24.361601
v 19.540760 23.912161 24.444500
v 19.468260 23.912161 24.465200
v 19.250761 23.912161 24.537701
v 19.012560 23.912161 24.620600
v 19.250761 23.932859 24.641300
v 19.623661 23.963961 24.641300
v 19.520060 23.943260 24.599899
v 19.892960 24.015760 24.765600
v 20.058661 24.026060 24.755199
v 20.048260 24.005360 24.672400
v 19.975760 23.932859 24.392700
v 20.069059 23.912161 24.278799
v 20.876961 23.912161 23.698700
v 20.887260 23.912161 23.698700
v 20.131161 23.860359 24.030199
v 19.406160 24.274660 24.258101
v 19.271460 23.860359 24.330601
v 19.209360 24.160761 24.330601
v 20.203661 23.953560 24.413401
v 20.265860 21.913059 24.765600
v 20.265860 24.046860 24.765600
v 20.224360 24.098560 25.003799
v 20.265860 21.882061 24.889900
v 20.224360 21.850960 25.003799
v 20.037960 24.119360 25.159201
v 19.613260 24.119360 25.304199
v 19.364660 23.932859 24.589500
v 20.203661 22.006361 24.413401
v 20.141560 22.099560 24.071600
v 19.903261 23.912161 24.330601
v 19.778961 23.912161 24.372000
v 19.333660 23.912161 24.517000
v 19.416460 23.912161 24.485901
v 20.327961 24.657961 23.978399
v 18.743259 24.657961 24.517000
v 18.743259 24.657961 23.999100
v 19.675461 24.657961 23.698700
v 18.991859 26.366961 23.926600
v 19.043560 26.915960 23.916201
v 19.085060 27.444160 23.895500
v 19.095360 27.506361 23.895500
v 19.209360 27.516661 23.812700
v 19.116060 27.568460 23.885201
v 19.188660 27.651360 23.874800
v 19.261160 27.578859 23.802299
v 19.188660 27.433861 23.823000
v 19.468260 27.661659 23.719400
v 21.912760 27.661659 22.538601
v 21.374161 27.796360 22.942600
v 23.062460 27.796360 21.782499
v 24.004961 27.661659 20.819201
v 22.461660 27.609859 22.000000
v 21.011560 27.609859 22.911501
v 21.011560 27.609859 22.652599
v 22.461660 27.609859 21.709999
v 22.927761 27.609859 21.637501
v 22.813860 27.609859 21.430401
v 24.305361 27.609859 20.280600
v 24.191462 27.609859 20.052799
v 25.434359 27.609859 18.716600
v 25.310061 27.609859 18.457701
v 25.434359 27.609859 18.240101
v 25.196161 27.661659 18.395500
v 26.200861 27.661659 16.065001
v 25.144361 27.785959 18.364401
v 26.128359 27.785959 16.075399
v 26.573759 27.785959 13.620600
v 26.646261 27.661659 13.568800
v 26.439062 27.785959 11.124300
v 26.470160 27.910259 14.107400
v 26.376959 27.910259 11.134700
v 26.397661 27.962061 12.823000
v 26.304461 27.962061 14.366300
v 25.983358 27.962061 15.888900
v 25.734758 27.910259 16.986900
v 25.444761 27.962061 17.339001
v 24.968260 27.962061 18.260900
v 23.404261 27.962061 20.342800
v 23.248859 27.962061 12.802300
v 23.777159 27.910259 12.429400
v 23.839262 27.962061 12.553700
v 26.180159 27.910259 11.041500
v 26.045462 27.962061 11.279700
v 26.242262 27.962061 11.165700
v 26.314760 27.951759 11.145000
v 26.304461 27.879160 11.010400
v 26.408060 27.796360 11.041500
v 26.325159 27.796360 10.979300
v 26.242262 27.796360 10.968900
v 26.149061 27.775660 10.989700
v 26.262960 27.527060 10.896400
v 24.263960 26.366961 11.932200
v 26.511560 27.433861 10.751400
v 26.542662 27.558161 10.803200
v 26.387259 27.640961 10.917200
v 26.501261 27.661659 11.041500
v 26.604860 27.609859 10.917200
v 26.822359 27.589161 10.699600
v 26.822359 27.609859 10.792900
v 26.946661 27.661659 10.772100
v 27.008760 27.609859 13.465200
v 27.143461 27.661659 13.475500
v 26.573759 27.609859 16.106400
v 26.698061 27.661659 16.147900
v 25.517260 27.609859 18.571600
v 25.631159 27.661659 18.644100
v 26.553061 27.796360 16.821100
v 25.682959 27.796360 18.675200
v 26.739462 27.796360 16.230700
v 27.070959 27.796360 14.832400
v 27.205561 27.796360 13.610200
v 27.226259 27.796360 12.791900
v 27.019159 27.796360 10.761800
v 27.050161 27.796360 10.948200
v 26.977659 27.754959 10.585700
v 24.512560 27.796360 20.342800
v 24.098261 27.796360 20.808901
v 22.057760 27.796360 22.528299
v 26.335562 27.609859 16.075399
v 26.780859 27.609859 13.506600
v 26.262960 27.962061 11.279700
v 23.683861 27.661659 20.425699
v 21.746960 27.661659 22.051800
v 19.675461 27.796360 23.719400
v 19.488960 27.796360 23.781601
v 19.323259 27.754959 23.833401
v 19.147160 27.620260 23.885201
v 19.095360 26.366961 23.854099
v 21.011560 26.366961 23.118700
v 19.178261 26.366961 23.512300
v 20.773361 26.366961 22.828699
v 21.705561 25.911261 22.631901
v 20.897661 26.366961 22.776899
v 21.135860 26.366961 23.046200
v 20.970160 26.366961 22.745800
v 21.094460 26.366961 22.662901
v 21.135860 26.366961 22.642200
v 21.736660 24.657961 22.704399
v 21.746960 24.657961 23.284401
v 21.705561 24.606159 23.211901
v 21.643459 24.606159 22.704399
v 21.767759 24.606159 23.170500
v 22.606661 24.606159 22.062201
v 23.228161 24.606159 22.196800
v 23.373159 24.606159 22.062201
v 23.435360 24.606159 22.010401
v 23.901461 24.606159 20.922800
v 24.170759 24.606159 21.357901
v 24.181059 24.606159 21.357901
v 25.403360 24.606159 19.027300
v 23.901461 25.911261 20.871000
v 25.631159 24.606159 18.644100
v 25.600161 25.911261 18.623400
v 26.698061 24.606159 16.137501
v 27.050161 24.782261 14.438800
v 27.153761 24.606159 13.081900
v 27.050161 24.657961 14.387000
v 27.029459 24.606159 14.625300
v 27.557760 24.606159 14.542400
v 27.557760 24.606159 14.532000
v 27.568060 24.606159 14.438800
v 27.661360 24.606159 13.009400
v 27.650961 24.606159 12.719400
v 27.526659 24.606159 11.217500
v 27.474859 24.657961 15.277800
v 27.547361 24.606159 14.563100
v 27.568060 24.336861 14.614900
v 27.578459 24.160761 14.656300
v 27.443762 24.181459 15.288200
v 27.205561 23.912161 16.365400
v 27.267759 24.575060 15.992500
v 27.267759 24.606159 15.992500
v 27.246962 24.606159 16.033899
v 27.246962 24.606159 16.044300
v 27.205561 24.606159 16.189301
v 26.801661 24.657961 17.515100
v 26.801661 24.253960 17.401199
v 26.625559 24.243561 17.805099
v 26.107660 23.912161 18.913401
v 26.107660 24.606159 18.913401
v 25.693361 24.657961 19.576300
v 24.564360 24.606159 21.016001
v 24.750761 24.657961 20.808901
v 24.181059 24.606159 21.347500
v 24.191462 24.595760 21.347500
v 25.351561 23.995060 19.949200
v 24.926859 23.974260 20.529200
v 25.807261 24.295361 19.327700
v 24.595362 23.912161 20.985001
v 24.906160 23.912161 20.560301
v 24.481459 23.860359 21.057501
v 25.009760 23.912161 20.436001
v 26.262960 23.912161 19.006599
v 25.517260 23.912161 19.752399
v 25.631159 23.912161 19.607401
v 25.807261 23.912161 19.327700
v 26.076559 23.860359 18.903000
v 25.610460 23.860359 19.638500
v 26.117960 22.099560 18.923800
v 26.532362 22.099560 18.136600
v 26.480558 23.860359 18.126200
v 26.449461 23.912161 18.198700
v 26.294062 23.912161 18.488701
v 26.501261 23.912161 18.084801
v 26.843061 23.912161 17.307899
v 27.019159 23.912161 16.810801
v 26.843061 23.860359 17.297600
v 27.143461 23.860359 16.437901
v 27.495562 23.953560 16.624300
v 27.816660 24.046860 16.790100
v 27.972059 24.098560 16.966101
v 27.982462 24.119360 17.214701
v 27.806360 24.119360 17.670500
v 27.619860 24.119360 18.126200
v 27.454161 24.098560 18.302299
v 26.863760 23.953560 18.229799
v 27.215960 24.046860 18.323000
v 27.340261 21.882061 18.333401
v 27.215960 21.913059 18.323000
v 26.967360 21.830259 19.410601
v 27.454161 21.850960 18.302299
v 27.619860 21.830259 18.126200
v 27.806360 21.830259 17.670500
v 28.355261 21.136261 15.816400
v 27.402361 21.136261 18.550900
v 28.168859 18.142860 15.775000
v 27.226259 18.142860 18.468000
v 25.859060 21.136261 21.005699
v 25.703661 18.142860 20.881399
v 23.694260 18.142860 22.890800
v 25.361860 17.987459 21.275000
v 26.449461 17.987459 19.824900
v 26.231958 17.987459 18.188400
v 26.200861 17.987459 18.250500
v 26.283762 20.980860 18.074400
v 26.200861 20.980860 18.250500
v 25.745161 17.987459 18.219400
v 25.589762 17.987459 18.198700
v 25.600161 21.125860 18.198700
v 25.196161 17.987459 18.105499
v 25.196161 21.229460 18.105499
v 25.279058 21.281260 17.587601
v 25.123659 21.250160 18.095100
v 25.051161 21.260561 18.115900
v 24.926859 21.281260 18.240101
v 25.237558 22.979959 17.566900
v 24.533258 21.281260 18.861601
v 24.129259 21.281260 19.431299
v 24.077559 21.281260 19.493401
v 23.870359 22.979959 19.679899
v 23.632160 21.281260 20.032101
v 23.217760 22.979959 20.404900
v 24.564360 22.979959 18.022600
v 22.855261 22.979959 20.218500
v 24.502161 25.465860 17.991600
v 22.855261 25.465860 20.125299
v 20.327961 25.465860 18.582001
v 22.047359 25.465860 16.572500
v 21.995560 23.363159 16.541500
v 22.875959 23.363159 14.045200
v 22.927761 25.465860 14.076300
v 25.527559 25.465860 15.495300
v 25.859060 25.465860 12.823000
v 25.807261 22.979959 14.438800
v 25.465460 22.979959 15.961400
v 24.885462 22.979959 17.411501
v 25.827959 22.979959 16.065001
v 26.190462 22.979959 14.480300
v 26.024759 21.281260 15.536800
v 25.827959 21.281260 16.220400
v 25.589762 21.281260 16.872900
v 25.569059 21.281260 16.945400
v 25.558661 21.260561 17.080099
v 25.558661 17.987459 17.090401
v 25.589762 21.250160 17.152599
v 25.641562 17.987459 17.204399
v 25.641562 21.229460 17.204399
v 26.366560 20.980860 17.908701
v 26.283762 17.987459 18.074400
v 26.366560 17.987459 17.908701
v 25.962660 21.125860 17.463301
v 26.066259 17.987459 17.566900
v 26.387259 17.987459 16.779699
v 26.832659 17.987459 16.748600
v 27.309160 17.987459 18.229799
v 26.894861 17.987459 16.562201
v 26.956961 17.987459 16.375700
v 27.122660 17.987459 15.194900
v 28.262060 17.987459 15.246700
v 27.495562 17.987459 17.805099
v 28.469259 17.987459 12.947300
v 28.479559 18.142860 12.947300
v 28.448561 17.987459 12.180800
v 28.262060 17.987459 10.658200
v 28.168859 18.142860 10.109200
v 28.686762 21.136261 12.947300
v 28.376059 21.830259 15.826800
v 27.982462 21.830259 17.214701
v 27.972059 21.850960 16.966101
v 27.909861 21.882061 16.862600
v 27.816660 21.913059 16.790100
v 27.495562 22.006361 16.624300
v 27.195261 22.099560 16.458599
v 27.423059 22.099560 15.609300
v 27.588861 22.099560 14.739200
v 27.371260 23.860359 15.588500
v 27.568060 23.912161 14.822100
v 27.360960 23.912161 15.619600
v 27.340261 23.912161 15.702500
v 27.350561 23.953560 15.650700
v 27.236662 24.523260 16.085699
v 27.257360 24.554359 16.013201
v 26.760160 24.606159 17.494400
v 25.941961 24.606159 19.110201
v 26.366560 24.015760 18.333401
v 27.578459 23.912161 14.718500
v 27.599161 23.912161 14.459500
v 27.930662 23.953560 14.718500
v 28.510660 24.098560 14.614900
v 28.293161 24.046860 14.708100
v 28.407061 21.882061 14.677100
v 28.293161 21.913059 14.708100
v 28.510660 21.850960 14.614900
v 28.624559 21.830259 14.397400
v 28.624559 24.119360 14.397400
v 28.666059 21.830259 13.910600
v 28.697062 21.830259 13.423800
v 28.666059 21.830259 11.973700
v 28.624559 21.850960 13.185500
v 28.531359 21.882061 13.113000
v 28.407061 21.913059 13.061200
v 28.614260 24.098560 13.185500
v 28.407061 24.046860 13.061200
v 27.992762 23.943260 13.475500
v 28.117060 23.974260 13.517000
v 28.189562 23.995060 13.620600
v 28.054960 23.953560 12.999100
v 27.671659 23.860359 12.926600
v 27.671659 23.860359 12.988700
v 27.661360 23.912161 12.595100
v 27.640562 23.860359 12.056500
v 27.682062 22.099560 12.046200
v 27.588861 22.099560 11.165700
v 27.588861 23.860359 11.165700
v 27.588861 23.912161 11.186500
v 27.599161 23.912161 11.352200
v 27.578459 24.129660 11.279700
v 27.599161 24.295361 11.694000
v 27.526659 23.912161 10.865400
v 27.433462 23.912161 10.357800
v 27.319460 23.912161 10.088500
v 27.423059 23.860359 10.285300
v 27.298761 23.860359 9.984950
v 28.282759 24.119360 9.674220
v 28.386362 24.119360 10.109200
v 28.479559 24.119360 10.544300
v 28.438162 24.098560 10.782500
v 27.909861 23.953560 11.051800
v 28.251760 24.046860 10.937900
v 28.365660 21.882061 10.875700
v 28.251760 21.913059 10.937900
v 28.438162 21.850960 10.782500
v 28.479559 21.830259 10.544300
v 28.386362 21.830259 10.109200
v 28.355261 21.136261 10.067800
v 28.282759 21.830259 9.674220
v 27.402361 21.136261 7.333350
v 27.733862 21.830259 8.027320
v 28.158461 21.830259 9.487780
v 28.158461 24.098560 9.487780
v 27.951361 21.830259 9.415270
v 27.951361 24.057159 9.415270
v 27.557760 23.953560 9.415270
v 27.184862 23.860359 9.415270
v 27.133059 23.860359 9.415270
v 25.724360 21.830259 9.415270
v 26.408060 23.591061 9.415270
v 25.745161 23.363159 9.415270
v 25.030458 23.363159 7.820170
v 24.926859 23.363159 7.644080
v 26.076559 23.860359 6.981180
v 23.808161 23.363159 6.059330
v 24.139662 23.601460 5.489650
v 24.502161 23.860359 4.857820
v 25.838362 23.912161 6.660090
v 26.066259 23.912161 6.981180
v 25.341162 23.912161 5.810750
v 26.117960 23.912161 7.074400
v 26.262960 23.912161 7.405850
v 26.977659 23.912161 9.021670
v 26.356260 24.150360 7.519790
v 26.801661 24.606159 8.369130
v 26.252661 24.222860 7.343710
v 26.729158 23.912161 8.213760
v 27.112360 23.912161 9.342770
v 27.143461 23.912161 9.446350
v 27.298761 23.912161 9.984950
v 26.024759 24.378260 6.919030
v 25.693361 24.606159 6.307920
v 25.227259 24.606159 5.738240
v 25.061460 24.481859 5.520730
v 24.626459 23.912161 4.940690
v 24.263960 23.912161 4.588520
v 23.911760 23.912161 4.194920
v 23.435360 23.912161 3.790970
v 23.746061 23.912161 4.080990
v 23.621759 23.860359 3.998120
v 23.590660 24.481859 3.967050
v 23.362860 23.912161 3.728820
v 23.207460 23.860359 3.583810
v 23.704660 23.860359 3.998120
v 23.891062 23.860359 4.174210
v 24.533258 24.119360 3.418090
v 24.854361 24.119360 3.728820
v 24.533258 23.860359 4.806040
v 24.957960 24.098560 3.925620
v 24.719660 23.953560 4.484940
v 24.906160 21.830259 4.153490
v 24.906160 24.057159 4.153490
v 24.947561 21.830259 3.925620
v 26.004061 21.830259 5.023550
v 23.797861 21.830259 6.069690
v 24.916460 21.830259 7.654440
v 24.926859 21.281260 7.644080
v 25.258261 21.281260 8.265550
v 25.289362 21.281260 8.327700
v 25.579359 21.281260 8.969890
v 26.967360 21.830259 6.463290
v 25.827959 21.281260 9.663860
v 25.703661 22.979959 9.446350
v 25.682959 23.363159 9.415270
v 24.812960 22.979959 9.964240
v 25.144361 22.979959 11.290000
v 25.154760 22.979959 11.372900
v 26.159460 22.979959 11.165700
v 26.190462 22.979959 11.372900
v 25.279058 22.979959 12.646900
v 25.548361 22.979959 12.491500
v 25.517260 24.160761 12.543300
v 25.486158 25.465860 12.605500
v 25.279058 23.166361 12.657300
v 25.268660 23.363159 12.667600
v 25.133959 23.363159 11.290000
v 23.269560 23.363159 13.817400
v 25.040762 23.363159 10.823900
v 22.927761 23.363159 11.414300
v 22.575661 23.363159 10.823900
v 24.802561 23.363159 9.953880
v 22.938160 23.363159 7.830520
v 21.715960 23.363159 9.332410
v 21.374161 24.606159 8.710940
v 21.560560 23.363159 13.817400
v 21.819460 23.363159 16.852200
v 20.058661 23.363159 16.810801
v 18.401461 23.363159 16.872900
v 20.276161 23.363159 18.561199
v 25.796862 22.979959 12.491500
v 25.734758 25.465860 12.605500
v 25.921160 22.979959 12.698700
v 25.890162 24.160761 12.760900
v 26.304461 22.979959 12.947300
v 26.283762 21.281260 14.086700
v 26.190462 21.281260 14.780600
v 26.045462 21.281260 15.474600
v 26.117960 21.260561 15.350300
v 26.180159 21.250160 15.319200
v 26.252661 21.229460 15.308900
v 26.666960 21.125860 15.277800
v 27.257360 20.980860 15.163900
v 26.811960 17.987459 15.257100
v 26.252661 17.987459 15.308900
v 26.604860 17.987459 16.085699
v 26.615160 21.084459 16.096100
v 26.956961 20.980860 16.375700
v 26.138762 21.229460 15.785300
v 26.894861 20.980860 16.562201
v 26.076559 21.250160 15.743900
v 26.035162 21.260561 15.681800
v 26.035162 17.987459 15.681800
v 26.138762 17.987459 15.785300
v 26.117960 17.987459 15.350300
v 26.045462 17.987459 15.474600
v 26.024759 17.987459 15.536800
v 26.832659 20.980860 16.748600
v 26.242262 21.125860 16.779699
v 25.827959 17.987459 16.748600
v 25.827959 21.229460 16.748600
v 25.682959 17.987459 16.769300
v 25.755461 21.250160 16.748600
v 25.682959 21.260561 16.769300
v 25.589762 17.987459 16.872900
v 25.569059 17.987459 16.945400
v 27.257360 17.987459 15.163900
v 27.288462 20.980860 14.977400
v 27.288462 17.987459 14.977400
v 27.319460 20.980860 14.791000
v 27.319460 17.987459 14.791000
v 26.811960 21.125860 14.480300
v 26.428759 21.229460 14.314500
v 26.936262 17.987459 14.542400
v 26.428759 17.987459 14.314500
v 26.480558 17.987459 13.817400
v 27.029459 17.987459 13.703400
v 27.454161 17.987459 13.537700
v 27.464560 17.987459 13.351200
v 27.464560 17.987459 13.154500
v 27.050161 17.987459 12.968000
v 26.801661 17.987459 12.222200
v 27.029459 17.987459 12.118700
v 26.894861 21.125860 12.180800
v 26.501261 17.987459 12.325800
v 26.501261 21.229460 12.325800
v 26.294062 21.281260 11.839000
v 27.423059 20.980860 11.911500
v 27.402361 20.980860 11.714700
v 27.423059 17.987459 11.911500
v 27.402361 17.987459 11.714700
v 27.381659 20.980860 11.528300
v 27.381659 17.987459 11.528300
v 26.811960 21.125860 11.372900
v 26.397661 21.229460 11.321100
v 26.946661 17.987459 11.404000
v 26.397661 17.987459 11.321100
v 26.801661 17.987459 10.565000
v 27.164160 17.987459 10.295700
v 27.899561 17.987459 9.166680
v 27.122660 17.987459 10.109200
v 27.070959 17.987459 9.922810
v 26.625559 17.987459 9.860660
v 26.149061 17.987459 9.228830
v 26.366560 17.987459 9.052750
v 26.252661 21.125860 9.145970
v 25.910860 17.987459 9.384200
v 25.910860 21.229460 9.384200
v 26.687662 20.980860 8.731660
v 26.615160 20.980860 8.555570
v 26.687662 17.987459 8.731660
v 27.495562 17.987459 8.079110
v 26.615160 17.987459 8.555570
v 26.542662 17.987459 8.379490
v 26.459860 17.987459 6.080050
v 26.086962 17.987459 8.379490
v 25.993662 17.987459 7.250480
v 25.900461 17.987459 7.084760
v 25.807261 17.987459 6.919030
v 25.351561 17.987459 6.981180
v 24.926859 17.987459 6.204340
v 25.102961 17.987459 5.883250
v 25.102961 20.980860 5.883250
v 24.906160 21.074060 6.235420
v 24.875059 17.987459 6.276850
v 24.543562 17.987459 6.722240
v 24.543562 21.229460 6.722240
v 24.108561 21.281260 6.421860
v 24.502161 21.250160 6.784380
v 24.481459 21.260561 6.856890
v 24.533258 21.281260 7.022610
v 23.632160 21.281260 5.852180
v 23.777159 21.260561 5.945400
v 23.777159 17.987459 5.945400
v 23.849661 21.250160 5.945400
v 23.911760 17.987459 5.924680
v 23.911760 21.229460 5.924680
v 24.988958 20.980860 5.727880
v 24.864660 20.980860 5.582870
v 24.988958 17.987459 5.727880
v 24.864660 17.987459 5.582870
v 24.295061 21.125860 5.748600
v 24.429659 17.987459 5.707170
v 24.740358 17.987459 3.956690
v 24.025759 17.987459 4.650670
v 23.891062 17.987459 4.516020
v 23.891062 17.987459 3.179860
v 23.756460 17.987459 4.381360
v 23.342060 17.987459 4.567800
v 22.865660 17.987459 4.857820
v 22.793159 17.987459 3.583810
v 22.637760 17.987459 3.469880
v 22.482361 17.987459 3.355940
v 21.363760 17.987459 3.231650
v 22.813860 17.987459 2.371940
v 21.384460 17.987459 3.138420
v 21.425859 17.987459 2.693040
v 21.260160 17.987459 2.599820
v 21.084061 17.987459 2.506600
v 20.617960 17.987459 1.201510
v 20.731960 17.987459 2.806970
v 20.359060 17.987459 3.210930
v 20.027561 17.987459 3.252360
v 19.965460 17.987459 2.454810
v 19.944759 17.987459 1.999060
v 19.758261 17.987459 1.936920
v 19.582161 17.987459 1.874770
v 18.484261 17.987459 2.527310
v 18.463560 17.987459 1.967990
v 18.380661 17.987459 1.522600
v 18.235661 17.987459 0.476460
v 18.194260 17.987459 1.481170
v 18.007860 17.987459 1.450100
v 17.748859 17.987459 1.822980
v 17.500259 17.987459 2.320150
v 17.407061 17.987459 2.434090
v 17.262060 17.987459 2.454810
v 17.199860 17.987459 2.444450
v 17.065260 17.987459 2.382300
v 17.013460 17.987459 2.258010
v 16.909861 17.987459 1.698690
v 16.764860 17.987459 1.274010
v 16.578461 17.987459 1.253300
v 16.381660 17.987459 1.242940
v 15.760160 17.987459 0.227872
v 15.760160 17.987459 2.351230
v 15.584061 17.987459 2.299440
v 15.511560 17.987459 2.185500
v 15.335461 17.987459 1.646900
v 15.128361 17.987459 1.242940
v 14.941860 17.987459 1.253300
v 14.745060 17.987459 1.274010
v 13.761061 17.987459 1.822980
v 13.512560 17.987459 1.450100
v 13.326059 17.987459 1.481170
v 13.274260 17.987459 0.476460
v 15.760160 18.142860 0.217515
v 15.760160 19.914061 0.072505
v 15.760160 21.136261 0.020716
v 15.760160 21.830259 0.000000
v 15.035160 21.830259 0.010358
v 14.310061 21.830259 0.072505
v 13.823259 21.830259 0.134652
v 13.346760 21.830259 0.217515
v 11.938160 21.830259 0.569681
v 10.891960 17.987459 1.201510
v 10.581261 21.830259 1.077210
v 8.696159 17.987459 2.371940
v 10.135860 21.830259 1.274010
v 9.700861 21.830259 1.501890
v 7.618860 17.987459 3.179860
v 10.084061 17.987459 2.693040
v 10.135860 17.987459 3.148780
v 10.146259 17.987459 3.231650
v 10.156561 21.125860 3.283430
v 10.260160 21.229460 3.687390
v 10.084061 20.980860 2.693040
v 10.260160 20.980860 2.599820
v 10.280861 21.250160 3.759890
v 10.788361 21.281260 3.594170
v 10.260160 21.260561 3.832400
v 10.146259 21.281260 3.956690
v 10.260160 17.987459 3.832400
v 10.177259 17.987459 3.935980
v 10.260160 17.987459 3.687390
v 10.115160 17.987459 3.977410
v 9.970160 17.987459 4.008480
v 9.845860 17.987459 3.946340
v 9.410860 17.987459 3.594170
v 9.027561 17.987459 3.355940
v 9.027561 20.980860 3.355940
v 9.535061 21.125860 3.677030
v 8.872160 20.980860 3.469880
v 9.048260 21.250160 4.609240
v 9.048260 21.260561 4.681740
v 9.048260 17.987459 4.681740
v 9.027561 17.987459 4.547090
v 9.027561 21.229460 4.547090
v 8.830761 17.987459 4.018840
v 8.872160 21.125860 4.153490
v 8.716860 20.980860 3.583810
v 8.872160 17.987459 3.469880
v 8.716860 17.987459 3.583810
v 7.753561 17.987459 4.381360
v 7.618860 17.987459 4.516020
v 7.484261 17.987459 4.650670
v 6.645260 17.987459 5.582870
v 6.520960 17.987459 5.727880
v 7.484261 20.980860 4.650670
v 7.712160 21.125860 5.199630
v 7.649961 17.987459 5.075340
v 8.944759 17.987459 4.826750
v 9.845860 21.229460 3.946340
v 9.907961 21.250160 3.987770
v 9.980461 21.260561 4.008480
v 11.451260 21.281260 3.262720
v 11.275261 21.260561 3.293790
v 11.213060 21.250160 3.262720
v 11.150961 21.229460 3.210930
v 10.881660 21.125860 2.900190
v 10.425859 20.980860 2.506600
v 10.778061 17.987459 2.796620
v 11.150961 17.987459 3.210930
v 11.575560 17.987459 1.999060
v 11.523760 17.987459 3.231650
v 11.554861 17.987459 2.454810
v 11.585960 17.987459 3.148780
v 11.585960 21.260561 3.159140
v 11.606661 21.250160 3.086640
v 11.751659 20.980860 1.936920
v 11.927761 20.980860 1.874770
v 12.321360 21.125860 2.320150
v 12.238461 17.987459 2.206220
v 12.559561 17.987459 2.672320
v 12.559561 21.229460 2.672320
v 12.663160 17.987459 2.765540
v 12.601061 21.250160 2.724110
v 12.663160 21.260561 2.765540
v 12.797861 17.987459 2.765540
v 12.870359 17.987459 2.755180
v 13.056761 17.987459 1.978350
v 12.984261 17.987459 2.672320
v 12.984261 21.260561 2.672320
v 13.015360 21.250160 2.610170
v 13.326059 20.980860 1.481170
v 13.512560 20.980860 1.450100
v 13.740360 21.074060 1.781550
v 14.020060 17.987459 2.320150
v 14.020060 21.229460 2.320150
v 14.102961 17.987459 2.434090
v 14.051161 21.250160 2.382300
v 14.113260 21.260561 2.434090
v 14.278961 17.987459 2.454810
v 14.610460 17.987459 1.709040
v 14.444759 17.987459 2.382300
v 14.444759 21.260561 2.382300
v 14.486160 21.250160 2.320150
v 14.941860 20.980860 1.253300
v 15.128361 20.980860 1.242940
v 15.387260 21.125860 1.781550
v 15.511560 21.229460 2.185500
v 15.542660 21.250160 2.247650
v 15.584061 21.260561 2.299440
v 14.506861 21.229460 2.258010
v 14.745060 20.980860 1.274010
v 14.569059 21.125860 1.843700
v 14.506861 17.987459 2.258010
v 13.025660 21.229460 2.527310
v 13.129261 20.980860 1.522600
v 13.129261 17.987459 1.522600
v 13.036060 21.125860 2.113000
v 13.025660 17.987459 2.527310
v 11.927761 17.987459 1.874770
v 11.751659 17.987459 1.936920
v 11.575560 20.980860 1.999060
v 11.554861 21.074060 2.413380
v 11.606661 21.229460 3.014130
v 11.606661 17.987459 3.014130
v 11.451260 17.987459 3.262720
v 11.275261 17.987459 3.293790
v 10.425859 17.987459 2.506600
v 10.260160 17.987459 2.599820
v 9.535061 21.850960 1.677970
v 9.514360 21.882061 1.802260
v 9.535061 21.913059 1.926560
v 9.535061 24.098560 1.677970
v 9.535061 24.046860 1.926560
v 10.570860 23.860359 2.164790
v 9.700861 24.119360 1.501890
v 10.135860 24.119360 1.274010
v 11.399561 23.860359 1.802260
v 10.581261 24.119360 1.077210
v 10.829861 24.098560 1.056500
v 11.213060 23.953560 1.512240
v 11.016260 24.046860 1.201510
v 10.933460 21.882061 1.118650
v 11.016260 21.913059 1.201510
v 10.829861 21.850960 1.056500
v 11.213060 22.006361 1.512240
v 11.399561 22.099560 1.802260
v 12.228161 22.099560 1.512240
v 12.248859 23.860359 1.553680
v 12.176361 23.912161 1.574390
v 11.938160 24.171061 1.646900
v 12.673561 24.606159 1.439740
v 11.202761 24.606159 1.936920
v 14.185760 24.606159 1.149720
v 14.133961 24.606159 1.149720
v 14.040760 24.502560 1.160080
v 13.906160 24.409361 1.170440
v 13.056761 24.005360 1.305090
v 12.994659 24.026060 1.315440
v 12.973860 23.974260 1.315440
v 12.953159 23.912161 1.325800
v 12.725361 24.657961 1.377590
v 12.580259 23.912161 1.419020
v 11.181961 24.657961 1.905840
v 11.264860 24.347160 1.895480
v 10.860861 24.212561 2.061210
v 10.498360 24.005360 2.216580
v 10.405161 24.015760 2.258010
v 10.343060 23.963961 2.289080
v 9.783661 24.108959 2.599820
v 9.649061 23.912161 2.672320
v 9.762960 23.860359 2.589460
v 9.017260 22.099560 3.055560
v 8.302561 22.099560 3.583810
v 8.043560 22.006361 3.355940
v 9.762960 22.099560 2.589460
v 9.649061 22.006361 2.258010
v 9.649061 23.953560 2.258010
v 10.519060 23.912161 2.195860
v 10.612360 23.912161 2.144070
v 10.311960 23.912161 2.092280
v 10.394760 23.912161 2.258010
v 10.374060 23.912161 2.268370
v 9.566160 23.912161 2.506600
v 9.949461 24.129660 1.367230
v 8.644360 24.129660 2.123360
v 8.406061 23.912161 3.521660
v 8.281761 23.912161 3.604530
v 8.167860 23.912161 3.728820
v 7.929661 24.523260 3.967050
v 8.178261 23.984659 3.708110
v 9.773361 23.912161 2.589460
v 9.379761 27.516661 1.895480
v 7.556760 27.516661 3.169500
v 10.084061 27.682461 1.657250
v 7.639660 27.682461 3.262720
v 10.363760 27.930960 2.195860
v 8.033260 27.930960 3.728820
v 9.483360 27.962061 2.869120
v 10.912661 27.962061 2.102640
v 12.435261 27.962061 1.543320
v 12.984261 27.930960 1.242940
v 14.030361 27.962061 1.201510
v 15.646259 27.962061 1.077210
v 15.760160 27.962061 1.077210
v 15.760160 27.951759 0.994352
v 17.324160 27.962061 1.170440
v 15.760160 27.930960 0.921847
v 18.857161 27.962061 1.481170
v 20.400461 27.962061 2.019780
v 21.840260 27.962061 2.755180
v 23.383560 27.962061 3.853120
v 12.839260 27.682461 0.652544
v 11.399561 27.516661 0.952921
v 13.543560 27.516661 0.383240
v 11.327061 24.129660 0.776838
v 12.766760 24.129660 0.341808
v 12.590660 23.912161 1.222220
v 11.482361 23.912161 1.781550
v 11.378759 23.912161 1.812620
v 12.953159 23.912161 1.129000
v 13.004961 23.912161 1.315440
v 13.056761 23.912161 1.294730
v 13.087860 23.860359 1.284370
v 13.160360 23.912161 1.274010
v 13.978661 23.860359 1.108290
v 13.077459 23.953560 0.932205
v 13.056761 24.046860 0.580039
v 13.129261 24.098560 0.352166
v 13.346760 24.119360 0.217515
v 13.823259 24.119360 0.134652
v 14.869360 23.860359 1.015070
v 14.320459 24.119360 0.072505
v 14.548260 24.098560 0.134652
v 14.786560 23.953560 0.683617
v 14.693260 24.046860 0.331451
v 14.641560 21.882061 0.217515
v 14.693260 21.913059 0.331451
v 14.548260 21.850960 0.134652
v 14.786560 22.006361 0.683617
v 14.869360 22.099560 1.015070
v 15.760160 22.099560 0.973636
v 15.760160 23.860359 1.025430
v 15.325161 23.860359 1.035780
v 15.760160 24.606159 0.994352
v 16.526661 24.233259 1.077210
v 16.184860 23.912161 1.046140
v 16.195160 23.860359 1.035780
v 16.267660 23.912161 1.046140
v 16.505960 23.912161 1.025430
v 15.760160 23.912161 0.994352
v 15.739460 24.657961 0.994352
v 15.594460 23.912161 0.994352
v 15.708361 24.564659 0.994352
v 15.314760 24.005360 1.025430
v 15.294060 23.912161 1.025430
v 15.097260 23.912161 1.015070
v 14.931561 23.912161 1.015070
v 15.594460 23.912161 0.807911
v 14.827961 23.912161 1.015070
v 14.589760 23.912161 1.046140
v 14.258261 24.129660 0.082863
v 13.988960 23.912161 1.118650
v 15.252661 24.606159 1.035780
v 14.216860 24.606159 1.139360
v 13.429661 24.657961 1.222220
v 16.682060 23.912161 1.015070
v 16.847761 23.912161 1.046140
v 17.520960 23.912161 1.160080
v 16.640560 23.860359 1.015070
v 17.531361 23.860359 1.160080
v 16.733761 23.953560 0.683617
v 16.827061 24.046860 0.331451
v 16.961660 24.098560 0.134652
v 17.199860 24.119360 0.072505
v 17.686760 24.119360 0.134652
v 18.432461 23.860359 1.284370
v 18.173561 24.119360 0.217515
v 18.380661 24.098560 0.352166
v 18.442860 23.953560 0.932205
v 18.453159 24.046860 0.580039
v 18.432461 21.882061 0.455745
v 18.453159 21.913059 0.580039
v 19.571859 21.830259 0.569681
v 18.380661 21.850960 0.341808
v 18.173561 21.830259 0.217515
v 17.686760 21.830259 0.134652
v 17.199860 21.830259 0.072505
v 16.474861 21.830259 0.010358
v 16.961660 21.850960 0.134652
v 16.878860 21.882061 0.217515
v 16.827061 21.913059 0.331451
v 16.733761 22.006361 0.683617
v 16.640560 22.099560 1.015070
v 18.629261 21.136261 0.341808
v 20.928761 21.830259 1.077210
v 21.374161 21.830259 1.274010
v 21.363760 21.136261 1.294730
v 21.809160 21.830259 1.501890
v 23.052061 21.830259 2.247650
v 23.818560 21.136261 2.838050
v 24.191462 21.830259 3.128070
v 24.533258 21.830259 3.418090
v 24.854361 21.830259 3.728820
v 25.859060 21.136261 4.878540
v 25.703661 18.142860 5.002830
v 27.226259 18.142860 7.416210
v 23.694260 18.142860 2.993410
v 21.280861 18.142860 1.481170
v 24.191462 24.119360 3.128070
v 23.973959 21.850960 3.034850
v 23.963560 24.098560 3.034850
v 23.746061 24.046860 3.128070
v 23.466360 23.953560 3.355940
v 23.746061 21.913059 3.128070
v 23.466360 22.006361 3.355940
v 23.207460 22.099560 3.583810
v 22.492760 22.099560 3.055560
v 21.746960 22.099560 2.589460
v 22.472061 23.860359 3.096990
v 21.746960 23.860359 2.589460
v 21.871260 23.912161 2.682680
v 22.544559 23.912161 3.159140
v 21.829861 23.912161 2.651610
v 23.228161 23.912161 3.604530
v 23.331760 23.984659 3.708110
v 21.746960 23.912161 2.589460
v 21.601961 23.912161 2.516950
v 21.125561 23.912161 2.268370
v 20.949461 23.860359 2.164790
v 21.125561 23.912161 2.258010
v 21.001261 23.912161 2.195860
v 20.908060 23.912161 2.144070
v 20.131161 23.912161 1.812620
v 20.120861 23.860359 1.802260
v 20.296860 23.953560 1.512240
v 20.493660 24.046860 1.201510
v 20.680161 24.098560 1.056500
v 20.928761 24.119360 1.077210
v 21.374161 24.119360 1.274010
v 21.809160 24.119360 1.501890
v 21.974861 24.098560 1.677970
v 21.860960 23.953560 2.258010
v 21.974861 24.046860 1.926560
v 21.995560 21.882061 1.802260
v 21.974861 21.913059 1.926560
v 21.974861 21.850960 1.677970
v 21.860960 22.006361 2.258010
v 20.690460 21.850960 1.056500
v 20.576561 21.882061 1.118650
v 20.493660 21.913059 1.201510
v 20.296860 22.006361 1.512240
v 20.120861 22.099560 1.802260
v 19.281860 22.099560 1.512240
v 18.432461 22.099560 1.284370
v 19.271460 23.860359 1.553680
v 19.240360 23.912161 1.553680
v 19.343960 23.912161 1.584750
v 18.587860 23.912161 1.336160
v 18.670761 23.912161 1.356880
v 19.157560 24.046860 1.532960
v 18.940060 24.430059 1.470810
v 18.536060 23.984659 1.325800
v 18.556761 23.912161 1.325800
v 18.515360 23.912161 1.315440
v 18.453159 23.912161 1.294730
v 17.624559 23.912161 1.180790
v 18.442860 22.006361 0.932205
v 23.849661 21.882061 3.055560
v 18.587860 18.142860 0.538607
v 18.090660 24.657961 1.222220
v 17.334560 24.606159 1.149720
v 17.417459 24.606159 1.160080
v 17.914560 24.077860 1.242940
v 18.463560 23.984659 1.305090
v 18.515360 24.026060 1.315440
v 18.774260 24.606159 1.429380
v 18.784660 24.575060 1.429380
v 18.836460 24.606159 1.450100
v 18.857161 24.606159 1.450100
v 21.705561 24.606159 2.630890
v 21.726261 24.606159 2.651610
v 21.757360 24.606159 2.672320
v 23.466360 24.606159 3.884190
v 22.130260 24.015760 2.869120
v 21.778061 24.057159 2.620530
v 22.399561 24.606159 3.003770
v 22.617060 23.963961 3.221290
v 23.228161 24.046860 3.635600
v 23.466360 24.533661 3.884190
v 23.466360 24.564659 3.884190
v 23.559660 24.606159 3.967050
v 23.580360 24.606159 3.977410
v 22.782761 24.606159 3.956690
v 23.518160 25.258659 4.619590
v 13.139660 21.850960 0.341808
v 13.077459 21.882061 0.455745
v 13.056761 21.913059 0.580039
v 13.077459 22.006361 0.932205
v 13.087860 22.099560 1.284370
v 12.994659 23.912161 1.315440
v 15.646259 27.962061 1.294730
v 8.126461 27.962061 3.853120
v 6.634960 27.962061 5.355000
v 6.230960 27.962061 5.852180
v 12.725361 24.657961 1.895480
v 14.009661 24.450760 1.160080
v 15.925859 17.987459 2.299440
v 16.184860 17.987459 1.657250
v 15.998360 17.987459 2.185500
v 15.977661 21.250160 2.247650
v 15.998360 21.229460 2.185500
v 16.578461 20.980860 1.253300
v 16.495560 21.281260 2.371940
v 15.925859 21.260561 2.299440
v 16.764860 20.980860 1.274010
v 16.940960 21.125860 1.843700
v 17.013460 21.229460 2.258010
v 17.034161 21.250160 2.320150
v 17.065260 21.260561 2.382300
v 17.199860 21.281260 2.444450
v 17.262060 21.281260 2.454810
v 16.381660 20.980860 1.242940
v 16.122660 21.125860 1.781550
v 17.407061 21.260561 2.434090
v 17.458860 21.250160 2.382300
v 17.956060 21.281260 2.579100
v 18.194260 20.980860 1.481170
v 18.380661 20.980860 1.522600
v 18.473961 21.125860 2.113000
v 18.484261 21.229460 2.527310
v 18.494659 21.250160 2.610170
v 18.525660 21.260561 2.672320
v 18.681061 21.281260 2.755180
v 18.681061 17.987459 2.755180
v 18.857161 17.987459 2.765540
v 19.271460 17.987459 2.206220
v 18.960760 17.987459 2.672320
v 18.908960 21.250160 2.724110
v 18.960760 21.229460 2.672320
v 19.758261 20.980860 1.936920
v 19.375061 21.281260 2.993410
v 18.846760 21.260561 2.765540
v 20.027561 21.281260 3.252360
v 19.934361 21.260561 3.159140
v 19.903261 21.250160 3.086640
v 19.903261 21.229460 3.014130
v 19.965460 21.074060 2.413380
v 19.944759 20.980860 1.999060
v 19.903261 17.987459 3.014130
v 19.923960 17.987459 3.148780
v 20.100060 17.987459 3.283430
v 20.234760 17.987459 3.293790
v 20.307261 21.250160 3.262720
v 20.359060 21.229460 3.210930
v 21.260160 20.980860 2.599820
v 20.234760 21.260561 3.293790
v 21.425859 20.980860 2.693040
v 21.353361 21.125860 3.283430
v 21.249861 17.987459 3.687390
v 21.249861 21.229460 3.687390
v 21.249861 17.987459 3.832400
v 21.239460 21.250160 3.759890
v 21.249861 21.260561 3.832400
v 21.374161 17.987459 3.956690
v 21.539860 17.987459 4.008480
v 22.099161 17.987459 3.594170
v 21.664160 17.987459 3.946340
v 21.601961 21.250160 3.987770
v 21.664160 21.229460 3.946340
v 22.637760 20.980860 3.469880
v 21.985260 21.281260 4.371010
v 21.539860 21.260561 4.008480
v 22.793159 20.980860 3.583810
v 22.648161 21.125860 4.153490
v 22.689560 17.987459 4.018840
v 22.482361 17.987459 4.547090
v 22.482361 21.229460 4.547090
v 22.461660 17.987459 4.681740
v 22.461660 21.250160 4.609240
v 22.461660 21.260561 4.681740
v 22.565260 21.281260 4.826750
v 22.565260 17.987459 4.826750
v 22.720661 17.987459 4.899260
v 22.720661 21.260561 4.899260
v 22.793159 21.250160 4.888900
v 23.114260 21.281260 5.323930
v 23.891062 20.980860 4.516020
v 24.025759 20.980860 4.650670
v 23.797861 21.125860 5.199630
v 23.859961 17.987459 5.064980
v 23.590660 17.987459 5.562160
v 23.590660 21.229460 5.562160
v 23.549261 17.987459 5.696810
v 23.559660 21.250160 5.624300
v 23.549261 21.260561 5.696810
v 23.632160 17.987459 5.852180
v 22.865660 21.229460 4.857820
v 23.756460 20.980860 4.381360
v 23.207460 21.125860 4.629950
v 22.482361 20.980860 3.355940
v 21.985260 21.125860 3.677030
v 21.084061 20.980860 2.506600
v 20.628361 21.125860 2.900190
v 19.582161 20.980860 1.874770
v 19.188660 21.125860 2.320150
v 18.525660 17.987459 2.672320
v 17.500259 21.229460 2.320150
v 18.007860 20.980860 1.450100
v 17.769560 21.074060 1.781550
v 24.533258 17.987459 7.022610
v 24.667860 17.987459 7.136550
v 24.812960 17.987459 7.126190
v 24.740358 21.250160 7.146910
v 24.812960 21.229460 7.126190
v 25.900461 20.980860 7.084760
v 24.667860 21.260561 7.136550
v 25.993662 20.980860 7.250480
v 25.620859 21.125860 7.716590
v 25.714060 17.987459 7.613010
v 25.320459 17.987459 8.006610
v 25.320459 21.229460 8.006610
v 25.247961 17.987459 8.120540
v 25.268660 21.250160 8.058400
v 25.247961 21.260561 8.130900
v 25.258261 17.987459 8.265550
v 25.289362 17.987459 8.327700
v 25.392962 17.987459 8.431280
v 25.392962 21.260561 8.431280
v 25.465460 21.250160 8.451990
v 25.537962 17.987459 8.451990
v 25.537962 21.229460 8.451990
v 26.542662 20.980860 8.379490
v 25.941961 21.125860 8.379490
v 25.807261 20.980860 6.919030
v 25.216860 21.125860 7.012260
v 24.481459 17.987459 6.846530
v 25.859060 21.250160 9.435990
v 25.817659 21.260561 9.498130
v 25.817659 17.987459 9.487780
v 25.827959 17.987459 9.663860
v 25.931559 17.987459 9.819230
v 25.921160 21.260561 9.819230
v 25.993662 21.250160 9.850300
v 26.035162 21.281260 10.378600
v 27.122660 20.980860 10.109200
v 27.164160 20.980860 10.295700
v 26.677359 21.125860 10.637500
v 26.304461 17.987459 10.834300
v 26.304461 21.229460 10.834300
v 26.200861 17.987459 10.927500
v 26.242262 21.250160 10.875700
v 26.200861 21.260561 10.927500
v 26.190462 21.281260 11.103600
v 26.190462 17.987459 11.103600
v 26.262960 17.987459 11.259000
v 26.262960 21.260561 11.259000
v 26.325159 21.250160 11.300400
v 26.066259 21.229460 9.850300
v 27.070959 20.980860 9.922810
v 26.615160 21.094860 9.860660
v 26.066259 17.987459 9.850300
v 26.428759 21.250160 12.346500
v 26.376959 21.260561 12.398300
v 26.345861 21.281260 12.574400
v 26.345861 21.281260 12.771200
v 26.345861 21.281260 12.947300
v 26.915560 21.125860 12.926600
v 26.521959 21.229460 12.812600
v 26.449461 21.250160 12.781600
v 26.397661 21.260561 12.740100
v 26.397661 17.987459 12.740100
v 26.521959 17.987459 12.812600
v 26.387259 17.987459 12.398300
v 26.345861 17.987459 12.574400
v 27.464560 20.980860 13.154500
v 27.464560 20.980860 13.351200
v 26.335562 21.281260 13.475500
v 27.454161 20.980860 13.537700
v 26.894861 21.125860 13.744800
v 26.480558 21.229460 13.817400
v 26.408060 21.250160 13.848400
v 26.356260 21.260561 13.889900
v 26.294062 21.281260 14.014100
v 26.294062 17.987459 14.014100
v 26.283762 17.987459 14.086700
v 26.314760 17.987459 14.221300
v 26.314760 21.260561 14.221300
v 26.366560 21.250160 14.273100
v 26.356260 17.987459 13.889900
v 26.004061 24.595760 6.877600
v 25.993662 24.606159 6.867250
v 26.004061 24.606159 6.877600
v 26.014460 24.606159 6.908680
v 26.035162 24.606159 6.950110
v 27.267759 24.606159 9.933160
v 27.909861 22.006361 11.051800
v 27.723459 22.099560 12.936900
v 28.054960 22.006361 12.999100
v 27.930662 22.006361 14.718500
v 20.700861 25.465860 21.751499
v 22.689560 22.979959 20.373899
v 20.659460 24.160761 21.813601
v 20.628361 22.979959 21.865400
v 22.119860 22.979959 21.357901
v 20.069059 21.281260 22.621500
v 19.375061 21.281260 22.890800
v 18.681061 21.281260 23.129000
v 17.956060 21.281260 23.305099
v 17.686760 21.830259 23.346600
v 17.230961 21.281260 23.429399
v 16.536961 21.281260 23.501900
v 16.464460 21.281260 23.512300
v 15.760160 21.281260 23.533001
v 15.760160 21.830259 23.522600
v 17.697060 23.363159 23.356899
v 17.676361 23.363159 23.305099
v 15.055861 21.281260 23.512300
v 14.983360 21.281260 23.501900
v 14.278961 21.281260 23.429399
v 13.553961 21.281260 23.305099
v 13.709360 21.260561 23.377600
v 13.750761 21.250160 23.439800
v 13.761061 21.229460 23.512300
v 13.802561 21.125860 23.937000
v 13.937160 20.980860 24.517000
v 13.823259 17.987459 24.071600
v 13.761061 17.987459 23.512300
v 13.709360 17.987459 23.388000
v 13.553961 17.987459 23.305099
v 12.994659 17.987459 23.895500
v 13.377861 17.987459 23.315500
v 13.377861 21.260561 23.315500
v 13.326059 21.250160 23.356899
v 12.839260 21.281260 23.129000
v 12.528561 20.980860 24.206301
v 12.342060 20.980860 24.144100
v 12.290260 21.125860 23.553699
v 12.310961 17.987459 23.139400
v 12.310961 21.229460 23.139400
v 12.279961 17.987459 22.994400
v 12.300661 21.250160 23.066900
v 12.279961 21.260561 22.994400
v 12.134960 21.281260 22.890800
v 12.134960 17.987459 22.890800
v 11.958860 17.987459 22.880501
v 11.492760 17.987459 23.408701
v 11.844860 17.987459 22.963301
v 11.896660 21.250160 22.911501
v 11.844860 21.229460 22.963301
v 10.995560 20.980860 23.646900
v 11.451260 21.281260 22.621500
v 11.958860 21.260561 22.880501
v 10.819460 21.281260 22.310801
v 10.746960 21.281260 22.279699
v 10.146259 21.281260 21.927500
v 9.555861 21.281260 21.533899
v 9.638660 21.260561 21.647900
v 9.649061 21.250160 21.720400
v 9.628361 21.229460 21.792900
v 9.504061 21.125860 22.186501
v 9.390060 20.980860 22.776899
v 9.462561 17.987459 22.331499
v 9.628361 17.987459 21.792900
v 9.555861 17.987459 21.533899
v 9.638660 17.987459 21.647900
v 9.545460 20.980860 22.880501
v 10.550159 21.250160 22.279699
v 10.612360 21.260561 22.259001
v 10.488060 21.229460 22.321100
v 9.711161 20.980860 22.973700
v 10.187660 21.125860 22.621500
v 10.912661 21.260561 22.414400
v 10.933460 21.250160 22.486900
v 10.923059 21.229460 22.559401
v 10.850561 21.125860 22.963301
v 10.819460 20.980860 23.564100
v 10.829861 17.987459 23.108299
v 10.923059 17.987459 22.559401
v 10.912661 17.987459 22.414400
v 11.171659 20.980860 23.719400
v 11.596361 21.125860 23.294800
v 13.274260 21.229460 23.419100
v 12.714960 20.980860 24.258101
v 13.077459 21.125860 23.781601
v 13.274260 17.987459 23.419100
v 14.123661 20.980860 24.537701
v 14.796860 21.250160 23.595100
v 14.848660 21.260561 23.543400
v 14.848660 17.987459 23.543400
v 14.765860 17.987459 23.657301
v 14.765860 21.229460 23.657301
v 14.548260 17.987459 24.175200
v 14.610460 21.125860 24.040501
v 14.320459 20.980860 24.568800
v 14.983360 17.987459 23.501900
v 15.055861 17.987459 23.512300
v 15.180161 17.987459 23.564100
v 15.252661 17.987459 23.688400
v 15.345860 21.125860 24.102699
v 15.252661 21.229460 23.688400
v 15.563360 20.980860 24.651600
v 15.760160 20.980860 24.651600
v 16.288460 21.250160 23.626200
v 16.329861 21.260561 23.564100
v 16.329861 17.987459 23.564100
v 16.257360 17.987459 23.688400
v 16.257360 21.229460 23.688400
v 16.164160 21.125860 24.102699
v 15.946560 20.980860 24.651600
v 16.464460 17.987459 23.512300
v 16.536961 17.987459 23.501900
v 16.671659 17.987459 23.543400
v 16.754560 17.987459 23.657301
v 16.754560 21.229460 23.657301
v 16.723461 21.250160 23.595100
v 16.909861 21.125860 24.040501
v 17.199860 20.980860 24.568800
v 17.386360 20.980860 24.537701
v 17.769560 21.250160 23.439800
v 17.800661 21.260561 23.377600
v 17.800661 17.987459 23.388000
v 17.748859 17.987459 23.512300
v 17.748859 21.229460 23.512300
v 17.686760 17.987459 24.071600
v 17.717760 21.125860 23.937000
v 17.572760 20.980860 24.517000
v 17.665960 17.987459 24.195900
v 17.956060 17.987459 23.305099
v 18.132061 17.987459 23.315500
v 18.235661 17.987459 23.419100
v 18.525660 17.987459 23.895500
v 18.743259 17.987459 24.185499
v 18.805361 17.987459 24.258101
v 18.981461 17.987459 24.206301
v 19.064360 17.987459 24.175200
v 20.617960 17.987459 24.682699
v 18.587860 18.142860 25.345600
v 21.280861 18.142860 24.403099
v 21.601961 17.987459 24.226999
v 22.813860 17.987459 23.512300
v 24.740358 17.987459 21.927500
v 23.435360 17.987459 21.792900
v 23.290359 17.987459 21.917200
v 23.435360 20.980860 21.792900
v 23.290359 20.980860 21.917200
v 23.052061 21.229460 20.850300
v 23.031361 21.250160 20.788200
v 22.565260 21.281260 21.057501
v 23.020960 21.260561 20.715700
v 23.114260 21.281260 20.560301
v 23.020960 17.987459 20.715700
v 23.093561 17.987459 20.591400
v 23.052061 17.987459 20.850300
v 23.145260 17.987459 20.539600
v 23.217760 17.987459 21.171400
v 23.269560 17.987459 20.477400
v 23.404261 17.987459 20.508499
v 23.911760 17.987459 20.767500
v 24.336462 17.987459 20.922800
v 24.460760 17.987459 20.777800
v 24.585062 17.987459 20.632799
v 24.916460 17.987459 19.555599
v 25.361860 17.987459 19.648800
v 25.465460 17.987459 19.493401
v 25.569059 17.987459 19.327700
v 25.569059 20.980860 19.327700
v 25.237558 21.125860 18.840900
v 24.947561 21.229460 18.530199
v 25.465460 20.980860 19.493401
v 24.906160 21.250160 18.478399
v 24.885462 21.260561 18.405899
v 24.885462 17.987459 18.405899
v 24.947561 17.987459 18.530199
v 24.957960 17.987459 18.188400
v 25.320459 17.987459 18.954800
v 24.926859 17.987459 18.240101
v 25.361860 20.980860 19.648800
v 24.771460 21.125860 19.514200
v 24.388262 17.987459 19.369200
v 24.388262 21.229460 19.369200
v 24.243261 17.987459 19.358801
v 24.315760 21.250160 19.348400
v 24.243261 21.260561 19.358801
v 24.108561 17.987459 19.462400
v 24.087862 17.987459 19.762800
v 24.036058 17.987459 19.628099
v 24.036058 21.260561 19.628099
v 24.046461 21.250160 19.700600
v 24.460760 20.980860 20.777800
v 24.336462 20.980860 20.922800
v 23.777159 21.125860 20.705299
v 23.404261 21.229460 20.508499
v 23.342060 21.250160 20.477400
v 23.269560 21.260561 20.477400
v 24.087862 21.229460 19.762800
v 24.585062 20.980860 20.632799
v 24.315760 21.125860 20.104601
v 24.388262 17.987459 20.228901
v 23.290359 17.987459 21.357901
v 23.238560 21.125860 21.223200
v 22.016260 21.281260 21.492500
v 21.954161 21.281260 21.533899
v 21.374161 21.281260 21.927500
v 20.762960 21.281260 22.279699
v 20.700861 21.281260 22.310801
v 20.700861 17.987459 22.310801
v 20.762960 17.987459 22.279699
v 20.690460 17.987459 23.564100
v 20.897661 17.987459 22.259001
v 21.021959 17.987459 22.321100
v 21.436260 17.987459 22.714701
v 21.798759 17.987459 22.973700
v 21.964460 17.987459 22.880501
v 22.130260 17.987459 22.776899
v 22.741360 17.987459 21.823999
v 22.275261 17.987459 21.502899
v 22.150961 17.987459 21.451099
v 22.047359 17.987459 22.321100
v 22.016260 17.987459 21.492500
v 22.140560 21.260561 21.451099
v 21.954161 17.987459 21.533899
v 21.881660 17.987459 21.792900
v 21.871260 17.987459 21.647900
v 21.871260 21.260561 21.647900
v 21.860960 21.250160 21.720400
v 21.964460 20.980860 22.880501
v 21.798759 20.980860 22.973700
v 21.322361 21.125860 22.621500
v 21.021959 21.229460 22.321100
v 20.970160 21.250160 22.279699
v 20.897661 21.260561 22.259001
v 21.881660 21.229460 21.792900
v 22.130260 20.980860 22.776899
v 22.016260 21.125860 22.186501
v 22.213060 21.250160 21.461399
v 22.275261 21.229460 21.502899
v 22.617060 21.125860 21.751499
v 23.134960 20.980860 22.041500
v 23.134960 17.987459 22.041500
v 20.524761 17.987459 23.646900
v 20.690460 20.980860 23.564100
v 20.524761 20.980860 23.646900
v 20.586960 21.229460 22.559401
v 20.586960 21.250160 22.486900
v 20.597260 21.260561 22.414400
v 20.597260 17.987459 22.414400
v 20.586960 17.987459 22.559401
v 20.680161 17.987459 23.108299
v 20.669760 21.125860 22.963301
v 20.348660 20.980860 23.719400
v 19.923960 21.125860 23.294800
v 20.017260 17.987459 23.408701
v 19.665060 17.987459 22.963301
v 19.665060 21.229460 22.963301
v 19.551161 17.987459 22.880501
v 19.613260 21.250160 22.911501
v 19.551161 21.260561 22.880501
v 19.375061 17.987459 22.890800
v 19.240360 17.987459 22.994400
v 19.219660 17.987459 23.698700
v 19.167860 17.987459 24.144100
v 19.219660 21.125860 23.553699
v 19.167860 20.980860 24.144100
v 19.209360 21.229460 23.139400
v 18.981461 20.980860 24.206301
v 19.209360 21.250160 23.066900
v 19.240360 21.260561 22.994400
v 19.209360 17.987459 23.139400
v 18.805361 20.980860 24.258101
v 18.442860 21.125860 23.781601
v 18.235661 21.229460 23.419100
v 18.194260 21.250160 23.356899
v 18.132061 21.260561 23.315500
v 20.348660 17.987459 23.719400
v 16.671659 21.260561 23.543400
v 15.231960 21.250160 23.626200
v 15.180161 21.260561 23.564100
v 25.051161 17.987459 18.115900
v 25.569059 21.830259 21.388901
v 25.351561 21.850960 21.513201
v 25.569059 24.119360 21.388901
v 25.351561 24.098560 21.513201
v 25.227259 21.882061 21.502899
v 25.113260 24.046860 21.461399
v 25.113260 21.913059 21.461399
v 24.812960 22.006361 21.264601
v 24.522860 22.099560 21.088600
v 23.891062 22.099560 21.709999
v 23.859961 23.860359 21.678900
v 24.098261 23.912161 21.430401
v 23.880762 23.912161 21.658199
v 23.828959 23.912161 21.699699
v 23.197060 23.860359 22.248600
v 23.217760 23.912161 22.227900
v 23.103861 23.912161 22.310801
v 21.923059 24.502560 23.108299
v 22.907061 24.005360 22.445400
v 23.207460 24.378260 22.217600
v 23.383560 23.953560 22.590401
v 23.383560 22.006361 22.590401
v 23.228161 22.099560 22.290100
v 24.450361 23.912161 21.140301
v 24.036058 24.067560 21.492500
v 24.191462 24.575060 21.347500
v 24.657560 23.912161 21.171400
v 24.771460 23.943260 21.212799
v 24.730059 23.922560 21.140301
v 24.740358 23.912161 21.057501
v 24.688662 23.912161 21.119600
v 24.657560 23.912161 21.150700
v 24.812960 23.953560 21.264601
v 25.879759 24.119360 21.016001
v 25.071859 23.860359 20.373899
v 26.180159 24.119360 20.622400
v 26.242262 24.098560 20.394600
v 26.149061 24.046860 20.166700
v 25.890162 23.953560 19.918100
v 26.149061 21.913059 20.166700
v 25.890162 22.006361 19.918100
v 25.651861 22.099560 19.669500
v 26.211260 21.882061 20.270300
v 26.242262 21.850960 20.394600
v 26.180159 21.830259 20.622400
v 25.879759 21.830259 21.016001
v 26.863760 22.006361 18.229799
v 26.915560 24.657961 15.153500
v 27.019159 24.657961 14.677100
v 27.039862 24.657961 14.573500
v 27.557760 24.564659 14.501000
v 26.853361 24.657961 10.357800
v 27.537062 24.523260 11.290000
v 27.350561 24.077860 10.254300
v 27.350561 24.005360 10.275000
v 27.392061 24.036461 10.399300
v 27.464560 24.098560 10.647900
v 27.537062 24.461161 11.227900
v 27.578459 24.140060 11.259000
v 27.526659 23.922560 10.865400
v 24.004961 26.366961 20.373899
v 23.891062 26.366961 20.487801
v 23.652861 26.366961 20.715700
v 22.741360 26.366961 21.575399
v 22.534161 26.366961 21.709999
v 24.139662 26.366961 20.197800
v 24.326059 26.366961 19.949200
v 25.206560 26.366961 18.726999
v 22.544559 24.688959 22.093300
v 19.136860 25.911261 23.791901
v 19.085060 25.258659 23.833401
v 19.157560 26.139061 23.646900
v 19.136860 26.366961 20.819201
v 19.178261 26.366961 20.871000
v 19.178261 26.366961 20.808901
v 19.178261 26.366961 20.695000
v 19.022860 24.606159 20.487801
v 19.178261 26.366961 20.197800
v 19.178261 26.366961 20.177099
v 19.178261 26.366961 20.073500
v 19.178261 26.366961 19.286301
v 19.178261 26.366961 18.685499
v 18.142460 26.366961 19.824900
v 18.007860 24.875460 19.824900
v 15.760160 27.340561 19.824900
v 17.883560 23.373560 19.824900
v 17.842060 22.990259 20.373899
v 17.790260 22.337761 20.373899
v 17.686760 21.136261 19.534901
v 17.686760 21.136261 18.778799
v 15.760160 21.136261 19.534901
v 15.760160 21.136261 18.778799
v 13.833561 21.136261 19.534901
v 13.833561 21.136261 18.778799
v 13.730061 22.337761 20.373899
v 13.667860 22.990259 20.373899
v 13.636761 23.373560 19.824900
v 13.502161 24.875460 19.824900
v 15.760160 23.373560 19.824900
v 15.760160 22.990259 20.373899
v 13.284660 27.340561 19.824900
v 12.580259 27.340561 20.114901
v 12.569960 27.516661 20.052799
v 12.279961 27.516661 20.757099
v 12.290260 27.340561 20.819201
v 12.673561 26.366961 20.114901
v 12.373159 26.366961 20.819201
v 12.331760 26.366961 20.808901
v 12.331760 26.366961 20.332399
v 12.331760 26.366961 20.177099
v 12.331760 26.366961 19.731701
v 12.487061 24.606159 17.929399
v 12.487061 24.606159 18.996300
v 13.388260 24.606159 19.918100
v 12.487061 24.606159 20.487801
v 12.487061 24.606159 21.989700
v 12.331760 26.366961 21.917200
v 12.331760 26.366961 20.860701
v 12.248859 27.775660 22.921900
v 12.269560 27.527060 23.066900
v 12.279961 27.433861 23.346600
v 12.165960 27.796360 23.077299
v 12.228161 27.796360 23.004801
v 12.155661 27.879160 23.046200
v 12.186760 27.910259 20.135599
v 12.052061 27.962061 20.135599
v 12.124559 27.962061 19.503799
v 12.176361 27.962061 19.348400
v 12.342060 27.962061 19.017000
v 13.232861 27.962061 18.540501
v 14.413660 27.962061 17.266500
v 15.760160 27.962061 18.540501
v 18.277161 27.962061 18.571600
v 13.232861 27.951759 18.602699
v 15.760160 27.951759 18.602699
v 18.246059 27.630661 19.617701
v 18.960760 27.630661 19.907801
v 18.950359 27.516661 20.052799
v 18.246059 27.516661 19.762800
v 18.929661 27.340561 20.114901
v 18.846760 26.366961 20.114901
v 18.225361 27.340561 19.824900
v 13.274260 27.516661 19.762800
v 15.760160 27.630661 19.617701
v 13.263960 27.630661 19.617701
v 12.787460 27.951759 18.716600
v 12.414560 27.941360 19.068800
v 12.559561 27.630661 19.907801
v 12.269560 27.889561 19.545200
v 12.248859 27.775660 20.135599
v 12.269560 27.630661 20.612101
v 18.722460 27.951759 18.716600
v 15.760160 22.337761 20.373899
v 25.247961 26.366961 11.414300
v 24.357161 26.366961 11.932200
v 24.305361 26.366961 11.963300
v 24.181059 26.366961 12.025400
v 24.160360 26.366961 12.046200
v 24.139662 26.366961 12.056500
v 23.870359 26.366961 12.211900
v 23.632160 26.366961 12.346500
v 21.612360 26.366961 12.315500
v 22.699961 26.366961 12.885100
v 21.664160 26.366961 12.408700
v 21.643459 26.719160 12.419000
v 22.430561 26.366961 13.040500
v 22.668859 26.366961 12.905900
v 21.726261 25.486561 13.361600
v 21.746960 26.366961 13.434100
v 23.000259 26.366961 13.517000
v 23.870359 26.366961 13.610200
v 22.969261 26.719160 13.537700
v 22.285561 26.719160 14.625300
v 23.818560 26.719160 17.629000
v 24.926859 26.719160 14.635600
v 24.647161 26.719160 15.754300
v 23.859961 26.366961 17.618700
v 22.648161 26.366961 19.275900
v 22.637760 26.719160 19.234501
v 22.544559 26.366961 19.369200
v 21.363760 26.366961 20.394600
v 21.156561 26.366961 20.580999
v 21.104860 26.366961 20.622400
v 23.870359 26.366961 17.577200
v 23.870359 26.366961 17.598000
v 23.880762 26.366961 17.577200
v 23.891062 26.366961 17.556499
v 23.870359 26.366961 14.894600
v 24.170759 26.366961 17.038601
v 24.688662 26.366961 15.743900
v 24.771460 26.366961 15.277800
v 24.968260 26.366961 14.314500
v 24.129259 26.366961 13.630900
v 25.082262 26.366961 13.734500
v 24.978659 26.366961 13.506600
v 24.740358 26.366961 13.475500
v 24.730059 26.532660 13.496300
v 24.709360 26.719160 13.527300
v 24.947561 26.719160 13.558400
v 25.051161 26.719160 13.775900
v 25.061460 26.532660 13.755200
v 20.959761 26.366961 15.940700
v 19.540760 23.746460 8.265550
v 21.695160 23.746460 12.004700
v 19.851460 21.136261 8.358770
v 20.814760 21.136261 10.026400
v 21.778061 21.136261 11.694000
v 22.772461 23.373560 11.341800
v 22.844961 24.875460 11.455800
v 22.192360 22.990259 9.228830
v 23.228161 22.990259 11.041500
v 22.192360 22.337761 9.228830
v 23.207460 22.337761 10.989700
v 22.430561 21.136261 11.310800
v 21.467360 21.136261 9.643140
v 20.504061 21.136261 7.975530
v 21.177361 22.337761 7.468000
v 21.146259 22.990259 7.416210
v 20.762960 23.166361 4.837110
v 20.773361 22.979959 4.837110
v 20.980560 24.160761 4.692100
v 21.032261 25.465860 4.474590
v 20.918360 25.465860 4.257070
v 20.980560 24.160761 4.257070
v 5.205561 17.987459 10.834300
v 4.055861 17.987459 13.537700
v 4.190460 17.987459 14.791000
v 4.221560 17.987459 14.977400
v 4.252660 17.987459 15.163900
v 4.842960 21.125860 15.277800
v 4.252660 20.980860 15.163900
v 4.697960 17.987459 15.257100
v 4.490860 17.987459 13.703400
v 5.029460 17.987459 13.817400
v 4.625461 21.125860 13.744800
v 4.677260 20.980860 16.748600
v 5.278060 21.125860 16.779699
v 19.851460 22.979959 10.575400
v 18.121759 22.979959 8.845590
v 19.209360 24.222860 12.419000
v 18.774260 24.222860 14.687400
v 12.186760 27.754959 23.833401
v 9.721560 24.657961 23.253300
v 9.866560 24.606159 23.284401
v 9.804461 24.606159 23.243000
v 9.783661 24.606159 23.222300
v 8.903261 24.606159 22.062201
v 8.944759 24.657961 22.082899
v 8.861860 24.657961 22.010401
v 7.618860 24.606159 20.922800
v 7.256360 24.606159 21.212799
v 7.359961 24.606159 21.316401
v 9.120760 24.657961 22.880501
v 8.778961 24.740761 21.937901
v 10.840160 24.606159 23.760900
v 10.767660 24.088261 23.760900
v 11.016260 24.378260 23.864500
v 10.394760 24.036461 23.574400
v 9.607660 23.922560 23.470900
v 9.555861 23.953560 23.564100
v 9.483360 23.932859 23.429399
v 9.390060 23.953560 23.460501
v 9.452261 23.932859 23.408701
v 9.245060 23.995060 23.553699
v 9.327961 24.046860 23.843700
v 9.327961 21.913059 23.843700
v 9.110460 24.098560 23.957701
v 9.224360 21.882061 23.916201
v 9.110460 21.850960 23.957701
v 8.872160 21.830259 23.905899
v 8.872160 24.119360 23.905899
v 8.468260 21.830259 23.636600
v 8.064260 21.830259 23.356899
v 7.929661 21.850960 23.149799
v 8.944759 24.015760 23.450100
v 8.861860 24.015760 23.429399
v 9.058661 24.026060 23.595100
v 9.089760 24.026060 23.615900
v 8.799660 23.963961 23.139400
v 9.555861 22.006361 23.564100
v 9.783661 22.099560 23.305099
v 11.244160 24.046860 24.765600
v 6.997460 22.099560 21.088600
v 6.697061 22.006361 21.264601
v 3.537960 24.119360 17.214701
v 3.537960 24.098560 16.966101
v 4.014360 23.953560 16.624300
v 3.703660 24.046860 16.790100
v 3.600060 21.882061 16.862600
v 3.703660 21.913059 16.790100
v 3.537960 21.850960 16.966101
v 4.014360 22.006361 16.624300
v 4.325160 22.099560 16.458599
v 4.097260 22.099560 15.609300
v 4.138660 23.860359 15.588500
v 4.149060 23.912161 15.619600
v 4.128360 23.912161 15.526400
v 3.931561 23.912161 14.718500
v 3.931561 23.860359 14.739200
v 3.838261 23.912161 13.879500
v 3.827960 23.860359 13.838100
v 3.827960 23.912161 13.775900
v 3.827960 23.912161 13.641300
v 3.796861 23.912161 12.936900
v 3.796861 23.860359 12.936900
v 3.807261 23.912161 12.833400
v 3.817560 23.912161 12.667600
v 3.879760 23.912161 12.015100
v 3.879760 23.860359 12.056500
v 3.931561 23.912161 11.186500
v 3.921161 23.860359 11.165700
v 3.941860 23.912161 11.093200
v 3.983260 23.912161 10.865400
v 4.097260 23.912161 10.264600
v 4.097260 23.860359 10.285300
v 4.159360 23.860359 9.984950
v 4.366560 23.912161 9.446350
v 4.325160 23.860359 9.415270
v 5.112360 23.601460 9.415270
v 3.952260 23.953560 9.415270
v 3.351460 24.098560 9.487780
v 3.227160 24.119360 9.674220
v 3.351460 21.830259 9.487780
v 3.568960 24.057159 9.415270
v 3.123560 24.119360 10.109200
v 3.030360 24.119360 10.544300
v 3.071860 24.098560 10.782500
v 3.071860 21.850960 10.782500
v 3.154660 21.882061 10.875700
v 3.258261 21.913059 10.937900
v 3.600060 22.006361 11.051800
v 3.600060 23.953560 11.051800
v 3.258261 24.046860 10.937900
v 3.921161 22.099560 11.165700
v 3.827960 22.099560 12.046200
v 3.796861 22.099560 12.936900
v 3.455060 22.006361 12.999100
v 3.102860 21.913059 13.061200
v 3.102860 24.046860 13.061200
v 2.988960 21.882061 13.113000
v 2.895761 24.098560 13.185500
v 3.455060 23.953560 12.999100
v 2.823260 24.119360 13.423800
v 2.843960 24.119360 13.910600
v 2.895761 21.850960 13.185500
v 2.895761 24.119360 14.397400
v 2.999360 24.098560 14.614900
v 3.227160 24.046860 14.708100
v 3.579360 23.953560 14.718500
v 3.227160 21.913059 14.708100
v 3.579360 22.006361 14.718500
v 3.931561 22.099560 14.739200
v 3.102860 21.882061 14.677100
v 2.999360 21.850960 14.614900
v 4.283660 23.912161 16.272200
v 7.867460 24.606159 4.018840
v 6.707460 24.657961 5.127130
v 4.387260 27.962061 16.344700
v 5.474860 27.962061 18.882299
v 4.656560 24.657961 10.357800
v 4.666961 25.258659 10.378600
v 4.666961 25.911261 10.451100
v 6.531361 27.962061 20.415300
v 8.126461 27.962061 22.031099
v 9.576561 27.962061 23.077299
v 17.179161 27.962061 24.724199
v 18.681061 27.962061 24.444500
v 19.820459 27.962061 24.092300
v 21.736660 27.962061 23.201599
v 23.383560 27.962061 22.031099
v 24.771460 27.962061 20.663900
v 26.107660 27.951759 18.913401
v 26.035162 27.962061 18.882299
v 27.133059 27.962061 16.344700
v 27.609560 27.962061 13.630900
v 27.744162 27.516661 8.576290
v 27.443762 27.962061 10.875700
v 26.801661 27.516661 6.566870
v 26.656561 27.962061 8.244840
v 25.527559 27.516661 4.743890
v 23.953260 27.516661 3.169500
v 25.279058 27.962061 5.852180
v 22.130260 27.516661 1.895480
v 24.688662 27.962061 5.127130
v 20.120861 27.516661 0.952921
v 6.417360 23.963961 20.995300
v 6.634960 23.922560 21.026400
v 6.293060 23.984659 20.953899
v 6.210260 23.984659 20.840000
v 5.951261 24.119360 21.388901
v 5.619861 23.953560 19.918100
v 6.241361 23.363159 12.667600
v 6.375960 23.363159 11.290000
v 6.365561 22.979959 11.290000
v 6.355260 22.979959 11.372900
v 6.707460 22.979959 9.964240
v 6.230960 23.166361 12.657300
v 6.230960 22.979959 12.646900
v 5.992761 24.160761 12.543300
v 5.971960 22.979959 12.491500
v 5.723460 22.979959 12.491500
v 15.760160 14.507259 16.727900
v 13.864660 14.507259 16.220400
v 7.991760 25.258659 4.619590
v 8.302561 24.067560 3.625240
v 7.898560 26.915960 4.609240
v 4.532260 27.754959 10.585700
v 5.050160 27.910259 14.107400
v 5.112360 27.962061 12.823000
v 5.246961 27.962061 11.279700
v 5.464460 27.962061 11.279700
v 8.116060 27.962061 20.342800
v 6.541660 27.962061 18.260900
v 8.892960 27.962061 21.067801
v 8.281761 22.990259 11.041500
v 8.312860 22.337761 10.989700
v 9.089760 21.136261 11.310800
v 9.327961 22.337761 9.228830
v 10.052959 21.136261 9.643140
v 10.343060 22.337761 7.468000
v 11.016260 21.136261 7.975530
v 10.363760 22.990259 7.416210
v 9.327961 22.990259 9.228830
v 11.088760 27.516661 7.374780
v 11.192360 27.516661 6.618660
v 10.860861 27.630661 6.080050
v 10.726261 27.516661 6.017900
v 11.130260 27.340561 6.608300
v 10.664061 27.340561 6.007540
v 11.088760 26.366961 6.680800
v 11.969160 26.366961 6.805100
v 12.507761 26.366961 7.115830
v 12.342060 26.366961 8.089470
v 13.129261 25.486561 7.561220
v 13.191460 26.366961 7.509430
v 15.584061 24.606159 6.981180
v 15.760160 24.606159 6.981180
v 15.760160 26.366961 6.929390
v 11.585960 26.366961 6.587580
v 11.202761 26.366961 6.359710
v 11.275261 27.775660 6.307920
v 15.760160 26.760561 12.595100
v 19.002161 26.366961 7.115830
v 18.888260 26.366961 6.380430
v 19.064360 26.366961 5.966110
v 19.343960 26.366961 5.344640
v 19.654661 26.366961 4.774960
v 19.768660 26.366961 4.909610
v 19.789360 26.366961 4.888900
v 19.882561 26.366961 4.671380
v 19.861860 26.366961 4.650670
v 19.706461 26.543060 4.474590
v 19.737560 26.366961 4.474590
v 19.665060 26.366961 4.453870
v 19.416460 26.366961 4.360650
v 19.675461 26.719160 4.474590
v 19.820459 26.719160 4.671380
v 19.727261 26.719160 4.899260
v 17.769560 26.719160 3.832400
v 19.758261 26.543060 4.888900
v 15.760160 26.719160 3.614890
v 11.782761 26.719160 4.899260
v 11.689560 26.719160 4.671380
v 11.637760 26.366961 4.671380
v 11.803461 26.532660 4.474590
v 11.782761 26.366961 4.474590
v 11.751659 26.532660 4.888900
v 9.690460 26.366961 5.489650
v 8.188560 27.485661 4.547090
v 8.219660 27.547760 4.526370
v 8.281761 27.589161 4.484940
v 8.364660 27.609859 4.433150
v 10.612360 27.796360 2.693040
v 13.108561 27.796360 1.781550
v 23.124559 27.796360 4.153490
v 21.954161 26.366961 3.749540
v 21.985260 26.366961 3.780610
v 22.005960 26.366961 3.801330

f 1 2 3
f 1 3 4
f 5 1 4
f 5 4 6
f 5 6 7
f 5 7 8
f 5 8 9
f 10 9 8
f 10 8 11
f 12 10 11
f 13 12 11
f 13 11 14
f 14 15 13
f 15 16 13
f 17 13 16
f 17 16 18
f 17 18 19
f 17 19 20
f 21 17 20
f 21 20 22
f 23 21 22
f 23 22 24
f 23 24 25
f 26 23 25
f 26 25 27
f 26 27 28
f 26 28 29
f 26 29 30
f 26 30 31
f 31 30 21
f 30 12 21
f 30 29 10
f 29 32 10
f 10 32 33
f 34 33 32
f 34 32 35
f 34 35 36
f 34 36 37
f 37 36 3
f 3 36 38
f 39 3 38
f 40 39 38
f 38 41 40
f 40 41 42
f 40 42 43
f 43 44 40
f 44 43 45
f 45 46 44
f 44 46 47
f 47 48 44
f 49 44 48
f 48 50 49
f 51 49 50
f 50 52 51
f 53 51 52
f 52 54 53
f 55 53 54
f 56 55 54
f 56 54 57
f 56 57 58
f 56 58 59
f 60 59 58
f 60 58 61
f 60 61 62
f 60 62 63
f 64 60 63
f 65 64 63
f 65 63 66
f 66 67 65
f 67 68 65
f 69 65 68
f 69 68 70
f 69 70 71
f 69 71 72
f 73 69 72
f 73 72 74
f 75 73 74
f 75 74 76
f 77 75 76
f 77 76 78
f 79 77 78
f 79 78 80
f 79 80 81
f 79 81 82
f 79 82 83
f 79 83 84
f 79 84 85
f 85 84 86
f 77 85 86
f 86 84 87
f 86 87 88
f 86 88 89
f 86 89 75
f 89 88 73
f 88 64 73
f 88 87 60
f 84 90 87
f 87 90 59
f 90 55 59
f 90 91 55
f 90 92 91
f 92 53 91
f 93 53 92
f 93 92 94
f 94 83 93
f 53 93 95
f 95 96 53
f 96 95 97
f 97 98 96
f 99 96 98
f 98 100 99
f 39 99 100
f 99 39 49
f 101 100 98
f 101 3 100
f 3 101 102
f 102 101 103
f 102 103 4
f 104 4 103
f 103 105 104
f 106 104 105
f 107 106 105
f 107 105 101
f 107 101 108
f 107 108 109
f 109 108 110
f 109 110 111
f 109 111 106
f 111 112 106
f 106 112 113
f 113 114 106
f 114 113 115
f 116 114 115
f 116 115 117
f 116 117 118
f 116 118 119
f 116 119 120
f 120 121 116
f 121 120 122
f 123 121 122
f 123 122 124
f 123 124 125
f 123 125 126
f 123 126 127
f 127 6 123
f 128 127 126
f 128 126 129
f 130 128 129
f 129 131 130
f 131 132 130
f 133 130 132
f 133 132 134
f 134 135 133
f 134 136 135
f 130 135 136
f 130 136 137
f 137 138 130
f 7 130 138
f 138 137 139
f 138 139 11
f 139 140 11
f 141 11 140
f 142 141 140
f 142 140 143
f 142 143 144
f 142 144 145
f 142 145 146
f 147 142 146
f 147 146 148
f 149 147 148
f 149 148 150
f 151 149 150
f 152 151 150
f 152 150 153
f 152 153 154
f 152 154 155
f 152 155 156
f 156 157 152
f 157 158 152
f 158 159 152
f 159 160 152
f 161 152 160
f 160 162 161
f 163 161 162
f 162 164 163
f 163 164 165
f 163 165 166
f 167 163 166
f 168 167 166
f 169 168 166
f 169 166 170
f 171 169 170
f 171 170 172
f 171 172 173
f 171 173 174
f 171 174 175
f 171 175 176
f 175 177 176
f 177 178 176
f 178 179 176
f 179 180 176
f 168 176 180
f 180 181 168
f 168 181 182
f 151 182 181
f 151 183 182
f 167 182 183
f 151 184 183
f 163 183 184
f 163 184 185
f 163 185 186
f 151 186 185
f 186 151 161
f 151 185 184
f 149 181 180
f 149 180 179
f 149 179 178
f 149 178 177
f 177 175 187
f 187 147 177
f 147 187 188
f 188 187 189
f 190 188 189
f 191 190 189
f 192 191 189
f 193 192 189
f 189 194 193
f 195 193 194
f 196 195 194
f 196 197 195
f 195 197 198
f 195 198 199
f 195 199 200
f 201 200 199
f 201 199 202
f 203 201 202
f 203 202 204
f 205 203 204
f 204 206 205
f 205 206 207
f 205 207 208
f 209 205 208
f 209 208 210
f 209 210 211
f 212 211 210
f 212 210 213
f 212 213 214
f 212 214 215
f 212 215 216
f 216 215 217
f 216 217 218
f 216 218 219
f 216 219 220
f 216 220 221
f 216 221 222
f 216 222 211
f 211 222 205
f 222 221 205
f 223 205 221
f 224 205 223
f 224 223 225
f 224 225 226
f 227 224 226
f 227 226 228
f 229 227 228
f 229 228 230
f 229 230 231
f 232 231 230
f 232 230 19
f 232 19 16
f 233 232 16
f 234 233 16
f 234 235 233
f 233 235 236
f 233 236 237
f 233 237 231
f 238 231 237
f 238 237 227
f 227 237 201
f 238 227 231
f 201 237 236
f 201 236 235
f 201 235 239
f 239 235 240
f 240 200 239
f 200 240 193
f 193 240 11
f 234 240 235
f 234 15 240
f 241 19 230
f 241 230 242
f 241 242 243
f 244 241 243
f 244 243 245
f 244 245 246
f 247 244 246
f 247 246 248
f 249 247 248
f 249 248 250
f 251 249 250
f 251 250 252
f 251 252 253
f 251 253 254
f 251 254 255
f 251 255 256
f 251 256 257
f 258 257 256
f 256 259 258
f 260 258 259
f 261 260 259
f 261 259 262
f 261 262 263
f 264 261 263
f 264 263 265
f 264 265 266
f 267 264 266
f 268 267 266
f 268 266 269
f 270 268 269
f 270 269 271
f 272 270 271
f 272 271 273
f 272 273 274
f 272 274 275
f 276 275 274
f 276 274 42
f 276 42 277
f 276 277 278
f 276 278 279
f 276 279 280
f 280 279 260
f 279 281 260
f 279 278 281
f 278 282 281
f 282 283 281
f 281 283 284
f 281 284 285
f 281 285 258
f 286 285 284
f 284 287 286
f 249 286 287
f 249 287 288
f 289 288 287
f 289 287 290
f 291 289 290
f 283 291 290
f 292 291 283
f 292 293 291
f 293 294 291
f 291 294 295
f 294 296 295
f 296 297 295
f 289 295 297
f 297 296 298
f 241 297 298
f 20 298 296
f 294 22 296
f 293 24 294
f 299 293 292
f 300 299 292
f 300 292 282
f 277 300 282
f 277 41 300
f 300 41 301
f 300 301 299
f 299 301 302
f 299 302 28
f 302 303 28
f 304 28 303
f 304 303 305
f 304 305 306
f 304 306 35
f 38 35 306
f 38 306 305
f 38 305 303
f 303 302 38
f 301 38 302
f 299 25 293
f 291 295 289
f 297 288 289
f 247 288 297
f 249 257 286
f 287 284 290
f 285 286 257
f 283 290 284
f 282 292 283
f 277 282 278
f 276 280 275
f 275 280 307
f 275 307 270
f 270 307 267
f 307 280 264
f 308 274 273
f 43 274 308
f 308 309 43
f 310 43 309
f 311 310 309
f 271 311 309
f 311 312 310
f 311 313 312
f 314 312 313
f 314 313 315
f 316 314 315
f 316 315 317
f 316 317 46
f 46 317 318
f 319 46 318
f 319 318 320
f 319 320 321
f 322 321 320
f 322 320 323
f 322 323 324
f 324 325 322
f 322 325 326
f 322 326 327
f 326 321 327
f 326 328 321
f 321 328 329
f 330 321 329
f 330 329 48
f 46 321 330
f 329 328 331
f 331 332 329
f 333 329 332
f 332 334 333
f 335 333 334
f 334 336 335
f 337 335 336
f 338 337 336
f 338 336 339
f 340 338 339
f 340 339 341
f 340 341 342
f 343 340 342
f 344 343 342
f 344 342 345
f 346 344 345
f 346 345 347
f 348 346 347
f 348 347 349
f 348 349 350
f 351 350 349
f 351 349 352
f 353 351 352
f 353 352 354
f 353 354 355
f 353 355 356
f 353 356 357
f 353 357 358
f 359 358 357
f 360 359 357
f 360 357 361
f 362 360 361
f 362 361 363
f 364 362 363
f 364 363 365
f 364 365 366
f 364 366 367
f 364 367 368
f 369 364 368
f 369 368 370
f 371 369 370
f 371 370 372
f 371 372 373
f 374 371 373
f 374 373 375
f 374 375 376
f 377 374 376
f 377 376 378
f 377 378 379
f 380 377 379
f 380 379 381
f 380 381 382
f 383 380 382
f 383 382 384
f 385 383 384
f 385 384 386
f 385 386 387
f 388 385 387
f 388 387 389
f 390 388 389
f 391 390 389
f 391 389 392
f 393 391 392
f 393 392 394
f 395 393 394
f 395 394 396
f 397 395 396
f 397 396 398
f 397 398 399
f 400 397 399
f 400 399 401
f 400 401 402
f 403 400 402
f 403 402 404
f 403 404 405
f 406 403 405
f 406 405 407
f 406 407 408
f 406 408 409
f 406 409 410
f 406 410 411
f 411 410 243
f 410 409 246
f 412 246 409
f 412 409 413
f 412 413 414
f 412 414 415
f 416 412 415
f 416 415 417
f 416 417 418
f 419 416 418
f 419 418 420
f 419 420 421
f 422 419 421
f 422 421 423
f 424 422 423
f 424 423 425
f 426 424 425
f 426 425 427
f 428 426 427
f 428 427 429
f 365 428 429
f 365 430 428
f 428 430 431
f 431 430 432
f 431 432 433
f 434 431 433
f 434 433 435
f 436 434 435
f 436 435 437
f 436 437 438
f 439 436 438
f 439 438 440
f 439 440 441
f 439 441 442
f 439 442 253
f 443 439 253
f 419 439 443
f 254 442 441
f 444 254 441
f 445 444 441
f 445 441 446
f 445 446 447
f 445 447 448
f 445 448 449
f 450 445 449
f 450 449 451
f 450 451 452
f 450 452 453
f 450 453 454
f 454 453 455
f 265 454 455
f 453 452 455
f 452 456 455
f 456 457 455
f 457 458 455
f 459 455 458
f 460 459 458
f 460 461 459
f 462 459 461
f 461 463 462
f 464 462 463
f 463 465 464
f 466 464 465
f 465 467 466
f 466 467 468
f 466 468 469
f 470 469 468
f 468 471 470
f 472 470 471
f 472 471 473
f 472 473 474
f 472 474 475
f 476 472 475
f 477 476 475
f 477 475 478
f 477 478 479
f 480 477 479
f 480 479 481
f 482 480 481
f 482 481 483
f 482 483 484
f 485 482 484
f 485 484 486
f 485 486 487
f 485 487 488
f 488 487 489
f 488 489 490
f 488 490 491
f 488 491 480
f 491 490 492
f 491 492 476
f 476 492 470
f 490 493 492
f 492 493 469
f 469 493 494
f 494 464 469
f 495 494 493
f 493 496 495
f 497 495 496
f 497 496 498
f 497 498 499
f 499 500 497
f 500 499 501
f 500 501 502
f 502 503 500
f 504 500 503
f 503 505 504
f 506 504 505
f 506 505 507
f 506 507 508
f 506 508 509
f 509 510 506
f 506 510 511
f 511 512 506
f 506 512 513
f 513 514 506
f 515 506 514
f 514 516 515
f 515 516 517
f 518 515 517
f 518 517 519
f 519 520 518
f 521 518 520
f 520 522 521
f 523 521 522
f 522 524 523
f 525 523 524
f 524 526 525
f 527 525 526
f 527 526 528
f 528 529 527
f 529 530 527
f 531 527 530
f 131 531 530
f 131 532 531
f 532 533 531
f 533 532 534
f 534 535 533
f 535 536 533
f 536 537 533
f 537 538 533
f 539 533 538
f 539 538 540
f 541 539 540
f 541 540 542
f 541 542 543
f 543 544 541
f 545 541 544
f 544 546 545
f 546 547 545
f 547 548 545
f 549 545 548
f 550 549 548
f 550 548 551
f 552 550 551
f 552 551 553
f 554 552 553
f 554 553 555
f 554 555 556
f 554 556 557
f 554 557 558
f 554 558 559
f 554 559 560
f 560 559 561
f 562 560 561
f 563 562 561
f 563 561 564
f 563 564 565
f 563 565 566
f 563 566 567
f 563 567 568
f 569 568 567
f 567 570 569
f 569 570 571
f 569 571 572
f 569 572 573
f 323 569 573
f 573 572 574
f 575 573 574
f 576 575 574
f 577 576 574
f 577 574 578
f 578 579 577
f 579 580 577
f 581 577 580
f 581 580 582
f 581 582 583
f 581 583 584
f 585 581 584
f 585 584 586
f 587 585 586
f 587 586 588
f 587 588 589
f 590 587 589
f 590 589 591
f 590 591 592
f 590 592 593
f 590 593 594
f 590 594 595
f 595 594 585
f 594 576 585
f 594 593 575
f 596 575 593
f 593 597 596
f 597 598 596
f 599 596 598
f 599 598 328
f 599 325 596
f 597 600 598
f 600 331 598
f 601 331 600
f 601 602 331
f 603 331 602
f 603 602 604
f 605 603 604
f 606 603 605
f 606 605 607
f 606 607 608
f 341 606 608
f 341 608 609
f 609 608 610
f 609 610 611
f 342 609 611
f 611 610 612
f 611 612 613
f 345 611 613
f 613 612 354
f 610 614 612
f 612 614 355
f 615 355 614
f 614 616 615
f 617 615 616
f 616 618 617
f 619 617 618
f 620 619 618
f 621 620 618
f 622 620 621
f 607 622 621
f 607 621 610
f 610 621 616
f 622 623 620
f 623 624 620
f 620 624 625
f 624 626 625
f 626 627 625
f 619 625 627
f 627 628 619
f 629 628 627
f 629 627 630
f 629 630 363
f 630 432 363
f 630 631 432
f 630 627 631
f 631 627 632
f 631 632 583
f 631 583 633
f 631 633 433
f 634 633 583
f 634 583 580
f 635 634 580
f 636 635 580
f 636 637 635
f 635 637 638
f 635 638 639
f 635 639 640
f 641 640 639
f 641 639 437
f 437 639 642
f 437 642 643
f 643 642 644
f 643 644 645
f 643 645 646
f 647 643 646
f 647 646 648
f 649 647 648
f 650 649 648
f 650 648 651
f 162 650 651
f 162 651 652
f 653 652 651
f 651 654 653
f 655 653 654
f 656 655 654
f 654 657 656
f 658 656 657
f 659 658 657
f 659 657 660
f 154 659 660
f 660 661 154
f 662 154 661
f 662 661 663
f 663 664 662
f 665 662 664
f 664 666 665
f 665 666 667
f 665 667 668
f 665 668 461
f 667 669 668
f 668 669 670
f 668 670 671
f 668 671 463
f 670 672 671
f 673 671 672
f 672 674 673
f 675 673 674
f 675 674 676
f 677 675 676
f 676 678 677
f 679 677 678
f 680 679 678
f 680 678 681
f 682 680 681
f 682 681 683
f 682 683 684
f 685 682 684
f 685 684 686
f 687 685 686
f 687 686 688
f 687 688 689
f 690 687 689
f 690 689 691
f 690 691 692
f 690 692 693
f 694 690 693
f 694 693 695
f 694 695 696
f 694 696 697
f 694 697 698
f 694 698 699
f 699 698 700
f 699 700 701
f 701 687 699
f 701 700 702
f 701 702 703
f 701 703 685
f 703 702 704
f 703 704 705
f 703 705 706
f 703 706 682
f 706 705 707
f 706 707 708
f 706 708 680
f 708 707 709
f 708 709 710
f 708 710 679
f 710 711 679
f 679 711 712
f 711 713 712
f 713 714 712
f 675 712 714
f 714 715 675
f 715 714 716
f 715 716 673
f 714 717 716
f 716 717 718
f 671 716 718
f 465 671 718
f 465 718 719
f 720 465 719
f 720 719 721
f 720 721 722
f 722 723 720
f 724 720 723
f 723 725 724
f 726 724 725
f 726 725 727
f 728 726 727
f 729 728 727
f 729 730 728
f 728 730 731
f 728 731 732
f 732 733 728
f 734 733 732
f 734 732 735
f 736 734 735
f 735 737 736
f 738 736 737
f 739 738 737
f 740 739 737
f 740 737 741
f 742 740 741
f 741 743 742
f 744 742 743
f 744 743 745
f 745 746 744
f 747 744 746
f 746 748 747
f 749 747 748
f 750 749 748
f 748 751 750
f 752 750 751
f 751 753 752
f 753 754 752
f 755 752 754
f 754 756 755
f 755 756 757
f 757 758 755
f 750 755 758
f 759 758 757
f 760 758 759
f 759 761 760
f 760 761 762
f 747 760 762
f 747 762 742
f 763 762 761
f 761 764 763
f 765 763 764
f 764 766 765
f 765 766 767
f 768 767 766
f 766 769 768
f 770 768 769
f 769 771 770
f 771 772 770
f 770 772 773
f 774 773 772
f 774 772 775
f 775 776 774
f 777 774 776
f 778 777 776
f 778 776 486
f 778 486 779
f 778 779 780
f 473 778 780
f 780 779 781
f 780 781 782
f 474 780 782
f 474 782 783
f 784 783 782
f 785 784 782
f 785 786 784
f 784 786 787
f 788 784 787
f 788 787 789
f 788 789 790
f 788 790 791
f 788 791 479
f 791 790 792
f 791 792 793
f 791 793 794
f 791 794 481
f 794 793 795
f 794 795 796
f 797 794 796
f 797 796 798
f 797 798 799
f 797 799 785
f 797 785 781
f 797 781 800
f 797 800 483
f 798 801 799
f 707 799 801
f 801 798 802
f 803 801 802
f 803 802 804
f 803 804 805
f 803 805 806
f 806 711 803
f 711 806 807
f 806 808 807
f 807 808 809
f 714 807 809
f 809 810 714
f 714 810 811
f 810 812 811
f 812 813 811
f 813 719 811
f 813 812 814
f 813 814 815
f 815 816 813
f 816 817 813
f 818 813 817
f 819 818 817
f 820 818 819
f 820 819 821
f 821 822 820
f 823 820 822
f 824 823 822
f 824 822 825
f 825 826 824
f 826 825 827
f 827 828 826
f 829 826 828
f 828 830 829
f 829 830 831
f 832 829 831
f 832 831 833
f 832 833 834
f 832 834 835
f 836 835 834
f 836 834 837
f 836 837 838
f 836 838 839
f 836 839 840
f 836 840 841
f 836 841 842
f 836 842 843
f 843 844 836
f 845 836 844
f 845 844 846
f 847 845 846
f 846 848 847
f 849 847 848
f 850 849 848
f 848 851 850
f 666 850 851
f 722 850 666
f 852 722 666
f 852 853 722
f 853 852 854
f 854 855 853
f 855 856 853
f 857 853 856
f 856 571 857
f 858 857 571
f 859 858 571
f 548 859 571
f 859 548 860
f 859 860 723
f 860 861 723
f 862 723 861
f 861 863 862
f 864 862 863
f 863 865 864
f 864 865 866
f 867 864 866
f 867 866 868
f 867 868 869
f 869 870 867
f 871 867 870
f 870 872 871
f 873 871 872
f 873 872 546
f 874 873 546
f 546 875 874
f 876 874 875
f 877 876 875
f 875 878 877
f 879 877 878
f 878 880 879
f 879 880 881
f 880 882 881
f 883 881 882
f 884 883 882
f 731 884 882
f 883 884 885
f 885 886 883
f 877 886 885
f 877 885 887
f 877 887 888
f 887 730 888
f 889 888 730
f 730 890 889
f 889 890 891
f 891 876 889
f 892 876 891
f 893 876 892
f 892 867 893
f 893 867 894
f 894 874 893
f 890 867 892
f 867 890 895
f 895 862 867
f 862 895 725
f 896 862 725
f 895 729 725
f 892 891 890
f 730 895 890
f 889 876 888
f 885 730 887
f 886 877 897
f 886 897 881
f 881 897 877
f 730 885 884
f 881 883 886
f 731 882 880
f 880 878 731
f 741 731 878
f 898 741 878
f 898 745 741
f 745 898 543
f 543 535 745
f 535 543 899
f 900 899 543
f 901 900 543
f 900 901 902
f 901 542 902
f 899 900 902
f 903 899 902
f 903 902 536
f 903 536 899
f 877 879 881
f 875 898 878
f 898 875 544
f 888 876 877
f 876 893 874
f 874 894 873
f 904 546 872
f 865 904 872
f 872 905 865
f 906 865 905
f 906 905 907
f 907 908 906
f 866 906 908
f 907 909 908
f 910 908 909
f 909 911 910
f 910 911 912
f 910 912 868
f 913 868 912
f 912 872 913
f 913 872 869
f 872 912 911
f 911 914 872
f 909 914 911
f 914 909 905
f 868 908 910
f 909 907 905
f 872 914 905
f 871 873 894
f 894 867 871
f 869 872 870
f 869 868 913
f 908 868 866
f 906 866 865
f 904 865 863
f 867 862 864
f 863 861 904
f 548 904 861
f 896 723 862
f 861 860 548
f 858 859 723
f 853 858 723
f 853 857 858
f 855 572 856
f 854 915 855
f 915 916 855
f 855 916 917
f 918 855 917
f 919 918 917
f 920 919 917
f 921 920 917
f 922 921 917
f 923 922 917
f 924 923 917
f 925 924 917
f 926 925 917
f 917 927 926
f 928 926 927
f 929 928 927
f 930 929 927
f 927 931 930
f 932 930 931
f 933 932 931
f 931 934 933
f 935 933 934
f 936 935 934
f 937 936 934
f 938 937 934
f 939 938 934
f 934 940 939
f 941 939 940
f 941 940 942
f 943 941 942
f 942 944 943
f 944 945 943
f 946 943 945
f 946 945 947
f 948 946 947
f 947 949 948
f 950 948 949
f 949 951 950
f 950 951 952
f 953 952 951
f 931 953 951
f 952 953 954
f 954 948 952
f 955 948 954
f 954 956 955
f 955 956 957
f 955 957 958
f 955 958 959
f 960 959 958
f 960 958 961
f 960 961 962
f 962 963 960
f 964 960 963
f 965 964 963
f 966 965 963
f 967 966 963
f 968 967 963
f 963 969 968
f 970 968 969
f 971 970 969
f 972 971 969
f 973 972 969
f 974 973 969
f 975 974 969
f 969 976 975
f 977 975 976
f 977 976 978
f 978 979 977
f 980 977 979
f 980 979 975
f 979 978 975
f 978 981 975
f 981 982 975
f 982 983 975
f 984 983 982
f 984 982 985
f 984 985 986
f 984 986 987
f 984 987 988
f 989 984 988
f 989 988 990
f 989 990 991
f 990 992 991
f 993 991 992
f 994 993 992
f 994 992 995
f 994 995 996
f 997 994 996
f 998 997 996
f 999 998 996
f 999 996 1000
f 999 1000 1001
f 999 1001 1002
f 1002 1001 1003
f 1002 1003 1004
f 1002 1004 998
f 998 1004 1005
f 1005 1006 998
f 1007 998 1006
f 1008 1007 1006
f 1008 1006 1009
f 1008 1009 962
f 1010 962 1009
f 1009 1011 1010
f 1012 1010 1011
f 1013 1012 1011
f 1014 1013 1011
f 1011 1015 1014
f 1016 1014 1015
f 1015 1017 1016
f 949 1016 1017
f 1018 949 1017
f 1018 1017 947
f 969 947 1017
f 947 969 1013
f 1015 976 1017
f 949 1014 1016
f 1015 1011 974
f 974 983 1015
f 949 1013 1014
f 1012 1013 969
f 963 1010 1012
f 1019 1011 1009
f 1000 1019 1009
f 1000 995 1019
f 1011 1019 1020
f 1011 1020 1021
f 1011 1021 968
f 968 1021 1022
f 1023 1022 1021
f 1022 1023 967
f 1024 967 1023
f 1025 1024 1023
f 1025 1023 1026
f 1025 1026 1027
f 1028 1025 1027
f 1028 1027 1029
f 1030 1028 1029
f 1030 1029 1031
f 1030 1031 1032
f 1033 1030 1032
f 1033 1032 1034
f 1035 1033 1034
f 1035 1034 1036
f 1035 1036 1037
f 1038 1035 1037
f 1038 1037 1039
f 1040 1038 1039
f 1040 1039 1041
f 1040 1041 1042
f 1043 1040 1042
f 1043 1042 1044
f 1045 1043 1044
f 1045 1044 1046
f 1045 1046 1047
f 1048 1045 1047
f 1048 1047 1049
f 1050 1048 1049
f 1050 1049 1051
f 1050 1051 1052
f 1053 1050 1052
f 1054 1053 1052
f 1054 1052 1055
f 1056 1054 1055
f 1056 1055 1057
f 1058 1056 1057
f 1059 1058 1057
f 1057 1060 1059
f 1061 1059 1060
f 1062 1061 1060
f 1062 1060 1063
f 1062 1063 1064
f 1064 1065 1062
f 1066 1062 1065
f 1065 1067 1066
f 1066 1067 1068
f 1069 1066 1068
f 1069 1068 1070
f 1069 1070 1071
f 1069 1071 1072
f 1072 1073 1069
f 1073 1067 1069
f 1069 1067 1074
f 1074 1067 1075
f 1075 1062 1074
f 1062 1075 1076
f 1075 1067 1076
f 1076 1067 1061
f 1061 1067 1077
f 1078 1077 1067
f 1067 1059 1078
f 1067 1079 1059
f 1079 1080 1059
f 1059 1080 1081
f 1082 1081 1080
f 1080 1083 1082
f 1082 1083 1084
f 1084 1085 1082
f 1085 1084 1086
f 1087 1085 1086
f 1088 1087 1086
f 1088 1086 1089
f 1090 1088 1089
f 1090 1089 1091
f 1092 1090 1091
f 1092 1091 1093
f 1094 1092 1093
f 1095 1094 1093
f 1095 1093 1096
f 1097 1095 1096
f 1097 1096 1098
f 1099 1097 1098
f 1099 1098 1100
f 1101 1099 1100
f 1101 1100 1102
f 1103 1101 1102
f 1103 1102 1104
f 1105 1103 1104
f 1106 1105 1104
f 1106 1104 1107
f 1108 1106 1107
f 1108 1107 1109
f 1110 1108 1109
f 1110 1109 1111
f 1110 1111 1112
f 1113 1110 1112
f 1113 1112 1114
f 1113 1114 1115
f 1113 1115 1116
f 1113 1116 1117
f 1118 1113 1117
f 1118 1117 1119
f 1120 1118 1119
f 1120 1119 1121
f 1122 1120 1121
f 1122 1121 1123
f 1124 1122 1123
f 1124 1123 1125
f 1126 1124 1125
f 1126 1125 1127
f 1128 1126 1127
f 1128 1127 1129
f 1130 1128 1129
f 1130 1129 1131
f 1130 1131 1132
f 1130 1132 1133
f 1130 1133 1134
f 1134 1133 1058
f 1134 1058 1085
f 1135 1134 1085
f 1128 1134 1135
f 1128 1135 1136
f 1136 1135 1088
f 1058 1081 1085
f 1133 1132 1137
f 1133 1137 1138
f 1133 1138 1054
f 1137 1139 1138
f 1139 1050 1138
f 1137 1132 1139
f 1140 1139 1132
f 1140 1141 1139
f 1141 1142 1139
f 1142 1048 1139
f 1141 1143 1142
f 1143 1144 1142
f 1144 1045 1142
f 1143 1145 1144
f 1145 1146 1144
f 1146 1043 1144
f 1147 1146 1145
f 1145 1148 1147
f 1147 1148 1149
f 1147 1149 1150
f 1147 1150 1151
f 1147 1151 1152
f 1147 1152 1153
f 1152 1154 1153
f 1154 1035 1153
f 1152 1155 1154
f 1155 1156 1154
f 1156 1033 1154
f 1155 1157 1156
f 1157 1158 1156
f 1158 1028 1156
f 1157 1159 1158
f 1159 1160 1158
f 1160 1025 1158
f 1159 1161 1160
f 1161 1162 1160
f 1162 1024 1160
f 1162 1163 1024
f 1162 1164 1163
f 1163 1164 965
f 1164 1165 965
f 1164 1166 1165
f 1166 1167 1165
f 1165 1167 964
f 1167 1168 964
f 1168 1169 964
f 1170 964 1169
f 1170 1169 1171
f 1171 1172 1170
f 1173 1170 1172
f 1174 1173 1172
f 1172 1175 1174
f 1176 1174 1175
f 1175 1008 1176
f 1177 1176 1008
f 1178 1177 1008
f 1179 1178 1008
f 1008 958 1179
f 1179 1180 1178
f 1180 1181 1178
f 959 1178 1181
f 1182 959 1181
f 1182 1181 1183
f 1182 1183 1184
f 1180 1182 1184
f 1183 1181 1184
f 959 1182 1180
f 1180 1184 1181
f 959 1180 1179
f 959 1179 957
f 957 1185 959
f 1185 948 959
f 1185 1186 948
f 1187 948 1186
f 1187 1186 941
f 1186 1188 941
f 1188 936 941
f 1186 1189 1188
f 1189 1190 1188
f 1190 932 1188
f 1190 1189 1191
f 1192 1190 1191
f 1192 1191 1193
f 1192 1193 1194
f 1192 1194 1195
f 1192 1195 1196
f 1192 1196 1197
f 1197 1198 1192
f 1198 1199 1192
f 1192 1199 1200
f 1192 1200 1201
f 1201 1200 1202
f 1202 924 1201
f 1199 1202 1200
f 1199 1203 1202
f 1203 1204 1202
f 1204 574 1202
f 574 918 1202
f 1204 1203 1205
f 1205 637 1204
f 642 637 1205
f 642 1205 1203
f 1203 1199 1206
f 644 1203 1206
f 644 1206 1207
f 644 1207 915
f 644 915 1208
f 1209 644 1208
f 1208 1210 1209
f 1211 1209 1210
f 1212 1211 1210
f 1212 1210 1213
f 1214 1212 1213
f 1214 1213 1215
f 1208 1214 1215
f 1216 1215 1213
f 1210 1215 1216
f 1214 1208 1212
f 1212 1208 1217
f 1217 1208 1218
f 1219 1217 1218
f 1219 1218 1198
f 1219 1198 1220
f 1219 1220 1221
f 1222 1219 1221
f 1222 1221 1198
f 1223 1198 1221
f 1224 1219 1222
f 1222 1197 1224
f 1224 1197 1225
f 1225 1226 1224
f 1224 1226 1227
f 1227 1228 1224
f 1229 1224 1228
f 1229 1228 1225
f 1225 1185 1229
f 1229 1185 1230
f 1230 1219 1229
f 1219 1230 1231
f 1219 1231 1232
f 1232 1231 1194
f 1233 1231 1230
f 1234 1231 1233
f 1233 1185 1234
f 1234 1185 1235
f 1234 1235 956
f 956 1231 1234
f 1231 956 1196
f 1236 1196 956
f 1191 1236 956
f 927 1191 956
f 927 956 953
f 1230 1185 1233
f 1237 1225 1228
f 1228 1238 1237
f 1226 1237 1238
f 1226 1238 1239
f 1227 1239 1238
f 1228 1227 1238
f 1227 1226 1239
f 1225 1237 1226
f 1197 1185 1225
f 1197 1189 1185
f 1189 1197 1236
f 1229 1219 1224
f 1223 1221 1220
f 1198 1223 1220
f 1232 1217 1219
f 1232 1211 1217
f 1211 1232 854
f 854 1240 1211
f 1218 1208 1198
f 1210 1216 1213
f 1217 1211 1212
f 1240 1209 1211
f 1241 1209 1240
f 852 1241 1240
f 852 1242 1241
f 1241 1242 1243
f 1243 1242 1244
f 1244 1209 1243
f 1245 1209 1244
f 1245 1244 1246
f 1245 1246 1247
f 1245 1247 1248
f 1245 1248 1249
f 1245 1249 1250
f 1251 1245 1250
f 1252 1251 1250
f 1253 1252 1250
f 1254 1253 1250
f 1254 1250 1168
f 1255 1254 1168
f 1256 1254 1255
f 1166 1256 1255
f 1257 1256 1166
f 1257 1166 1258
f 1259 1257 1258
f 1260 1259 1258
f 1260 1258 1162
f 1260 1261 1259
f 1259 1261 1262
f 1259 1262 1263
f 1263 1262 1264
f 1263 1264 1265
f 1263 1265 1266
f 1263 1266 1257
f 1265 1267 1266
f 1267 1268 1266
f 1266 1268 1269
f 1266 1269 1256
f 1269 1268 1252
f 1268 1270 1252
f 1268 1271 1270
f 1271 1272 1270
f 1270 1272 1251
f 1272 1273 1251
f 1273 1274 1251
f 1274 1275 1251
f 1275 1276 1251
f 1276 1277 1251
f 1277 1276 1278
f 1247 1277 1278
f 1277 1247 1279
f 1277 1279 1245
f 1280 1245 1279
f 1281 1280 1279
f 1242 1281 1279
f 1242 1282 1281
f 1282 1283 1281
f 1209 1281 1283
f 1284 1283 1282
f 1282 1285 1284
f 1284 1285 1286
f 1287 1286 1285
f 1288 1287 1285
f 1285 1289 1288
f 1289 1290 1288
f 1290 1291 1288
f 1292 1288 1291
f 1293 1292 1291
f 1293 1291 1294
f 1295 1293 1294
f 1296 1295 1294
f 1297 1296 1294
f 1298 1297 1294
f 1298 1294 1273
f 1294 1299 1273
f 1299 1294 1289
f 1289 1300 1299
f 1301 1299 1300
f 663 1301 1300
f 663 1302 1301
f 1303 1301 1302
f 1304 1303 1302
f 1295 1303 1304
f 1295 1304 1305
f 1295 1305 1306
f 1307 1306 1305
f 1306 1307 1308
f 1292 1306 1308
f 1292 1308 1309
f 1310 1292 1309
f 1311 1310 1309
f 1311 1309 1312
f 1313 1311 1312
f 1313 1312 1314
f 1313 1314 1315
f 1316 1313 1315
f 1316 1315 1317
f 1316 1317 1318
f 1319 1316 1318
f 1319 1318 1320
f 1319 1320 1311
f 1311 1320 1321
f 1321 1320 1322
f 1323 1321 1322
f 1324 1323 1322
f 1324 1322 1325
f 1324 1325 1326
f 1327 1324 1326
f 1327 1326 1328
f 842 1327 1328
f 842 1328 1329
f 1330 842 1329
f 1330 1329 1331
f 1332 1330 1331
f 1333 1332 1331
f 1333 1331 1334
f 1335 1333 1334
f 1335 1334 1336
f 1337 1335 1336
f 1337 1336 1338
f 1339 1337 1338
f 1340 1339 1338
f 1340 1338 1341
f 1342 1340 1341
f 1342 1341 1343
f 1344 1342 1343
f 1345 1344 1343
f 1346 1345 1343
f 1346 1343 1347
f 998 1346 1347
f 1348 1346 998
f 1349 1348 998
f 1349 998 1350
f 1349 1350 1351
f 1350 1352 1351
f 1351 1352 1172
f 1353 1351 1172
f 1354 1353 1172
f 1353 1354 1346
f 1348 1351 1353
f 1352 1355 1172
f 1350 1355 1352
f 1350 1175 1355
f 1350 1356 1175
f 1356 1357 1175
f 1007 1175 1357
f 1356 998 1357
f 1350 998 1356
f 1349 1351 1348
f 1348 1353 1346
f 1347 1343 1358
f 1358 1359 1347
f 1359 1360 1347
f 1360 1361 1347
f 1361 1362 1347
f 1362 1363 1347
f 1363 1364 1347
f 1364 1365 1347
f 997 1347 1365
f 1365 1366 997
f 997 1366 1367
f 997 1367 1368
f 1368 1369 997
f 1369 1370 997
f 1370 1371 997
f 1370 1372 1371
f 1373 1371 1372
f 1374 1373 1372
f 1374 1372 1375
f 1376 1374 1375
f 1376 1375 1377
f 1378 1376 1377
f 1378 1377 1379
f 1378 1379 1380
f 1380 1379 1381
f 1380 1381 1382
f 1382 1383 1380
f 1376 1380 1383
f 1383 1382 1384
f 1384 1385 1383
f 1374 1383 1385
f 1385 1384 994
f 994 1371 1385
f 1384 1386 994
f 1386 1387 994
f 1387 1388 994
f 1388 1387 1389
f 1388 1389 1390
f 1390 1391 1388
f 1391 1392 1388
f 1393 1388 1392
f 1393 1392 1394
f 1393 1394 1395
f 1393 1395 1396
f 1393 1396 1397
f 1396 1398 1397
f 1397 1398 993
f 1388 1397 993
f 1398 1399 993
f 1400 993 1399
f 1401 1400 1399
f 1399 1402 1401
f 1403 1401 1402
f 1404 1403 1402
f 1404 1402 1395
f 1405 1404 1395
f 1405 1395 1406
f 1405 1406 1407
f 1407 1406 1408
f 1407 1408 1409
f 1407 1409 1410
f 1410 1411 1407
f 1404 1407 1411
f 1410 1412 1411
f 1403 1411 1412
f 1403 1412 1413
f 1413 1412 1400
f 1410 1400 1412
f 1409 1414 1410
f 1414 1415 1410
f 1416 1410 1415
f 1416 1415 1417
f 1416 1417 1418
f 1416 1418 1419
f 1419 1420 1416
f 1420 1421 1416
f 1421 1422 1416
f 1422 1423 1416
f 1423 1424 1416
f 1416 1424 1425
f 1425 1426 1416
f 1426 1427 1416
f 1428 1416 1427
f 1427 1429 1428
f 1429 1430 1428
f 1431 1428 1430
f 1431 1430 1432
f 1432 1433 1431
f 1433 1434 1431
f 1434 1435 1431
f 1435 1436 1431
f 1431 1436 1437
f 1437 1438 1431
f 1438 1439 1431
f 1439 1440 1431
f 1441 1431 1440
f 1441 1440 1442
f 1441 1442 1443
f 1441 1443 1444
f 1444 1445 1441
f 1445 1446 1441
f 1441 1446 1447
f 1441 1447 1448
f 1448 1449 1441
f 1449 1450 1441
f 1441 1450 1451
f 1450 1452 1451
f 1452 1453 1451
f 1453 1454 1451
f 1454 1455 1451
f 1451 1455 1456
f 1451 1456 1457
f 1451 1457 1458
f 1431 1451 1458
f 1431 1458 1459
f 1431 1459 1460
f 1460 1459 1461
f 1462 1460 1461
f 1462 1461 1463
f 1462 1463 1464
f 1462 1464 1465
f 1464 1466 1465
f 1465 1466 1467
f 1467 1468 1465
f 1469 1465 1468
f 1470 1469 1468
f 1470 1468 1471
f 1470 1471 1472
f 1470 1472 1473
f 1473 1474 1470
f 1475 1470 1474
f 1475 1474 1476
f 1475 1476 1477
f 1477 1478 1475
f 1479 1475 1478
f 1479 1478 1480
f 1480 980 1479
f 1479 980 1481
f 1482 1479 1481
f 1481 1483 1482
f 1484 1482 1483
f 1484 1483 1485
f 1485 1486 1484
f 1015 1484 1486
f 1015 1486 978
f 1484 1015 1487
f 1484 1487 1488
f 1487 991 1488
f 1489 1488 991
f 991 1490 1489
f 1489 1490 1491
f 1492 1491 1490
f 1492 1493 1491
f 1493 1494 1491
f 1488 1491 1494
f 1488 1494 1482
f 1493 1482 1494
f 1493 1495 1482
f 1495 1496 1482
f 1482 1496 1497
f 1482 1497 1498
f 1482 1498 1499
f 1482 1499 1500
f 1026 1500 1499
f 1026 1499 1501
f 1500 1026 981
f 981 1502 1500
f 1503 1500 1502
f 1504 1503 1502
f 1505 1504 1502
f 1506 1505 1502
f 1507 1506 1502
f 1508 1507 1502
f 1509 1508 1502
f 1509 1502 1510
f 1510 1476 1509
f 1476 1511 1509
f 1511 1512 1509
f 1512 1513 1509
f 1513 1512 1475
f 1511 1475 1512
f 1514 1475 1511
f 1515 1514 1511
f 1511 1472 1515
f 1515 1472 1510
f 1510 1516 1515
f 1516 1517 1515
f 1518 1515 1517
f 1518 1517 1519
f 1520 1518 1519
f 1519 1521 1520
f 1455 1520 1521
f 1455 1521 1522
f 1455 1522 1523
f 1523 1522 1524
f 1525 1523 1524
f 1525 1524 1032
f 1526 1525 1032
f 1527 1526 1032
f 1528 1527 1032
f 1528 1461 1527
f 1529 1527 1461
f 1529 1530 1527
f 1530 1529 1526
f 1526 1529 1531
f 1532 1531 1529
f 1532 1529 1458
f 1531 1532 1533
f 1531 1533 1525
f 1457 1533 1532
f 1534 1461 1528
f 1031 1534 1528
f 1031 1535 1534
f 1535 1463 1534
f 1536 1463 1535
f 1535 1537 1536
f 1471 1536 1537
f 1471 1537 1538
f 1471 1538 1539
f 1540 1471 1539
f 1540 1539 1515
f 1541 1540 1515
f 1542 1541 1515
f 1543 1542 1515
f 1544 1543 1515
f 1543 1544 1545
f 1545 1519 1543
f 1546 1519 1545
f 1547 1519 1546
f 1547 1546 1544
f 1548 1547 1544
f 1549 1548 1544
f 1550 1549 1544
f 1551 1550 1544
f 1552 1551 1544
f 1552 1544 1518
f 1518 1553 1552
f 1553 1554 1552
f 1555 1552 1554
f 1555 1554 1556
f 1556 1557 1555
f 1555 1557 1558
f 1555 1558 1559
f 1559 1558 1560
f 1560 1561 1559
f 1559 1561 1562
f 1563 1559 1562
f 1563 1562 1564
f 1564 1518 1563
f 1565 1563 1518
f 1566 1565 1518
f 1518 1567 1566
f 1568 1566 1567
f 1567 1569 1568
f 1570 1568 1569
f 1570 1569 1571
f 1571 1572 1570
f 1573 1570 1572
f 1573 1572 1574
f 1573 1574 1575
f 1573 1575 1576
f 1573 1576 1577
f 1573 1577 1578
f 1573 1578 1579
f 1579 934 1573
f 1573 934 1580
f 1573 1580 1581
f 1581 1580 942
f 1582 1581 942
f 1582 942 1583
f 1584 1582 1583
f 1585 1584 1583
f 1585 1583 1586
f 1587 1585 1586
f 1588 1587 1586
f 1589 1588 1586
f 1589 1586 1590
f 1589 1590 1591
f 1592 1591 1590
f 1592 1590 1593
f 1592 1593 1594
f 1592 1594 1595
f 1596 1592 1595
f 1596 1595 350
f 1597 1596 350
f 1597 1598 1596
f 1599 1596 1598
f 1599 1598 1600
f 1599 1600 1601
f 1600 1588 1601
f 1602 1601 1588
f 1591 1602 1588
f 1596 1602 1591
f 1596 1601 1602
f 1603 1588 1600
f 1604 1603 1600
f 1604 1605 1603
f 1605 1606 1603
f 1606 1607 1603
f 1606 1608 1607
f 1607 1608 1609
f 1607 1609 1610
f 1607 1610 1611
f 1588 1607 1611
f 1611 1610 1612
f 1612 1565 1611
f 1587 1611 1565
f 1610 1613 1612
f 1612 1613 1614
f 1614 1615 1612
f 1615 1616 1612
f 1616 1560 1612
f 1617 1560 1616
f 1617 1616 1615
f 1617 1615 1618
f 1617 1618 1619
f 1617 1619 1620
f 1617 1620 1621
f 1617 1621 1622
f 1622 1623 1617
f 1624 1617 1623
f 1625 1624 1623
f 1623 1626 1625
f 1625 1626 1627
f 1627 1628 1625
f 1628 1629 1625
f 1630 1625 1629
f 1629 1631 1630
f 1632 1630 1631
f 1631 1633 1632
f 1634 1632 1633
f 1634 1633 1635
f 1636 1634 1635
f 1635 815 1636
f 1637 815 1635
f 1637 1635 1638
f 1638 1639 1637
f 819 1637 1639
f 819 816 1637
f 1638 1640 1639
f 1639 1640 1641
f 1639 1641 1642
f 1639 1642 821
f 821 1642 825
f 825 1642 1643
f 1641 1643 1642
f 1643 1641 1644
f 1643 1644 1645
f 1643 1645 1646
f 1643 1646 1647
f 1643 1647 1648
f 1643 1648 827
f 827 1648 1649
f 827 1649 1650
f 827 1650 1651
f 827 1651 1652
f 1651 1653 1652
f 1654 1652 1653
f 1654 1653 1655
f 1654 1655 1656
f 1654 1656 1657
f 1657 1656 1658
f 1657 1658 1659
f 1657 1659 1652
f 1659 1660 1652
f 828 1652 1660
f 828 1660 1661
f 1662 1661 1660
f 1662 1663 1661
f 1664 1661 1663
f 1664 1663 1658
f 1665 1664 1658
f 1666 1664 1665
f 1666 1665 1667
f 1666 1667 1668
f 1666 1668 830
f 1669 1666 830
f 1669 830 1661
f 830 1668 1670
f 1671 830 1670
f 1671 1670 1672
f 1671 1672 1673
f 1671 1673 1674
f 1674 1673 1675
f 1674 1675 1676
f 1674 1676 830
f 1676 1677 830
f 1676 1675 1677
f 1677 1675 1678
f 1677 1678 831
f 1679 831 1678
f 1680 831 1679
f 1680 1679 1681
f 1680 1681 833
f 1681 1682 833
f 833 1682 1683
f 1684 833 1683
f 1684 1683 1685
f 1684 1685 1686
f 1684 1686 1687
f 1687 1686 1688
f 1687 1688 1689
f 1687 1689 833
f 1689 1690 833
f 1689 1688 1690
f 1690 1688 1691
f 1690 1691 834
f 1692 834 1691
f 1693 1692 1691
f 1694 1692 1693
f 1694 1693 1695
f 1694 1695 1696
f 1694 1696 837
f 1697 1694 837
f 837 1696 1698
f 1699 837 1698
f 1699 1698 1700
f 1699 1700 1701
f 1699 1701 1702
f 1702 1701 1703
f 1702 1703 1704
f 1702 1704 837
f 1704 1705 837
f 1704 1703 1705
f 1705 1703 1706
f 1705 1706 838
f 1707 838 1706
f 1708 1707 1706
f 1709 1708 1706
f 1710 1708 1709
f 1710 1709 1711
f 1710 1711 1712
f 1710 1712 840
f 1713 1710 840
f 840 1712 1714
f 1715 840 1714
f 1715 1714 1716
f 1715 1716 1717
f 1715 1717 1718
f 1718 1717 1719
f 1718 1719 1720
f 1718 1720 840
f 1720 1721 840
f 1721 1722 840
f 1721 1723 1722
f 1723 1724 1722
f 841 1722 1724
f 841 1724 1725
f 841 1725 1726
f 841 1726 1327
f 1726 1725 1727
f 1726 1727 1728
f 1726 1728 1729
f 1726 1729 1730
f 1731 1726 1730
f 1731 1730 1288
f 1288 1730 1732
f 1733 1288 1732
f 1733 1732 846
f 1288 1733 1734
f 1735 1734 1733
f 1275 1735 1733
f 1274 1734 1735
f 1274 1287 1734
f 846 1732 1730
f 1731 1288 1726
f 1726 1288 1736
f 1726 1736 1737
f 1726 1737 1738
f 1726 1738 1739
f 1726 1739 1324
f 1740 1324 1739
f 1739 1741 1740
f 1740 1741 1742
f 1740 1742 1323
f 1323 1742 1310
f 1742 1741 1292
f 1741 1738 1292
f 1739 1738 1741
f 1738 1737 1292
f 1737 1736 1292
f 1730 1729 846
f 1743 1729 1728
f 1743 1728 1744
f 1744 1745 1743
f 1745 1746 1743
f 1745 1747 1746
f 848 1746 1747
f 1748 848 1747
f 1748 1747 1749
f 1749 669 1748
f 1749 1750 669
f 1751 1750 1749
f 1751 1749 1752
f 1751 1752 1753
f 1751 1753 1754
f 1754 1755 1751
f 1755 1754 1756
f 1757 1755 1756
f 1756 1758 1757
f 1758 1759 1757
f 1759 1760 1757
f 1757 1760 1761
f 1757 1761 1762
f 1762 1761 1763
f 1763 672 1762
f 672 1750 1762
f 1755 1762 1750
f 1764 1763 1761
f 1763 1764 1765
f 1765 674 1763
f 1764 1766 1765
f 1767 1765 1766
f 1768 1767 1766
f 1769 1768 1766
f 1770 1769 1766
f 1769 1770 499
f 499 1771 1769
f 1772 1769 1771
f 1771 1773 1772
f 769 1772 1773
f 1774 1772 769
f 1772 1774 1775
f 1772 1775 1776
f 1772 1776 1777
f 1777 1778 1772
f 1777 1779 1778
f 1779 1780 1778
f 1778 1780 1768
f 1780 1781 1768
f 1782 1768 1781
f 1783 1782 1781
f 1784 1783 1781
f 1784 1781 1785
f 1784 1785 1786
f 1786 1785 1787
f 1786 1787 1788
f 1786 1788 1789
f 1789 689 1786
f 1788 1790 1789
f 1789 1790 1791
f 1789 1791 1792
f 691 1789 1792
f 1792 1793 691
f 1793 1792 1794
f 1794 1795 1793
f 692 1793 1795
f 1796 692 1795
f 1795 1797 1796
f 1798 1796 1797
f 1797 1799 1798
f 808 1798 1799
f 1800 1798 808
f 1799 1797 1801
f 1799 1801 812
f 1799 812 809
f 1797 1802 1801
f 1802 814 1801
f 814 1802 1634
f 1802 1803 1634
f 1803 1804 1634
f 1803 1791 1804
f 1805 1804 1791
f 1805 1806 1804
f 1807 1804 1806
f 1808 1807 1806
f 1808 1806 1809
f 1809 1810 1808
f 1811 1808 1810
f 1811 1810 1812
f 1811 1812 1813
f 724 1811 1813
f 467 724 1813
f 1814 1813 1812
f 1813 1814 777
f 1813 777 471
f 1810 1814 1812
f 1810 1815 1814
f 773 1814 1815
f 1816 773 1815
f 1809 1816 1815
f 1809 1817 1816
f 1818 1816 1817
f 1818 1817 1819
f 1820 1818 1819
f 1819 1821 1820
f 1821 1626 1820
f 1821 1822 1626
f 1823 1626 1822
f 1822 1824 1823
f 1825 1823 1824
f 1825 1824 1826
f 1825 1826 1827
f 1828 1827 1826
f 1828 1826 1829
f 1828 1829 1830
f 1829 1831 1830
f 1830 1831 1832
f 1827 1830 1832
f 1832 1833 1827
f 1833 1823 1827
f 1834 1823 1833
f 1835 1834 1833
f 1834 1835 1836
f 1836 1837 1834
f 1836 1627 1837
f 1627 1836 1838
f 1838 1839 1627
f 1839 1840 1627
f 1455 1840 1839
f 1841 1455 1839
f 1841 1839 1520
f 1556 1520 1839
f 1455 1842 1840
f 1843 1840 1842
f 1842 1844 1843
f 1845 1843 1844
f 1846 1845 1844
f 1844 1847 1846
f 1848 1846 1847
f 1848 1847 1849
f 1848 1849 1850
f 1851 1850 1849
f 1851 1849 1633
f 1851 1631 1850
f 1850 1631 1845
f 1852 1849 1847
f 1852 1847 1853
f 1854 1852 1853
f 1854 1853 1855
f 1854 1855 1856
f 1856 1855 1857
f 1856 1857 1638
f 1857 1855 1858
f 1859 1857 1858
f 1859 1858 1860
f 1859 1860 1379
f 1861 1379 1860
f 1862 1861 1860
f 1863 1862 1860
f 1864 1863 1860
f 1864 1860 1865
f 1864 1865 1382
f 1864 1382 1866
f 1860 1867 1865
f 1867 1384 1865
f 1868 1867 1860
f 1869 1868 1860
f 1869 1860 1870
f 1869 1870 1390
f 1869 1390 1868
f 1868 1390 1871
f 1868 1871 1872
f 1872 1871 1389
f 1872 1389 1873
f 1872 1873 1874
f 1872 1874 1867
f 1874 1386 1867
f 1873 1387 1874
f 1868 1872 1867
f 1864 1866 1863
f 1863 1866 1875
f 1381 1875 1866
f 1861 1875 1381
f 1863 1875 1862
f 1862 1875 1861
f 1858 1870 1860
f 1876 1870 1858
f 1876 1395 1870
f 1877 1870 1395
f 1878 1877 1395
f 1878 1879 1877
f 1877 1879 1391
f 1394 1879 1878
f 1877 1391 1870
f 1857 1859 1640
f 1644 1640 1859
f 1859 1880 1644
f 1644 1880 1881
f 1644 1881 1882
f 1644 1882 1883
f 1882 1884 1883
f 1885 1883 1884
f 1885 1884 1886
f 1885 1886 1887
f 1888 1885 1887
f 1888 1887 1363
f 1889 1363 1887
f 1890 1889 1887
f 1890 1881 1889
f 1881 1891 1889
f 1892 1891 1881
f 1893 1892 1881
f 1893 1894 1892
f 1892 1894 1895
f 1892 1895 1896
f 1896 1895 1368
f 1896 1368 1897
f 1896 1897 1898
f 1896 1898 1891
f 1891 1898 1364
f 1897 1366 1898
f 1895 1894 1368
f 1894 1899 1368
f 1893 1899 1894
f 1893 1880 1899
f 1900 1899 1880
f 1900 1880 1901
f 1902 1900 1901
f 1902 1901 1377
f 1903 1902 1377
f 1904 1903 1377
f 1905 1904 1377
f 1905 1377 1906
f 1905 1906 1907
f 1905 1907 1908
f 1899 1908 1907
f 1899 1907 1369
f 1906 1369 1907
f 1375 1369 1906
f 1905 1908 1904
f 1904 1908 1909
f 1900 1909 1908
f 1904 1909 1903
f 1903 1909 1902
f 1859 1377 1901
f 1902 1909 1900
f 1899 1900 1908
f 1892 1896 1891
f 1890 1910 1881
f 1910 1911 1881
f 1911 1912 1881
f 1911 1913 1912
f 1912 1913 1914
f 1912 1914 1882
f 1914 1913 1886
f 1910 1886 1913
f 1910 1913 1911
f 1890 1886 1910
f 1891 1363 1889
f 1915 1885 1888
f 1915 1888 1916
f 1915 1916 1917
f 1915 1917 1645
f 1918 1915 1645
f 1918 1645 1883
f 1645 1917 1919
f 1920 1645 1919
f 1920 1919 1921
f 1920 1921 1922
f 1920 1922 1923
f 1923 1922 1924
f 1923 1924 1925
f 1923 1925 1645
f 1925 1926 1645
f 1925 1924 1926
f 1926 1924 1927
f 1926 1927 1646
f 1928 1646 1927
f 1928 1927 1924
f 1928 1924 1922
f 1929 1928 1922
f 1930 1929 1922
f 1931 1929 1930
f 1931 1930 1932
f 1931 1932 1933
f 1931 1933 1648
f 1934 1931 1648
f 1648 1933 1935
f 1936 1648 1935
f 1936 1935 1937
f 1936 1937 1938
f 1936 1938 1939
f 1939 1938 1940
f 1939 1940 1941
f 1939 1941 1648
f 1941 1942 1648
f 1941 1940 1942
f 1942 1940 1943
f 1942 1943 1649
f 1944 1649 1943
f 1944 1943 1940
f 1945 1944 1940
f 1945 1650 1944
f 1946 1650 1945
f 1946 1945 1947
f 1651 1946 1947
f 1651 1947 1948
f 1651 1948 1949
f 1651 1949 1950
f 1949 1951 1950
f 1952 1950 1951
f 1952 1951 1338
f 1334 1952 1338
f 1334 1953 1952
f 1953 1655 1952
f 1953 1334 1954
f 1955 1953 1954
f 1955 1954 1956
f 1955 1956 1957
f 1667 1955 1957
f 1958 1957 1956
f 1329 1958 1956
f 1329 1956 1334
f 1329 1959 1958
f 1959 1668 1958
f 1329 1960 1959
f 1960 1672 1959
f 1960 1961 1672
f 1962 1961 1960
f 1962 1960 1963
f 1964 1962 1963
f 1964 1963 1682
f 1963 1965 1682
f 1966 1682 1965
f 1329 1966 1965
f 1329 1967 1966
f 1967 1685 1966
f 1967 1329 1968
f 1969 1967 1968
f 1969 1968 1970
f 1969 1970 1971
f 1695 1969 1971
f 1972 1971 1970
f 1326 1972 1970
f 1326 1973 1972
f 1973 1696 1972
f 1326 1700 1973
f 1326 1974 1700
f 1974 1975 1700
f 1976 1975 1974
f 1976 1974 1977
f 1711 1976 1977
f 1978 1977 1974
f 1977 1978 1712
f 1979 1712 1978
f 1326 1979 1978
f 1326 1980 1979
f 1716 1979 1980
f 1980 1981 1716
f 1982 1981 1980
f 1982 1980 1983
f 1982 1983 1984
f 1985 1982 1984
f 1985 1984 1986
f 1987 1985 1986
f 1987 1986 1725
f 1988 1987 1725
f 1988 1989 1987
f 1987 1989 1990
f 1990 1989 1723
f 1990 1723 1719
f 1988 1724 1989
f 1725 1986 1991
f 1992 1725 1991
f 1992 1991 1993
f 1992 1993 1994
f 1992 1994 1995
f 1995 1994 1996
f 1995 1996 1997
f 1995 1997 1725
f 1997 1998 1725
f 1997 1996 1998
f 1998 1996 1999
f 1998 1999 1727
f 2000 1727 1999
f 2001 2000 1999
f 2002 2000 2001
f 2002 2001 2003
f 2002 2003 2004
f 2002 2004 2005
f 2006 2002 2005
f 2006 2005 1727
f 2005 2004 2007
f 2008 2005 2007
f 2008 2007 2009
f 2008 2009 2010
f 2008 2010 2011
f 2011 2010 2012
f 2011 2012 2013
f 2011 2013 2005
f 2013 2014 2005
f 2014 2015 2005
f 1744 2005 2015
f 1744 2015 2016
f 1744 2016 2017
f 2018 1744 2017
f 2017 2019 2018
f 2019 2020 2018
f 2020 2021 2018
f 2018 2021 1747
f 2022 1747 2021
f 2022 2021 1752
f 2023 1752 2021
f 2023 2019 1752
f 2024 1752 2019
f 2024 2019 2025
f 2026 2024 2025
f 2026 2025 2027
f 2026 2027 1753
f 2028 2027 2025
f 2025 2029 2028
f 2029 2030 2028
f 2028 2030 2031
f 2028 2031 2032
f 2028 2032 2033
f 2028 2033 2034
f 2034 2033 2035
f 2034 2035 2036
f 2034 2036 2037
f 2034 2037 2038
f 2034 2038 2039
f 2027 2034 2039
f 2039 2040 2027
f 1754 2027 2040
f 2039 2041 2040
f 2042 2040 2041
f 2041 2043 2042
f 2044 2042 2043
f 2043 2045 2044
f 2044 2045 2046
f 2044 2046 2047
f 2044 2047 2048
f 2044 2048 2049
f 2050 2049 2048
f 2051 2050 2048
f 2052 2051 2048
f 2048 2053 2052
f 2054 2052 2053
f 2055 2054 2053
f 2053 2056 2055
f 2056 2057 2055
f 2055 2057 2058
f 2055 2058 2059
f 2059 2058 2060
f 1760 2059 2060
f 2060 2061 1760
f 1760 2061 1764
f 1770 1764 2061
f 2062 1770 2061
f 134 1770 2062
f 134 2062 2063
f 2063 2064 134
f 2063 2065 2064
f 2064 2065 140
f 2066 2065 2063
f 2063 2067 2066
f 2068 2066 2067
f 2067 2069 2068
f 2068 2069 2070
f 2070 2071 2068
f 2072 2068 2071
f 204 2072 2071
f 204 2071 2073
f 204 2073 2074
f 204 2074 2075
f 2075 2076 204
f 204 2076 2077
f 2069 2077 2076
f 2078 2077 2069
f 2079 2078 2069
f 2080 2079 2069
f 2069 2081 2080
f 2081 2082 2080
f 2083 2082 2081
f 2081 2084 2083
f 2085 2083 2084
f 2086 2085 2084
f 2087 2086 2084
f 2084 2088 2087
f 2089 2087 2088
f 2089 2090 2087
f 2087 2090 2091
f 2091 2092 2087
f 2092 2093 2087
f 2094 2087 2093
f 2093 2095 2094
f 2094 2095 2096
f 2096 2095 2097
f 2087 2096 2097
f 2097 2095 2086
f 2098 2095 2093
f 2099 2095 2098
f 2099 2098 2092
f 2100 2099 2092
f 2101 2100 2092
f 2100 2101 2102
f 2102 2095 2100
f 2103 2095 2102
f 2104 2095 2103
f 2105 2104 2103
f 2105 2103 2101
f 2101 2106 2105
f 2105 2106 2107
f 2108 2105 2107
f 2108 2107 2109
f 2110 2108 2109
f 2111 2110 2109
f 2112 2111 2109
f 2109 2113 2112
f 2114 2112 2113
f 2115 2114 2113
f 2116 2115 2113
f 2117 2116 2113
f 2117 2113 2118
f 2119 2117 2118
f 2120 2119 2118
f 2121 2120 2118
f 2122 2121 2118
f 2122 2118 2123
f 2122 2123 2124
f 2125 2122 2124
f 2126 2125 2124
f 2127 2126 2124
f 1046 2127 2124
f 1046 2128 2127
f 2129 2127 2128
f 2129 2128 2130
f 2130 2131 2129
f 2129 2131 2132
f 2132 2133 2129
f 2134 2129 2133
f 2135 2134 2133
f 2135 2133 2136
f 2137 2135 2136
f 2137 2136 2138
f 2137 2138 2139
f 2138 2140 2139
f 2139 2140 2141
f 2134 2139 2141
f 2134 2141 2125
f 2141 2142 2125
f 2141 2143 2142
f 2122 2142 2143
f 2122 2143 2144
f 2141 2144 2143
f 2141 2145 2144
f 2146 2144 2145
f 2145 2147 2146
f 2147 2121 2146
f 2121 2147 2148
f 2121 2148 2149
f 2121 2149 2150
f 2121 2150 2151
f 2121 2151 2152
f 2121 2152 2153
f 2154 2121 2153
f 2154 2153 2145
f 2145 2120 2154
f 2145 2153 2152
f 2145 2152 2155
f 2155 2156 2145
f 2149 2145 2156
f 2155 2157 2156
f 2157 2158 2156
f 2159 2156 2158
f 2158 2160 2159
f 2159 2160 2161
f 2162 2161 2160
f 2162 2163 2161
f 2163 2164 2161
f 2156 2161 2164
f 2164 2165 2156
f 2165 2150 2156
f 2165 2164 2166
f 2165 2166 2151
f 1044 2151 2166
f 1044 2166 2167
f 2166 2130 2167
f 2163 2166 2164
f 2166 2163 2131
f 2168 2131 2163
f 2168 2169 2131
f 2168 2158 2169
f 2170 2169 2158
f 2171 2170 2158
f 2171 2158 2172
f 2171 2172 2173
f 2171 2173 2174
f 2175 2171 2174
f 2176 2175 2174
f 2177 2176 2174
f 2177 2174 2178
f 2177 2178 2179
f 2177 2179 2180
f 2177 2180 2181
f 2181 2180 2182
f 2181 2182 2183
f 2181 2183 2184
f 2185 2181 2184
f 2186 2185 2184
f 2186 2184 2187
f 2186 2187 2188
f 2188 2189 2186
f 1557 2186 2189
f 1557 2189 2190
f 2191 2190 2189
f 2191 1558 2190
f 1558 2191 2192
f 2192 1612 1558
f 1563 1612 2192
f 2191 1552 2192
f 1552 1559 2192
f 1552 2191 2193
f 2194 1552 2193
f 2193 2195 2194
f 2195 2196 2194
f 2196 1521 2194
f 2194 1521 1551
f 2197 1521 2196
f 2198 2197 2196
f 2197 2198 1522
f 2195 2198 2196
f 2198 2195 1034
f 1034 1524 2198
f 1036 2195 2193
f 2191 2199 2193
f 1037 2193 2199
f 2199 2191 2200
f 2199 2200 2201
f 1039 2199 2201
f 2202 2201 2200
f 2202 2200 1614
f 1614 1618 2202
f 2203 2202 1618
f 2184 2203 1618
f 2184 2204 2203
f 2184 2205 2204
f 2202 2204 2205
f 2202 2205 2206
f 2206 2207 2202
f 2207 2208 2202
f 2208 2209 2202
f 2209 2210 2202
f 2211 2202 2210
f 2211 2210 2183
f 2183 2212 2211
f 2211 2212 2201
f 2212 2213 2201
f 1041 2201 2213
f 2213 2212 2214
f 2214 2215 2213
f 2213 2215 1042
f 1042 2215 2216
f 1042 2216 2151
f 2216 2217 2151
f 2217 2218 2151
f 2218 2219 2151
f 2219 2206 2151
f 2206 2220 2151
f 2220 2221 2151
f 2222 2221 2220
f 2222 2220 2153
f 2153 2223 2222
f 2224 2222 2223
f 2223 2225 2224
f 2205 2224 2225
f 2222 2224 2219
f 2226 2222 2219
f 2227 2222 2226
f 2227 2226 2228
f 2227 2228 2229
f 2230 2227 2229
f 2230 2229 2231
f 2230 2231 2158
f 2231 2229 2232
f 2231 2232 2172
f 2232 2233 2172
f 2234 2233 2232
f 2234 2232 2214
f 2233 2234 2212
f 2212 2178 2233
f 2233 2178 2173
f 2214 2232 2229
f 2230 2158 2227
f 2227 2158 2235
f 2235 2158 2236
f 2235 2236 2222
f 2157 2222 2236
f 2229 2228 2215
f 2228 2226 2217
f 2227 2235 2222
f 2237 2219 2224
f 2224 2207 2237
f 2224 2238 2207
f 2224 2208 2238
f 2225 2223 2153
f 2153 2206 2225
f 2222 2155 2221
f 2206 2153 2220
f 2206 2219 2237
f 2226 2219 2218
f 2218 2217 2226
f 2228 2217 2216
f 2216 2215 2228
f 2214 2229 2215
f 2234 2214 2212
f 2183 2178 2212
f 2224 2183 2210
f 2224 2210 2239
f 2224 2239 2240
f 2224 2240 2209
f 2209 2240 2239
f 2209 2239 2210
f 2224 2209 2208
f 2207 2238 2208
f 2206 2237 2207
f 2205 2225 2206
f 2184 2224 2205
f 2202 2203 2204
f 2241 1618 1614
f 2242 2241 1614
f 2242 2243 2241
f 2244 2241 2243
f 2245 2244 2243
f 2246 2245 2243
f 2247 2246 2243
f 1608 2247 2243
f 1608 2248 2247
f 2249 2247 2248
f 2249 2248 2250
f 2249 2250 2251
f 2249 2251 2252
f 2249 2252 68
f 2253 2249 68
f 2252 71 68
f 2254 71 2252
f 2255 71 2254
f 2255 2254 2256
f 2255 2256 2257
f 2255 2257 2258
f 2255 2258 2259
f 2255 2259 2260
f 2260 2259 2261
f 2261 72 2260
f 2262 2261 2259
f 2259 2263 2262
f 2264 2262 2263
f 2263 2265 2264
f 2266 2264 2265
f 2265 2267 2266
f 2268 2266 2267
f 2267 2269 2268
f 2270 2268 2269
f 2270 2269 2271
f 2272 2270 2271
f 2273 2272 2271
f 2274 2273 2271
f 2274 2271 2275
f 2274 2275 2276
f 2277 2274 2276
f 2277 2276 2278
f 2277 2278 2279
f 2277 2279 2280
f 2277 2280 2281
f 2282 2277 2281
f 2282 2281 2283
f 2282 2283 2284
f 81 2282 2284
f 81 2284 2285
f 95 2285 2284
f 81 2272 2282
f 95 2284 2283
f 2282 2273 2277
f 2280 2283 2281
f 97 2283 2280
f 2280 110 97
f 2280 2286 110
f 2287 110 2286
f 2287 2286 2288
f 2289 2287 2288
f 2289 2288 2290
f 2289 2290 2291
f 2289 2291 2292
f 2293 2289 2292
f 2293 2292 2278
f 2293 2278 2294
f 2293 2294 2295
f 2293 2295 2296
f 2293 2296 2297
f 2296 2298 2297
f 2297 2298 2299
f 117 2297 2299
f 2298 2300 2299
f 2300 215 2299
f 2301 215 2300
f 2302 2301 2300
f 2302 2303 2301
f 2301 2303 2304
f 2305 2301 2304
f 2305 2304 2306
f 2305 2306 217
f 217 2306 2307
f 2307 2306 2308
f 2309 2307 2308
f 2309 2308 2310
f 2311 2309 2310
f 2311 2310 2312
f 2313 2311 2312
f 2313 2312 2267
f 2314 2311 2313
f 2314 2313 2315
f 2316 2314 2315
f 390 2316 2315
f 2316 2317 2314
f 2316 2318 2317
f 2318 2319 2317
f 2317 2319 2309
f 2319 2320 2309
f 2321 2320 2319
f 2321 225 2320
f 2322 2320 225
f 219 2322 225
f 219 2307 2322
f 2322 2307 2320
f 395 225 2321
f 2318 2321 2319
f 393 2321 2318
f 391 2318 2316
f 2258 2315 2313
f 2258 2313 2265
f 2258 2323 2315
f 2324 2315 2323
f 2324 2323 2257
f 2325 2324 2257
f 385 2324 2325
f 388 2315 2324
f 2314 2317 2311
f 2312 2310 2269
f 2326 2269 2310
f 2317 2309 2311
f 2310 2308 2326
f 2326 2308 2327
f 2275 2326 2327
f 2275 2327 2303
f 2304 2327 2308
f 2320 2307 2309
f 2308 2306 2304
f 2305 217 2301
f 2303 2327 2304
f 2302 2276 2303
f 2294 2276 2302
f 2302 2300 2298
f 2295 2302 2298
f 2296 2295 2298
f 2295 2294 2302
f 2278 2292 2328
f 2293 2297 2289
f 2292 2291 2328
f 2328 2291 2290
f 2290 2279 2328
f 2280 2290 2288
f 2289 2297 2287
f 112 2287 2297
f 2280 2288 2286
f 2290 2280 2279
f 2278 2328 2279
f 2294 2278 2276
f 2275 2303 2276
f 2271 2326 2275
f 2277 2273 2274
f 2282 2272 2273
f 2272 80 2270
f 80 2329 2270
f 2329 2266 2270
f 2271 2269 2326
f 2269 2267 2312
f 2270 2266 2268
f 2313 2267 2265
f 2329 2264 2266
f 2330 2264 2329
f 78 2330 2329
f 2258 2265 2263
f 2330 2262 2264
f 2330 2261 2262
f 74 2261 2330
f 2258 2263 2259
f 2258 2257 2323
f 2325 2257 2256
f 2331 2325 2256
f 2331 2256 2332
f 1605 2331 2332
f 380 2331 1605
f 383 2325 2331
f 2254 2332 2256
f 2254 2333 2332
f 2332 2333 1606
f 2333 2251 1606
f 2334 1606 2251
f 2334 2250 1606
f 2254 2251 2333
f 2255 2260 71
f 2254 2252 2251
f 2334 2251 2250
f 2253 2247 2249
f 2253 2335 2247
f 2253 67 2335
f 1608 2250 2248
f 2246 2247 2335
f 2335 2245 2246
f 2245 2335 2336
f 2335 63 2336
f 63 2337 2336
f 2338 2336 2337
f 2337 2339 2338
f 2338 2339 2340
f 2341 2338 2340
f 2341 2340 2342
f 2341 2342 2343
f 2341 2343 2344
f 2341 2344 2111
f 2341 2111 2345
f 2341 2345 2244
f 2336 2341 2244
f 2345 2346 2244
f 2345 2117 2346
f 2346 2117 2153
f 2241 2346 2153
f 2241 2153 1620
f 2117 2347 2153
f 2348 2153 2347
f 2348 2347 2349
f 2349 2350 2348
f 2348 2350 2114
f 2350 2349 2119
f 2350 2119 2351
f 2350 2351 2352
f 2352 2353 2350
f 2354 2350 2353
f 2354 2353 2355
f 2354 2355 2356
f 2356 2357 2354
f 2358 2354 2357
f 2358 2357 2359
f 2360 2358 2359
f 2360 2359 2361
f 2095 2360 2361
f 2095 2361 2090
f 2095 2090 2082
f 2082 2085 2095
f 2362 2082 2090
f 2363 2082 2362
f 2363 2362 2364
f 2363 2364 2365
f 2363 2365 2366
f 2363 2366 2367
f 2363 2367 2368
f 2368 2369 2363
f 2070 2363 2369
f 2369 2073 2070
f 2073 2369 2370
f 2073 2370 2371
f 2371 2370 1063
f 2075 2371 1063
f 207 2075 1063
f 207 1063 2089
f 207 2089 2084
f 2372 2089 1063
f 2372 1063 2373
f 2372 2373 2374
f 2372 2374 1060
f 1060 2375 2372
f 2375 2376 2372
f 2372 2376 2377
f 2377 2378 2372
f 2378 2379 2372
f 2379 2380 2372
f 2380 2381 2372
f 2381 2382 2372
f 2383 2372 2382
f 2383 2382 2377
f 2377 2384 2383
f 2383 2384 2385
f 2383 2385 2386
f 2383 2386 2387
f 2388 2383 2387
f 2388 2387 2389
f 2390 2388 2389
f 2113 2390 2389
f 2113 2389 2391
f 2113 2391 2356
f 2389 2392 2391
f 2393 2391 2392
f 2392 2394 2393
f 2395 2393 2394
f 2395 2394 2396
f 2387 2395 2396
f 2397 2396 2394
f 2394 2398 2397
f 2397 2398 2399
f 2397 2399 2400
f 2399 2401 2400
f 2401 2402 2400
f 2402 2403 2400
f 2386 2400 2403
f 2386 2403 2395
f 2404 2395 2403
f 2404 2403 2405
f 2404 2405 2406
f 2404 2406 2407
f 2404 2407 2408
f 2408 2409 2404
f 2410 2404 2409
f 2386 2410 2409
f 2386 2409 1055
f 2409 2411 1055
f 2411 2412 1055
f 2412 2413 1055
f 2377 1055 2413
f 2412 2414 2413
f 2415 2413 2414
f 2416 2415 2414
f 2417 2416 2414
f 2418 2417 2414
f 2419 2418 2414
f 2420 2419 2414
f 2420 2414 2408
f 2421 2420 2408
f 2422 2421 2408
f 2422 2408 2423
f 2422 2423 2424
f 2425 2422 2424
f 2425 2424 2426
f 2425 2426 2427
f 2428 2425 2427
f 2428 2427 2429
f 2428 2429 2421
f 2430 2421 2429
f 2431 2430 2429
f 2432 2431 2429
f 2433 2431 2432
f 2434 2433 2432
f 2434 2432 2435
f 2436 2434 2435
f 2436 2435 2170
f 2437 2436 2170
f 2437 2438 2436
f 2436 2438 2439
f 2440 2439 2438
f 2438 2441 2440
f 2442 2440 2441
f 2443 2442 2441
f 2443 2441 2444
f 2443 2444 2445
f 2446 2443 2445
f 2446 2445 2447
f 2446 2447 2448
f 2446 2448 2449
f 2448 2450 2449
f 2450 2451 2449
f 2451 2452 2449
f 2453 2449 2452
f 2453 2452 2454
f 2453 2454 2455
f 2453 2455 2456
f 2457 2453 2456
f 2457 2456 2458
f 2457 2458 2459
f 2460 2457 2459
f 2459 2461 2460
f 2462 2460 2461
f 2462 2461 2463
f 2463 2464 2462
f 2465 2462 2464
f 2464 2466 2465
f 2465 2466 2467
f 2465 2467 2468
f 2468 2469 2465
f 2469 2468 2470
f 2470 2471 2469
f 2469 2471 2472
f 2469 2472 2473
f 2469 2473 2460
f 2472 2474 2473
f 2457 2473 2474
f 2474 2472 2475
f 2474 2475 2476
f 2474 2476 2477
f 2474 2477 2478
f 2474 2478 2479
f 2474 2479 2449
f 2480 2449 2479
f 2480 2479 2481
f 2480 2481 2482
f 2482 2481 2483
f 2482 2483 2484
f 2482 2484 2442
f 2482 2442 2449
f 2484 2485 2442
f 2442 2485 2486
f 2487 2486 2485
f 2488 2487 2485
f 2488 2489 2487
f 2487 2489 2490
f 2487 2490 2491
f 2492 2487 2491
f 2492 2491 2493
f 2492 2493 2494
f 2492 2494 2495
f 2495 2496 2492
f 2496 2497 2492
f 2434 2492 2497
f 2434 2439 2492
f 2433 2497 2496
f 2433 2496 2498
f 2433 2498 2499
f 2499 2498 2500
f 2499 2500 2501
f 2499 2501 2502
f 2499 2502 2503
f 2499 2503 2431
f 2431 2503 2504
f 2431 2504 2505
f 2506 2505 2504
f 2507 2506 2504
f 2507 2504 2508
f 2507 2508 2418
f 2508 2504 2509
f 2508 2509 2415
f 2509 2510 2415
f 2511 2415 2510
f 2511 2510 2504
f 2511 2504 2512
f 2513 2511 2512
f 2513 2512 1079
f 1079 2514 2513
f 2515 2513 2514
f 2514 1057 2515
f 2516 2515 1057
f 2377 2516 1057
f 2516 2377 2517
f 2517 2415 2516
f 2518 2415 2517
f 2517 2519 2518
f 2377 2518 2519
f 2519 2517 2376
f 2376 2378 2519
f 2378 2376 2374
f 2382 2415 2518
f 2520 2415 2382
f 2361 2520 2382
f 2361 2521 2520
f 2521 2522 2520
f 2520 2522 2385
f 2521 2404 2522
f 2415 2520 2384
f 2516 2415 2515
f 1057 2514 2523
f 2513 2515 2415
f 2514 1079 2523
f 2523 1079 2524
f 2523 2524 1060
f 2512 2525 1079
f 2526 1079 2525
f 2526 2525 2527
f 2528 2526 2527
f 2528 2527 2529
f 2528 2529 2504
f 2530 2528 2504
f 2530 2504 2531
f 2530 2531 2532
f 2530 2532 2526
f 2533 2532 2531
f 2503 2533 2531
f 2503 2534 2533
f 2534 1080 2533
f 2503 2535 2534
f 2536 2534 2535
f 2537 2536 2535
f 2537 2535 2538
f 2537 2538 2539
f 2538 2540 2539
f 2540 2541 2539
f 2542 2539 2541
f 2542 2541 1086
f 2543 2542 1086
f 2543 1083 2542
f 2541 1073 1086
f 2539 2542 1083
f 2536 2539 1083
f 2541 2540 1073
f 2544 1073 2540
f 2538 2544 2540
f 2538 2545 2544
f 2544 2545 2546
f 2544 2546 1067
f 2545 1071 2546
f 1071 2545 2547
f 2548 2547 2545
f 2548 2545 2549
f 2548 2549 2550
f 2548 2550 2551
f 2551 2552 2548
f 2553 2548 2552
f 2553 2552 1089
f 1072 2553 1089
f 2553 1072 2554
f 2555 2554 1072
f 1064 2555 1072
f 1072 2547 1064
f 1064 2548 2555
f 2555 2548 2554
f 2552 2556 1089
f 2556 2557 1089
f 2558 1089 2557
f 2557 2559 2558
f 2560 2558 2559
f 2561 2560 2559
f 2562 2561 2559
f 2562 2559 2551
f 2563 2562 2551
f 2564 2563 2551
f 2564 2551 2565
f 2564 2565 2566
f 2567 2564 2566
f 2567 2566 2568
f 2567 2568 2535
f 2569 2567 2535
f 2569 2535 2570
f 2569 2570 2563
f 2571 2563 2570
f 2572 2571 2570
f 2572 2573 2571
f 2573 2562 2571
f 2572 2574 2573
f 2574 2575 2573
f 2573 2575 2576
f 2576 2561 2573
f 2576 2577 2561
f 2578 2577 2576
f 2578 2579 2577
f 2577 2579 2560
f 2579 2580 2560
f 2580 2581 2560
f 2582 2560 2581
f 2583 2582 2581
f 2583 2584 2582
f 2582 2584 2585
f 2582 2585 2586
f 2582 2586 2587
f 2588 2582 2587
f 2588 2587 2589
f 2588 2589 2590
f 2588 2590 2591
f 2591 2592 2588
f 2593 2588 2592
f 2593 2592 2594
f 1091 2593 2594
f 1091 2595 2593
f 1091 2596 2595
f 2596 2582 2595
f 2597 2582 2596
f 2596 2598 2597
f 2599 2597 2598
f 2599 2598 2600
f 2599 2600 2601
f 2600 2598 2601
f 2601 2597 2599
f 2602 2597 2601
f 1089 2602 2601
f 1089 2603 2602
f 2603 2582 2602
f 1089 2604 2603
f 2604 2560 2603
f 2596 2601 2598
f 2602 2582 2597
f 2596 1091 2601
f 2594 2592 2605
f 2594 2605 2606
f 2606 2607 2594
f 2607 2608 2594
f 2594 2608 197
f 2609 2594 197
f 2609 197 2610
f 2610 1096 2609
f 1096 2610 2611
f 1096 2611 2612
f 2611 2613 2612
f 197 2612 2613
f 197 2613 2614
f 197 2614 2615
f 2616 2615 2614
f 2617 2616 2614
f 2618 2617 2614
f 2614 2619 2618
f 2620 2618 2619
f 2621 2620 2619
f 2621 2619 2622
f 2623 2621 2622
f 2624 2623 2622
f 2625 2624 2622
f 2625 2622 2591
f 2625 2626 2624
f 2627 2626 2625
f 2628 2627 2625
f 2625 2629 2628
f 2630 2628 2629
f 2630 2629 2631
f 2630 2631 2632
f 2630 2632 2633
f 2630 2633 2634
f 2630 2634 2583
f 2630 2583 2575
f 2575 2635 2630
f 2578 2575 2583
f 2583 2634 2636
f 2583 2636 2637
f 2583 2637 2638
f 2585 2583 2638
f 2639 2638 2637
f 2640 2639 2637
f 2641 2640 2637
f 2637 2642 2641
f 2642 2643 2641
f 2644 2641 2643
f 2643 2645 2644
f 2644 2645 2646
f 2646 2647 2644
f 2648 2644 2647
f 2648 2647 2649
f 2648 2649 2650
f 2650 2649 2651
f 2652 2650 2651
f 2651 2653 2652
f 2653 2654 2652
f 2655 2652 2654
f 2656 2655 2654
f 2654 2657 2656
f 2060 2656 2657
f 2658 2060 2657
f 2658 2657 2067
f 2062 2060 2658
f 2067 2657 2654
f 2655 2656 2586
f 2586 2638 2655
f 2639 2652 2655
f 2067 2654 2653
f 2067 2653 1779
f 2651 2659 2653
f 2659 1780 2653
f 1780 2659 1785
f 2659 2651 2467
f 2659 2467 2660
f 2660 2661 2659
f 2661 1787 2659
f 1787 2661 2662
f 1821 2662 2661
f 2661 2663 1821
f 1821 1790 2662
f 2661 2660 2663
f 2464 2663 2660
f 2663 2464 1822
f 1826 1822 2464
f 2640 2650 2652
f 2468 2651 2649
f 2468 2649 2647
f 2648 2650 2644
f 2646 2664 2647
f 2665 2647 2664
f 2665 2664 2666
f 2667 2665 2666
f 2667 2666 2471
f 2475 2471 2666
f 2475 2666 2643
f 2643 2668 2475
f 2668 2669 2475
f 2475 2669 2670
f 2475 2670 2671
f 2672 2671 2670
f 2673 2672 2670
f 2674 2673 2670
f 2675 2674 2670
f 2675 2670 2676
f 2675 2676 2677
f 2675 2677 2678
f 2679 2678 2677
f 2494 2679 2677
f 2680 2679 2494
f 2680 2494 2681
f 2682 2680 2681
f 2682 2681 2683
f 2684 2682 2683
f 2684 2683 2477
f 2685 2684 2477
f 2685 2686 2684
f 2684 2686 2687
f 2687 2686 2688
f 2687 2688 2678
f 2674 2678 2688
f 2686 2689 2688
f 2672 2688 2689
f 2686 2690 2689
f 2689 2690 2671
f 2476 2671 2690
f 2686 2476 2690
f 2685 2476 2686
f 2477 2683 2691
f 2692 2477 2691
f 2692 2691 2490
f 2692 2490 2693
f 2692 2693 2694
f 2694 2693 2695
f 2694 2695 2696
f 2694 2696 2477
f 2696 2697 2477
f 2696 2695 2697
f 2697 2695 2698
f 2697 2698 2478
f 2698 2699 2478
f 2481 2699 2698
f 2483 2698 2695
f 2483 2695 2693
f 2489 2483 2693
f 2692 2694 2477
f 2691 2683 2491
f 2684 2687 2682
f 2682 2687 2679
f 2683 2681 2493
f 2682 2679 2680
f 2679 2687 2678
f 2676 2495 2677
f 2676 2700 2495
f 2676 2701 2700
f 2702 2700 2701
f 2701 2703 2702
f 2704 2702 2703
f 2705 2704 2703
f 2706 2705 2703
f 2706 2707 2705
f 2706 2708 2707
f 2707 2708 2709
f 2707 2709 2710
f 2704 2707 2710
f 2704 2710 2711
f 2496 2704 2711
f 2496 2711 2712
f 2496 2712 2713
f 2496 2713 2500
f 2713 2714 2500
f 2714 2715 2500
f 2716 2500 2715
f 2717 2716 2715
f 2717 2715 2718
f 2717 2718 2719
f 2717 2719 2720
f 2717 2720 2721
f 2720 2722 2721
f 2721 2722 2723
f 2721 2723 2716
f 2724 2723 2722
f 2722 2725 2724
f 2726 2724 2725
f 2727 2726 2725
f 2728 2727 2725
f 2728 2729 2727
f 2728 2730 2729
f 2729 2730 2731
f 2729 2731 2732
f 2726 2729 2732
f 2726 2732 2733
f 2732 2734 2733
f 2734 2735 2733
f 2735 2736 2733
f 2736 2737 2733
f 2738 2733 2737
f 2739 2738 2737
f 2739 2737 2740
f 2739 2740 2741
f 2739 2741 2634
f 2739 2634 2742
f 2634 2743 2742
f 2742 2743 2744
f 2742 2744 2738
f 2738 2744 2745
f 2744 2746 2745
f 2746 2747 2745
f 2748 2745 2747
f 2747 2749 2748
f 2749 2750 2748
f 2750 2751 2748
f 2751 2752 2748
f 2748 2752 2753
f 2753 2754 2748
f 2755 2748 2754
f 2756 2755 2754
f 2757 2756 2754
f 2757 2754 2758
f 2757 2758 2759
f 2757 2759 2760
f 2757 2760 2761
f 2760 2762 2761
f 2762 2763 2761
f 2763 2764 2761
f 2629 2761 2764
f 2629 2765 2761
f 2766 2761 2765
f 2766 2765 2767
f 2766 2767 2768
f 2768 2767 2769
f 2768 2769 2770
f 2768 2770 2771
f 2768 2771 2761
f 2761 2771 2756
f 2770 2772 2771
f 2771 2772 2773
f 2773 2755 2771
f 2774 2773 2772
f 2775 2774 2772
f 2775 2776 2774
f 2777 2774 2776
f 2776 2778 2777
f 2778 2779 2777
f 2780 2777 2779
f 2779 2781 2780
f 2780 2781 2782
f 2780 2782 2783
f 2783 2784 2780
f 2784 2785 2780
f 2785 2786 2780
f 2786 2787 2780
f 2788 2780 2787
f 2787 2789 2788
f 2789 2790 2788
f 2790 2791 2788
f 2791 2792 2788
f 2793 2788 2792
f 2793 2792 2794
f 2793 2794 2795
f 2793 2795 2796
f 2796 2797 2793
f 2797 2798 2793
f 2798 2799 2793
f 2799 2800 2793
f 2793 2800 2801
f 2801 2802 2793
f 2802 2803 2793
f 2804 2793 2803
f 2803 2805 2804
f 2805 2806 2804
f 2804 2806 2807
f 2804 2807 2808
f 2804 2808 2809
f 2804 2809 2810
f 2810 2811 2804
f 2811 2812 2804
f 2812 2813 2804
f 2813 2814 2804
f 2814 2815 2804
f 2815 2816 2804
f 2816 2817 2804
f 2818 2804 2817
f 2818 2817 2819
f 2819 2820 2818
f 2820 2821 2818
f 2821 2822 2818
f 2822 2823 2818
f 2818 2823 2824
f 2818 2824 2825
f 2818 2825 2826
f 2826 2827 2818
f 2818 2827 2828
f 2828 2829 2818
f 2830 2818 2829
f 2831 2830 2829
f 2832 2831 2829
f 2833 2832 2829
f 2834 2833 2829
f 2835 2834 2829
f 2836 2835 2829
f 2837 2836 2829
f 2838 2837 2829
f 2838 2829 2839
f 2840 2838 2839
f 2840 2839 2841
f 2842 2840 2841
f 2843 2842 2841
f 1318 2843 2841
f 1318 2841 2844
f 2841 2845 2844
f 2845 2846 2844
f 2847 2844 2846
f 2848 2847 2846
f 2849 2847 2848
f 2849 2848 2850
f 2849 2850 2851
f 2852 2849 2851
f 2852 2851 2853
f 2854 2852 2853
f 2854 2853 2855
f 2854 2855 2856
f 2856 2855 2857
f 2858 2856 2857
f 2847 2858 2857
f 2847 2857 2859
f 2847 2859 2860
f 2860 2861 2847
f 2861 2862 2847
f 2862 2863 2847
f 2864 2863 2862
f 2865 2864 2862
f 2865 2016 2864
f 2016 2866 2864
f 2867 2866 2016
f 2868 2867 2016
f 2868 2869 2867
f 2867 2869 2870
f 2867 2870 2871
f 2871 2870 2872
f 2871 2872 2873
f 2871 2873 2874
f 2871 2874 2866
f 2866 2874 2875
f 2875 2863 2866
f 2844 2863 2875
f 2844 2875 2876
f 2844 2876 2877
f 2844 2877 2878
f 2844 2878 2879
f 2844 2879 1993
f 1993 1322 2844
f 1993 2880 1322
f 1322 2880 2881
f 1322 2881 1983
f 2880 1986 2881
f 2879 2878 2882
f 2883 2879 2882
f 2003 2883 2882
f 2003 2884 2883
f 2883 2884 2879
f 2879 2884 1994
f 2004 2882 2878
f 2878 2877 2004
f 2009 2877 2876
f 2876 2875 2874
f 2873 2876 2874
f 2873 2872 2876
f 2876 2872 2012
f 2872 2885 2012
f 2014 2012 2885
f 2872 2870 2885
f 2870 2869 2885
f 2869 2015 2885
f 2868 2015 2869
f 2867 2871 2866
f 2865 2886 2016
f 2886 2887 2016
f 2887 2888 2016
f 2888 2855 2016
f 2888 2859 2855
f 2887 2860 2888
f 2886 2860 2887
f 2865 2861 2886
f 2864 2866 2863
f 2865 2862 2861
f 2886 2861 2860
f 2888 2860 2859
f 2852 2856 2858
f 2859 2857 2855
f 2017 2855 2853
f 2017 2853 2029
f 2029 2853 2889
f 2890 2889 2853
f 2891 2890 2853
f 2892 2891 2853
f 2893 2892 2853
f 2893 2853 2894
f 2893 2894 2895
f 2893 2895 2896
f 2896 2895 2839
f 2839 2897 2896
f 2898 2896 2897
f 2897 2899 2898
f 2899 2900 2898
f 2901 2898 2900
f 2901 2900 2902
f 2901 2902 2030
f 2901 2030 2889
f 2902 2903 2030
f 2030 2903 2904
f 2905 2030 2904
f 2905 2904 2906
f 2905 2906 2907
f 2905 2907 2908
f 2908 2907 2909
f 2908 2909 2910
f 2908 2910 2030
f 2910 2911 2030
f 2910 2909 2911
f 2911 2909 2912
f 2911 2912 2031
f 2912 2913 2031
f 2829 2913 2912
f 2829 2914 2913
f 2914 2915 2913
f 2915 2032 2913
f 2916 2032 2915
f 2916 2915 2917
f 2916 2917 2033
f 2917 2918 2033
f 2033 2918 2919
f 2920 2033 2919
f 2920 2919 2826
f 2920 2826 2921
f 2920 2921 2922
f 2922 2921 2923
f 2922 2923 2924
f 2922 2924 2033
f 2924 2925 2033
f 2924 2923 2925
f 2925 2923 2926
f 2925 2926 2035
f 2926 2923 2825
f 2825 2927 2926
f 2927 2928 2926
f 2928 2036 2926
f 2929 2036 2928
f 2929 2928 2930
f 2929 2930 2037
f 2930 2931 2037
f 2037 2931 2932
f 2933 2037 2932
f 2933 2932 2822
f 2933 2934 2037
f 2934 2935 2037
f 2935 2936 2037
f 2935 2820 2936
f 2934 2820 2935
f 2933 2821 2934
f 2932 2931 2823
f 2930 2937 2931
f 2937 2938 2931
f 2931 2938 2824
f 2937 2939 2938
f 2939 2825 2938
f 2937 2927 2939
f 2937 2940 2927
f 2930 2940 2937
f 2930 2928 2940
f 2927 2940 2928
f 2939 2927 2825
f 2923 2921 2825
f 2920 2922 2033
f 2919 2918 2827
f 2917 2941 2918
f 2941 2942 2918
f 2918 2942 2828
f 2943 2828 2942
f 2944 2943 2942
f 2944 2914 2943
f 2941 2914 2944
f 2941 2945 2914
f 2941 2944 2942
f 2917 2945 2941
f 2917 2915 2945
f 2914 2945 2915
f 2829 2943 2914
f 2912 2909 2829
f 2909 2907 2829
f 2907 2906 2829
f 2906 2946 2829
f 2829 2946 2947
f 2829 2947 2897
f 2897 2947 2948
f 2949 2897 2948
f 2950 2949 2948
f 2950 2948 2903
f 2950 2899 2949
f 2950 2951 2899
f 2902 2951 2950
f 2903 2948 2947
f 2947 2946 2903
f 2904 2946 2906
f 2905 2908 2030
f 2904 2903 2946
f 2902 2950 2903
f 2902 2900 2951
f 2901 2889 2898
f 2898 2889 2952
f 2898 2952 2953
f 2890 2953 2952
f 2899 2951 2900
f 2949 2899 2897
f 2896 2898 2953
f 2891 2896 2953
f 2895 2954 2839
f 2839 2954 2955
f 2839 2955 2845
f 2845 2955 2850
f 2955 2954 2851
f 2894 2851 2954
f 2894 2954 2895
f 2893 2896 2892
f 2892 2896 2891
f 2891 2953 2890
f 2890 2952 2889
f 2854 2856 2852
f 2853 2851 2894
f 2852 2858 2849
f 2851 2850 2955
f 2848 2845 2850
f 2849 2858 2847
f 2844 2847 2863
f 2848 2846 2845
f 2956 2843 1318
f 2957 2956 1318
f 2957 1318 2958
f 2957 2958 2959
f 2958 2960 2959
f 2959 2960 2961
f 2962 2959 2961
f 2963 2962 2961
f 2963 2961 2964
f 2965 2963 2964
f 2966 2965 2964
f 2966 2964 2967
f 2966 2967 2968
f 2969 2966 2968
f 2969 2968 2970
f 2969 2970 2838
f 2971 2969 2838
f 2838 2970 2972
f 2972 2973 2838
f 2974 2838 2973
f 2975 2974 2973
f 2975 2973 2964
f 2964 2976 2975
f 2975 2976 2977
f 2978 2975 2977
f 2978 2977 2979
f 2978 2979 150
f 150 2980 2978
f 2978 2980 2981
f 2981 2982 2978
f 2982 2983 2978
f 2983 2984 2978
f 2984 2985 2978
f 2985 2986 2978
f 2986 2987 2978
f 2986 2988 2987
f 2989 2987 2988
f 2989 2988 2990
f 2989 2990 2977
f 2977 2990 2991
f 2992 2991 2990
f 2990 2993 2992
f 2992 2993 659
f 2979 2992 659
f 153 2979 659
f 2993 2994 659
f 2994 2995 659
f 2996 659 2995
f 2995 653 2996
f 2997 2996 653
f 2996 2997 658
f 658 2997 2998
f 658 2998 2999
f 658 2999 3000
f 658 3000 1312
f 2999 1318 3000
f 3001 3000 1318
f 3000 3001 1315
f 2999 3002 1318
f 3003 1318 3002
f 3003 3002 2998
f 2958 3003 2998
f 2958 2998 3004
f 3004 2998 2961
f 2998 3005 2961
f 3006 2961 3005
f 3007 3006 3005
f 3007 3005 3008
f 3007 3008 3009
f 3007 3009 3010
f 3011 3007 3010
f 3012 3011 3010
f 3012 3010 1296
f 3010 655 1296
f 655 3013 1296
f 3013 3014 1296
f 3015 1296 3014
f 1308 3015 3014
f 1308 3014 1312
f 1308 3016 3015
f 3017 3015 3016
f 3017 3016 1295
f 1307 1295 3016
f 3017 1295 3015
f 3013 1312 3014
f 1312 3013 656
f 3010 2997 655
f 3010 3018 2997
f 3019 3011 3012
f 3019 3012 1297
f 3020 3019 1297
f 3021 3019 3020
f 3021 3020 3022
f 3023 3021 3022
f 3024 3023 3022
f 3024 3022 1267
f 3022 1271 1267
f 3024 3025 3023
f 3023 3025 3026
f 3023 3026 3027
f 3023 3027 3028
f 3028 3027 3029
f 3028 3029 3030
f 3028 3030 3031
f 3032 3028 3031
f 3032 3031 3033
f 3032 3033 3034
f 1116 3034 3033
f 1116 3033 3035
f 1116 3035 3036
f 3035 404 3036
f 3037 3036 404
f 1117 3036 3037
f 1117 3037 3038
f 3038 3037 402
f 3035 3033 407
f 3032 3034 3028
f 3028 3034 3039
f 3028 3039 3021
f 3039 3040 3021
f 3039 3041 3040
f 3040 3041 3042
f 3040 3042 3011
f 3041 3043 3042
f 3042 3043 3044
f 3042 3044 3007
f 3044 2989 3007
f 2989 3045 3007
f 3045 3046 3007
f 3045 2964 3046
f 2989 2976 3045
f 3043 3047 3044
f 3048 3044 3047
f 3047 3049 3048
f 2975 3048 3049
f 2975 3049 3050
f 3051 3050 3049
f 3050 3051 3052
f 3053 3050 3052
f 3054 3053 3052
f 3055 3054 3052
f 3056 3055 3052
f 3057 3056 3052
f 3057 3052 3058
f 3059 3057 3058
f 3060 3059 3058
f 3060 3058 3061
f 3060 3061 3062
f 3063 3060 3062
f 3063 3062 3064
f 3063 3064 2834
f 3065 3063 2834
f 2834 3064 3066
f 3066 3067 2834
f 3068 2834 3067
f 3069 3068 3067
f 3069 3067 3070
f 3069 3070 3071
f 3069 3071 3072
f 3072 3073 3069
f 3069 3073 3074
f 3075 3074 3073
f 3075 3073 3076
f 3077 3076 3073
f 3077 3073 3071
f 3077 3071 3078
f 3079 3077 3078
f 3079 3078 3080
f 3080 3081 3079
f 3082 3079 3081
f 3082 3081 3070
f 3058 3082 3070
f 3058 3083 3082
f 3058 3084 3083
f 3083 3084 3079
f 3085 3079 3084
f 3085 3084 3086
f 3085 3086 3087
f 3085 3087 3047
f 3088 3085 3047
f 3088 1109 3085
f 3087 3089 3047
f 3051 3047 3089
f 3052 3089 3087
f 3052 3087 3086
f 3084 3058 3086
f 3082 3083 3079
f 3080 3070 3081
f 3078 3090 3080
f 3071 3080 3090
f 3091 3071 3090
f 3090 3092 3091
f 3091 3092 2980
f 148 3091 2980
f 148 3071 3091
f 3078 3092 3090
f 166 3092 3078
f 166 2988 3092
f 3092 2988 2984
f 3085 3077 3079
f 3093 3077 3085
f 3094 3093 3085
f 1104 3094 3085
f 3094 1104 3095
f 3096 3094 3095
f 3096 3095 3097
f 3098 3096 3097
f 3099 3098 3097
f 3100 3099 3097
f 3101 3100 3097
f 3102 3101 3097
f 3102 3097 3103
f 3104 3102 3103
f 3105 3104 3103
f 3105 3103 3106
f 3105 3106 3107
f 3108 3105 3107
f 3108 3107 3109
f 3108 3109 3110
f 3111 3108 3110
f 3111 3110 3112
f 3111 3112 3104
f 3104 3112 3113
f 3113 3112 2832
f 3114 3113 2832
f 3115 3114 2832
f 3116 3114 3115
f 3117 3116 3115
f 3117 3115 3118
f 3117 3118 3100
f 3118 3115 3119
f 3118 3119 3096
f 3119 3120 3096
f 3068 3096 3120
f 3068 3120 2833
f 3120 3115 2833
f 3074 3096 3068
f 3074 3076 3096
f 3093 3096 3076
f 3119 3115 3120
f 3117 3100 3116
f 3116 3101 3114
f 3114 3102 3113
f 3121 2832 3112
f 3121 3112 3110
f 3121 3110 3122
f 3121 3122 3123
f 3124 3121 3123
f 3124 3123 3125
f 3124 3125 3126
f 3127 3124 3126
f 3127 3126 3128
f 3127 3128 3129
f 3127 3129 3130
f 3131 3127 3130
f 3131 3130 2628
f 3131 2628 2635
f 2574 3131 2635
f 3132 3131 2574
f 3133 3132 2574
f 3133 2748 3132
f 3132 2748 2777
f 3132 3134 3131
f 3132 2780 3134
f 3134 3127 3131
f 3134 3135 3127
f 3134 2788 3135
f 2621 3130 3129
f 2627 3130 2621
f 2620 3129 3128
f 3128 3136 2620
f 3137 3136 3128
f 3137 3138 3136
f 3138 2618 3136
f 3138 3139 2618
f 3139 3140 2618
f 3141 3140 3139
f 3141 2617 3140
f 3141 3142 2617
f 3142 3143 2617
f 3144 2617 3143
f 3144 3143 3126
f 3144 3126 3145
f 3146 3144 3145
f 3146 3145 3147
f 3147 3148 3146
f 3149 3146 3148
f 3149 3148 3150
f 3151 3149 3150
f 1098 3151 3150
f 3151 1098 2616
f 2612 2616 1098
f 2612 3152 2616
f 2615 3152 2612
f 3151 2617 3149
f 3146 3149 2617
f 3147 3150 3148
f 3150 3147 3153
f 3150 3153 1100
f 3153 3154 1100
f 3155 1100 3154
f 3156 3155 3154
f 3156 3157 3155
f 3155 3157 1102
f 3157 3158 1102
f 3158 3159 1102
f 3160 1102 3159
f 3161 3160 3159
f 3161 3159 3156
f 3162 3161 3156
f 3163 3162 3156
f 3164 3163 3156
f 3165 3164 3156
f 3166 3165 3156
f 3166 3156 3147
f 3167 3166 3147
f 3168 3167 3147
f 3168 3147 3169
f 3168 3169 3170
f 3171 3168 3170
f 3171 3170 3172
f 3171 3172 3126
f 3173 3171 3126
f 3126 3172 3174
f 3174 3172 3170
f 3145 3174 3170
f 3173 3168 3171
f 3145 3170 3169
f 3173 3167 3168
f 3173 3125 3167
f 3123 3166 3167
f 3122 3165 3166
f 3175 3165 3122
f 3175 3164 3165
f 3176 3164 3175
f 3176 3175 3110
f 3176 3110 3177
f 3177 3110 3178
f 3177 3178 3161
f 3178 3179 3161
f 3180 3161 3179
f 3180 3179 3110
f 3180 3110 3181
f 3182 3180 3181
f 3182 3181 3103
f 3103 3183 3182
f 3184 3182 3183
f 3184 3183 3185
f 3160 3184 3185
f 3183 3186 3185
f 3187 3185 3186
f 3186 3188 3187
f 172 3187 3188
f 3185 172 3188
f 3188 3189 3185
f 3185 3189 3190
f 3185 3190 1104
f 3190 3191 1104
f 3191 3192 1104
f 3192 3193 1104
f 3192 3103 3193
f 3103 3192 3191
f 3103 3191 3190
f 3103 3190 3186
f 3186 3190 3189
f 3188 3186 3189
f 172 3185 3187
f 3182 3184 3161
f 3103 3186 3183
f 3194 3181 3110
f 3181 3194 3107
f 3182 3161 3180
f 3178 3110 3179
f 3176 3177 3164
f 3177 3163 3164
f 3177 3162 3163
f 3177 3161 3162
f 3160 3161 3184
f 1102 3160 3185
f 3158 3156 3159
f 3156 3158 3157
f 3156 3154 3153
f 3156 3153 3147
f 3145 3169 3147
f 3174 3145 3126
f 3146 2617 3144
f 3142 3126 3143
f 3141 3126 3142
f 3195 3126 3141
f 3195 3141 3138
f 3195 3137 3126
f 3141 3139 3138
f 3195 3138 3137
f 3137 3128 3126
f 3135 3124 3127
f 3135 3196 3124
f 3135 2793 3196
f 3173 3126 3125
f 3167 3125 3123
f 3196 3121 3124
f 3196 2830 3121
f 3166 3123 3122
f 3175 3122 3110
f 3110 3109 3194
f 3194 3109 3107
f 3111 3105 3108
f 3181 3107 3106
f 3181 3106 3103
f 3111 3104 3105
f 3113 3102 3104
f 3097 3193 3103
f 3114 3101 3102
f 3116 3100 3101
f 3118 3099 3100
f 3118 3098 3099
f 3118 3096 3098
f 3193 3097 3095
f 3193 3095 1104
f 3096 3093 3094
f 3071 3197 3078
f 3078 3197 170
f 3197 3071 3198
f 3197 3198 3199
f 3197 3199 3200
f 3200 3201 3197
f 3202 3197 3201
f 3203 3197 3202
f 3202 3204 3203
f 3200 3203 3204
f 3204 3202 3200
f 3205 3197 3203
f 3198 3205 3203
f 3198 146 3205
f 3205 146 3206
f 3206 3197 3205
f 172 3197 3206
f 3206 145 172
f 172 145 3207
f 3207 145 3208
f 3208 173 3207
f 3209 173 3208
f 3208 3210 3209
f 3210 3211 3209
f 3211 3212 3209
f 3213 3209 3212
f 3213 3212 3211
f 3211 3214 3213
f 3215 3213 3214
f 3216 3215 3214
f 3214 3217 3216
f 3215 3216 3217
f 3215 3217 3210
f 3210 3213 3215
f 3210 196 3213
f 196 173 3213
f 196 3210 3218
f 196 3218 3219
f 3220 3219 3218
f 3220 2065 3219
f 3219 2065 197
f 3221 2065 3220
f 3221 3220 144
f 143 2065 3221
f 3218 3210 3220
f 3217 3214 3211
f 3211 3210 3217
f 3208 3220 3210
f 3213 173 3209
f 3220 3208 145
f 3202 3201 3200
f 3203 3200 3199
f 3198 3203 3199
f 3071 146 3198
f 3077 3093 3076
f 3074 3075 3076
f 3072 3071 3073
f 3070 3080 3071
f 3070 3067 3058
f 3074 3068 3069
f 3067 3066 3062
f 3066 3064 3062
f 3065 3060 3063
f 3067 3062 3061
f 3067 3061 3058
f 3065 3059 3060
f 3065 2835 3059
f 3059 2836 3057
f 3052 3086 3058
f 2837 3056 3057
f 3222 3056 2837
f 3222 3055 3056
f 3223 3055 3222
f 3223 3222 2838
f 3223 2838 3224
f 3224 2838 3225
f 3224 3225 3050
f 3225 3226 3050
f 2974 3050 3226
f 3225 2838 3226
f 3223 3224 3055
f 3224 3054 3055
f 3224 3053 3054
f 3224 3050 3053
f 3089 3052 3051
f 2975 3227 3048
f 2975 2987 3227
f 3044 3227 2987
f 3047 3051 3049
f 3044 3048 3227
f 3043 3088 3047
f 3041 3088 3043
f 3041 1112 3088
f 1115 3041 3039
f 3034 1115 3039
f 3033 3031 3030
f 3030 408 3033
f 3030 3228 408
f 3228 3030 3029
f 3029 413 3228
f 3029 3027 413
f 415 3027 3026
f 3026 3025 415
f 3024 3229 3025
f 3025 3229 417
f 3024 3230 3229
f 3229 3230 418
f 1265 3230 3024
f 1265 3231 3230
f 3230 3231 420
f 3023 3028 3021
f 3022 3020 1271
f 1271 3020 1298
f 3021 3040 3019
f 3019 3040 3011
f 3011 3042 3007
f 3018 3010 3009
f 2998 3018 3009
f 2998 3009 3008
f 3006 3007 3046
f 2961 3006 3046
f 2998 3008 3005
f 2999 2998 3002
f 3018 2998 2997
f 2994 653 2995
f 2993 653 2994
f 2990 653 2993
f 653 2990 3232
f 2992 2979 2991
f 2988 3232 2990
f 2988 165 3232
f 3044 2987 2989
f 2985 2988 2986
f 2984 2988 2985
f 2984 2983 3092
f 3233 3092 2983
f 2982 3092 3233
f 2982 3233 2983
f 2981 3092 2982
f 2980 3092 2981
f 2977 2991 2979
f 2975 2978 2987
f 2989 2977 2976
f 2964 3045 2976
f 2975 3050 2974
f 2974 3226 2838
f 2973 2972 2968
f 2972 2970 2968
f 2971 2966 2969
f 2973 2968 2967
f 2973 2967 2964
f 2971 2965 2966
f 2971 2840 2965
f 2842 2963 2965
f 2961 3046 2964
f 2843 2962 2963
f 2956 2959 2962
f 2960 3004 2961
f 2958 3004 2960
f 2958 1318 3003
f 2957 2959 2956
f 2956 2962 2843
f 2963 2842 2843
f 2965 2840 2842
f 2845 2841 2839
f 2971 2838 2840
f 2897 2839 2829
f 3222 2837 2838
f 3057 2836 2837
f 3059 2835 2836
f 3065 2834 2835
f 3068 2833 2834
f 3115 2832 2833
f 3121 2831 2832
f 3121 2830 2831
f 3196 2818 2830
f 2829 2828 2943
f 2828 2827 2918
f 2919 2827 2826
f 2921 2826 2825
f 2825 2824 2938
f 2824 2823 2931
f 2932 2823 2822
f 2933 2822 2821
f 2934 2821 2820
f 2936 2820 2819
f 2936 2819 2038
f 3234 2038 2819
f 3235 3234 2819
f 3235 3236 3234
f 3237 3234 3236
f 3237 3236 3238
f 3237 3238 3239
f 3237 3239 3240
f 3241 3237 3240
f 3241 3240 2038
f 3240 3239 3242
f 3243 3240 3242
f 3243 3242 2814
f 3243 3244 3240
f 3244 3245 3240
f 3245 3246 3240
f 3246 3247 3240
f 2039 3240 3247
f 2039 3247 3248
f 3248 3247 2810
f 3246 2811 3247
f 3245 2812 3246
f 3244 2812 3245
f 3243 2813 3244
f 3242 3239 2815
f 3238 3249 3239
f 3239 3249 2816
f 3238 3250 3249
f 3250 2817 3249
f 3250 3235 2817
f 3238 3235 3250
f 3241 3234 3237
f 3238 3236 3235
f 3241 2038 3234
f 2817 3235 2819
f 3196 2804 2818
f 2817 2816 3249
f 2816 2815 3239
f 3242 2815 2814
f 3243 2814 2813
f 3244 2813 2812
f 3246 2812 2811
f 2811 2810 3247
f 2809 3248 2810
f 3251 3248 2809
f 3251 2809 3252
f 3251 3252 3253
f 3252 3254 3253
f 3253 3254 3255
f 3256 3253 3255
f 3256 3255 2802
f 3256 3257 3253
f 3257 3258 3253
f 3258 3259 3253
f 3259 3260 3253
f 2041 3253 3260
f 2041 3248 3253
f 3259 3261 3260
f 3262 3260 3261
f 3262 3261 3263
f 3263 3264 3262
f 3265 3262 3264
f 3265 3264 3266
f 3265 3266 3267
f 3265 3267 3268
f 3269 3265 3268
f 3269 3268 3260
f 2043 3260 3268
f 2043 3268 3270
f 3271 3270 3268
f 3272 3271 3268
f 3273 3272 3268
f 3274 3273 3268
f 3274 3268 3275
f 3274 3275 2797
f 3274 2797 3276
f 3277 3276 2797
f 3273 3276 3277
f 3274 3276 3273
f 3273 3277 3272
f 3272 3277 3271
f 3271 3277 2796
f 3271 2796 3270
f 2796 3278 3270
f 2045 3270 3278
f 3279 2045 3278
f 3279 3278 2795
f 3280 3279 2795
f 3280 2795 3281
f 3280 3281 3282
f 3280 3282 2046
f 3283 3280 2046
f 2046 3282 3284
f 3285 2046 3284
f 3285 3284 2787
f 3285 2787 3286
f 3285 3286 3287
f 3287 3286 3288
f 3287 3288 3289
f 3287 3289 2046
f 3289 3290 2046
f 3289 3288 3290
f 3290 3288 3291
f 3290 3291 2047
f 3292 2047 3291
f 3292 3291 3293
f 3293 3294 3292
f 3295 3292 3294
f 3295 3294 3296
f 3295 3296 3297
f 3295 3297 3298
f 3299 3295 3298
f 3299 3298 2047
f 3298 3297 3300
f 3301 3298 3300
f 3301 3300 3302
f 3301 3302 3303
f 3301 3303 3304
f 3304 3303 3305
f 3304 3305 3306
f 3304 3306 3298
f 3306 3307 3298
f 3307 3308 3298
f 2048 3298 3308
f 3307 3309 3308
f 3310 3308 3309
f 3310 3309 3302
f 3310 3302 2784
f 3311 3308 3310
f 3311 3310 3312
f 3311 3312 3313
f 3312 3314 3313
f 3313 3314 3315
f 3316 3313 3315
f 3316 3315 3317
f 3316 3317 3318
f 3316 3318 3319
f 3319 3318 3320
f 3319 3320 3321
f 3319 3321 3313
f 3321 3322 3313
f 3322 2765 3313
f 2053 3313 2765
f 2053 3308 3313
f 3322 3323 2765
f 3322 3320 3323
f 3321 3320 3322
f 3323 3320 3318
f 3323 3318 3317
f 2767 3323 3317
f 3315 2778 3317
f 2769 3317 2778
f 3316 3319 3313
f 3315 3314 2778
f 3312 3324 3314
f 3324 3325 3314
f 3314 3325 2779
f 3324 3326 3325
f 3326 2781 3325
f 3324 2782 3326
f 3312 2783 3324
f 3312 3310 2783
f 3311 3313 3308
f 3307 3305 3309
f 3306 3305 3307
f 3309 3305 3303
f 3309 3303 3302
f 3300 2784 3302
f 3301 3304 3298
f 3300 3297 2784
f 3296 3327 3297
f 3297 3327 2785
f 3296 3328 3327
f 3328 2786 3327
f 3328 3293 2786
f 3296 3293 3328
f 3299 3292 3295
f 3296 3294 3293
f 2786 3293 3291
f 3299 2047 3292
f 3291 3288 2787
f 3288 3286 2787
f 3285 3287 2046
f 3284 3282 2790
f 3281 3329 3282
f 3282 3329 2791
f 3281 3330 3329
f 3330 2792 3329
f 3281 2794 3330
f 3283 3279 3280
f 3283 2045 3279
f 3268 3267 3275
f 3275 3267 2798
f 3266 3331 3267
f 3267 3331 2799
f 3266 3332 3331
f 3332 2800 3331
f 3332 3263 2800
f 3266 3263 3332
f 3269 3262 3265
f 3266 3264 3263
f 2800 3263 3261
f 3261 3333 2800
f 3269 3260 3262
f 3259 3333 3261
f 3258 3333 3259
f 3257 3333 3258
f 3257 2801 3333
f 3256 2801 3257
f 3255 3254 2803
f 3252 3334 3254
f 3334 3335 3254
f 3254 3335 2805
f 3334 3336 3335
f 3336 2806 3335
f 3334 2807 3336
f 3252 2808 3334
f 3251 3253 3248
f 3252 2809 2808
f 3334 2808 2807
f 3336 2807 2806
f 2806 2805 3335
f 2805 2803 3254
f 3196 2793 2804
f 3255 2803 2802
f 3256 2802 2801
f 3333 2801 2800
f 2800 2799 3331
f 2799 2798 3267
f 3275 2798 2797
f 2796 3277 2797
f 3278 2796 2795
f 3281 2795 2794
f 3330 2794 2792
f 3135 2788 2793
f 2792 2791 3329
f 2791 2790 3282
f 3284 2790 2789
f 3284 2789 2787
f 3134 2780 2788
f 2787 2786 3291
f 2786 2785 3327
f 2785 2784 3297
f 2784 2783 3310
f 3324 2783 2782
f 3326 2782 2781
f 2781 2779 3325
f 3132 2777 2780
f 2779 2778 3314
f 2778 2776 2769
f 2748 2774 2777
f 2770 2776 2775
f 2748 2773 2774
f 2770 2775 2772
f 2770 2769 2776
f 3317 2769 2767
f 2767 2765 3323
f 2766 2768 2761
f 2629 2056 2765
f 2763 3337 2764
f 3338 2764 3337
f 3338 3337 2758
f 2758 3339 3338
f 3340 3338 3339
f 3340 3339 3341
f 3340 3341 3342
f 3340 3342 2631
f 3343 3340 2631
f 3343 2631 2764
f 2631 3342 3344
f 3345 2631 3344
f 3345 3344 3346
f 3345 3346 3347
f 3345 3347 3348
f 3348 3347 3349
f 3348 3349 3350
f 3348 3350 2631
f 3350 3351 2631
f 3350 3349 3351
f 3351 3349 3352
f 3351 3352 2632
f 3352 3353 2632
f 3353 3352 3347
f 3354 3353 3347
f 3354 2633 3353
f 3355 2633 3354
f 3355 3354 3356
f 3355 3356 2634
f 3356 3354 3357
f 3356 3357 3358
f 3356 3358 2743
f 3358 3359 2743
f 2743 3359 2746
f 3358 3360 3359
f 3360 2747 3359
f 3358 2749 3360
f 3358 3357 2749
f 3357 3354 3346
f 3357 3346 2750
f 3352 3349 3347
f 3354 3347 3346
f 3344 2750 3346
f 3345 3348 2631
f 3344 3342 2750
f 3341 3361 3342
f 3342 3361 2751
f 3341 3362 3361
f 3362 2752 3361
f 3341 2753 3362
f 3341 3339 2753
f 3343 3338 3340
f 3343 2764 3338
f 2763 3363 3337
f 3337 3363 2759
f 2762 3363 2763
f 2760 3363 2762
f 2760 2759 3363
f 3337 2759 2758
f 3339 2758 2754
f 2757 2761 2756
f 2756 2771 2755
f 2748 2755 2773
f 2754 2753 3339
f 3362 2753 2752
f 2752 2751 3361
f 2751 2750 3342
f 2750 2749 3357
f 3360 2749 2747
f 3133 2745 2748
f 2502 2745 3133
f 2502 3133 2572
f 2502 2733 2745
f 2747 2746 3359
f 2746 2744 2743
f 3356 2743 2634
f 2741 3364 2634
f 3364 3365 2634
f 3364 3366 3365
f 3365 3366 3367
f 3365 3367 2636
f 3368 2636 3367
f 3368 3367 2740
f 3369 2636 3368
f 3369 3368 3370
f 3369 3370 3371
f 3370 3372 3371
f 3371 3372 3373
f 3374 3371 3373
f 3374 3373 2731
f 3374 2731 3375
f 3374 3375 3376
f 3376 3375 3377
f 3376 3377 3378
f 3376 3378 3371
f 3378 3379 3371
f 3379 3380 3371
f 2637 3371 3380
f 3379 3381 3380
f 3382 3380 3381
f 3382 3381 3377
f 3383 3380 3382
f 3383 3382 3384
f 3383 3384 2720
f 3384 3382 2730
f 2730 3382 3375
f 3383 2720 3380
f 2642 3380 2720
f 3379 3377 3381
f 3378 3377 3379
f 3382 3377 3375
f 3374 3376 3371
f 3373 3372 2732
f 3370 3385 3372
f 3385 3386 3372
f 3372 3386 2734
f 3385 3387 3386
f 3387 2735 3386
f 3385 2736 3387
f 3385 3388 2736
f 3370 3388 3385
f 3370 3368 3388
f 3388 3368 2737
f 3369 3371 2636
f 3367 3366 2740
f 2741 3366 3364
f 2741 2740 3366
f 3368 2740 2737
f 2739 2742 2738
f 2733 2738 2745
f 2736 3388 2737
f 3387 2736 2735
f 2735 2734 3386
f 2734 2732 3372
f 3373 2732 2731
f 2730 3375 2731
f 3384 2730 2728
f 3384 2728 2722
f 2727 2729 2726
f 2724 2726 2733
f 2728 2725 2722
f 2723 2724 2733
f 2733 2501 2723
f 3384 2722 2720
f 2719 3389 2720
f 3389 3390 2720
f 3390 3391 2720
f 2643 2720 3391
f 2643 3391 3392
f 2643 3392 3393
f 3394 3393 3392
f 3395 3394 3392
f 3396 3395 3392
f 3397 3396 3392
f 3397 3398 3396
f 3396 3398 3399
f 3399 3398 2718
f 3398 3400 2718
f 3398 3401 3400
f 3390 3400 3401
f 3398 3391 3401
f 3397 3391 3398
f 3396 3399 3395
f 3395 3399 2714
f 3395 2714 3394
f 3394 3402 3393
f 3393 3402 3403
f 3404 3393 3403
f 3404 3403 3405
f 3406 3404 3405
f 3406 3405 2710
f 3406 3407 3404
f 3407 3408 3404
f 3408 3409 3404
f 3409 3410 3404
f 2668 3404 3410
f 3409 3411 3410
f 3411 3412 3410
f 2669 3410 3412
f 3413 2669 3412
f 3414 2669 3413
f 3414 3413 3415
f 3414 3415 2670
f 3415 2701 2670
f 3415 2706 2701
f 3415 3413 2708
f 2708 3413 3416
f 3413 3411 3416
f 3413 3412 3411
f 3409 3416 3411
f 3408 3416 3409
f 3407 3416 3408
f 3407 2709 3416
f 3406 2709 3407
f 3405 3403 2711
f 2668 3393 3404
f 3403 3402 2712
f 3394 2713 3402
f 3397 3392 3391
f 3390 3401 3391
f 3389 3400 3390
f 2719 3400 3389
f 2719 2718 3400
f 3399 2718 2715
f 2717 2721 2716
f 2500 2716 2723
f 2714 3399 2715
f 3394 2714 2713
f 2713 2712 3402
f 2712 2711 3403
f 3405 2711 2710
f 3406 2710 2709
f 2708 3416 2709
f 3415 2708 2706
f 2705 2707 2704
f 2496 2702 2704
f 2706 2703 2701
f 2496 2700 2702
f 2670 2701 2676
f 2675 2678 2674
f 2674 2688 2673
f 2673 2688 2672
f 2672 2689 2671
f 3414 2670 2669
f 2668 3410 2669
f 2643 3393 2668
f 2667 2470 2665
f 2666 2664 2643
f 2470 2647 2665
f 2646 2645 2664
f 2643 2664 2645
f 2644 2650 2641
f 2642 2720 2643
f 2642 2637 3380
f 2640 2641 2650
f 2640 2652 2639
f 2639 2655 2638
f 2637 2636 3371
f 3365 2636 2634
f 3355 2634 2633
f 2633 2632 3353
f 3351 2632 2631
f 2629 2764 2631
f 2628 2630 2635
f 2625 2589 2629
f 2629 2589 2057
f 2656 2057 2589
f 2628 3130 2627
f 2627 2623 2626
f 2624 2626 2623
f 2627 2621 2623
f 2619 2591 2622
f 2619 2611 2591
f 3129 2620 2621
f 2620 3136 2618
f 3140 2617 2618
f 2617 3151 2616
f 2615 2616 3152
f 2614 2613 2619
f 2612 197 2615
f 2611 2619 2613
f 2610 2591 2611
f 197 2591 2610
f 2609 1093 2594
f 2591 197 2608
f 3417 2591 2608
f 2591 3417 2605
f 2608 2607 3417
f 3418 3417 2607
f 197 3418 2607
f 197 3419 3418
f 202 3418 3419
f 202 3419 3420
f 202 3420 3421
f 202 3421 2599
f 3421 3422 2599
f 3422 204 2599
f 3420 3422 3421
f 3420 2072 3422
f 202 2606 3418
f 197 3420 3419
f 197 2066 3420
f 3418 2606 3417
f 2606 198 2607
f 2605 3417 2606
f 2595 2588 2593
f 2591 2605 2592
f 2590 2625 2591
f 2590 2589 2625
f 2589 2587 2656
f 2588 2595 2582
f 2587 2586 2656
f 2585 2638 2586
f 2583 2585 2584
f 2582 2603 2560
f 2583 2581 2580
f 2583 2580 2579
f 2579 2578 2583
f 2576 2575 2578
f 2574 2635 2575
f 3133 2574 2572
f 2572 2570 2535
f 2535 2568 3423
f 3423 2550 2535
f 2550 3423 2566
f 3423 2568 2566
f 2569 2564 2567
f 2550 2566 2565
f 2569 2563 2564
f 2563 2571 2562
f 2562 2573 2561
f 2561 2577 2560
f 2558 2560 2604
f 2559 2557 2551
f 1089 2558 2604
f 2556 2551 2557
f 2554 2548 2553
f 2552 2551 2556
f 2550 2565 2551
f 2549 2535 2550
f 2549 3424 2535
f 3425 2535 3424
f 3425 3424 2545
f 2549 2545 3424
f 2548 1064 2547
f 2538 3425 2545
f 2538 2535 3425
f 2537 2539 2536
f 2536 1083 2534
f 2503 2572 2535
f 2532 2533 1080
f 2504 2529 3426
f 3426 2529 2527
f 2512 3426 2527
f 2530 2526 2528
f 2526 2532 1079
f 2512 2527 2525
f 3426 2512 2504
f 2513 2415 2511
f 2509 2504 2510
f 2507 2418 2506
f 2506 2419 2505
f 2503 2531 2504
f 2502 2572 2503
f 2502 2501 2733
f 2500 2723 2501
f 2500 2498 2496
f 2496 2495 2700
f 2494 2677 2495
f 2494 2493 2681
f 2493 2491 2683
f 2691 2491 2490
f 2693 2490 2489
f 2484 2489 2488
f 2492 2486 2487
f 2492 2440 2486
f 2484 2488 2485
f 2484 2483 2489
f 2483 2481 2698
f 2481 2479 2699
f 2480 2482 2449
f 2479 2478 2699
f 2697 2478 2477
f 2685 2477 2476
f 2475 2671 2476
f 2471 2475 2472
f 2667 2471 2470
f 2647 2470 2468
f 2468 2467 2651
f 2467 2466 2660
f 2464 2660 2466
f 2462 2465 2469
f 2464 2463 1826
f 3427 1826 2463
f 2463 3428 3427
f 3429 3427 3428
f 3428 3430 3429
f 3429 3430 1829
f 3428 3431 3430
f 1832 3430 3431
f 3431 3432 1832
f 1832 3432 3433
f 1832 3433 3434
f 1832 3434 3435
f 1832 3435 1835
f 3436 1835 3435
f 3436 3435 3437
f 3436 3437 3438
f 3436 3438 3439
f 3436 3439 3440
f 3436 3440 3441
f 2176 3436 3441
f 3441 1454 2176
f 3436 2176 2181
f 2181 3442 3436
f 3436 3442 3443
f 3443 3442 1838
f 1557 1838 3442
f 3441 3440 3444
f 3441 3444 3445
f 3441 3445 3446
f 3441 3446 1455
f 1455 3446 3447
f 3448 3447 3446
f 3449 3448 3446
f 3450 3449 3446
f 3451 3450 3446
f 3451 3446 3452
f 3451 3452 3453
f 3451 3453 3454
f 3454 3453 1432
f 3455 3454 1432
f 3456 3455 1432
f 1432 3457 3456
f 3457 3458 3456
f 3458 3447 3456
f 3459 3447 3458
f 3459 3458 3460
f 3459 3460 3461
f 3460 3462 3461
f 3461 3462 3463
f 3464 3461 3463
f 3464 3463 1425
f 3464 1425 3465
f 3464 3465 3466
f 3466 3465 3467
f 3466 3467 3468
f 3466 3468 3461
f 3468 3469 3461
f 3469 3470 3461
f 1842 3461 3470
f 1842 3447 3461
f 3469 3471 3470
f 3472 3470 3471
f 3472 3471 3473
f 3473 3474 3472
f 3475 3472 3474
f 3475 3474 3476
f 3475 3476 3477
f 3475 3477 3478
f 3479 3475 3478
f 3479 3478 3470
f 1844 3470 3478
f 1844 3478 3480
f 1844 3480 3481
f 1844 3481 3482
f 1844 3482 3483
f 1844 3483 1406
f 1844 1406 1876
f 1876 1853 1844
f 3484 3483 3482
f 3485 3484 3482
f 3486 3485 3482
f 3487 3486 3482
f 3487 3482 3488
f 3487 3488 3489
f 3487 3489 3490
f 3491 3490 3489
f 1408 3491 3489
f 3483 3491 1408
f 3491 3492 3490
f 3486 3490 3492
f 3484 3492 3491
f 3488 1409 3489
f 1409 3488 3493
f 3482 3493 3488
f 3494 3493 3482
f 3495 3494 3482
f 3495 1419 3494
f 3495 3481 1419
f 3494 3496 3493
f 3496 3497 3493
f 1414 3493 3497
f 3496 3498 3497
f 3498 1415 3497
f 3496 1417 3498
f 3494 1418 3496
f 3487 3490 3486
f 3486 3492 3485
f 3485 3492 3484
f 3484 3491 3483
f 3495 3482 3481
f 1420 3481 3480
f 3499 3480 3478
f 3500 3499 3478
f 3501 3500 3478
f 3502 3501 3478
f 3502 3478 3503
f 3502 3503 3504
f 3502 3504 3505
f 3506 3505 3504
f 1421 3506 3504
f 3499 3506 1421
f 3501 3505 3506
f 3503 1422 3504
f 1422 3503 3477
f 3502 3505 3501
f 3501 3506 3500
f 3500 3506 3499
f 3499 1421 3480
f 3478 3477 3503
f 3476 3507 3477
f 1423 3477 3507
f 3476 3508 3507
f 3508 1424 3507
f 3508 3473 1424
f 3476 3473 3508
f 3479 3472 3475
f 3476 3474 3473
f 1424 3473 3471
f 3471 3467 1424
f 3479 3470 3472
f 3469 3467 3471
f 3468 3467 3469
f 3467 3465 1425
f 3464 3466 3461
f 3463 3462 1426
f 3460 3509 3462
f 3509 3510 3462
f 1429 3462 3510
f 3509 3511 3510
f 3511 1430 3510
f 3509 3457 3511
f 3509 3512 3457
f 3460 3512 3509
f 3460 3458 3512
f 3459 3461 3447
f 3457 3512 3458
f 3511 3457 1432
f 3448 3455 3456
f 3450 3454 3455
f 3452 1433 3453
f 3446 3513 3452
f 1434 3452 3513
f 3514 3513 3446
f 3515 3514 3446
f 3515 3516 3514
f 3514 3516 3517
f 3514 3517 3518
f 3518 3517 3519
f 3518 3519 3520
f 3518 3520 3521
f 3518 3521 3513
f 1435 3513 3521
f 3520 1436 3521
f 3520 3519 1436
f 3519 3517 3516
f 3519 3516 3522
f 3522 3523 3519
f 3523 3524 3519
f 3524 3525 3519
f 1437 3519 3525
f 3526 1437 3525
f 3526 3525 3527
f 3526 3527 3440
f 3526 3440 3528
f 3440 3529 3528
f 1439 3528 3529
f 3530 3529 3440
f 3531 3530 3440
f 3531 3532 3530
f 3530 3532 3533
f 3530 3533 3534
f 3534 3533 1444
f 3534 1444 3535
f 3534 3535 3536
f 3534 3536 3529
f 1440 3529 3536
f 3535 1442 3536
f 1444 3533 3532
f 1444 3532 3537
f 1444 3537 3538
f 3538 3539 1444
f 3539 3540 1444
f 3541 3540 3539
f 3541 3539 3542
f 3541 3542 3437
f 3543 3541 3437
f 3543 3437 3544
f 3543 3544 1445
f 3543 1445 3540
f 3437 3545 3544
f 1446 3544 3545
f 3546 3545 3437
f 3547 3546 3437
f 3547 3548 3546
f 3546 3548 3549
f 3546 3549 3550
f 3550 3549 3551
f 3550 3551 3552
f 3550 3552 3553
f 3550 3553 3545
f 1447 3545 3553
f 3552 1448 3553
f 3552 3554 1448
f 3552 3551 3554
f 3554 3551 3555
f 3555 3556 3554
f 3556 3557 3554
f 3557 3558 3554
f 3558 3559 3554
f 1449 3554 3559
f 3559 3560 1449
f 1449 3560 3561
f 1449 3561 3562
f 3562 3563 1449
f 3564 1449 3563
f 3564 3563 3565
f 3564 3565 2175
f 3564 2175 1453
f 3565 3563 3566
f 3565 3566 3567
f 3565 3567 2437
f 3565 2437 2171
f 2437 3567 3568
f 3569 3568 3567
f 3567 3570 3569
f 3571 3569 3570
f 3570 3572 3571
f 3573 3571 3572
f 3574 3573 3572
f 3574 3572 3575
f 3576 3574 3575
f 3576 3575 3577
f 3576 3577 3578
f 3578 3577 3579
f 3580 3578 3579
f 3580 3579 3581
f 3582 3580 3581
f 3582 3581 3583
f 3583 3584 3582
f 3584 3585 3582
f 3585 3586 3582
f 2438 3582 3586
f 2438 3586 3587
f 2438 3587 3588
f 2438 3588 3589
f 3589 3590 2438
f 2438 3590 3591
f 2438 3591 3592
f 3592 3591 3593
f 3594 3592 3593
f 3595 3594 3593
f 3595 3593 3596
f 3597 3595 3596
f 3597 3596 2454
f 3598 3597 2454
f 3598 3599 3597
f 3597 3599 3600
f 3600 3599 3601
f 3602 3600 3601
f 3601 2445 3602
f 3592 3602 2445
f 3595 3600 3602
f 3599 3603 3601
f 3601 3603 2452
f 3599 2452 3603
f 3598 2452 3599
f 2454 3596 3604
f 3605 2454 3604
f 3605 3604 3589
f 3605 3589 3606
f 3605 3606 3607
f 3607 3606 3608
f 3607 3608 3609
f 3607 3609 2454
f 3609 3610 2454
f 3609 3608 3610
f 3610 3608 3611
f 3610 3611 2455
f 3612 3611 3608
f 3612 3613 3611
f 3613 2456 3611
f 3614 2456 3613
f 3614 3613 3615
f 3614 3615 2458
f 3615 3616 2458
f 2458 3616 3617
f 3618 2458 3617
f 3618 3617 3585
f 3618 3619 2458
f 3619 3620 2458
f 3620 3621 2458
f 3621 3577 2458
f 3621 3581 3577
f 3620 3583 3621
f 3619 3583 3620
f 3618 3584 3619
f 3617 3616 3586
f 3615 3622 3616
f 3622 3623 3616
f 3616 3623 3587
f 3622 3624 3623
f 3624 3588 3623
f 3624 3625 3588
f 3622 3625 3624
f 3622 3612 3625
f 3625 3612 3606
f 3615 3612 3622
f 3615 3613 3612
f 3608 3606 3612
f 3606 3589 3625
f 3605 3607 2454
f 3604 3596 3590
f 3597 3600 3595
f 3595 3602 3594
f 3594 3602 3592
f 3596 3593 3591
f 3591 3590 3596
f 3604 3590 3589
f 3588 3625 3589
f 3588 3587 3623
f 3587 3586 3616
f 3582 2438 3626
f 3627 3582 3626
f 3627 3626 3569
f 3573 3582 3627
f 3569 3626 2438
f 3617 3586 3585
f 3618 3585 3584
f 3619 3584 3583
f 3621 3583 3581
f 3573 3580 3582
f 3574 3578 3580
f 3581 3579 3577
f 2459 3577 3575
f 3431 2459 3575
f 3431 3575 3628
f 3431 3628 3629
f 3431 3629 3630
f 3431 3630 3631
f 3431 3631 3632
f 3633 3632 3631
f 3631 3634 3633
f 3635 3633 3634
f 3635 3634 3636
f 3636 3637 3635
f 3637 3638 3635
f 3566 3635 3638
f 3638 3639 3566
f 3566 3639 3640
f 3566 3640 3641
f 3566 3641 3642
f 3643 3642 3641
f 3644 3643 3641
f 3641 3645 3644
f 3645 3646 3644
f 3647 3644 3646
f 3647 3646 3628
f 3628 3646 3648
f 3649 3648 3646
f 3649 3650 3648
f 3650 3629 3648
f 3651 3629 3650
f 3651 3650 3652
f 3651 3652 3630
f 3652 3653 3630
f 3630 3653 3654
f 3655 3630 3654
f 3655 3654 3638
f 3655 3656 3630
f 3656 3657 3630
f 3657 3658 3630
f 3657 3636 3658
f 3656 3636 3657
f 3655 3637 3656
f 3639 3654 3653
f 3652 3659 3653
f 3659 3660 3653
f 3640 3653 3660
f 3659 3661 3660
f 3661 3641 3660
f 3659 3645 3661
f 3659 3649 3645
f 3652 3649 3659
f 3652 3650 3649
f 3662 3644 3647
f 3662 3647 3575
f 3663 3662 3575
f 3664 3663 3575
f 3664 3575 3665
f 3664 3665 3642
f 3665 3666 3642
f 3642 3666 3567
f 3666 3665 3572
f 3664 3643 3663
f 3663 3644 3662
f 3645 3649 3646
f 3661 3645 3641
f 3663 3643 3644
f 3664 3642 3643
f 3660 3641 3640
f 3653 3640 3639
f 3654 3639 3638
f 3566 3667 3635
f 3668 3635 3667
f 3667 3669 3668
f 3670 3668 3669
f 3671 3670 3669
f 3671 3669 3432
f 3672 3671 3432
f 3672 3432 3632
f 3672 3632 3673
f 3672 3673 3671
f 3671 3673 3674
f 3675 3674 3673
f 3675 3673 3633
f 3670 3674 3675
f 3670 3675 3676
f 3676 3675 3635
f 3432 3669 3677
f 3678 3432 3677
f 3678 3677 3679
f 3678 3679 3680
f 3678 3680 3681
f 3681 3680 3682
f 3681 3682 3683
f 3681 3683 3432
f 3683 3684 3432
f 3683 3682 3684
f 3684 3682 3685
f 3684 3685 3433
f 3686 3433 3685
f 3687 3686 3685
f 3688 3687 3685
f 3689 3687 3688
f 3689 3688 3690
f 3691 3689 3690
f 3691 3690 3692
f 3693 3691 3692
f 3693 3692 3434
f 3694 3693 3434
f 3694 3686 3693
f 3693 3686 3695
f 3434 3692 3696
f 3697 3434 3696
f 3697 3696 3558
f 3697 3698 3434
f 3698 3699 3434
f 3699 3700 3434
f 3699 3556 3700
f 3698 3556 3699
f 3697 3557 3698
f 3560 3696 3692
f 3693 3695 3691
f 3691 3695 3687
f 3692 3690 3561
f 3690 3688 3562
f 3566 3562 3688
f 3566 3688 3701
f 3679 3701 3688
f 3691 3687 3689
f 3687 3695 3686
f 3694 3433 3686
f 3688 3685 3682
f 3682 3680 3688
f 3680 3679 3688
f 3677 3701 3679
f 3678 3681 3432
f 3701 3677 3669
f 3671 3674 3670
f 3670 3676 3668
f 3669 3667 3701
f 3676 3635 3668
f 3566 3701 3667
f 3655 3638 3637
f 3656 3637 3636
f 3658 3636 3634
f 3635 3675 3633
f 3658 3634 3631
f 3673 3632 3633
f 3658 3631 3630
f 3651 3630 3629
f 3648 3629 3628
f 3647 3628 3575
f 3576 3578 3574
f 3575 3572 3665
f 3574 3580 3573
f 3573 3627 3571
f 3572 3570 3666
f 3627 3569 3571
f 3567 3666 3570
f 3568 3569 2438
f 3642 3567 3566
f 3562 3566 3563
f 3690 3562 3561
f 3692 3561 3560
f 3696 3560 3559
f 3696 3559 3558
f 3697 3558 3557
f 3698 3557 3556
f 3700 3556 3555
f 3700 3555 3435
f 3548 3435 3555
f 3551 3548 3555
f 3551 3549 3548
f 3547 3435 3548
f 3546 3550 3545
f 3542 3702 3437
f 3542 3539 3702
f 3543 3540 3541
f 3702 3539 3538
f 3702 3538 3438
f 3438 3538 3537
f 3532 3439 3537
f 3531 3439 3532
f 3530 3534 3529
f 3527 3703 3440
f 3703 3704 3440
f 3703 3524 3704
f 3527 3524 3703
f 3526 3528 1437
f 3527 3525 3524
f 3704 3524 3523
f 3704 3523 3444
f 3444 3523 3522
f 3516 3445 3522
f 3515 3445 3516
f 3514 3518 3513
f 3451 3454 3450
f 3450 3455 3449
f 3449 3455 3448
f 3448 3456 3447
f 3515 3446 3445
f 3522 3445 3444
f 3704 3444 3440
f 3531 3440 3439
f 3537 3439 3438
f 3702 3438 3437
f 3547 3437 3435
f 3436 3443 1835
f 3700 3435 3434
f 3694 3434 3433
f 3684 3433 3432
f 3431 3632 3432
f 3428 2459 3431
f 3429 1829 3427
f 2463 2461 3428
f 2469 2460 2462
f 2459 3428 2461
f 2457 2460 2473
f 2459 2458 3577
f 3614 2458 2456
f 2474 2453 2457
f 3611 2456 2455
f 3610 2455 2454
f 3598 2454 2452
f 2474 2449 2453
f 2451 3601 2452
f 2451 3705 3601
f 3601 3705 2447
f 2450 3705 2451
f 2448 3705 2450
f 2448 2447 3705
f 2445 3601 2447
f 2446 2449 2443
f 2445 2444 3592
f 2444 2441 3592
f 2449 2442 2443
f 2442 2486 2440
f 2438 3592 2441
f 2440 2492 2439
f 2437 3568 2438
f 2170 2435 2136
f 2435 3706 2136
f 3707 2136 3706
f 3707 3706 3708
f 3707 3708 3709
f 3707 3709 3710
f 3710 3709 3711
f 3710 3711 3712
f 3710 3712 2136
f 2136 3712 3713
f 3713 3714 2136
f 3715 2136 3714
f 3716 3715 3714
f 3716 3714 2398
f 3716 2398 3717
f 3716 3717 3718
f 3718 3719 3716
f 3720 3716 3719
f 3720 3719 3721
f 3721 3722 3720
f 2141 3720 3722
f 2141 3722 2123
f 2123 3723 2141
f 2120 2141 3723
f 3724 3723 2123
f 3723 3724 2119
f 3725 2119 3724
f 3725 3724 2118
f 2351 3725 2118
f 3726 3720 2141
f 2138 3720 3726
f 2138 3727 3720
f 3727 3728 3720
f 3715 3720 3728
f 3727 2136 3728
f 3722 3721 2124
f 3721 3719 2124
f 3719 3718 2124
f 3718 3717 2124
f 3729 2124 3717
f 3729 3717 3730
f 3730 3731 3729
f 3729 3731 2392
f 3731 3730 3717
f 2124 3729 2396
f 2396 3732 2124
f 3732 3733 2124
f 1049 2124 3733
f 1049 3733 2400
f 3733 3734 2400
f 3734 3735 2400
f 3735 2396 2400
f 2396 3735 3736
f 2396 3736 3737
f 2398 3737 3736
f 2398 3732 3737
f 2398 3738 3732
f 3736 3735 2398
f 3739 2398 3735
f 3739 3740 2398
f 3739 3741 3740
f 3741 3742 3740
f 3742 3743 3740
f 3743 3744 3740
f 3744 2405 3740
f 2405 2401 3740
f 3744 3745 2405
f 2405 3745 3746
f 2405 3746 3747
f 3746 2427 3747
f 2406 3747 2427
f 3745 2427 3746
f 3748 2427 3745
f 3748 3745 3742
f 3748 3742 3749
f 3748 3749 2427
f 3749 3750 2427
f 2432 2427 3750
f 2432 3750 3751
f 3750 3739 3751
f 3708 3751 3739
f 3708 3739 3734
f 3749 3741 3750
f 3743 3745 3744
f 3745 3743 3742
f 3749 3742 3741
f 3739 3750 3741
f 3734 3739 3735
f 3708 3734 3733
f 3732 3738 3733
f 3709 3733 3738
f 2396 3737 3732
f 2396 3729 2389
f 3717 2398 3731
f 3714 3738 2398
f 3714 3711 3738
f 3716 3720 3715
f 3715 3728 2136
f 3714 3713 3711
f 3713 3712 3711
f 3709 3738 3711
f 3733 3709 3708
f 3751 3708 3706
f 3707 3710 2136
f 2435 3751 3706
f 2436 2439 2434
f 2435 2432 3751
f 2434 2497 2433
f 2433 2499 2431
f 2431 2505 2430
f 2505 2420 2430
f 2432 2429 2427
f 2427 2426 3752
f 3752 2407 2427
f 2407 3752 2424
f 3752 2426 2424
f 2428 2422 2425
f 2407 2424 2423
f 2428 2421 2422
f 2421 2430 2420
f 2420 2505 2419
f 2506 2418 2419
f 2508 2417 2418
f 2508 2416 2417
f 2508 2415 2416
f 2415 2384 2413
f 2414 2412 2408
f 2411 2408 2412
f 2410 2386 2522
f 2522 2404 2410
f 2409 2408 2411
f 2407 2423 2408
f 2406 2427 2407
f 2406 2405 3747
f 2404 2521 2395
f 2395 2521 2391
f 2357 2391 2521
f 2400 2386 1055
f 2402 2405 2403
f 2401 2405 2402
f 2399 3740 2401
f 3740 2399 2398
f 3731 2398 2394
f 2396 2397 2400
f 2394 2392 3731
f 2391 2393 2395
f 2389 3729 2392
f 2390 2107 2388
f 2396 2389 2387
f 2388 2106 2383
f 2091 2383 2106
f 2386 2395 2387
f 2385 2522 2386
f 2520 2385 2384
f 2377 2413 2384
f 2382 2518 2377
f 2383 2091 2372
f 3753 2372 2091
f 2372 3753 3754
f 3753 2361 3754
f 2365 3754 2361
f 2365 2361 2381
f 3754 2365 3755
f 3754 3755 2089
f 3755 2364 2089
f 2382 2381 2361
f 2365 2381 2380
f 2365 2380 2379
f 2379 2373 2365
f 2379 2378 2373
f 2377 2519 2378
f 2376 2517 2377
f 2375 2374 2376
f 1067 2374 2375
f 1067 2375 2524
f 1067 3756 2374
f 1067 2369 3756
f 1060 2524 2375
f 1060 2374 3756
f 1060 3756 2368
f 2374 2373 2378
f 2366 2373 1063
f 2372 3754 2089
f 3757 2075 207
f 2371 2075 3758
f 2371 3758 2074
f 3759 2074 3758
f 3758 3760 3759
f 3760 3761 3759
f 3762 3759 3761
f 3761 3763 3762
f 3762 3763 3764
f 3764 3765 3762
f 2075 3762 3765
f 3765 3764 2075
f 3764 3763 2075
f 3760 3763 3761
f 3760 3758 3763
f 3759 3762 2074
f 3763 3758 2075
f 2370 2369 1064
f 2070 2076 2363
f 3757 2363 2076
f 206 2363 3757
f 2078 2363 206
f 2368 3756 2369
f 2368 2367 1063
f 2367 2366 1063
f 2366 2365 2373
f 3755 2365 2364
f 2089 2364 2362
f 2082 2363 2079
f 2090 2361 3753
f 2521 2361 2359
f 2360 3766 2358
f 3766 3767 2358
f 3768 2358 3767
f 2110 3768 3767
f 3768 2110 3769
f 3770 3769 2110
f 2339 3769 3770
f 3770 2344 2339
f 2339 2358 3769
f 3769 2358 3768
f 2110 3767 3766
f 2110 3766 3771
f 3766 2360 3771
f 3771 2360 3772
f 2108 3771 3772
f 3772 2360 3773
f 3772 3773 2105
f 3773 2360 2104
f 2521 2359 2357
f 2358 2339 2354
f 2354 2339 2112
f 2112 2339 3774
f 3774 2339 2115
f 2348 2115 2339
f 2339 3775 2348
f 3776 2348 3775
f 3776 3775 3777
f 3777 1621 3776
f 1621 3777 2337
f 3776 1621 2348
f 2339 3777 3775
f 2357 2356 2391
f 2113 2356 2355
f 2355 2353 2113
f 2350 2354 2112
f 2352 2113 2353
f 2351 2113 2352
f 2351 2119 3725
f 2153 2348 1621
f 2117 2349 2347
f 2111 2116 2345
f 2111 3774 2116
f 3770 2111 2344
f 2343 2339 2344
f 2342 2339 2343
f 2340 2339 2342
f 3777 2339 2337
f 2338 2341 2336
f 3778 2337 63
f 3778 3779 2337
f 2337 3779 1622
f 3779 3780 1622
f 3780 3781 1622
f 3782 1622 3781
f 3781 3783 3782
f 3783 3784 3782
f 3784 3785 3782
f 3785 3786 3782
f 3786 3787 3782
f 3787 762 3782
f 740 762 3787
f 740 3787 3786
f 740 3786 3788
f 740 3788 3789
f 3788 3790 3789
f 3789 3790 3791
f 739 3789 3791
f 739 3791 3792
f 739 3792 3793
f 739 3793 3794
f 739 3794 3795
f 3794 3796 3795
f 3797 3795 3796
f 3796 3798 3797
f 3799 3797 3798
f 3799 3798 3800
f 3799 3800 3801
f 3799 3801 3802
f 738 3799 3802
f 3803 738 3802
f 3804 3803 3802
f 3802 3805 3804
f 3792 3804 3805
f 3804 736 3803
f 3804 3806 736
f 3807 736 3806
f 3807 3806 3808
f 3807 3808 3809
f 3807 3809 3810
f 3807 3810 3811
f 3810 3812 3811
f 3812 3813 3811
f 3813 3814 3811
f 3814 3815 3811
f 3816 3811 3815
f 3815 733 3816
f 3816 736 3811
f 3814 733 3815
f 3814 3817 733
f 733 3817 726
f 3817 1808 726
f 3817 3814 3818
f 1807 3817 3818
f 3818 3819 1807
f 3819 1632 1807
f 3818 1561 3819
f 3819 1561 1624
f 1624 1630 3819
f 1561 3818 3820
f 1561 3820 3821
f 3821 1564 1561
f 3820 3822 3821
f 1575 3821 3822
f 1575 3822 3812
f 1593 1575 3812
f 1583 1575 1593
f 3822 3823 3812
f 3822 3820 3823
f 3823 3820 3813
f 3818 3814 3820
f 3813 3820 3814
f 3813 3812 3823
f 3810 3824 3812
f 3824 3825 3812
f 3825 3826 3812
f 3826 1595 3812
f 346 1595 3826
f 344 3826 3825
f 344 3825 3827
f 3827 3825 3828
f 3829 3827 3828
f 3829 3828 3824
f 3829 3824 337
f 337 3824 3830
f 3831 337 3830
f 3830 3832 3831
f 333 3831 3832
f 333 3832 3833
f 333 3833 3834
f 333 3834 3835
f 333 3835 3836
f 3836 50 333
f 3837 3836 3835
f 3835 3838 3837
f 52 3837 3838
f 3838 3835 3839
f 3838 3839 3840
f 3840 3841 3838
f 3842 3838 3841
f 3843 3842 3841
f 3843 3841 3844
f 3843 3844 3845
f 3845 62 3843
f 62 3845 3778
f 3846 3778 3845
f 3845 3847 3846
f 3846 3847 3788
f 3788 3785 3846
f 3846 3780 3778
f 3845 3844 3847
f 3844 3790 3847
f 3844 3806 3790
f 3844 3848 3806
f 3844 3841 3848
f 3849 3848 3841
f 3850 3848 3849
f 3849 3839 3850
f 3851 3850 3839
f 3851 3839 3834
f 3851 3834 3852
f 3851 3852 3853
f 3852 3854 3853
f 3854 3855 3853
f 3853 3855 3856
f 3808 3853 3856
f 3808 3848 3853
f 3856 3855 3824
f 3809 3856 3824
f 3830 3855 3854
f 3830 3854 3833
f 3852 3833 3854
f 3851 3853 3850
f 3853 3848 3850
f 3843 61 3842
f 3842 3857 3838
f 57 3838 3857
f 3842 57 3857
f 3841 3840 3849
f 3839 3849 3840
f 3836 3837 52
f 3835 3834 3839
f 3852 3834 3833
f 3830 3833 3832
f 3855 3830 3824
f 3829 343 3827
f 3828 3825 3824
f 3810 3809 3824
f 3808 3856 3809
f 3808 3806 3848
f 3807 3811 736
f 3790 3806 3804
f 3805 3802 3801
f 3805 3801 3858
f 3858 3793 3805
f 3858 3801 3800
f 3858 3800 3796
f 3797 3799 738
f 3796 3800 3798
f 3795 3797 738
f 3796 3794 3858
f 3793 3858 3794
f 3792 3805 3793
f 3804 3792 3791
f 3804 3791 3790
f 3847 3790 3788
f 3785 3788 3786
f 3784 3846 3785
f 3846 3784 3783
f 3846 3783 3781
f 1820 1622 3782
f 1820 3782 767
f 767 3782 763
f 3846 3781 3780
f 3779 3778 3780
f 2245 2336 2244
f 2241 2244 2346
f 2242 1609 2243
f 2202 2211 2201
f 2200 2191 1614
f 2191 2188 1614
f 2186 1557 3442
f 2191 2189 2188
f 2188 2187 1614
f 2187 2184 1615
f 2186 3442 2185
f 2185 3442 2181
f 2183 2224 2184
f 2182 2179 2183
f 2182 2180 2179
f 2179 2178 2183
f 2181 2176 2177
f 2176 1454 2175
f 3565 2171 2175
f 2174 2173 2178
f 2173 2172 2233
f 2231 2172 2158
f 2437 2170 2171
f 2170 2132 2169
f 2168 2162 2158
f 2168 2163 2162
f 2162 2160 2158
f 2156 2159 2161
f 2157 2236 2158
f 2155 2222 2157
f 2221 2155 2152
f 2221 2152 2151
f 2150 2165 2151
f 2150 2149 2156
f 2145 2149 2148
f 2145 2148 2147
f 2144 2146 2121
f 2145 2141 2120
f 2140 3726 2141
f 2138 3726 2140
f 2138 2136 3727
f 2137 2139 2135
f 2170 2136 2133
f 2135 2139 2134
f 2126 2129 2134
f 2170 2133 2132
f 2169 2132 2131
f 2131 2130 2166
f 2167 2130 2128
f 2167 2128 1046
f 2129 2126 2127
f 2134 2125 2126
f 2122 2125 2142
f 2123 3722 2124
f 3724 2123 2118
f 2122 2144 2121
f 2121 2154 2120
f 2120 3723 2119
f 2117 2119 2349
f 2118 2113 2351
f 2117 2345 2116
f 3774 2115 2116
f 2348 2114 2115
f 2112 2114 2350
f 2109 2390 2113
f 2111 2112 3774
f 2111 3770 2110
f 3771 2108 2110
f 2390 2109 2107
f 2108 3772 2105
f 2106 2388 2107
f 2091 2106 2101
f 2104 2105 3773
f 2095 2104 2360
f 2103 2102 2101
f 2100 2095 2099
f 2087 2094 2096
f 2093 2092 2098
f 2091 2101 2092
f 3753 2091 2090
f 2089 2362 2090
f 2089 2088 2084
f 2087 2097 2086
f 2086 2095 2085
f 2084 2081 213
f 213 2081 3859
f 213 3859 3860
f 213 3860 2299
f 3861 2299 3860
f 2069 3861 3860
f 3861 2069 3862
f 3862 118 3861
f 118 3862 3863
f 118 3863 3864
f 3864 3863 2069
f 3865 3864 2069
f 1777 3865 2069
f 119 3864 3865
f 119 3865 3866
f 3866 3867 119
f 3867 3866 3868
f 3868 3869 3867
f 3870 3867 3869
f 3871 3870 3869
f 3869 3872 3871
f 3873 3871 3872
f 3873 3872 3868
f 3873 3874 3871
f 3875 3871 3874
f 3874 3876 3875
f 3876 3877 3875
f 3870 3875 3877
f 3870 3877 3878
f 3878 534 3870
f 534 3878 748
f 3879 748 3878
f 3878 3880 3879
f 3880 3881 3879
f 3879 3881 3882
f 3882 3883 3879
f 3884 3879 3883
f 751 3884 3883
f 3883 3885 751
f 3885 3886 751
f 3886 3887 751
f 3887 3886 756
f 756 3888 3887
f 3888 753 3887
f 761 756 3886
f 761 3886 3885
f 761 3885 3883
f 3883 3882 761
f 3889 761 3882
f 3889 3882 3890
f 3889 3890 3891
f 3891 3892 3889
f 3893 3889 3892
f 3893 3892 3894
f 3893 3894 3895
f 3893 3895 3896
f 3896 3897 3893
f 3876 3893 3897
f 3876 3897 3898
f 3898 3897 3899
f 3899 3900 3898
f 3901 3898 3900
f 3900 3902 3901
f 3900 3903 3902
f 3898 3902 3903
f 3903 3877 3898
f 3903 3900 3904
f 3903 3904 3880
f 3904 3905 3880
f 3880 3905 3895
f 3905 3906 3895
f 3900 3906 3905
f 3905 3904 3900
f 3898 3901 3902
f 3900 3899 3906
f 3899 3897 3906
f 3897 3896 3906
f 3896 3895 3906
f 3895 3894 3881
f 3894 3892 3881
f 3889 3893 764
f 764 3893 3907
f 3907 1774 764
f 3874 3907 3893
f 3874 1775 3907
f 3892 3891 3881
f 3891 3890 3881
f 3890 3882 3881
f 3881 3880 3895
f 3880 3878 3903
f 748 3879 3884
f 3878 3877 3903
f 3898 3877 3876
f 3874 3893 3876
f 3873 1775 3874
f 3875 3870 3871
f 129 3867 3870
f 3908 3867 129
f 3908 129 125
f 3909 3867 3908
f 3909 3908 3910
f 3909 3910 3911
f 3909 3911 3912
f 3909 3912 3913
f 3909 3913 3914
f 3909 3914 120
f 3914 3913 122
f 3915 122 3913
f 3916 3915 3913
f 3917 3915 3916
f 3918 3917 3916
f 3912 3918 3916
f 3912 3919 3918
f 3919 3920 3918
f 3919 3911 3920
f 3920 3917 3918
f 3920 3921 3917
f 3921 3922 3917
f 3908 3922 3921
f 3908 3923 3922
f 3922 3923 3915
f 3908 124 3923
f 3920 3910 3921
f 3917 3922 3915
f 3915 3923 122
f 3912 3916 3913
f 3911 3919 3912
f 3910 3920 3911
f 3908 3921 3910
f 3909 120 3867
f 3869 3868 3872
f 3873 3868 3866
f 3873 3866 3865
f 1776 3873 3865
f 3863 3862 2069
f 2299 3861 118
f 2069 3860 3859
f 2085 2082 2083
f 2069 3859 2081
f 2082 2079 2080
f 2078 2079 2363
f 2077 2078 206
f 2075 3757 2076
f 2075 2074 3762
f 2073 2371 2074
f 204 3422 2072
f 3420 2068 2072
f 2071 2070 2073
f 2069 2076 2070
f 2069 2067 1779
f 2068 3420 2066
f 2067 2063 2658
f 2066 197 2065
f 2658 2063 2062
f 1770 134 501
f 2062 2061 2060
f 2052 2059 1760
f 3924 2052 1760
f 3924 3925 2052
f 3924 1759 3925
f 3926 3925 1759
f 3926 1759 3927
f 3926 3927 2051
f 3928 3927 1759
f 3929 3927 3928
f 3929 3928 2042
f 2042 2049 3929
f 1758 2042 3928
f 3929 2049 3927
f 3926 2051 3925
f 2656 2060 2058
f 2656 2058 2057
f 2629 2057 2056
f 2056 2053 2765
f 2054 2055 2059
f 2054 2059 2052
f 2048 3308 2053
f 2052 3925 2051
f 3927 2050 2051
f 3927 2049 2050
f 2048 2047 3298
f 3290 2047 2046
f 3283 2046 2045
f 2043 3270 2045
f 2042 2044 2049
f 2041 3260 2043
f 1756 2040 2042
f 2039 3248 2041
f 2039 2038 3240
f 2936 2038 2037
f 2929 2037 2036
f 2926 2036 2035
f 2925 2035 2033
f 2916 2033 2032
f 2032 2031 2913
f 2911 2031 2030
f 2029 2889 2030
f 2025 2017 2029
f 2027 2028 2034
f 2026 1753 2024
f 2021 2020 2023
f 2023 2020 2019
f 2017 2025 2019
f 2017 2016 2855
f 2868 2016 2015
f 2014 2885 2015
f 2013 2012 2014
f 2012 2010 2876
f 2010 2009 2876
f 2007 2877 2009
f 2008 2011 2005
f 2007 2004 2877
f 2003 2882 2004
f 2003 2001 2884
f 2884 2001 1996
f 2006 2000 2002
f 2006 1727 2000
f 2001 1999 1996
f 1996 1994 2884
f 1994 1993 2879
f 1991 2880 1993
f 1992 1995 1725
f 1986 2880 1991
f 1987 1990 1985
f 1985 1990 1981
f 1981 1990 1717
f 1984 2881 1986
f 2881 1984 1983
f 1985 1981 1982
f 1980 1326 1983
f 1711 1975 1976
f 1326 1978 1974
f 1971 1972 1696
f 1695 1967 1969
f 1970 1968 1329
f 1965 1963 1960
f 1964 1961 1962
f 1964 3930 1961
f 1961 3930 1673
f 1681 3930 1964
f 1329 1965 1960
f 1957 1958 1668
f 1667 1953 1955
f 1956 1954 1334
f 1951 3931 1338
f 3931 3932 1338
f 3932 3933 1338
f 3933 3934 1338
f 1358 1338 3934
f 3935 1358 3934
f 3935 3934 3936
f 1932 3935 3936
f 1932 3937 3935
f 3935 3937 1358
f 3933 3936 3934
f 3936 3933 1933
f 3932 1933 3933
f 3931 3938 3932
f 3938 1937 3932
f 3938 3939 1937
f 1948 3939 3938
f 1948 3938 3940
f 3940 3938 3931
f 3940 3931 1949
f 1950 1952 1653
f 1951 1949 3931
f 1948 3940 1949
f 1947 3939 1948
f 1947 1945 3939
f 3939 1945 1938
f 1945 1940 1938
f 3939 1938 1937
f 1935 3932 1937
f 1936 1939 1648
f 1933 3932 1935
f 1932 3936 1933
f 1932 1930 3937
f 3937 1930 1921
f 3937 1921 1359
f 1934 1929 1931
f 1934 1647 1929
f 1929 1647 1928
f 1930 1922 1921
f 1919 1359 1921
f 1920 1923 1645
f 1917 1359 1919
f 1916 3941 1917
f 3941 1360 1917
f 1916 3942 3941
f 3942 1361 3941
f 1916 1362 3942
f 1916 1888 1362
f 1918 1885 1915
f 1890 1887 1886
f 1884 1914 1886
f 1918 1883 1885
f 1884 1882 1914
f 1912 1882 1881
f 1893 1881 1880
f 1859 1901 1880
f 1876 1858 1855
f 1853 1876 1855
f 1854 1856 1852
f 1849 1852 1856
f 1635 1849 1856
f 1850 1846 1848
f 1844 1853 1847
f 1845 1846 1850
f 1845 1629 1843
f 1842 3470 1844
f 1843 1628 1840
f 1455 3447 1842
f 1556 1839 1838
f 1836 3443 1838
f 1835 3443 1836
f 1834 1837 1823
f 1833 1832 1835
f 1831 3430 1832
f 1829 3430 1831
f 3427 1829 1826
f 1828 1830 1827
f 1825 1827 1823
f 1822 1826 1824
f 1626 1823 1837
f 1822 1821 2663
f 1821 1819 1790
f 1819 1805 1790
f 767 1818 1820
f 1805 1819 1817
f 1818 768 1816
f 768 773 1816
f 724 1808 1811
f 1810 1809 1815
f 1817 1809 1806
f 1807 1808 3817
f 1804 1807 1632
f 1817 1806 1805
f 1794 1791 1803
f 1797 1803 1802
f 1800 1796 1798
f 1800 693 1796
f 1797 1795 1803
f 1795 1794 1803
f 1792 1791 1794
f 1805 1791 1790
f 1788 2662 1790
f 1788 1787 2662
f 1787 1785 2659
f 1783 1784 1786
f 1786 686 1783
f 3943 1782 1783
f 3943 1783 684
f 3943 1767 1782
f 3944 1767 3943
f 3944 3943 683
f 1781 1780 1785
f 1779 2653 1780
f 1779 1777 2069
f 3865 1777 1776
f 3873 1776 1775
f 3907 1775 1774
f 1771 3945 1773
f 1773 3945 3946
f 771 1773 3946
f 771 3946 775
f 489 775 3946
f 3946 3945 489
f 1771 498 3945
f 1769 1772 1778
f 1778 1768 1769
f 1768 1782 1767
f 3944 1765 1767
f 676 1765 3944
f 1770 1766 1764
f 1764 1761 1760
f 3924 1760 1759
f 1758 3928 1759
f 1756 2042 1758
f 1757 1762 1755
f 1754 2040 1756
f 1753 2027 1754
f 1752 2024 1753
f 2022 1752 1749
f 1755 1750 1751
f 2022 1749 1747
f 1729 1746 848
f 1745 2018 1747
f 1744 2018 1745
f 1728 2005 1744
f 1743 1746 1729
f 1728 1727 2005
f 1998 1727 1725
f 1988 1725 1724
f 1989 1724 1723
f 1721 1719 1723
f 1720 1719 1721
f 1719 1717 1990
f 1717 1716 1981
f 1714 1979 1716
f 1715 1718 840
f 1712 1979 1714
f 1711 1977 1712
f 1711 1709 1975
f 1975 1709 1701
f 1713 1708 1710
f 1713 839 1708
f 1708 839 1707
f 1709 1706 1703
f 1709 1703 1701
f 1701 1700 1975
f 1698 1973 1700
f 1699 1702 837
f 1696 1973 1698
f 1695 1971 1696
f 1695 1693 1967
f 1967 1693 1686
f 1697 1692 1694
f 1697 834 1692
f 1693 1691 1688
f 1693 1688 1686
f 1967 1686 1685
f 1683 1966 1685
f 1684 1687 833
f 1682 1966 1683
f 1681 1964 1682
f 1681 1679 3930
f 3930 1679 1675
f 1679 1678 1675
f 3930 1675 1673
f 1961 1673 1672
f 1670 1959 1672
f 1671 1674 830
f 1668 1959 1670
f 1667 1957 1668
f 1667 1665 1953
f 1953 1665 1656
f 1669 1664 1666
f 1669 1661 1664
f 1662 1658 1663
f 1659 1662 1660
f 1659 1658 1662
f 1665 1658 1656
f 1953 1656 1655
f 1653 1952 1655
f 1654 1657 1652
f 1651 1950 1653
f 1651 1650 1946
f 1649 1944 1650
f 1942 1649 1648
f 1934 1648 1647
f 1646 1928 1647
f 1926 1646 1645
f 1644 1883 1645
f 1640 1644 1641
f 1638 1857 1640
f 1856 1638 1635
f 1634 1636 814
f 1849 1635 1633
f 1632 1634 1804
f 1851 1633 1631
f 1632 3819 1630
f 1845 1631 1629
f 1843 1629 1628
f 1628 1627 1840
f 1626 1837 1627
f 1623 1820 1626
f 1624 1625 1630
f 1617 1624 1561
f 1622 1820 1623
f 1622 1621 2337
f 1621 1620 2153
f 2241 1620 1619
f 2241 1619 1618
f 1618 1615 2184
f 2187 1615 1614
f 1613 2242 1614
f 1610 2242 1613
f 2242 1610 1609
f 1608 2243 1609
f 1606 2250 1608
f 1605 2332 1606
f 377 1605 1604
f 1603 1607 1588
f 1604 1600 1598
f 1604 1598 3947
f 1604 3947 358
f 351 358 3947
f 351 3947 1598
f 1599 1601 1596
f 351 1598 1597
f 350 1595 346
f 1595 1594 3812
f 1594 1593 3812
f 1583 1593 1590
f 1596 1591 1592
f 1589 1591 1588
f 1588 1611 1587
f 3948 1585 1587
f 1587 1566 3948
f 3948 1566 1510
f 3948 1510 3949
f 3949 3950 3948
f 3951 3948 3950
f 3950 1570 3951
f 3952 3951 1570
f 3952 1570 1581
f 3952 1581 3953
f 3953 3954 3952
f 3955 3952 3954
f 3955 3954 944
f 944 934 3955
f 934 951 3955
f 951 3956 3955
f 3957 3955 3956
f 3956 945 3957
f 980 3957 945
f 945 3958 980
f 3958 3948 980
f 3948 3958 1584
f 945 1582 3958
f 1018 945 3956
f 980 3955 3957
f 3956 951 1018
f 3959 934 944
f 3955 980 3952
f 945 3954 3953
f 945 3953 1581
f 3951 3952 980
f 980 3948 3951
f 3949 1570 3950
f 3960 1570 3949
f 3960 3949 3961
f 3961 3962 3960
f 1510 3960 3962
f 3961 1472 3962
f 1516 3962 1472
f 3961 3949 3963
f 3961 3963 1510
f 1477 3963 3949
f 1477 3949 1510
f 1510 1566 3960
f 1583 1590 1586
f 1585 3948 1584
f 1582 1584 3958
f 942 1578 1583
f 945 1581 1582
f 1580 3959 942
f 1580 934 3959
f 942 1579 1578
f 1578 1577 1583
f 1577 1576 1583
f 1575 1583 1576
f 3821 1575 1574
f 1574 1572 3821
f 1581 1570 1573
f 1572 1571 3821
f 1571 1569 3821
f 1518 3821 1569
f 1568 1570 3960
f 3960 1566 1568
f 1518 1569 1567
f 1566 1587 1565
f 1612 1563 1565
f 1564 3821 1518
f 1563 2192 1559
f 1562 1561 1564
f 1561 1560 1617
f 1560 1558 1612
f 2190 1558 1557
f 1557 1556 1838
f 1520 1556 1554
f 1552 1555 1559
f 1520 1554 1553
f 1552 2194 1551
f 1551 1521 1550
f 1550 1519 1549
f 1549 1519 1548
f 1548 1519 1547
f 1546 1545 1544
f 1542 1543 1519
f 1519 1471 1542
f 1542 1471 1541
f 1541 1471 1540
f 1514 1539 1538
f 1538 3964 1514
f 3965 1514 3964
f 3966 3965 3964
f 3964 3967 3966
f 3968 3966 3967
f 3965 3968 3967
f 3965 3967 3969
f 3969 3970 3965
f 3971 3965 3970
f 3971 3970 3972
f 3973 3971 3972
f 3973 3972 3974
f 3973 3974 1465
f 3974 3975 1465
f 1416 1465 3975
f 3974 3976 3975
f 3976 1496 3975
f 3977 3975 1496
f 1410 3975 3977
f 1410 3977 3978
f 1410 3978 991
f 3979 991 3978
f 3979 3978 1495
f 3979 1492 991
f 3978 3977 1495
f 3976 3980 1496
f 3981 1496 3980
f 3981 3980 3982
f 3981 3982 1029
f 3982 3983 1029
f 1029 3983 3964
f 3983 3969 3964
f 3982 3976 3983
f 3972 3983 3976
f 3984 1496 3981
f 1027 3984 3981
f 1027 1497 3984
f 3980 3976 3982
f 3974 3972 3976
f 3973 1465 3971
f 3971 1465 3985
f 3971 3985 1475
f 3985 3986 1475
f 1469 1475 3986
f 3985 1465 3986
f 3983 3972 3970
f 3971 1475 3965
f 3970 3969 3983
f 3967 3964 3969
f 3968 3965 3966
f 3964 1538 1537
f 3964 1537 1031
f 1463 1536 3987
f 1468 3987 1536
f 1535 1031 1537
f 1526 1527 1530
f 1526 1531 1525
f 1525 1533 1523
f 1456 1523 1533
f 1524 1522 2198
f 1522 1521 2197
f 1841 1520 1455
f 1519 1550 1521
f 1553 1518 1520
f 1471 1519 1517
f 1544 1515 1518
f 1517 1516 1471
f 1510 3962 1516
f 1472 3961 1510
f 1514 1515 1539
f 3965 1475 1514
f 1476 1510 3963
f 1502 1478 1510
f 1508 1509 1513
f 1513 1479 1508
f 1508 1479 1507
f 1507 1479 1506
f 1506 1479 1505
f 1505 1479 1504
f 1504 1479 1503
f 1503 1479 1500
f 981 1481 1502
f 1499 1498 1501
f 1027 1501 1498
f 1027 1498 1497
f 1497 1496 3984
f 1496 1495 3977
f 3979 1495 1493
f 3979 1493 1492
f 1492 1490 991
f 1488 1489 1491
f 1487 3988 991
f 3989 991 3988
f 3989 3988 1015
f 984 3989 1015
f 984 991 3989
f 1487 1015 3988
f 981 1486 1485
f 981 1485 1483
f 1484 1488 1482
f 981 1483 1481
f 1482 1500 1479
f 1502 1481 980
f 1480 1502 980
f 1502 1480 1478
f 1475 1479 1513
f 1478 1477 1510
f 3963 1477 1476
f 1511 1476 1474
f 1511 1474 1473
f 1511 1473 1472
f 1472 1471 1516
f 1468 1536 1471
f 1470 1475 1469
f 1469 3986 1465
f 1468 1467 3987
f 1467 1466 3987
f 1464 3987 1466
f 1464 1463 3987
f 1461 1534 1463
f 1462 1465 1460
f 1428 1460 1465
f 1529 1461 1459
f 1459 1458 1529
f 1457 1532 1458
f 1456 1533 1457
f 1455 1523 1456
f 1455 1454 3441
f 2175 1454 1453
f 3564 1453 1452
f 3564 1452 1450
f 3564 1450 1449
f 1449 1448 3554
f 3553 1448 1447
f 3545 1447 1446
f 3544 1446 1445
f 1445 1444 3540
f 3535 1444 1443
f 3535 1443 1442
f 3536 1442 1440
f 1431 1441 1451
f 3529 1440 1439
f 3528 1439 1438
f 3528 1438 1437
f 3519 1437 1436
f 3521 1436 1435
f 3513 1435 1434
f 3452 1434 1433
f 1433 1432 3453
f 3511 1432 1430
f 1428 1431 1460
f 3510 1430 1429
f 3462 1429 1427
f 1416 1428 1465
f 3462 1427 1426
f 3463 1426 1425
f 3467 1425 1424
f 3507 1424 1423
f 3477 1423 1422
f 1421 3504 1422
f 3480 1421 1420
f 1419 3481 1420
f 3494 1419 1418
f 3496 1418 1417
f 3498 1417 1415
f 1410 1416 3975
f 3497 1415 1414
f 3493 1414 1409
f 1408 3489 1409
f 1408 1406 3483
f 1876 1406 1395
f 1405 1407 1404
f 1404 1411 1403
f 1403 1413 1401
f 1413 1400 1401
f 993 1400 1410
f 1402 1399 1398
f 1398 1396 1402
f 1395 1402 1396
f 1394 1878 1395
f 1394 1392 1879
f 1393 1397 1388
f 1391 1879 1392
f 1390 1870 1391
f 1389 1871 1390
f 1873 1389 1387
f 1386 1874 1387
f 1384 1867 1386
f 1865 1384 1382
f 1381 1866 1382
f 1861 1381 1379
f 1859 1379 1377
f 1378 1380 1376
f 1377 1375 1906
f 1376 1383 1374
f 1374 1385 1373
f 1373 1385 1371
f 1372 1370 1375
f 1369 1375 1370
f 1369 1368 1899
f 1897 1368 1367
f 1897 1367 1366
f 1898 1366 1365
f 1898 1365 1364
f 1363 1891 1364
f 1363 1362 1888
f 3942 1362 1361
f 1360 3941 1361
f 1359 1917 1360
f 1358 3937 1359
f 1345 1346 1354
f 1354 3990 1345
f 3990 1354 1171
f 3991 3990 1171
f 3991 1171 3992
f 3991 3992 3993
f 3994 3991 3993
f 3994 3993 3995
f 3994 3995 1342
f 3996 3994 1342
f 1342 3995 3997
f 3997 3998 1342
f 3999 1342 3998
f 4000 3999 3998
f 4000 3998 1171
f 4000 1171 4001
f 4001 4002 4000
f 4002 4003 4000
f 4004 4000 4003
f 4003 4005 4004
f 4006 4004 4005
f 4005 4007 4006
f 4007 4008 4006
f 4008 4009 4006
f 4010 4006 4009
f 4009 4011 4010
f 4011 4012 4010
f 4012 4013 4010
f 4014 4010 4013
f 4013 4015 4014
f 4016 4014 4015
f 4015 4017 4016
f 4017 4018 4016
f 4018 4019 4016
f 4020 4016 4019
f 4019 1249 4020
f 4021 4020 1249
f 1249 4022 4021
f 1278 4021 4022
f 4022 1248 1278
f 4023 4021 1278
f 843 4023 1278
f 843 1278 4024
f 1733 4024 1278
f 1733 844 4024
f 843 4025 4023
f 4025 4026 4023
f 4026 4027 4023
f 4028 4027 4026
f 4028 4026 4029
f 4028 4029 843
f 4028 1330 4027
f 4025 4029 4026
f 843 4029 4025
f 4027 4021 4023
f 4027 4030 4021
f 4030 4027 1332
f 4030 4020 4021
f 4030 4031 4020
f 4032 4020 4031
f 4033 4032 4031
f 4033 4031 1333
f 4034 4032 4033
f 4034 4033 1335
f 4034 1335 4035
f 4035 1335 4036
f 4035 4036 4016
f 4035 4016 4037
f 4035 4037 4038
f 4035 4038 4032
f 4038 4037 4020
f 4036 4039 4016
f 4040 4016 4039
f 4040 4039 1335
f 4040 1335 4041
f 4014 4040 4041
f 4042 4041 1335
f 1335 4043 4042
f 4042 4043 4044
f 4045 4044 4043
f 4045 4046 4044
f 4046 4010 4044
f 4047 4044 4010
f 4041 4047 4010
f 4041 4044 4047
f 4046 4048 4010
f 4048 4049 4010
f 4049 4048 1339
f 4050 4048 4046
f 4050 1337 4048
f 4050 4046 4045
f 4050 4045 1335
f 4045 4043 1335
f 4041 4042 4044
f 4036 1335 4039
f 4034 4035 4032
f 4032 4038 4020
f 4030 1333 4031
f 4037 4016 4020
f 4018 1250 4019
f 1250 4018 4017
f 1250 4017 4015
f 4014 4016 4040
f 1250 4015 4013
f 4014 4041 4010
f 1250 4013 4012
f 1250 4012 4011
f 1250 4011 4009
f 4049 4006 4010
f 4049 4051 4006
f 4051 4052 4006
f 4052 4053 4006
f 4053 4054 4006
f 4055 4054 4053
f 4055 4004 4054
f 4055 4056 4004
f 4056 4057 4004
f 3999 4004 4057
f 4056 1342 4057
f 4055 1342 4056
f 4058 1342 4055
f 4058 4055 4052
f 4058 4052 4059
f 4058 4059 1342
f 4055 4053 4052
f 4059 4052 4051
f 4059 4051 1340
f 4051 4049 1340
f 4009 4008 1168
f 4007 1168 4008
f 1168 4007 4005
f 4054 4004 4006
f 1168 4005 4003
f 1168 4003 4002
f 1168 4002 4001
f 1168 4001 4060
f 4060 4001 1171
f 4000 4004 3999
f 3999 4057 1342
f 3998 3997 3993
f 3997 3995 3993
f 3996 3991 3994
f 3998 3993 3992
f 3998 3992 1171
f 3996 3990 3991
f 3996 1344 3990
f 1344 1345 3990
f 3996 1342 1344
f 1343 1341 1358
f 4059 1340 1342
f 1338 1358 1341
f 1339 1340 4049
f 1337 1339 4048
f 4050 1335 1337
f 1338 1336 1334
f 4033 1333 1335
f 4030 1332 1333
f 1330 1332 4027
f 1334 1331 1329
f 842 1330 4028
f 1328 1970 1329
f 1970 1328 1326
f 1324 1327 1726
f 1325 1983 1326
f 1983 1325 1322
f 1323 1324 1740
f 1310 1321 1323
f 1320 2844 1322
f 1320 1318 2844
f 1318 1317 3001
f 3001 1317 1315
f 1319 1313 1316
f 3000 1315 1314
f 3000 1314 1312
f 1319 1311 1313
f 1311 1321 1310
f 1310 1742 1292
f 1312 1309 1308
f 3016 1308 1307
f 1307 1305 1304
f 1307 1304 663
f 4061 1307 663
f 4061 1303 1307
f 661 1303 4061
f 1303 1295 1307
f 4062 1301 1303
f 646 4062 1303
f 1304 1302 663
f 4062 1299 1301
f 1299 4062 1283
f 1274 1299 1283
f 1274 1283 1286
f 4062 645 1283
f 663 1300 1289
f 3020 1297 1298
f 1297 3012 1296
f 1296 3015 1295
f 1295 1306 1293
f 1292 1293 1306
f 1288 1292 1736
f 1291 1290 1294
f 1290 1289 1294
f 1285 663 1289
f 1288 1734 1287
f 1274 1286 1287
f 664 1285 1282
f 1282 852 664
f 1286 1283 1284
f 1281 1245 1280
f 1733 1278 1276
f 1276 1275 1733
f 1274 1735 1275
f 1274 1273 1299
f 1272 1298 1273
f 1271 1298 1272
f 1267 1271 1268
f 1265 3024 1267
f 1265 1264 3231
f 3231 1264 421
f 1264 1262 423
f 1262 1261 425
f 1260 4063 1261
f 1261 4063 429
f 366 429 4063
f 4063 4064 366
f 1159 4064 4063
f 1161 4063 1260
f 1259 1263 1257
f 1266 1256 1257
f 1256 1269 1254
f 1250 4009 1168
f 1269 1253 1254
f 1269 1252 1253
f 1252 1270 1251
f 1245 1251 1277
f 1249 4019 1250
f 1248 4022 1249
f 1248 1247 1278
f 1246 1279 1247
f 1279 1246 1244
f 1209 1245 1281
f 1279 1244 1242
f 852 1282 1242
f 1243 1209 1241
f 1208 1215 1210
f 644 1209 1283
f 915 4065 1208
f 1199 1208 4065
f 4065 915 1232
f 1206 4065 1232
f 4066 1206 1232
f 4066 1232 4067
f 4066 4067 916
f 916 1207 4066
f 917 4067 1232
f 1232 1193 917
f 1206 4066 1207
f 4065 1206 1199
f 1208 1199 1198
f 1198 1197 1222
f 1196 1236 1197
f 1196 1195 1231
f 1195 1194 1231
f 1232 1194 1193
f 1193 1191 917
f 1192 1201 1190
f 1201 928 1190
f 1236 1191 1189
f 1186 1185 1189
f 1235 1185 957
f 1177 1178 960
f 1176 1177 960
f 964 1174 1176
f 1355 1175 1172
f 964 1173 1174
f 1354 1172 1171
f 1169 4060 1171
f 964 1170 1173
f 1168 4060 1169
f 1167 1255 1168
f 1166 1255 1167
f 1258 1166 1164
f 1258 1164 1162
f 1161 1260 1162
f 1159 4063 1161
f 1157 4064 1159
f 1157 4068 4064
f 4064 4068 367
f 1157 4069 4068
f 4068 4069 368
f 1155 4069 1157
f 1155 4070 4069
f 4069 4070 370
f 1152 4070 1155
f 1152 1151 4070
f 4070 1151 372
f 1150 372 1151
f 1150 1149 375
f 1148 375 1149
f 1145 4071 1148
f 378 1148 4071
f 4071 4072 378
f 1143 4072 4071
f 1143 4073 4072
f 4072 4073 379
f 1146 1147 1153
f 1153 1038 1146
f 1143 4071 1145
f 1141 4073 1143
f 1141 4074 4073
f 4073 4074 381
f 1141 4075 4074
f 4074 4075 382
f 1140 4075 1141
f 1140 4076 4075
f 4075 4076 384
f 1131 4076 1140
f 4077 4076 1131
f 4077 4078 4076
f 4076 4078 386
f 1129 4078 4077
f 1129 4079 4078
f 4078 4079 387
f 1131 1140 1132
f 1129 4077 1131
f 1130 1134 1128
f 1127 4079 1129
f 1127 4080 4079
f 4079 4080 389
f 1128 1136 1126
f 1126 1136 4081
f 4081 1136 1090
f 1125 4080 1127
f 1125 4082 4080
f 4080 4082 392
f 1126 4081 1124
f 1124 4081 4083
f 4083 4081 1094
f 1123 4082 1125
f 1123 4084 4082
f 4082 4084 396
f 1124 4083 1122
f 1122 4083 4085
f 1122 4085 4086
f 4086 4085 1099
f 4085 4083 1095
f 1121 4084 1123
f 1121 4087 4084
f 4084 4087 398
f 1122 4086 1120
f 1120 4086 4088
f 4088 4086 1101
f 1119 4087 1121
f 1119 4089 4087
f 4087 4089 399
f 1119 3038 4089
f 4089 3038 401
f 1120 4088 1118
f 1118 4088 4090
f 4090 4088 1105
f 1117 3038 1119
f 1118 4090 1113
f 1116 3036 1117
f 1116 1115 3034
f 1114 3041 1115
f 1114 1112 3041
f 1113 4090 1110
f 1110 4090 1106
f 1111 3088 1112
f 1111 1109 3088
f 1109 1107 3085
f 1110 1106 1108
f 1104 3085 1107
f 4090 1105 1106
f 4088 1103 1105
f 1102 3185 1104
f 4088 1101 1103
f 1100 3155 1102
f 4086 1099 1101
f 1098 3150 1100
f 4085 1097 1099
f 1096 2612 1098
f 4085 1095 1097
f 1093 2609 1096
f 4083 1094 1095
f 4081 1092 1094
f 1091 2594 1093
f 4081 1090 1092
f 1089 2601 1091
f 1136 1088 1090
f 1089 1086 1072
f 1135 1087 1088
f 1135 1085 1087
f 1084 2543 1086
f 1084 1083 2543
f 1080 2534 1083
f 1081 1082 1085
f 2532 1080 1079
f 1067 2524 1079
f 1078 1059 1077
f 2544 1067 1073
f 1073 1072 1086
f 1071 2547 1072
f 1070 2546 1071
f 1068 2546 1070
f 1066 1069 1074
f 2546 1068 1067
f 2369 1067 1065
f 1066 1074 1062
f 2369 1065 1064
f 2370 1064 1063
f 1060 2368 1063
f 1062 1076 1061
f 1061 1077 1059
f 1057 2523 1060
f 1058 1059 1081
f 1133 1056 1058
f 1055 2377 1057
f 1133 1054 1056
f 1055 1052 2400
f 1054 1138 1053
f 1053 1138 1050
f 1052 1051 2400
f 1051 1049 2400
f 1139 1048 1050
f 1049 1047 2124
f 1142 1045 1048
f 1047 1046 2124
f 2167 1046 1044
f 1144 1043 1045
f 1044 1042 2151
f 1146 1040 1043
f 2213 1042 1041
f 1041 1039 2201
f 1146 1038 1040
f 1039 1037 2199
f 1153 1035 1038
f 1037 1036 2193
f 1036 1034 2195
f 1154 1033 1035
f 1034 1032 1524
f 1156 1030 1033
f 1031 1528 1032
f 1031 1029 3964
f 1156 1028 1030
f 1027 3981 1029
f 1158 1025 1028
f 1501 1027 1026
f 1026 1023 981
f 1023 985 981
f 1023 4091 985
f 4091 4092 985
f 4091 986 4092
f 1023 4093 4091
f 4093 987 4091
f 1023 4094 4093
f 4094 4095 4093
f 988 4093 4095
f 4095 4094 1019
f 4095 1019 992
f 1023 1020 4094
f 1160 1024 1025
f 1024 1163 967
f 1023 1021 1020
f 1020 1019 4094
f 1006 4096 1009
f 1001 1009 4096
f 1006 1003 4096
f 1008 1175 1007
f 1007 1357 998
f 1006 1005 1003
f 1005 1004 1003
f 1001 4096 1003
f 1001 1000 1009
f 999 1002 998
f 998 1347 997
f 994 997 1371
f 1000 996 995
f 995 992 1019
f 993 994 1388
f 993 1410 991
f 990 4095 992
f 990 988 4095
f 989 991 984
f 4093 988 987
f 4091 987 986
f 4092 986 985
f 984 1015 983
f 981 985 982
f 981 978 1486
f 1015 978 976
f 980 975 977
f 969 1017 976
f 974 975 983
f 974 1011 973
f 973 1011 972
f 972 1011 971
f 971 1011 970
f 970 1011 968
f 963 1012 969
f 967 968 1022
f 1163 966 967
f 1163 965 966
f 965 1165 964
f 964 1176 960
f 963 962 1010
f 1008 962 961
f 1008 961 958
f 959 960 1178
f 957 1179 958
f 957 956 1235
f 959 948 955
f 956 954 953
f 1018 951 949
f 952 948 950
f 947 1013 949
f 948 1187 946
f 947 945 1018
f 943 946 1187
f 945 944 3954
f 944 942 3959
f 943 1187 941
f 1579 942 940
f 934 1579 940
f 941 938 939
f 938 941 937
f 936 937 941
f 1188 935 936
f 935 1188 933
f 934 931 951
f 932 933 1188
f 1190 930 932
f 931 927 953
f 1190 929 930
f 929 1190 928
f 1201 926 928
f 927 917 1191
f 1201 925 926
f 925 1201 924
f 1202 923 924
f 1202 922 923
f 1202 921 922
f 1202 920 921
f 920 1202 919
f 918 919 1202
f 574 855 918
f 917 916 4067
f 916 915 1207
f 854 1232 915
f 1240 854 852
f 848 1748 851
f 667 851 1748
f 849 850 721
f 849 721 818
f 818 4097 849
f 4097 4098 849
f 4099 849 4098
f 4099 4098 4100
f 835 4099 4100
f 4100 829 835
f 835 4101 4099
f 835 845 4101
f 4099 4101 849
f 4100 4098 4097
f 4102 4100 4097
f 4102 4097 820
f 4102 820 4103
f 4104 4103 820
f 4104 4105 4103
f 4103 4105 4100
f 4105 4106 4100
f 4100 4106 826
f 823 826 4106
f 823 4106 4105
f 4104 823 4105
f 4102 4103 4100
f 4101 847 849
f 848 846 1729
f 4101 845 847
f 1733 846 844
f 843 4024 844
f 842 4028 843
f 1327 842 841
f 841 840 1722
f 1713 840 839
f 838 1707 839
f 1705 838 837
f 1697 837 834
f 836 845 835
f 1690 834 833
f 1680 833 831
f 829 832 835
f 1677 831 830
f 828 1661 830
f 829 4100 826
f 828 827 1652
f 1643 827 825
f 824 826 823
f 4104 820 823
f 821 825 822
f 1639 821 819
f 820 4097 818
f 813 818 721
f 819 817 816
f 1637 816 815
f 1636 815 814
f 812 1801 814
f 810 809 812
f 1799 809 808
f 806 1800 808
f 805 1800 806
f 805 695 1800
f 805 4107 695
f 805 4108 4107
f 4107 4108 793
f 805 804 4108
f 804 795 4108
f 710 801 803
f 804 802 798
f 798 796 804
f 797 483 794
f 795 804 796
f 795 793 4108
f 4107 793 792
f 792 696 4107
f 790 697 792
f 697 790 700
f 790 789 700
f 789 787 702
f 787 786 704
f 785 799 786
f 705 786 799
f 788 783 784
f 788 478 783
f 785 782 781
f 779 800 781
f 779 484 800
f 473 777 778
f 777 1814 774
f 775 487 776
f 773 774 1814
f 771 775 772
f 769 1773 771
f 770 773 768
f 769 766 1774
f 767 768 1818
f 764 1774 766
f 765 767 763
f 764 761 3889
f 762 763 3782
f 756 761 759
f 760 749 758
f 759 757 756
f 756 754 3888
f 753 3888 754
f 753 751 3887
f 755 750 752
f 748 3884 751
f 750 758 749
f 749 760 747
f 748 746 534
f 746 745 535
f 747 742 744
f 743 741 745
f 740 742 762
f 740 3789 739
f 739 3795 738
f 3803 736 738
f 735 741 737
f 736 3816 734
f 741 735 732
f 3816 733 734
f 741 732 731
f 884 731 730
f 895 730 729
f 728 733 726
f 729 727 725
f 724 726 1808
f 896 725 723
f 720 724 467
f 723 722 853
f 722 721 850
f 721 719 813
f 718 811 719
f 811 718 717
f 714 811 717
f 714 713 807
f 711 807 713
f 710 803 711
f 710 709 801
f 801 709 707
f 799 707 705
f 705 704 786
f 704 702 787
f 702 700 789
f 700 698 697
f 696 792 697
f 695 4107 696
f 695 693 1800
f 694 699 690
f 693 692 1796
f 1793 692 691
f 1789 691 689
f 699 687 690
f 688 1786 689
f 1786 688 686
f 687 701 685
f 686 684 1783
f 703 682 685
f 684 683 3943
f 683 681 3944
f 682 706 680
f 681 678 3944
f 708 679 680
f 679 712 677
f 676 3944 678
f 675 677 712
f 676 674 1765
f 675 715 673
f 672 1763 674
f 671 673 716
f 672 670 1750
f 670 669 1750
f 667 1748 669
f 666 851 667
f 666 664 852
f 662 665 460
f 4109 662 460
f 155 4109 460
f 664 663 1285
f 663 661 4061
f 154 662 4109
f 660 1303 661
f 654 1303 660
f 654 660 4110
f 654 648 1303
f 657 4110 660
f 659 2996 658
f 1312 656 658
f 654 4110 657
f 655 656 3013
f 653 655 2997
f 652 653 3232
f 164 652 3232
f 452 650 162
f 162 158 452
f 654 651 648
f 650 451 649
f 451 4111 649
f 649 4111 647
f 4111 449 647
f 646 1303 648
f 438 643 647
f 4062 646 645
f 644 1283 645
f 642 1203 644
f 641 437 640
f 4112 640 437
f 633 640 4112
f 633 4112 435
f 642 639 638
f 642 638 637
f 636 1204 637
f 636 579 1204
f 635 640 634
f 634 640 633
f 356 628 629
f 356 629 361
f 356 617 628
f 632 627 626
f 626 584 632
f 624 586 626
f 623 588 624
f 4113 623 622
f 605 4113 622
f 605 602 4113
f 4113 602 4114
f 4113 4114 4115
f 4113 4115 592
f 592 4115 4116
f 597 592 4116
f 597 4116 601
f 602 4116 4115
f 602 4115 4114
f 4113 589 623
f 620 625 619
f 617 619 628
f 621 618 616
f 356 615 617
f 610 616 614
f 341 4117 606
f 606 4117 4118
f 4117 603 4118
f 4117 332 603
f 341 4119 4117
f 4119 334 4117
f 339 334 4119
f 608 607 610
f 605 622 607
f 606 4118 603
f 605 604 602
f 4116 602 601
f 597 601 600
f 575 596 325
f 597 593 592
f 591 4113 592
f 591 589 4113
f 590 595 587
f 589 588 623
f 588 586 624
f 587 595 585
f 586 584 626
f 583 632 584
f 580 583 582
f 585 577 581
f 636 580 579
f 578 1204 579
f 578 574 1204
f 585 576 577
f 594 575 576
f 575 324 573
f 572 855 574
f 571 856 572
f 571 570 551
f 551 570 566
f 323 568 569
f 570 567 566
f 565 551 566
f 553 565 564
f 553 564 4120
f 553 4120 4121
f 553 4121 4122
f 4122 4121 4123
f 4124 4122 4123
f 4124 4123 4125
f 4126 4124 4125
f 557 4126 4125
f 557 4125 4127
f 556 4124 4126
f 4125 4123 4127
f 4123 4128 4127
f 4127 4128 558
f 4128 561 558
f 4128 4120 561
f 555 4122 4124
f 4123 4121 4128
f 4121 4120 4128
f 4120 564 561
f 562 563 568
f 4129 562 568
f 4129 568 320
f 4130 562 4129
f 4130 4129 315
f 4130 315 4131
f 4130 4131 4132
f 4133 4130 4132
f 4133 4132 4134
f 4133 4134 4135
f 4135 560 4133
f 4135 4136 560
f 4136 4137 560
f 4138 560 4137
f 4137 550 4138
f 521 550 4137
f 560 4138 552
f 4136 4139 4137
f 4140 4137 4139
f 4139 4141 4140
f 4140 4141 4142
f 4140 4142 4143
f 518 4140 4143
f 504 518 4143
f 4143 4142 500
f 500 4142 495
f 4141 495 4142
f 4139 462 4141
f 494 4141 462
f 4140 518 4137
f 4144 4139 4136
f 4145 4139 4144
f 4145 4144 4135
f 455 4145 4135
f 459 4139 4145
f 4136 4135 4144
f 455 4135 4134
f 4134 269 455
f 4134 4132 269
f 4132 4131 269
f 4131 4146 269
f 311 269 4146
f 315 4146 4131
f 4133 562 4130
f 562 4133 560
f 559 558 561
f 557 4127 558
f 4126 557 556
f 4124 556 555
f 553 4122 555
f 554 560 552
f 553 551 565
f 552 4138 550
f 571 551 548
f 525 549 550
f 549 525 541
f 904 548 547
f 546 904 547
f 546 544 875
f 541 545 549
f 544 543 898
f 542 901 543
f 542 540 902
f 539 541 525
f 540 538 902
f 538 4147 902
f 537 902 4147
f 533 539 527
f 537 4147 538
f 537 536 902
f 535 899 536
f 535 534 746
f 532 3870 534
f 131 3870 532
f 527 531 533
f 131 530 529
f 4148 131 529
f 4149 4148 529
f 505 4148 4149
f 505 4149 4150
f 4150 4151 505
f 4152 505 4151
f 4152 4151 4153
f 4152 4153 4154
f 4154 4155 4152
f 4156 4152 4155
f 4156 4155 4157
f 4158 4156 4157
f 4159 4158 4157
f 4157 4160 4159
f 4160 4152 4159
f 507 4152 4160
f 4157 507 4160
f 4159 4156 4158
f 4161 4157 4155
f 4162 4161 4155
f 4161 4162 4163
f 4161 4163 528
f 4164 4161 528
f 4161 4164 508
f 528 4163 4151
f 4163 4165 4151
f 4165 4163 4162
f 4154 4165 4162
f 508 4157 4161
f 4159 4152 4156
f 4155 4154 4162
f 4154 4153 4165
f 4153 4151 4165
f 4151 4150 528
f 4150 4149 528
f 529 528 4149
f 4164 528 526
f 4166 4164 526
f 4164 4166 509
f 525 527 539
f 526 524 4166
f 524 512 4166
f 4166 512 510
f 525 550 523
f 524 522 512
f 522 516 512
f 522 4167 516
f 4167 4168 516
f 4168 4169 516
f 516 4169 4170
f 4171 516 4170
f 4171 4170 4169
f 4169 517 4171
f 4167 4169 4168
f 4169 4167 4172
f 4169 4172 519
f 522 519 4172
f 4172 4167 522
f 550 521 523
f 4137 518 521
f 519 522 520
f 519 517 4169
f 4171 517 516
f 512 516 514
f 518 506 515
f 514 513 512
f 510 512 511
f 510 509 4166
f 509 508 4164
f 4157 508 507
f 507 505 4152
f 504 506 518
f 505 503 4148
f 503 134 4148
f 4143 500 504
f 502 134 503
f 502 501 134
f 501 499 1770
f 499 498 1771
f 496 3945 498
f 3945 496 490
f 497 500 495
f 4141 494 495
f 493 490 496
f 490 489 3945
f 775 489 487
f 486 776 487
f 486 484 779
f 485 488 482
f 484 483 800
f 481 794 483
f 488 480 482
f 791 481 479
f 491 477 480
f 788 479 478
f 478 475 783
f 491 476 477
f 475 474 783
f 473 780 474
f 473 471 777
f 476 470 472
f 471 468 1813
f 469 470 492
f 467 1813 468
f 467 465 720
f 464 466 469
f 463 671 465
f 462 464 494
f 463 461 668
f 4139 459 462
f 461 460 665
f 455 459 4145
f 460 458 457
f 460 457 456
f 456 4173 460
f 157 460 4173
f 452 157 4173
f 452 4173 456
f 452 451 650
f 451 449 4111
f 450 454 445
f 445 454 4174
f 4174 454 263
f 4175 4174 263
f 4176 4175 263
f 4176 4177 4175
f 254 4175 4177
f 4176 262 4177
f 262 255 4177
f 444 4174 4175
f 449 448 647
f 448 447 647
f 440 647 447
f 446 440 447
f 445 4174 444
f 444 4175 254
f 446 441 440
f 438 647 440
f 422 436 439
f 437 643 438
f 435 4112 437
f 424 434 436
f 633 435 433
f 426 431 434
f 631 433 432
f 430 363 432
f 429 427 1261
f 428 431 426
f 425 1261 427
f 426 434 424
f 425 423 1262
f 424 436 422
f 423 421 1264
f 422 439 419
f 421 420 3231
f 420 418 3230
f 419 443 416
f 416 443 4178
f 4178 443 252
f 418 417 3229
f 417 415 3025
f 416 4178 412
f 412 4178 4179
f 4179 4178 250
f 3027 415 414
f 414 413 3027
f 409 3228 413
f 412 4179 246
f 409 408 3228
f 407 3033 408
f 407 405 3035
f 406 411 403
f 403 411 4180
f 4180 411 242
f 4180 242 228
f 404 3035 405
f 404 402 3037
f 403 4180 400
f 400 4180 226
f 402 401 3038
f 401 399 4089
f 400 226 397
f 399 398 4087
f 398 396 4084
f 397 225 395
f 396 394 4082
f 395 2321 393
f 392 4082 394
f 393 2318 391
f 392 389 4080
f 391 2316 390
f 390 2315 388
f 389 387 4079
f 388 2324 385
f 387 386 4078
f 386 384 4076
f 385 2325 383
f 384 382 4075
f 383 2331 380
f 382 381 4074
f 381 379 4073
f 380 1605 377
f 379 378 4072
f 1148 378 376
f 377 1604 374
f 374 1604 359
f 375 1148 376
f 375 373 1150
f 374 359 371
f 372 1150 373
f 372 370 4070
f 371 360 369
f 370 368 4069
f 368 367 4068
f 367 366 4064
f 365 429 366
f 365 363 430
f 369 362 364
f 629 363 361
f 369 360 362
f 371 359 360
f 359 1604 358
f 356 361 357
f 356 355 615
f 355 354 612
f 354 352 613
f 347 613 352
f 353 358 351
f 351 1597 350
f 352 349 347
f 348 350 346
f 345 613 347
f 346 3826 344
f 342 611 345
f 344 3827 343
f 3829 340 343
f 341 609 342
f 341 339 4119
f 3829 338 340
f 3829 337 338
f 337 3831 335
f 336 334 339
f 333 335 3831
f 332 4117 334
f 329 333 50
f 331 603 332
f 598 331 328
f 599 328 326
f 599 326 325
f 575 325 324
f 323 573 324
f 568 323 320
f 322 327 321
f 4129 320 318
f 321 46 319
f 4129 318 317
f 315 4129 317
f 316 45 314
f 313 4146 315
f 314 45 312
f 311 4146 313
f 312 43 310
f 271 309 308
f 271 308 273
f 272 275 270
f 269 311 271
f 269 266 455
f 270 267 268
f 267 307 264
f 266 265 455
f 263 454 265
f 264 280 261
f 4176 263 262
f 255 262 259
f 280 260 261
f 260 281 258
f 257 258 285
f 259 256 255
f 254 4177 255
f 254 253 442
f 443 253 252
f 4178 252 250
f 251 257 249
f 4179 250 248
f 249 288 247
f 4179 248 246
f 247 297 244
f 410 246 245
f 410 245 243
f 244 297 241
f 411 243 242
f 241 298 19
f 233 231 232
f 230 228 242
f 229 231 227
f 226 4180 228
f 227 203 224
f 397 226 225
f 223 219 225
f 220 223 221
f 220 219 223
f 218 2307 219
f 218 217 2307
f 217 215 2301
f 215 214 2299
f 214 213 2299
f 2084 213 210
f 212 216 211
f 2084 210 208
f 209 211 205
f 207 2084 208
f 3757 207 206
f 204 2077 206
f 224 203 205
f 202 2599 204
f 227 201 203
f 199 2606 202
f 201 239 200
f 199 198 2606
f 197 2607 198
f 196 3219 197
f 195 200 193
f 196 194 189
f 174 196 189
f 192 193 4181
f 142 192 4181
f 142 4181 4182
f 142 4182 4183
f 4183 4182 193
f 141 4183 193
f 4182 4181 193
f 192 142 191
f 190 191 142
f 188 190 142
f 175 189 187
f 174 189 175
f 196 174 173
f 172 3207 173
f 172 170 3197
f 169 171 176
f 3078 170 166
f 169 176 168
f 182 167 168
f 183 163 167
f 2988 166 165
f 164 3232 165
f 164 162 652
f 163 186 161
f 162 160 159
f 162 159 158
f 157 452 158
f 156 460 157
f 156 155 460
f 4109 155 154
f 659 154 153
f 153 150 2979
f 152 161 151
f 181 149 151
f 2980 150 148
f 149 177 147
f 146 3071 148
f 147 188 142
f 145 3206 146
f 144 3220 145
f 3221 144 143
f 140 2065 143
f 142 4183 141
f 11 141 193
f 140 139 2064
f 137 2064 139
f 136 2064 137
f 134 2064 136
f 4148 134 132
f 130 133 135
f 131 4148 132
f 129 3870 131
f 7 128 130
f 127 128 7
f 125 129 126
f 3908 125 124
f 3923 124 122
f 123 6 121
f 104 121 6
f 114 121 104
f 3914 122 120
f 120 119 3867
f 3864 119 118
f 117 2299 118
f 117 115 2297
f 116 121 114
f 115 113 2297
f 113 112 2297
f 2287 112 111
f 2287 111 110
f 97 110 108
f 97 108 101
f 107 109 106
f 104 106 114
f 101 105 103
f 96 99 51
f 98 97 101
f 2283 97 95
f 2285 95 93
f 93 82 2285
f 90 94 92
f 90 84 94
f 94 84 83
f 93 83 82
f 81 2285 82
f 81 80 2272
f 80 78 2329
f 79 85 77
f 78 76 2330
f 77 86 75
f 76 74 2330
f 75 89 73
f 74 72 2261
f 71 2260 72
f 68 71 70
f 73 65 69
f 2253 68 67
f 66 2335 67
f 66 63 2335
f 73 64 65
f 88 60 64
f 62 3778 63
f 61 3843 62
f 3842 61 58
f 59 60 87
f 3842 58 57
f 57 54 3838
f 56 59 55
f 91 53 55
f 52 3838 54
f 51 53 96
f 52 50 3836
f 49 51 99
f 50 48 329
f 44 49 39
f 48 47 330
f 46 330 47
f 316 46 45
f 45 43 312
f 43 42 274
f 277 42 41
f 41 38 301
f 39 40 44
f 100 3 39
f 38 36 35
f 304 35 32
f 34 37 33
f 1 33 37
f 1 9 33
f 304 32 29
f 304 29 28
f 27 299 28
f 27 25 299
f 26 31 23
f 25 24 293
f 24 22 294
f 23 31 21
f 22 20 296
f 298 20 19
f 16 19 18
f 21 13 17
f 234 16 15
f 14 240 15
f 14 11 240
f 21 12 13
f 30 10 12
f 8 138 11
f 10 33 9
f 7 138 8
f 7 6 127
f 104 6 4
f 5 9 1
f 102 4 3
f 37 3 2
f 1 37 2

