# Exported from 3D Builder
o Object.1
v 43.556778 -17.574820 2.773200
v 43.556778 -15.199420 2.773200
v 43.556778 -15.476521 5.782040
v 43.556778 -18.327019 5.782040
v 43.556778 -17.693520 2.792990
v 43.418179 -17.713320 2.436680
v 43.418179 -17.574820 2.436680
v 43.081680 -17.713320 2.278320
v 43.081680 -17.574820 2.278320
v 43.418179 -12.824020 2.436680
v 43.081680 -15.199420 2.278320
v 43.081680 -12.824020 2.278320
v 43.240078 -11.992620 2.357500
v 43.418179 -11.953020 2.535660
v 43.517181 -12.348920 2.654430
v 43.556778 -12.824020 2.773200
v 43.556778 -11.260221 3.327460
v 43.556778 -9.716160 3.881720
v 43.536980 -9.617190 3.624380
v 43.556778 -9.201490 4.020280
v 43.556778 -8.667020 4.059870
v 43.556778 -9.815140 5.782040
v 43.556778 -6.984450 5.782040
v 43.556778 -5.737360 4.059870
v 43.556778 -4.133960 5.782040
v 43.556778 -2.807700 4.059870
v 43.556778 -2.688930 4.059870
v 43.536980 -5.677970 3.802540
v 43.536980 -2.688930 3.802540
v 43.556778 0.121970 4.059870
v 43.556778 -1.303272 5.782040
v 43.556778 0.300126 4.059870
v 43.556778 1.527420 5.782040
v 43.556778 3.031840 4.059870
v 43.556778 3.308970 4.059870
v 43.536980 0.300126 3.802540
v 43.536980 3.308970 3.802540
v 43.556778 5.961500 4.059870
v 43.556778 4.358110 5.782040
v 43.556778 6.298020 4.059870
v 43.556778 7.208590 5.782040
v 43.556778 8.891170 4.059870
v 43.556778 9.425640 4.020280
v 43.536980 9.841280 3.624380
v 43.556778 9.940280 3.881720
v 43.556778 11.484280 3.327460
v 43.556778 13.048079 2.773200
v 43.517181 12.573080 2.654430
v 43.418179 9.762179 3.386840
v 43.418179 12.177179 2.535660
v 42.923378 9.762179 2.515860
v 43.437981 9.326660 3.525410
v 42.844181 9.326660 2.515860
v 43.437981 8.891170 3.565000
v 42.824379 8.891170 2.515860
v 43.437981 6.298020 3.565000
v 43.437981 5.961500 3.565000
v 43.536980 6.298020 3.802540
v 43.536980 8.891170 3.802540
v 43.437981 3.308970 3.565000
v 42.824379 5.902120 2.515860
v 43.437981 3.031840 3.565000
v 43.437981 0.300126 3.565000
v 42.824379 3.031840 2.515860
v 42.824379 2.913070 2.515860
v 42.646179 2.913070 2.337710
v 42.646179 -0.075982 2.337710
v 42.408680 -0.075982 2.258530
v 42.408680 0.121970 2.258530
v 42.408680 2.913070 2.258530
v 42.646179 5.902120 2.337710
v 42.408680 3.031840 2.258530
v 42.408680 5.902120 2.258530
v 42.646179 8.891170 2.337710
v 42.408680 8.891170 2.258530
v 42.745178 9.801780 2.337710
v 42.428478 9.366250 2.258530
v 42.507679 9.841280 2.278320
v 43.240078 12.216780 2.357500
v 43.002480 12.256280 2.278320
v 43.418179 13.048079 2.436680
v 43.061878 12.612679 2.278320
v 41.755379 14.532780 2.258530
v 41.755379 11.721880 2.258530
v 41.616879 11.543680 2.199140
v 41.616879 14.532780 2.199140
v 41.755379 17.521780 2.258530
v 41.537682 17.521780 2.159550
v 41.735680 17.680182 2.258530
v 43.081680 15.423480 2.278320
v 41.696079 17.798981 2.238730
v 43.081680 17.878080 2.278320
v 43.418179 17.798981 2.436680
v 43.081680 13.048079 2.278320
v 43.556778 17.858280 2.773200
v 43.418179 17.937481 2.436680
v 43.556778 18.115681 2.733610
v 43.556778 15.700679 5.782040
v 43.556778 18.551180 5.782040
v 43.556778 17.165482 8.771100
v 43.556778 14.750480 8.731500
v 43.556778 13.404480 8.474200
v 43.536980 13.404480 8.731500
v 43.437981 13.404480 8.969000
v 43.536980 10.415380 8.731500
v 43.437981 10.415380 8.969000
v 43.536980 7.426340 8.731500
v 43.556778 7.426340 8.474200
v 43.556778 4.536260 8.474200
v 43.556778 10.039280 5.782040
v 43.556778 10.415380 8.474200
v 43.556778 12.869980 5.782040
v 43.556778 4.417490 8.474200
v 43.536980 4.417490 8.731500
v 43.556778 1.586800 8.474200
v 43.556778 1.428440 8.474200
v 43.536980 1.428440 8.731500
v 43.556778 -1.362658 8.474200
v 43.556778 -1.560610 8.474200
v 43.556778 -4.312120 8.474200
v 43.556778 -4.549660 8.474200
v 43.536980 -1.560610 8.731500
v 43.536980 -4.549660 8.731500
v 43.556778 -7.281370 8.474200
v 43.556778 -7.558500 8.474200
v 43.536980 -7.558500 8.731500
v 43.556778 -10.230830 8.474200
v 43.556778 -10.547521 8.474200
v 43.556778 -12.645821 5.782040
v 43.556778 -13.180320 8.474200
v 43.556778 -14.526320 8.731500
v 43.437981 -13.180320 8.969000
v 43.437981 -14.526320 9.246200
v 43.556778 -14.724320 8.810700
v 43.437981 -15.654620 10.097400
v 43.556778 -16.030819 9.780600
v 43.437981 -16.446421 12.255000
v 43.556778 -16.901720 11.681000
v 43.536980 -16.703819 12.255000
v 43.556778 -16.961119 12.255000
v 43.556778 -19.296919 11.760100
v 43.556778 -19.376120 14.749201
v 43.556778 -21.810919 14.749201
v 43.556778 -21.810919 15.244101
v 43.437981 -22.286018 15.244101
v 43.556778 -21.810919 12.255000
v 43.437981 -22.286018 13.601101
v 42.824379 -23.354919 13.601101
v 42.824379 -23.354919 12.255000
v 42.646179 -23.533119 15.244101
v 42.646179 -23.533119 12.255000
v 42.408680 -23.592520 15.244101
v 42.408680 -23.592520 13.601101
v 42.408680 -23.592520 12.255000
v 38.924778 -23.691420 10.909000
v 38.073578 -23.711220 13.779200
v 38.073578 -22.226620 13.779200
v 37.242180 -22.246420 16.649500
v 41.775181 -22.127619 16.233801
v 37.044178 -22.246420 17.302799
v 37.004581 -22.246420 17.520500
v 36.984779 -22.246420 17.757999
v 41.775181 -22.127619 18.886400
v 36.984779 -22.246420 20.747101
v 41.775181 -22.127619 21.538900
v 36.984779 -22.246420 23.736099
v 41.775181 -22.127619 24.191401
v 36.984779 -22.246420 26.725201
v 41.775181 -22.127619 26.844000
v 36.984779 -22.246420 29.714201
v 41.775181 -22.127619 29.496500
v 42.072178 -21.613020 28.190001
v 42.072178 -21.613020 26.685600
v 42.072178 -21.613020 25.201000
v 42.072178 -21.415020 25.458300
v 42.072178 -21.415020 25.201000
v 42.072178 -21.415020 25.082201
v 42.072178 -21.415020 23.835100
v 42.072178 -21.613020 23.696501
v 42.072178 -21.415020 23.577801
v 42.072178 -21.415020 22.469299
v 42.072178 -21.613020 22.192101
v 42.072178 -21.415020 22.192101
v 42.072178 -21.415020 22.073400
v 42.072178 -21.415020 20.865900
v 42.072178 -21.613020 20.707500
v 42.072178 -21.415020 20.588699
v 42.072178 -21.415020 19.539600
v 42.072178 -21.613020 19.203100
v 42.072178 -21.415020 19.203100
v 42.072178 -21.415020 19.084301
v 42.072178 -21.415020 17.876801
v 42.072178 -21.613020 17.718401
v 42.072178 -21.415020 17.599701
v 42.072178 -21.415020 16.550501
v 42.072178 -21.613020 16.214001
v 42.072178 -21.415020 16.214001
v 42.072178 -21.415020 16.095301
v 42.072178 -21.415020 14.848200
v 42.072178 -21.613020 14.709600
v 42.072178 -21.415020 14.590799
v 42.072178 -21.415020 13.482300
v 42.072178 -21.613020 13.225000
v 42.072178 -21.415020 13.225000
v 42.072178 -21.415020 13.106199
v 42.072178 -21.415020 11.859100
v 42.072178 -21.613020 11.720600
v 42.072178 -21.415020 11.601800
v 42.072178 -21.415020 10.493300
v 42.072178 -21.613020 10.216100
v 42.072178 -21.415020 10.216100
v 42.072178 -21.415020 10.097400
v 42.072178 -21.415020 8.612700
v 42.072178 -21.415020 8.414800
v 42.072178 -21.613020 8.276200
v 42.072178 -21.415020 8.375200
v 42.072178 -21.454618 7.128100
v 41.775181 -22.127619 8.276200
v 41.775181 -21.791119 6.534250
v 42.072178 -20.445019 5.425730
v 41.775181 -20.801420 5.069420
v 41.062580 -21.731720 6.375890
v 41.161579 -21.870319 6.712410
v 41.102180 -21.949520 6.989540
v 40.963680 -22.028719 7.207300
v 40.468781 -22.127619 6.633230
v 40.468781 -22.088018 7.425000
v 38.984081 -22.206820 8.177200
v 39.993679 -22.048420 7.187500
v 39.874878 -21.989119 6.949950
v 39.815479 -21.909920 6.712410
v 38.984081 -21.850519 6.514460
v 39.914478 -21.751520 6.356100
v 40.171780 -21.632820 6.118560
v 38.984081 -20.979519 5.168400
v 40.488579 -21.573420 6.039380
v 38.984081 -20.840919 5.010030
v 41.775181 -19.316719 4.079670
v 38.984081 -19.356319 4.020280
v 41.775181 -17.574820 3.743150
v 38.984081 -17.574820 3.663970
v 41.775181 -14.625320 3.743150
v 42.072178 -14.625320 4.238030
v 42.072178 -17.574820 4.238030
v 42.072178 -14.684720 4.435980
v 42.072178 -14.546121 4.435980
v 41.775181 -14.546121 3.941100
v 41.775181 -11.616520 3.941100
v 42.072178 -14.506520 4.435980
v 42.072178 -11.755020 4.435980
v 42.072178 -11.675820 4.238030
v 42.072178 -11.616520 4.435980
v 42.072178 -11.557120 4.435980
v 42.072178 -8.805591 4.435980
v 42.072178 -8.726410 4.238030
v 41.775181 -11.675820 3.743150
v 41.775181 -8.726410 3.743150
v 38.984081 -11.675820 3.663970
v 38.984081 -14.625320 3.663970
v 38.984081 -12.428121 2.278320
v 38.984081 -15.219220 2.278320
v 40.468781 -15.100420 2.238730
v 40.468781 -17.871719 2.218940
v 38.984081 -17.990519 2.199140
v 39.736382 -17.931120 2.199140
v 43.061878 -18.327019 2.337710
v 43.022278 -18.683319 2.377290
v 38.984081 -20.029419 2.694020
v 42.764980 -20.623219 3.089920
v 38.984081 -21.771318 3.842130
v 39.241478 -21.771318 3.842130
v 39.498779 -22.761120 3.822330
v 39.498779 -21.771318 3.861920
v 39.815479 -21.870319 3.960900
v 39.736382 -22.741320 3.901510
v 39.914478 -22.681919 4.059870
v 39.934280 -21.989119 4.099460
v 39.973881 -22.147419 4.257820
v 39.973881 -22.602718 4.297420
v 39.835281 -23.414320 4.515160
v 39.973881 -22.701719 4.337000
v 39.973881 -23.117420 4.713110
v 39.835281 -24.463419 7.405200
v 39.498779 -24.621819 7.385400
v 39.498779 -24.245720 5.861220
v 39.498779 -23.533119 4.435980
v 38.984081 -23.552919 4.435980
v 38.984081 -22.761120 3.822330
v 38.984081 -23.968618 5.168400
v 38.984081 -24.265520 5.841430
v 38.984081 -24.522820 8.197001
v 38.984081 -22.206820 8.276200
v 38.984081 -23.691420 8.969000
v 38.984081 -22.206820 10.513100
v 38.984081 -23.691420 10.513100
v 38.964279 -23.691420 10.711000
v 38.964279 -22.206820 10.711000
v 38.924778 -22.206820 10.909000
v 41.775181 -22.127619 10.928700
v 41.775181 -22.127619 13.581301
v 42.408680 -23.592520 10.928700
v 42.408680 -23.592520 9.266000
v 42.646179 -23.533119 9.266000
v 42.646179 -23.533119 8.276200
v 42.824379 -23.354919 8.276200
v 42.824379 -23.354919 9.266000
v 43.437981 -22.286018 9.266000
v 43.437981 -22.286018 10.928700
v 43.556778 -21.810919 9.266000
v 43.437981 -22.286018 12.255000
v 42.824379 -23.354919 10.928700
v 43.556778 -21.810919 11.760100
v 43.556778 -19.376120 8.771100
v 43.556778 -16.941319 8.771100
v 43.556778 -21.217119 5.742450
v 43.556778 -21.810919 8.771100
v 43.556778 -21.533819 6.514460
v 43.437981 -21.316019 4.930860
v 43.556778 -20.722219 4.911060
v 43.437981 -20.167919 3.604590
v 43.556778 -19.455318 3.644180
v 43.437981 -18.703119 2.654430
v 43.517181 -18.327019 2.674220
v 43.556778 -17.891520 2.733610
v 43.398380 -17.891520 2.416890
v 43.259880 -18.703119 2.456480
v 43.180679 -20.524220 3.347250
v 43.081680 -17.891520 2.298120
v 42.982681 -22.008919 4.614140
v 43.437981 -22.048420 6.534250
v 42.863979 -22.998619 6.276920
v 43.437981 -22.286018 8.276200
v 42.448280 -23.216419 6.177940
v 42.566978 -22.187019 4.416180
v 39.973881 -23.275719 6.138350
v 42.408680 -23.592520 8.276200
v 39.973881 -23.651819 8.276200
v 39.973881 -24.126919 7.464600
v 39.973881 -24.028019 7.999100
v 39.914478 -24.206120 8.216800
v 39.934280 -23.651819 8.652300
v 39.835281 -23.671619 8.810700
v 39.736382 -24.364519 8.315800
v 39.498779 -24.423920 8.335600
v 39.498779 -23.671619 8.969000
v 39.241478 -23.671619 8.969000
v 38.984081 -24.423920 8.355400
v 38.984081 -24.621819 7.385400
v 39.973881 -23.651819 8.414800
v 39.973881 -23.770618 6.019580
v 43.536980 -22.068220 8.276200
v 43.556778 -21.810919 8.276200
v 41.161579 -17.871719 2.238730
v 41.458481 -17.792519 2.238730
v 41.696079 -17.574820 2.238730
v 41.359478 -17.614420 2.159550
v 41.161579 -17.653919 2.139760
v 41.181381 -17.535219 1.922010
v 41.300179 -17.515419 1.941800
v 41.498081 -17.475819 2.159550
v 41.418880 -17.357019 1.961600
v 41.537682 -17.297619 2.159550
v 41.478279 -15.417120 2.100170
v 41.418880 -15.417120 1.961600
v 41.478279 -12.408320 2.100170
v 41.616879 -12.408320 2.199140
v 41.616879 -15.417120 2.199140
v 41.755379 -12.408320 2.258530
v 41.755379 -14.387820 2.258530
v 41.755379 -15.417120 2.258530
v 41.755379 -17.297619 2.258530
v 41.735680 -17.456018 2.258530
v 43.061878 -12.388520 2.278320
v 41.755379 -11.497720 2.258530
v 43.002480 -12.032220 2.278320
v 42.745178 -9.577590 2.337710
v 42.507679 -9.617190 2.278320
v 42.428478 -9.142100 2.258530
v 41.755379 -9.419230 2.258530
v 41.616879 -9.419230 2.199140
v 41.755379 -8.587840 2.258530
v 41.755379 -6.430190 2.258530
v 41.616879 -6.430190 2.199140
v 41.755379 -5.697770 2.258530
v 41.755379 -3.441140 2.258530
v 41.616879 -3.441140 2.199140
v 41.755379 -2.787900 2.258530
v 41.755379 -0.432291 2.258530
v 41.616879 -0.432291 2.199140
v 41.755379 0.121970 2.258530
v 41.755379 2.556760 2.258530
v 41.616879 2.556760 2.199140
v 41.755379 3.012040 2.258530
v 41.755379 5.545810 2.258530
v 41.616879 5.545810 2.199140
v 41.755379 5.921910 2.258530
v 41.755379 8.534860 2.258530
v 41.616879 8.534860 2.199140
v 41.755379 8.811990 2.258530
v 41.755379 11.543680 2.258530
v 41.478279 8.534860 2.100170
v 41.478279 11.543680 2.100170
v 41.418880 8.534860 1.961600
v 41.418880 5.921910 1.961600
v 41.319881 8.673420 1.189590
v 41.418880 8.811990 1.961600
v 41.319881 11.523880 1.189590
v 41.418880 11.543680 1.961600
v 41.319881 14.394179 1.189590
v 41.418880 11.721880 1.961600
v 41.478279 14.532780 2.100170
v 41.418880 14.532780 1.961600
v 41.418880 17.581181 1.961600
v 41.498081 17.699980 2.159550
v 41.359478 17.838480 2.159550
v 41.458481 18.016682 2.238730
v 41.161579 17.878080 2.139760
v 41.161579 18.095881 2.238730
v 43.081680 18.115681 2.298120
v 39.736382 18.155281 2.199140
v 38.984081 18.234381 2.199140
v 43.061878 18.551180 2.337710
v 38.984081 20.253481 2.694020
v 38.984081 19.580481 4.020280
v 38.984081 21.065081 5.010030
v 41.775181 21.025480 5.069420
v 41.775181 19.540880 4.079670
v 38.984081 17.798981 3.663970
v 41.775181 17.798981 3.743150
v 42.072178 19.342981 4.554750
v 42.072178 20.669180 5.425730
v 42.072178 20.510881 5.603890
v 42.072178 21.065081 6.455070
v 41.775181 21.817280 6.672820
v 42.072178 21.342281 6.890560
v 42.072178 21.678782 7.128100
v 42.072178 21.401581 7.147900
v 42.072178 21.460981 7.405200
v 42.072178 21.639181 8.375200
v 42.072178 21.639181 8.612700
v 42.072178 21.639181 10.097400
v 42.072178 21.639181 10.216100
v 42.072178 21.837080 10.216100
v 42.072178 21.639181 11.601800
v 42.072178 21.837080 11.720600
v 42.072178 21.639181 12.987400
v 42.072178 21.837080 13.225000
v 42.072178 21.639181 13.106199
v 42.072178 21.639181 13.225000
v 42.072178 21.639181 14.590799
v 42.072178 21.837080 14.709600
v 42.072178 21.639181 15.936899
v 42.072178 21.837080 16.214001
v 42.072178 21.639181 16.095301
v 42.072178 21.639181 16.214001
v 42.072178 21.639181 17.579901
v 42.072178 21.837080 17.718401
v 42.072178 21.639181 17.599701
v 42.072178 21.639181 18.945700
v 42.072178 21.837080 19.203100
v 42.072178 21.639181 19.084301
v 42.072178 21.639181 19.203100
v 42.072178 21.639181 20.549101
v 42.072178 21.837080 20.707500
v 42.072178 21.639181 20.588699
v 42.072178 21.639181 21.875401
v 42.072178 21.837080 22.192101
v 42.072178 21.639181 22.073400
v 42.072178 21.639181 22.192101
v 42.072178 21.639181 23.538200
v 42.072178 21.837080 23.696501
v 42.072178 21.639181 23.577801
v 42.072178 21.639181 24.864500
v 42.072178 21.837080 25.201000
v 42.072178 21.639181 25.082201
v 42.072178 21.639181 25.201000
v 42.072178 21.639181 26.566799
v 42.072178 21.837080 26.685600
v 42.072178 21.639181 27.912901
v 42.072178 21.837080 28.190001
v 42.072178 21.639181 28.190001
v 42.072178 21.639181 29.357901
v 42.072178 21.837080 29.456900
v 42.072178 21.639181 29.456900
v 43.061878 19.659681 29.377699
v 43.061878 22.054880 29.377699
v 43.061878 22.054880 29.120401
v 43.042080 22.292381 29.120401
v 43.042080 22.292381 29.377699
v 42.943081 22.529982 29.120401
v 42.943081 22.529982 29.397501
v 42.329479 23.579081 29.120401
v 42.329479 23.579081 29.437101
v 42.151379 23.757280 29.120401
v 42.151379 23.757280 29.456900
v 41.913780 23.836380 29.120401
v 42.250278 23.757280 28.308800
v 41.933578 23.836380 28.704700
v 36.984779 23.955181 29.714201
v 41.913780 23.836380 29.476702
v 41.022980 23.856180 29.555899
v 41.022980 22.371580 29.555899
v 40.488579 23.875980 29.753801
v 40.488579 22.391380 29.753801
v 40.112480 23.875980 30.189299
v 37.598480 23.955181 30.961302
v 37.598480 22.470581 30.961302
v 36.984779 22.470581 29.714201
v 40.033279 22.391380 30.387300
v 40.112480 22.391380 30.189299
v 40.033279 23.875980 30.387300
v 38.944580 23.915581 31.258200
v 38.944580 22.430981 31.258200
v 36.984779 23.955181 26.725201
v 36.984779 22.470581 26.725201
v 36.984779 23.955181 23.736099
v 36.984779 22.470581 23.736099
v 36.984779 23.955181 20.747101
v 36.984779 22.470581 20.747101
v 36.984779 23.955181 17.757999
v 36.984779 22.470581 17.757999
v 37.004581 23.955181 17.520500
v 37.004581 22.470581 17.520500
v 37.044178 23.955181 17.302799
v 37.044178 22.470581 17.302799
v 37.242180 23.955181 16.649500
v 37.242180 22.470581 16.649500
v 38.073578 23.935381 13.779200
v 38.073578 22.450781 13.779200
v 38.924778 23.915581 10.909000
v 38.924778 22.430981 10.909000
v 38.964279 23.915581 10.711000
v 38.964279 22.430981 10.711000
v 38.984081 23.915581 10.513100
v 38.984081 22.430981 10.513100
v 38.984081 22.430981 8.276200
v 38.984081 22.430981 8.177200
v 38.984081 23.915581 8.969000
v 38.984081 24.647982 8.355400
v 38.984081 24.746981 8.197001
v 38.984081 24.192680 5.168400
v 38.984081 22.074680 6.514460
v 38.984081 21.203680 5.168400
v 38.984081 21.995481 3.842130
v 42.764980 20.847382 3.089920
v 43.022278 18.907480 2.377290
v 43.259880 18.927280 2.456480
v 43.437981 18.927280 2.654430
v 43.398380 18.115681 2.416890
v 43.517181 18.551180 2.674220
v 43.556778 19.679482 3.644180
v 43.437981 20.392080 3.604590
v 43.556778 20.946381 4.911060
v 43.437981 21.540180 4.930860
v 43.556778 21.441181 5.742450
v 43.437981 22.272581 6.534250
v 43.556778 21.757980 6.514460
v 43.437981 22.510181 8.276200
v 43.536980 22.292381 8.276200
v 43.556778 22.035080 8.276200
v 43.556778 19.600281 8.771100
v 43.556778 22.035080 8.771100
v 43.556778 19.521080 11.760100
v 43.556778 17.125881 11.681000
v 43.556778 16.254881 9.780600
v 43.437981 15.878779 10.097400
v 43.556778 14.948480 8.810700
v 43.437981 14.750480 9.246200
v 42.863979 14.968280 10.651600
v 42.844181 15.463079 11.364200
v 43.437981 16.670580 12.255000
v 42.824379 15.641280 12.255000
v 43.437981 16.670580 14.749201
v 43.536980 16.927980 12.255000
v 43.437981 16.670580 17.243401
v 42.824379 15.641280 14.768999
v 42.982681 15.898580 17.203800
v 42.903580 15.760079 17.203800
v 42.824379 15.641280 17.263201
v 42.665981 15.463079 17.421499
v 42.646179 15.463079 12.255000
v 42.408680 15.383980 17.639299
v 42.408680 15.383980 14.966900
v 42.408680 15.383980 12.255000
v 39.973881 15.324580 12.393600
v 38.726780 15.086980 11.601800
v 38.469479 15.284980 12.472800
v 38.924778 16.393480 10.909000
v 38.924778 14.572380 10.909000
v 38.964279 16.294481 10.730800
v 41.794979 15.839179 9.879601
v 38.687180 16.670580 11.700800
v 38.449680 16.769581 12.532100
v 41.775181 16.848782 12.354000
v 42.072178 16.195581 9.523300
v 42.072178 13.364880 8.355400
v 41.794979 13.364880 8.850300
v 38.984081 14.928679 9.404500
v 38.984081 16.175781 10.513100
v 38.984081 13.820180 10.513100
v 38.964279 14.235780 10.691200
v 42.448280 14.790080 10.829800
v 38.984081 13.562779 10.473500
v 42.448280 13.384680 10.275500
v 38.984081 13.305480 10.453700
v 40.924080 11.325980 10.354700
v 38.984081 10.375780 10.453700
v 38.984081 13.285680 9.008600
v 38.984081 10.355980 9.008600
v 41.794979 10.415380 8.850300
v 41.794979 7.485720 8.850300
v 38.984081 7.426340 9.008600
v 41.794979 4.536260 8.850300
v 38.984081 4.496670 9.008600
v 41.794979 1.586800 8.850300
v 38.984081 1.567010 9.008600
v 41.794979 -1.362658 8.850300
v 38.984081 -1.362658 9.008600
v 38.984081 -4.272530 9.008600
v 41.794979 -4.312120 8.850300
v 38.984081 -7.202190 9.008600
v 41.794979 -7.261580 8.850300
v 38.984081 -10.131860 9.008600
v 41.794979 -10.191240 8.850300
v 38.984081 -13.061521 9.008600
v 41.794979 -13.140720 8.850300
v 41.794979 -15.615120 9.879601
v 38.984081 -14.704520 9.404500
v 38.984081 -15.951620 10.513100
v 41.775181 -16.624619 12.354000
v 38.964279 -16.070320 10.730800
v 38.924778 -16.169319 10.909000
v 38.964279 -14.011721 10.691200
v 38.924778 -14.348220 10.909000
v 42.448280 -13.160521 10.275500
v 38.984081 -13.596021 10.513100
v 38.984081 -13.338620 10.473500
v 38.984081 -13.081320 10.453700
v 42.448280 -10.211030 10.275500
v 42.685780 -13.160521 10.196301
v 42.685780 -10.171451 10.196301
v 42.863979 -13.160521 10.018200
v 42.448280 -14.565920 10.829800
v 42.863979 -14.744121 10.651600
v 43.437981 -10.547521 8.969000
v 43.437981 -10.230830 8.969000
v 43.536980 -10.547521 8.731500
v 43.536980 -13.180320 8.731500
v 43.437981 -7.558500 8.969000
v 42.863979 -10.211030 10.018200
v 43.437981 -7.261580 8.969000
v 43.437981 -4.549660 8.969000
v 42.863979 -7.261580 10.018200
v 43.437981 -4.312120 8.969000
v 43.437981 -1.560610 8.969000
v 42.863979 -4.312120 10.018200
v 42.863979 -4.193350 10.018200
v 42.685780 -4.193350 10.196301
v 42.685780 -1.204298 10.196301
v 42.448280 -1.204298 10.275500
v 42.448280 -1.362658 10.275500
v 38.984081 -1.362658 10.453700
v 38.984081 -4.292320 10.453700
v 42.448280 -4.193350 10.275500
v 42.448280 -4.312120 10.275500
v 42.685780 -7.182400 10.196301
v 42.448280 -7.261580 10.275500
v 38.984081 -7.221990 10.453700
v 39.835281 -9.241080 10.414100
v 40.924080 -8.607640 10.354700
v 41.992981 -9.241080 10.295300
v 41.992981 -10.488120 10.295300
v 41.359478 -9.617190 10.334900
v 40.924080 -9.359850 10.354700
v 40.488579 -9.617190 10.374500
v 40.488579 -10.112061 10.374500
v 40.924080 -11.101820 10.354700
v 40.924080 -10.349600 10.354700
v 41.359478 -10.112061 10.334900
v 39.835281 -10.488120 10.414100
v 38.984081 -10.151650 10.453700
v 38.984081 1.586800 10.453700
v 42.448280 1.586800 10.275500
v 42.448280 1.804550 10.275500
v 42.685780 1.804550 10.196301
v 42.863979 -1.204298 10.018200
v 42.863979 -1.362658 10.018200
v 43.437981 1.428440 8.969000
v 42.863979 1.586800 10.018200
v 43.437981 1.586800 8.969000
v 42.863979 1.804550 10.018200
v 43.437981 4.417490 8.969000
v 42.863979 4.536260 10.018200
v 43.437981 4.536260 8.969000
v 42.863979 4.793600 10.018200
v 43.437981 7.426340 8.969000
v 42.863979 7.485720 10.018200
v 42.863979 7.782650 10.018200
v 42.685780 7.782650 10.196301
v 42.685780 10.771680 10.196301
v 42.448280 10.771680 10.275500
v 42.448280 10.435180 10.275500
v 41.992981 10.712279 10.295300
v 41.992981 9.465230 10.295300
v 41.359478 10.336180 10.334900
v 40.924080 10.573780 10.354700
v 39.835281 10.712279 10.414100
v 40.488579 10.336180 10.374500
v 40.488579 9.841280 10.374500
v 41.359478 9.841280 10.334900
v 40.924080 9.583980 10.354700
v 40.924080 8.831779 10.354700
v 42.448280 7.782650 10.275500
v 38.984081 7.446130 10.453700
v 42.448280 7.485720 10.275500
v 42.685780 4.793600 10.196301
v 42.448280 4.793600 10.275500
v 42.448280 4.536260 10.275500
v 38.984081 4.516470 10.453700
v 39.835281 9.465230 10.414100
v 42.685780 13.384680 10.196301
v 42.863979 10.771680 10.018200
v 42.863979 10.435180 10.018200
v 42.863979 13.384680 10.018200
v 43.437981 -1.362658 8.969000
v 42.844181 -15.239020 11.364200
v 42.824379 -15.417120 12.255000
v 42.448280 -15.001420 11.463200
v 42.646179 -15.239020 12.255000
v 42.408680 -15.159821 12.255000
v 42.665981 -15.239020 17.421499
v 42.408680 -15.159821 14.966900
v 42.408680 -15.159821 17.639299
v 43.596378 -15.337920 17.401701
v 42.962879 -15.179620 17.698700
v 43.556778 -15.199420 17.757999
v 44.249580 -15.337920 17.461100
v 44.269379 -15.694221 17.302799
v 43.596378 -15.694221 17.263201
v 42.824379 -15.417120 17.263201
v 42.903580 -15.535920 17.203800
v 42.982681 -15.674420 17.203800
v 42.824379 -15.417120 14.768999
v 43.437981 -16.446421 14.749201
v 43.437981 -16.446421 17.243401
v 43.536980 -16.703819 17.243401
v 44.269379 -17.198719 17.302799
v 43.556778 -16.961119 17.243401
v 44.269379 -18.703119 17.302799
v 43.556778 -18.722919 17.243401
v 44.269379 -19.059420 17.461100
v 44.962181 -19.039619 17.579901
v 44.962181 -18.881220 17.480900
v 44.605881 -18.703119 17.362101
v 44.922680 -18.703119 17.421499
v 46.525978 -18.307219 18.272699
v 47.594978 -18.030119 19.757299
v 47.436581 -18.544720 19.876101
v 48.545181 -18.287418 22.687000
v 47.951279 -18.663519 22.924500
v 47.535580 -18.722919 21.657700
v 46.981281 -18.821918 20.054300
v 46.229080 -18.960419 18.787399
v 44.902779 -19.198019 17.936199
v 44.902779 -19.198019 20.034500
v 43.556778 -19.237619 19.915701
v 43.556778 -19.237619 20.747101
v 43.556778 -21.810919 20.747101
v 43.556778 -19.237619 17.757999
v 43.556778 -21.810919 18.252899
v 43.437981 -22.286018 21.242001
v 43.437981 -22.286018 18.906099
v 42.824379 -23.354919 18.906099
v 42.824379 -23.354919 18.252899
v 42.646179 -23.533119 21.242001
v 42.646179 -23.533119 18.252899
v 42.408680 -23.592520 21.242001
v 42.408680 -23.592520 18.906099
v 42.408680 -23.592520 18.252899
v 36.984779 -23.731020 17.757999
v 36.984779 -23.731020 20.747101
v 37.004581 -23.731020 17.520500
v 37.044178 -23.731020 17.302799
v 37.242180 -23.731020 16.649500
v 42.408680 -23.592520 16.253599
v 42.824379 -23.354919 15.244101
v 42.824379 -23.354919 16.253599
v 43.437981 -22.286018 16.253599
v 43.437981 -22.286018 18.252899
v 43.556778 -21.810919 17.757999
v 42.408680 -23.592520 21.558701
v 36.984779 -23.731020 23.736099
v 42.408680 -23.592520 24.231001
v 42.646179 -23.533119 24.231001
v 42.824379 -23.354919 21.242001
v 42.824379 -23.354919 21.578501
v 43.437981 -22.286018 21.578501
v 43.437981 -22.286018 24.231001
v 43.536980 -22.068220 24.231001
v 43.398380 -22.286018 26.883499
v 42.824379 -23.354919 24.231001
v 42.784779 -23.354919 26.883499
v 43.378578 -22.286018 27.140900
v 43.477581 -22.068220 26.883499
v 43.319279 -22.286018 27.378401
v 42.764980 -23.354919 27.061701
v 42.725380 -23.354919 27.220100
v 42.566978 -23.533119 27.180500
v 42.250278 -23.533119 28.308800
v 42.032581 -23.612320 28.249399
v 42.329479 -23.592520 27.121099
v 42.606579 -23.533119 26.883499
v 42.349281 -23.592520 27.002300
v 42.369080 -23.592520 26.863800
v 36.984779 -23.731020 26.725201
v 41.933578 -23.612320 28.704700
v 41.913780 -23.612320 29.120401
v 41.913780 -23.612320 29.476702
v 41.022980 -23.632019 29.555899
v 42.151379 -23.533119 29.456900
v 42.329479 -23.354919 29.437101
v 42.943081 -22.305819 29.397501
v 41.022980 -22.147419 29.555899
v 40.488579 -22.167219 29.753801
v 40.488579 -23.651819 29.753801
v 40.112480 -22.167219 30.189299
v 40.112480 -23.651819 30.189299
v 36.984779 -23.731020 29.714201
v 40.033279 -23.651819 30.387300
v 37.598480 -23.731020 30.961302
v 37.598480 -22.246420 30.961302
v 38.944580 -23.691420 31.258200
v 38.944580 -22.206820 31.258200
v 40.033279 -22.167219 30.387300
v 43.042080 -22.068220 29.377699
v 43.061878 -21.830719 29.377699
v 42.072178 -21.613020 29.456900
v 43.061878 -19.435520 29.377699
v 43.061878 -19.435520 29.120401
v 43.061878 -17.040319 29.377699
v 43.061878 -17.020519 29.120401
v 43.022278 -16.763220 29.120401
v 43.101479 -16.763220 28.546301
v 43.081680 -17.020519 28.823500
v 43.141079 -17.020519 28.546301
v 43.418179 -16.743420 27.417999
v 43.437981 -17.000719 27.417999
v 43.477581 -16.743420 26.903299
v 43.497379 -17.000719 27.160700
v 43.517181 -17.000719 26.883499
v 43.536980 -16.703819 24.231001
v 43.437981 -16.446421 24.231001
v 43.378578 -16.505819 26.903299
v 42.784779 -15.456720 26.903299
v 42.764980 -15.456720 27.081499
v 43.358780 -16.505819 27.140900
v 43.319279 -16.505819 27.398201
v 42.725380 -15.456720 27.239901
v 43.022278 -16.525620 28.526501
v 42.428478 -15.476521 28.368200
v 42.349281 -15.476521 28.783899
v 42.943081 -16.525620 28.823500
v 42.923378 -16.525620 29.120401
v 43.022278 -16.763220 29.377699
v 42.923378 -16.525620 29.397501
v 41.775181 -16.624619 29.496500
v 42.072178 -17.139318 29.456900
v 42.072178 -17.337219 29.456900
v 42.072178 -17.337219 29.357901
v 42.072178 -17.139318 28.190001
v 42.072178 -17.337219 28.190001
v 42.072178 -17.337219 27.912901
v 42.072178 -17.139318 26.685600
v 42.072178 -17.337219 26.566799
v 42.072178 -17.139318 25.201000
v 42.072178 -17.337219 25.201000
v 42.072178 -17.337219 25.082201
v 42.072178 -17.337219 24.725901
v 42.072178 -17.139318 23.241301
v 42.072178 -17.337219 23.577801
v 42.072178 -17.337219 23.241301
v 44.843479 -16.783020 23.162100
v 42.072178 -17.990519 23.241301
v 44.843479 -17.832119 23.162100
v 42.072178 -17.990519 22.548401
v 42.072178 -17.990519 22.192101
v 42.072178 -17.337219 20.588699
v 42.072178 -17.337219 22.073400
v 41.775181 -16.822618 20.628300
v 41.775181 -16.822618 23.617399
v 36.826481 -16.703819 20.747101
v 36.826481 -16.703819 23.736099
v 41.775181 -16.822618 26.606400
v 36.826481 -16.703819 26.725201
v 37.717281 -16.723619 28.209801
v 39.459179 -16.763220 28.209801
v 41.775181 -16.822618 29.595499
v 40.330181 -16.783020 29.714201
v 41.082378 -16.802820 29.654902
v 40.607281 -16.802820 29.832998
v 40.290581 -16.783020 30.090300
v 40.270779 -16.783020 30.228899
v 40.151981 -16.783020 30.446600
v 40.270779 -15.100420 30.228899
v 40.607281 -15.120220 29.832998
v 41.577278 -15.140020 29.615301
v 41.082378 -15.120220 29.654902
v 41.992981 -15.159821 29.575701
v 41.913780 -15.140020 30.466398
v 41.557480 -15.140020 30.486200
v 41.913780 -15.219220 30.605001
v 42.032581 -15.239020 30.605001
v 42.131481 -15.278521 30.585199
v 41.973179 -15.575521 30.763399
v 42.329479 -15.417120 30.545599
v 42.171082 -15.219220 30.466398
v 42.230480 -15.258720 29.575701
v 42.329479 -15.397320 29.575701
v 42.943081 -16.466219 29.595499
v 43.042080 -16.703819 29.595499
v 43.061878 -16.941319 29.595499
v 42.072178 -17.337219 29.555899
v 43.061878 -19.376120 29.595499
v 42.072178 -19.376120 29.555899
v 43.061878 -21.810919 29.595499
v 42.072178 -21.415020 29.555899
v 43.042080 -22.068220 29.595499
v 43.022278 -22.068220 30.446600
v 43.061878 -21.810919 30.446600
v 42.923378 -22.286018 30.525801
v 43.002480 -21.810919 30.585199
v 42.962879 -22.048420 30.585199
v 42.626381 -22.127619 30.743601
v 42.072178 -23.196619 30.743601
v 42.329479 -23.354919 30.545599
v 42.943081 -22.305819 29.595499
v 42.329479 -23.354919 29.575701
v 42.230480 -23.493519 29.575701
v 42.072178 -23.572720 29.555899
v 42.151379 -23.533119 30.466398
v 41.913780 -23.592520 30.545599
v 41.913780 -23.612320 29.575701
v 41.082378 -21.949520 29.654902
v 41.775181 -21.929720 29.595499
v 39.459179 -21.989119 28.209801
v 41.775181 -21.929720 26.942900
v 42.072178 -21.415020 29.456900
v 42.072178 -21.355619 29.456900
v 42.072178 -19.376120 29.456900
v 42.072178 -21.415020 28.308800
v 42.072178 -21.415020 28.190001
v 42.072178 -21.415020 26.824200
v 42.072178 -21.415020 26.566799
v 41.775181 -21.929720 24.290400
v 36.826481 -22.048420 26.725201
v 36.826481 -22.048420 23.736099
v 36.826481 -23.750820 23.736099
v 36.826481 -23.750820 20.747101
v 35.599178 -23.770618 20.747101
v 35.599178 -23.770618 23.736099
v 35.599178 -20.979519 22.370300
v 35.599178 -20.979519 19.638599
v 35.599178 -21.632820 19.638599
v 35.599178 -21.632820 17.757999
v 35.599178 -23.770618 17.757999
v 35.618980 -21.613020 17.322500
v 35.618980 -23.770618 17.322500
v 35.717979 -21.593220 16.906900
v 35.717979 -23.770618 16.906900
v 36.905678 -23.731020 17.263201
v 35.896080 -23.770618 16.273399
v 37.539082 -23.731020 15.125299
v 36.905678 -22.048420 17.263201
v 37.539082 -22.048420 15.125299
v 38.014179 -22.028719 16.095301
v 41.775181 -21.929720 16.332800
v 39.597778 -21.989119 16.332800
v 40.330181 -21.969318 17.757999
v 41.775181 -21.929720 18.985300
v 39.459179 -21.989119 19.262501
v 41.775181 -21.929720 21.637899
v 37.717281 -22.028719 19.262501
v 36.826481 -22.048420 20.747101
v 36.826481 -22.048420 17.757999
v 36.826481 -23.750820 17.757999
v 36.846279 -23.750820 17.500700
v 36.826481 -21.335819 17.757999
v 37.341179 -21.217119 18.985300
v 37.083778 -21.276419 19.559401
v 37.083778 -20.939919 19.559401
v 38.588181 -20.900320 19.500000
v 40.587479 -20.840919 20.351200
v 40.587479 -20.840919 19.282301
v 39.815479 -20.860720 18.985300
v 40.330181 -20.860720 17.757999
v 40.587479 -20.840919 17.362101
v 40.587479 -20.840919 16.550501
v 40.825081 -20.781620 17.362101
v 40.825081 -20.781620 20.351200
v 41.003181 -20.583620 20.351200
v 41.003181 -20.583620 17.362101
v 40.825081 -20.781620 14.353300
v 41.003181 -20.583620 14.353300
v 40.825081 -20.781620 11.364200
v 41.003181 -20.583620 11.364200
v 40.924080 -20.702419 8.375200
v 40.587479 -20.840919 8.375200
v 40.587479 -20.840919 11.106900
v 40.587479 -20.840919 11.364200
v 36.747280 -20.939919 13.383301
v 40.587479 -20.840919 13.818800
v 36.014881 -20.959719 15.877501
v 40.587479 -20.840919 14.353300
v 38.588181 -20.900320 15.996300
v 39.815479 -20.860720 16.511000
v 36.014881 -21.533819 15.877501
v 36.747280 -23.750820 13.383301
v 35.896080 -21.553619 16.273399
v 37.341179 -21.217119 16.511000
v 37.578678 -23.731020 10.513100
v 38.152679 -23.711220 13.007200
v 38.588181 -23.691420 11.562200
v 38.152679 -22.028719 13.007200
v 41.775181 -21.929720 13.680300
v 41.775181 -21.929720 11.027700
v 38.786179 -22.008919 10.869400
v 38.825779 -22.008919 10.691200
v 38.825779 -22.008919 10.513100
v 38.825779 -22.008919 8.375200
v 41.775181 -21.929720 8.375200
v 38.825779 -22.008919 8.157400
v 38.825779 -23.691420 8.157400
v 38.825779 -23.691420 8.276200
v 37.578678 -23.711220 8.098100
v 37.578678 -23.453918 6.474870
v 38.825779 -23.216419 5.940400
v 37.578678 -22.761120 4.970450
v 38.825779 -22.800720 5.109010
v 37.578678 -21.929720 3.941100
v 38.825779 -21.909920 3.960900
v 37.578678 -19.930420 2.614840
v 38.825779 -19.930420 2.634630
v 37.578678 -17.574820 2.139760
v 38.825779 -17.574820 2.179350
v 37.578678 -14.625320 2.139760
v 38.825779 -14.625320 2.179350
v 37.578678 -11.675820 2.139760
v 38.825779 -11.675820 2.179350
v 37.578678 -8.726410 2.139760
v 38.825779 -8.726410 2.179350
v 37.578678 -5.776950 2.139760
v 38.825779 -5.776950 2.179350
v 37.578678 -2.827490 2.139760
v 38.825779 -2.827490 2.179350
v 37.578678 0.121970 2.139760
v 38.825779 0.121970 2.179350
v 37.578678 3.071430 2.139760
v 38.825779 3.071430 2.179350
v 37.578678 6.001090 2.139760
v 38.825779 6.001090 2.179350
v 37.578678 8.950560 2.139760
v 38.825779 8.950560 2.179350
v 37.578678 11.899980 2.139760
v 38.825779 11.899980 2.179350
v 37.578678 14.849480 2.139760
v 38.825779 14.849480 2.179350
v 37.578678 17.798981 2.139760
v 38.825779 17.798981 2.179350
v 37.578678 20.154581 2.614840
v 38.825779 20.154581 2.634630
v 37.578678 22.153881 3.941100
v 38.825779 22.134081 3.960900
v 37.578678 22.985281 4.970450
v 38.825779 23.024780 5.109010
v 37.578678 23.678082 6.474870
v 38.825779 23.440481 5.940400
v 37.578678 23.935381 8.098100
v 38.825779 23.915581 8.157400
v 37.578678 23.955181 8.276200
v 38.588181 23.915581 8.276200
v 38.825779 23.915581 8.276200
v 38.825779 22.232981 10.513100
v 38.825779 22.232981 8.375200
v 41.775181 22.153881 8.375200
v 38.825779 22.232981 10.691200
v 38.786179 22.232981 10.869400
v 41.775181 22.153881 11.027700
v 38.152679 22.252781 13.007200
v 41.775181 22.153881 13.680300
v 37.539082 22.272581 15.125299
v 38.014179 22.252781 16.095301
v 39.597778 22.213181 16.332800
v 41.775181 22.153881 16.332800
v 40.330181 22.193380 17.757999
v 41.775181 22.153881 18.985300
v 39.459179 22.213181 19.262501
v 36.826481 22.272581 20.747101
v 41.775181 22.153881 21.637899
v 36.826481 22.272581 23.736099
v 41.775181 22.153881 24.290400
v 36.826481 22.272581 26.725201
v 41.775181 22.153881 26.942900
v 37.717281 22.252781 28.209801
v 39.459179 22.213181 28.209801
v 41.775181 22.153881 29.595499
v 42.072178 21.639181 29.555899
v 42.072178 19.600281 29.555899
v 42.072178 19.679482 29.456900
v 42.072178 19.600281 29.456900
v 42.072178 17.561380 29.555899
v 42.072178 17.620781 29.456900
v 42.072178 17.561380 29.456900
v 42.072178 17.363482 29.456900
v 42.072178 17.561380 28.308800
v 42.072178 17.363482 28.190001
v 42.072178 17.561380 28.190001
v 42.072178 17.561380 26.824200
v 42.072178 17.363482 26.685600
v 42.072178 17.561380 26.566799
v 42.072178 17.561380 25.458300
v 42.072178 17.363482 25.201000
v 42.072178 17.561380 25.201000
v 42.072178 17.561380 25.082201
v 42.072178 17.561380 23.577801
v 42.072178 17.561380 23.399601
v 42.072178 17.363482 23.241301
v 42.072178 17.561380 23.241301
v 44.843479 18.056280 23.162100
v 42.072178 16.868580 23.241301
v 44.843479 17.007181 23.162100
v 42.072178 16.868580 20.747101
v 42.072178 16.868580 18.252899
v 36.984779 16.729980 20.747101
v 36.984779 16.729980 23.736099
v 41.775181 16.848782 23.241301
v 41.775181 16.848782 25.319700
v 36.984779 16.729980 26.725201
v 41.775181 16.848782 27.398201
v 36.984779 16.729980 29.714201
v 41.775181 16.848782 29.496500
v 41.022980 16.828981 29.555899
v 42.923378 16.749781 29.397501
v 43.022278 17.007181 29.377699
v 43.061878 17.264481 29.377699
v 43.061878 17.244680 29.120401
v 43.022278 16.987381 29.120401
v 43.081680 17.244680 28.823500
v 43.081680 22.054880 28.843300
v 43.061878 19.659681 29.120401
v 43.101479 22.292381 28.546301
v 43.141079 22.054880 28.546301
v 43.418179 22.292381 27.417999
v 43.437981 22.035080 27.417999
v 43.497379 22.035080 27.160700
v 43.517181 22.035080 26.883499
v 43.477581 22.292381 26.883499
v 43.536980 22.292381 24.231001
v 43.556778 22.035080 24.231001
v 43.437981 22.510181 23.241301
v 43.437981 22.510181 24.231001
v 42.824379 23.579081 24.231001
v 42.784779 23.579081 26.883499
v 42.646179 23.757280 24.231001
v 42.646179 23.757280 23.241301
v 42.408680 23.816580 23.241301
v 42.408680 23.816580 21.558701
v 42.408680 23.816580 24.231001
v 42.408680 23.816580 20.252199
v 42.408680 23.816580 18.906099
v 42.646179 23.757280 20.252199
v 42.408680 23.816580 17.263201
v 42.646179 23.757280 17.263201
v 42.408680 23.816580 16.253599
v 42.408680 23.816580 14.254299
v 42.646179 23.757280 14.254299
v 42.408680 23.816580 13.601101
v 42.408680 23.816580 11.265300
v 42.408680 23.816580 10.928700
v 42.646179 23.757280 11.265300
v 42.824379 23.579081 14.254299
v 42.824379 23.579081 13.601101
v 43.437981 22.510181 13.601101
v 43.437981 22.510181 11.265300
v 43.556778 22.035080 14.254299
v 43.556778 22.035080 11.760100
v 43.556778 19.600281 14.749201
v 43.556778 17.185280 14.749201
v 43.556778 17.185280 12.255000
v 43.536980 16.927980 17.243401
v 43.556778 17.185280 17.243401
v 44.269379 15.918380 17.302799
v 44.269379 17.422781 17.302799
v 43.556778 18.947081 17.243401
v 44.269379 18.927280 17.302799
v 43.556778 19.303381 17.401701
v 43.556778 19.461681 17.757999
v 44.269379 19.283581 17.461100
v 44.229778 19.441881 17.817400
v 44.407978 19.441881 17.857000
v 44.566280 19.422081 17.876801
v 44.744480 19.422081 17.916401
v 44.902779 19.422081 17.936199
v 44.962181 19.263781 17.579901
v 47.436581 18.768881 19.876101
v 46.229080 19.184580 18.787399
v 46.981281 19.045980 20.054300
v 48.545181 18.511581 22.687000
v 47.594978 18.254181 19.757299
v 48.248180 18.036480 21.301300
v 47.594978 16.611280 19.757299
v 48.248180 16.828981 21.301300
v 48.743080 17.838480 22.508801
v 48.743080 17.026880 22.508801
v 48.921280 17.779181 23.063101
v 48.921280 17.086281 23.063101
v 48.545181 16.353880 22.687000
v 48.980579 17.125881 23.617399
v 48.703480 16.393480 23.676800
v 48.030479 15.997581 23.637199
v 48.030479 15.997581 23.280800
v 47.951279 15.977780 22.924500
v 47.436581 16.096581 19.876101
v 47.535580 15.918380 21.657700
v 46.981281 15.819379 20.074100
v 44.744480 15.562079 17.540300
v 46.149879 15.661080 18.708200
v 44.704880 15.423480 17.876801
v 44.249580 15.562079 17.461100
v 44.467381 15.423480 17.837200
v 44.229778 15.423480 17.817400
v 43.596378 15.562079 17.401701
v 43.556778 15.423480 17.757999
v 42.962879 15.403780 17.698700
v 42.962879 15.403780 19.876101
v 39.973881 15.324580 18.312300
v 39.973881 15.324580 15.343000
v 37.242180 15.245379 16.649500
v 37.044178 15.245379 17.302799
v 37.004581 15.245379 17.520500
v 36.984779 15.245379 17.757999
v 36.984779 15.245379 19.915701
v 36.984779 16.729980 17.757999
v 37.004581 16.729980 17.520500
v 41.775181 16.848782 15.303499
v 41.775181 16.848782 18.233101
v 42.072178 17.363482 16.214001
v 42.072178 17.363482 14.709600
v 42.072178 17.363482 13.225000
v 42.072178 17.363482 12.354000
v 42.072178 16.690380 10.117200
v 42.072178 16.927980 10.136900
v 42.072178 16.828981 9.899400
v 42.072178 16.532082 9.186800
v 41.794979 16.175781 9.543100
v 41.794979 14.057680 8.672100
v 38.825779 13.978479 8.830500
v 38.825779 15.661080 9.345100
v 38.825779 16.749781 10.691200
v 38.825779 14.255580 10.691200
v 38.667381 16.908180 11.245500
v 38.607979 15.007880 11.423600
v 37.420280 14.651480 11.087100
v 37.578678 13.265880 10.513100
v 38.825779 13.800380 10.513100
v 38.825779 13.305480 10.453700
v 38.825779 10.375780 10.453700
v 38.825779 11.207180 8.830500
v 41.794979 11.266580 8.672100
v 41.794979 8.475470 8.672100
v 42.072178 11.266580 8.157400
v 42.072178 13.285680 8.157400
v 42.072178 13.760779 8.157400
v 42.072178 14.057680 8.157400
v 42.072178 15.225580 8.375200
v 42.072178 16.056980 8.889900
v 42.072178 16.334082 9.068000
v 42.072178 10.415380 8.355400
v 42.072178 10.831079 8.157400
v 42.072178 10.355980 8.157400
v 42.072178 8.475470 8.157400
v 41.794979 5.684370 8.672100
v 42.072178 7.901420 8.157400
v 42.072178 7.485720 8.355400
v 42.072178 7.426340 8.157400
v 42.072178 4.536260 8.355400
v 42.072178 5.684370 8.157400
v 42.072178 4.971750 8.157400
v 42.072178 4.496670 8.157400
v 41.794979 2.893280 8.672100
v 42.072178 2.893280 8.157400
v 41.794979 0.121970 8.672100
v 42.072178 2.042090 8.157400
v 42.072178 1.586800 8.355400
v 42.072178 1.567010 8.157400
v 42.072178 1.111720 8.157400
v 42.072178 -1.362658 8.355400
v 42.072178 0.121970 8.157400
v 42.072178 -1.342864 8.157400
v 42.072178 -1.817940 8.157400
v 41.794979 -2.669130 8.672100
v 42.072178 -2.669130 8.157400
v 41.794979 -5.460230 8.672100
v 42.072178 -4.272530 8.157400
v 42.072178 -4.312120 8.355400
v 42.072178 -4.747610 8.157400
v 42.072178 -7.261580 8.355400
v 42.072178 -5.460230 8.157400
v 42.072178 -7.202190 8.157400
v 42.072178 -7.677270 8.157400
v 41.794979 -8.251330 8.672100
v 42.072178 -8.251330 8.157400
v 41.794979 -11.042420 8.672100
v 42.072178 -10.131860 8.157400
v 42.072178 -10.191240 8.355400
v 42.072178 -10.606920 8.157400
v 42.072178 -13.140720 8.355400
v 42.072178 -11.042420 8.157400
v 42.072178 -13.061521 8.157400
v 42.072178 -13.536620 8.157400
v 41.794979 -13.833520 8.672100
v 42.072178 -13.833520 8.157400
v 41.794979 -15.951620 9.543100
v 42.072178 -15.001420 8.375200
v 42.072178 -15.971420 9.523300
v 42.072178 -15.832820 8.889900
v 42.072178 -16.307920 9.186800
v 41.775181 -16.822618 11.661201
v 42.072178 -16.604818 9.899400
v 42.072178 -16.466219 10.117200
v 42.072178 -16.703819 10.136900
v 42.072178 -17.139318 12.354000
v 42.072178 -17.337219 11.661201
v 41.775181 -16.822618 14.650200
v 37.697479 -16.723619 14.551201
v 38.014179 -16.723619 16.095301
v 39.597778 -16.763220 16.332800
v 41.775181 -16.822618 17.639299
v 40.330181 -16.783020 17.757999
v 39.459179 -16.763220 19.262501
v 42.072178 -17.337219 19.084301
v 42.072178 -17.337219 18.252899
v 42.072178 -17.990519 19.559401
v 42.072178 -17.792519 18.252899
v 44.150581 -17.871719 18.312300
v 42.072178 -17.139318 18.252899
v 42.072178 -17.337219 18.074800
v 42.072178 -17.139318 16.214001
v 42.072178 -17.337219 17.599701
v 42.072178 -17.337219 16.214001
v 42.072178 -17.337219 16.095301
v 42.072178 -17.337219 15.936899
v 42.072178 -17.139318 14.709600
v 42.072178 -17.337219 14.590799
v 42.072178 -17.139318 13.225000
v 42.072178 -17.337219 13.225000
v 42.072178 -17.337219 12.888500
v 42.072178 -17.337219 12.116500
v 41.775181 -16.624619 15.303499
v 38.449680 -16.545420 12.532100
v 38.687180 -16.446421 11.700800
v 38.073578 -16.525620 13.779200
v 38.073578 -15.041020 13.779200
v 38.469479 -15.060821 12.472800
v 38.726780 -14.862821 11.601800
v 39.973881 -15.100420 12.393600
v 37.756878 -15.041020 14.887800
v 39.973881 -15.100420 15.343000
v 37.242180 -15.021220 16.649500
v 37.044178 -15.021220 17.302799
v 37.004581 -15.021220 17.520500
v 36.984779 -15.021220 17.757999
v 39.973881 -15.100420 18.312300
v 36.984779 -15.021220 19.915701
v 39.973881 -15.100420 21.261801
v 36.984779 -15.021220 22.073400
v 36.984779 -15.021220 24.231001
v 36.984779 -16.505819 23.736099
v 36.984779 -16.505819 26.725201
v 36.984779 -15.060821 26.962700
v 39.973881 -15.100420 24.231001
v 42.408680 -15.159821 24.231001
v 42.962879 -15.179620 22.053600
v 42.962879 -15.179620 19.876101
v 43.556778 -15.199420 19.915701
v 44.229778 -15.199420 17.817400
v 44.467381 -15.199420 17.837200
v 44.704880 -15.199420 17.876801
v 44.744480 -15.337920 17.540300
v 44.724678 -15.694221 17.381901
v 44.487179 -15.694221 17.342300
v 46.446880 -16.090120 18.213301
v 47.594978 -16.387119 19.757299
v 47.436581 -15.872420 19.876101
v 48.545181 -16.129721 22.687000
v 48.248180 -16.604818 21.301300
v 48.248180 -17.812319 21.301300
v 48.743080 -16.802820 22.508801
v 48.743080 -17.614420 22.508801
v 48.921280 -17.555019 23.063101
v 48.980579 -17.515419 23.617399
v 48.703480 -18.247820 23.676800
v 48.030479 -18.643719 23.637199
v 48.030479 -18.643719 23.280800
v 44.902779 -19.198019 22.132700
v 45.080978 -19.158419 24.231001
v 44.902779 -19.198019 24.231001
v 43.556778 -19.237619 23.736099
v 43.556778 -19.237619 22.073400
v 43.556778 -21.810919 23.736099
v 43.556778 -21.810919 21.242001
v 43.556778 -21.810919 24.231001
v 43.517181 -21.810919 26.883499
v 43.418179 -22.068220 27.417999
v 43.497379 -21.810919 27.160700
v 43.437981 -21.810919 27.417999
v 43.101479 -22.068220 28.546301
v 43.022278 -22.305819 28.526501
v 42.428478 -23.354919 28.348400
v 42.962879 -22.305819 28.823500
v 42.349281 -23.354919 28.764099
v 42.151379 -23.533119 29.120401
v 42.329479 -23.354919 29.120401
v 42.943081 -22.305819 29.120401
v 43.042080 -22.068220 29.120401
v 43.141079 -21.830719 28.546301
v 43.081680 -21.830719 28.843300
v 43.061878 -21.830719 29.120401
v 43.141079 -19.415720 28.546301
v 43.437981 -19.415720 27.417999
v 43.517181 -19.415720 26.883499
v 43.556778 -19.237619 24.231001
v 43.556778 -16.961119 24.231001
v 44.803879 -19.118820 24.231001
v 44.704880 -18.940619 24.231001
v 43.556778 -15.199420 24.231001
v 42.962879 -15.179620 24.231001
v 43.556778 -15.199420 22.073400
v 44.704880 -15.199420 22.112900
v 44.704880 -15.199420 19.994900
v 46.149879 -15.436920 18.708200
v 46.981281 -15.595321 20.074100
v 47.535580 -15.694221 21.657700
v 47.951279 -15.773420 22.924500
v 44.704880 -15.199420 24.231001
v 48.030479 -15.773420 23.280800
v 48.030479 -15.773420 23.637199
v 45.080978 -15.258720 24.231001
v 47.911678 -15.753620 25.517700
v 46.446880 -15.496320 25.913601
v 47.872078 -15.753620 26.764799
v 47.872078 -15.753620 27.655500
v 48.703480 -16.169319 23.676800
v 48.723278 -16.288120 27.695101
v 47.872078 -15.912021 27.912901
v 47.753281 -15.813021 27.813900
v 47.693981 -15.892220 27.833700
v 47.634579 -15.991220 27.813900
v 47.753281 -15.991220 27.912901
v 47.654381 -16.624619 27.833700
v 47.753281 -18.426020 27.912901
v 47.852280 -18.426020 27.932699
v 47.753281 -18.524920 27.873301
v 47.614780 -18.426020 27.794100
v 47.753281 -18.623919 27.794100
v 47.891880 -18.584320 27.853500
v 47.872078 -18.663519 27.635799
v 48.723278 -18.129019 27.695101
v 48.663879 -18.089418 27.853500
v 48.980579 -17.218519 27.853500
v 49.039978 -17.218519 27.675301
v 48.663879 -16.327721 27.853500
v 48.525280 -16.426720 27.932699
v 48.802479 -17.218519 27.932699
v 48.525280 -17.990519 27.932699
v 49.000381 -17.060120 25.438499
v 49.000381 -17.357019 25.438499
v 48.980579 -16.901720 23.617399
v 48.921280 -16.862120 23.063101
v 47.911678 -18.663519 25.418699
v 46.446880 -18.920818 25.913601
v 47.654381 -18.623919 27.714901
v 46.149879 -18.683319 25.992800
v 46.248878 -17.990519 26.111500
v 47.654381 -17.792519 27.833700
v 47.674179 -17.733120 26.072001
v 47.674179 -16.684019 26.072001
v 46.189480 -16.406919 26.032400
v 44.704880 -16.208920 24.231001
v 47.634579 -16.723619 24.231001
v 47.634579 -17.693520 24.231001
v 44.843479 -18.188419 24.389400
v 44.803879 -18.208220 24.231001
v 44.704880 -18.208220 24.231001
v 44.704880 -15.476521 24.231001
v 44.803879 -15.318120 24.231001
v 44.922680 -15.258720 24.231001
v 47.674179 -15.793221 27.734699
v 46.149879 -15.733820 25.992800
v 42.646179 -15.239020 24.231001
v 42.824379 -15.417120 24.231001
v 42.606579 -15.278521 26.903299
v 42.369080 -15.199420 26.903299
v 42.566978 -15.278521 27.200300
v 42.349281 -15.199420 27.022100
v 42.329479 -15.219220 27.140900
v 42.250278 -15.298320 28.328600
v 42.032581 -15.219220 28.269199
v 42.151379 -15.298320 29.140200
v 42.329479 -15.476521 29.140200
v 42.329479 -15.496320 29.437101
v 41.022980 -16.604818 29.555899
v 42.151379 -15.318120 29.456900
v 41.913780 -15.239020 29.476702
v 41.022980 -15.219220 29.555899
v 40.488579 -15.199420 29.753801
v 40.488579 -16.604818 29.753801
v 40.112480 -15.199420 30.189299
v 37.598480 -15.159821 30.961302
v 40.033279 -15.199420 30.387300
v 40.033279 -16.585020 30.387300
v 38.944580 -15.199420 31.258200
v 38.944580 -16.545420 31.258200
v 37.598480 -16.525620 30.961302
v 36.984779 -16.505819 29.714201
v 40.112480 -16.585020 30.189299
v 36.984779 -15.120220 29.714201
v 41.775181 -16.624619 27.398201
v 41.775181 -16.624619 25.319700
v 41.913780 -15.239020 29.140200
v 41.933578 -15.219220 28.744301
v 41.775181 -16.624619 23.241301
v 36.984779 -16.505819 20.747101
v 42.072178 -16.644419 23.241301
v 42.072178 -16.644419 20.747101
v 44.150581 -16.743420 18.312300
v 45.635281 -16.822618 18.787399
v 45.635281 -17.792519 18.787399
v 46.624981 -17.752920 19.994900
v 46.624981 -16.881920 19.994900
v 47.555378 -17.693520 22.251499
v 47.555378 -16.921518 22.251499
v 47.614780 -16.921518 22.429701
v 47.614780 -17.693520 22.429701
v 47.634579 -17.693520 22.627600
v 47.634579 -16.921518 22.627600
v 47.634579 -16.921518 23.082901
v 47.634579 -17.693520 23.082901
v 42.072178 -17.990519 18.252899
v 42.072178 -17.990519 18.549801
v 42.072178 -17.990519 19.203100
v 42.072178 -17.990519 20.588699
v 42.072178 -17.990519 21.538900
v 42.072178 -16.644419 18.252899
v 41.775181 -16.624619 18.233101
v 36.984779 -16.505819 17.757999
v 37.004581 -16.505819 17.520500
v 37.044178 -16.505819 17.302799
v 37.242180 -16.505819 16.649500
v 39.815479 -17.891520 18.985300
v 40.330181 -17.752920 17.757999
v 40.330181 -17.911320 17.757999
v 39.657181 -17.752920 16.372400
v 39.815479 -17.891520 16.511000
v 38.588181 -17.851919 15.996300
v 40.587479 -17.911320 16.590099
v 40.587479 -17.911320 14.155300
v 36.014881 -17.792519 15.877501
v 36.747280 -17.812319 13.383301
v 40.587479 -17.911320 13.878201
v 37.341179 -17.832119 11.324700
v 40.587479 -17.911320 11.166300
v 40.924080 -18.069620 11.166300
v 40.587479 -17.752920 10.097400
v 40.607281 -17.277819 9.147200
v 40.943779 -17.396620 9.028400
v 37.578678 -18.267620 8.117900
v 41.082378 -17.634220 8.790900
v 41.082378 -17.752920 8.969000
v 41.082378 -18.208220 9.899400
v 41.082378 -18.406219 11.166300
v 41.082378 -20.346119 8.988800
v 41.082378 -18.406219 11.977901
v 41.082378 -20.346119 11.364200
v 41.082378 -20.346119 11.977901
v 41.082378 -18.406219 14.155300
v 41.082378 -18.406219 14.966900
v 41.082378 -20.346119 14.353300
v 41.082378 -20.346119 14.966900
v 41.082378 -18.406219 17.144400
v 41.082378 -18.406219 17.975800
v 41.082378 -20.346119 17.362101
v 41.082378 -20.346119 17.975800
v 41.082378 -18.406219 20.133400
v 41.082378 -18.406219 20.964800
v 41.082378 -20.346119 20.351200
v 41.082378 -20.346119 20.964800
v 41.082378 -18.406219 23.142300
v 41.082378 -18.406219 23.953899
v 41.082378 -20.346119 23.340200
v 41.082378 -20.346119 23.953899
v 41.082378 -18.406219 26.131300
v 41.082378 -18.406219 26.942900
v 41.082378 -20.346119 26.329300
v 41.082378 -20.346119 26.942900
v 41.082378 -18.406219 29.120401
v 41.082378 -18.406219 29.951799
v 41.082378 -20.346119 29.338099
v 41.082378 -20.346119 29.951799
v 41.082378 -18.406219 32.109398
v 41.082378 -18.406219 32.940804
v 41.082378 -20.346119 32.327202
v 41.082378 -20.346119 32.940804
v 42.072178 -17.970718 33.019997
v 40.924080 -18.069620 32.920998
v 40.587479 -17.911320 32.881401
v 41.992981 -15.159821 33.019997
v 38.311081 -17.851919 32.683502
v 37.162979 -17.812319 32.347000
v 40.587479 -17.911320 32.109398
v 36.232578 -17.792519 31.574999
v 38.588181 -17.851919 31.456202
v 39.815479 -17.891520 30.941500
v 40.587479 -17.911320 30.169500
v 40.825081 -17.990519 29.120401
v 40.825081 -17.990519 32.109398
v 41.003181 -18.168619 29.120401
v 41.003181 -18.168619 32.109398
v 41.003181 -18.168619 26.131300
v 40.825081 -17.990519 26.131300
v 41.003181 -18.168619 23.142300
v 40.825081 -17.990519 23.142300
v 41.003181 -18.168619 20.133400
v 40.825081 -17.990519 20.133400
v 41.003181 -18.168619 17.144400
v 40.825081 -17.990519 17.144400
v 41.003181 -18.168619 14.155300
v 40.825081 -17.990519 14.155300
v 40.587479 -17.911320 17.144400
v 40.587479 -17.911320 19.302000
v 40.587479 -17.911320 20.133400
v 38.588181 -17.851919 19.500000
v 37.083778 -17.812319 19.559401
v 37.083778 -17.495619 19.559401
v 37.341179 -17.555019 18.985300
v 37.717281 -16.723619 19.262501
v 36.826481 -16.703819 17.757999
v 36.826481 -17.416420 17.757999
v 37.341179 -17.555019 16.511000
v 35.717979 -17.159119 16.906900
v 35.896080 -17.198719 16.273399
v 38.172482 -17.752920 16.055700
v 36.905678 -16.703819 17.263201
v 36.014881 -17.238319 15.877501
v 36.747280 -15.021220 13.383301
v 35.896080 -14.981620 16.273399
v 37.598480 -15.041020 14.868000
v 35.717979 -14.981620 16.906900
v 36.905678 -15.021220 17.263201
v 38.311081 -15.060821 12.472800
v 38.489281 -16.743420 11.839300
v 38.607979 -14.783720 11.423600
v 38.667381 -16.684019 11.245500
v 38.825779 -16.525620 10.691200
v 38.825779 -14.031520 10.691200
v 37.420280 -14.427421 11.087100
v 37.222378 -14.862821 11.740300
v 36.984779 -15.021220 12.551900
v 37.578678 -15.397320 10.513100
v 37.578678 -17.733120 10.513100
v 37.459881 -17.812319 10.928700
v 37.578678 -17.515419 9.840000
v 37.578678 -17.139318 9.246200
v 39.102879 -17.218519 9.186800
v 37.578678 -17.218519 8.117900
v 37.578678 -17.495619 7.840700
v 37.578678 -18.030119 7.326100
v 37.578678 -19.633520 5.702860
v 39.320679 -18.030119 7.286500
v 39.083080 -15.714020 4.970450
v 40.587479 -15.753620 5.010030
v 40.904278 -15.892220 5.128810
v 41.022980 -16.050619 5.287170
v 41.082378 -16.268320 5.524710
v 41.082378 -16.743420 5.999790
v 41.082378 -18.030119 7.266700
v 40.587479 -19.574120 5.742450
v 39.083080 -19.593920 5.722660
v 37.578678 -18.623919 5.128810
v 37.578678 -20.504419 5.128810
v 37.578678 -20.167919 6.217530
v 37.578678 -18.663519 7.722000
v 41.082378 -18.703119 7.722000
v 41.082378 -19.772018 6.653020
v 41.082378 -20.207520 7.464600
v 41.082378 -20.346119 8.375200
v 40.924080 -20.009619 6.415480
v 39.083080 -20.148119 6.257120
v 40.587479 -20.128319 6.296710
v 40.587479 -20.662819 7.286500
v 37.835979 -20.920118 8.335600
v 37.578678 -20.920118 8.117900
v 37.717281 -20.920118 8.335600
v 37.578678 -20.920118 8.375200
v 37.578678 -20.920118 10.513100
v 37.578678 -23.731020 8.276200
v 38.588181 -23.691420 9.919200
v 38.588181 -23.691420 8.276200
v 38.825779 -23.691420 10.513100
v 38.825779 -23.691420 10.691200
v 38.786179 -23.691420 10.869400
v 37.578678 -20.722219 7.227100
v 40.587479 -18.584320 5.207990
v 40.587479 -17.475819 5.010030
v 37.578678 -17.475819 4.930860
v 37.578678 -15.654620 4.930860
v 37.578678 -14.803520 5.128810
v 37.578678 -15.832820 5.128810
v 37.578678 -16.149519 6.494660
v 41.022980 -14.922220 5.287170
v 41.082378 -15.140020 5.524710
v 41.022980 -13.457420 5.287170
v 40.904278 -13.615820 5.128810
v 40.904278 -14.763920 5.128810
v 40.587479 -13.734520 5.010030
v 40.587479 -14.645121 5.010030
v 37.578678 -14.605520 4.930860
v 37.578678 -13.774120 4.930860
v 37.578678 -13.576221 5.128810
v 37.578678 -12.725020 4.930860
v 37.578678 -12.546821 5.128810
v 37.578678 -12.230121 6.474870
v 41.082378 -12.764620 5.999790
v 41.082378 -11.576921 7.167700
v 41.082378 -12.289520 7.167700
v 41.003181 -12.289520 7.425000
v 41.022980 -11.359120 7.385400
v 40.904278 -11.200820 7.543800
v 40.607281 -11.082020 7.662601
v 37.578678 -10.884020 7.820900
v 37.578678 -11.181020 6.474870
v 37.578678 -9.953700 8.117900
v 37.578678 -9.834930 7.820900
v 41.082378 -10.448580 7.167700
v 41.022980 -10.230830 7.385400
v 40.904278 -10.072471 7.543800
v 41.003181 -9.300470 7.425000
v 41.082378 -9.300470 7.167700
v 41.082378 -8.389890 7.167700
v 41.082378 -9.419230 5.999790
v 41.082378 -7.202190 5.999790
v 41.082378 -9.419230 5.524710
v 41.082378 -9.241080 5.524710
v 41.003181 -9.241080 5.267370
v 41.082378 -12.111320 5.524710
v 41.062580 -12.230121 5.386140
v 40.884480 -12.230121 5.128810
v 40.825081 -9.241080 5.089220
v 40.587479 -9.241080 5.010030
v 40.587479 -10.488120 5.010030
v 37.578678 -10.527720 4.930860
v 40.587479 -12.230121 5.010030
v 40.587479 -12.606220 5.010030
v 40.904278 -12.487420 5.128810
v 41.022980 -12.329121 5.287170
v 40.587479 -8.350300 5.010030
v 37.578678 -8.310710 4.930860
v 37.578678 -6.113470 4.930860
v 40.587479 -6.232240 5.010030
v 37.578678 -6.311410 5.128810
v 37.578678 -5.262280 5.128810
v 37.578678 -6.608340 6.474870
v 41.022980 -5.381050 5.287170
v 41.082378 -5.598790 5.524710
v 41.022980 -3.916220 5.287170
v 41.082378 -3.698470 5.524710
v 41.082378 -3.223390 5.999790
v 41.082378 -6.073880 5.999790
v 41.082378 -3.302570 7.167700
v 41.082378 -2.055480 7.167700
v 41.003181 -3.302570 7.425000
v 41.022980 -1.837740 7.385400
v 37.578678 -2.688930 6.474870
v 40.904278 -1.679380 7.543800
v 40.607281 -1.540810 7.662601
v 37.578678 -1.342864 7.820900
v 37.578678 -1.659580 6.474870
v 37.578678 -3.005650 5.128810
v 40.904278 -2.946260 5.128810
v 41.022980 -2.787900 5.287170
v 41.003181 -0.254135 5.267370
v 40.825081 -0.254135 5.089220
v 40.587479 -0.254135 5.010030
v 40.587479 -0.946961 5.010030
v 37.578678 -0.986552 4.930860
v 40.587479 -3.084820 5.010030
v 37.578678 -3.203600 4.930860
v 37.578678 -4.054780 5.128810
v 37.578678 -4.232940 4.930860
v 40.904278 -4.074580 5.128810
v 40.587479 -4.193350 5.010030
v 40.904278 -5.222690 5.128810
v 40.587479 -5.103920 5.010030
v 37.578678 -5.064330 4.930860
v 40.587479 1.171110 5.010030
v 37.578678 1.210700 4.930860
v 40.587479 2.734910 5.010030
v 40.825081 2.734910 5.089220
v 40.587479 3.308970 5.010030
v 40.904278 3.190200 5.128810
v 37.578678 3.229790 5.128810
v 37.578678 3.427740 4.930860
v 37.578678 4.278930 5.128810
v 37.578678 4.457080 4.930860
v 37.578678 5.288470 4.930860
v 37.578678 5.486420 5.128810
v 40.904278 5.446830 5.128810
v 40.587479 5.328060 5.010030
v 40.904278 4.298720 5.128810
v 41.022980 4.140360 5.287170
v 41.022980 5.605190 5.287170
v 41.082378 3.922610 5.524710
v 41.062580 5.723960 5.405940
v 41.082378 5.743760 5.524710
v 41.082378 6.298020 5.999790
v 41.082378 3.447540 5.999790
v 41.082378 5.664580 7.167700
v 41.082378 7.485720 7.167700
v 41.003181 5.664580 7.425000
v 41.022980 7.703470 7.385400
v 37.578678 6.832490 6.474870
v 40.904278 7.861830 7.543800
v 40.607281 8.000390 7.662601
v 37.578678 8.178550 7.820900
v 37.578678 7.881619 6.474870
v 37.578678 6.535560 5.128810
v 40.904278 6.575150 5.128810
v 41.022980 6.733510 5.287170
v 41.082378 6.951260 5.524710
v 41.003181 8.732810 5.267370
v 41.082378 8.732810 5.524710
v 41.082378 7.426340 5.999790
v 41.082378 9.643380 5.999790
v 41.082378 8.614039 7.167700
v 41.082378 10.672680 7.167700
v 41.022980 8.831779 7.385400
v 41.022980 10.454980 7.385400
v 37.578678 11.405180 6.474870
v 41.082378 11.860380 5.999790
v 37.578678 12.770980 5.128810
v 41.082378 12.335480 5.524710
v 41.082378 11.721880 5.524710
v 41.022980 12.553280 5.287170
v 41.003181 11.721880 5.267370
v 40.904278 12.711579 5.128810
v 40.825081 11.721880 5.089220
v 40.587479 12.830379 5.010030
v 40.587479 11.721880 5.010030
v 37.578678 10.751880 4.930860
v 40.587479 10.712279 5.010030
v 40.825081 8.732810 5.089220
v 40.587479 8.732810 5.010030
v 37.578678 8.534860 4.930860
v 40.587479 8.574450 5.010030
v 40.587479 6.456380 5.010030
v 37.578678 6.337610 4.930860
v 37.578678 12.949180 4.930860
v 37.578678 13.800380 5.128810
v 37.578678 13.998280 4.930860
v 37.578678 14.829679 4.930860
v 40.587479 14.710879 5.010030
v 40.587479 14.869280 5.010030
v 40.825081 14.710879 5.089220
v 40.904278 14.988080 5.128810
v 41.003181 14.710879 5.267370
v 40.904278 13.839880 5.128810
v 41.022980 13.681580 5.287170
v 41.082378 13.463779 5.524710
v 41.082378 14.710879 5.524710
v 41.082378 15.839179 5.999790
v 41.082378 12.988780 5.999790
v 41.082378 14.651480 7.167700
v 41.082378 16.116381 7.444800
v 40.943779 17.086281 8.434600
v 40.943779 14.651480 7.504200
v 41.042778 11.662479 7.326100
v 41.082378 11.801080 7.167700
v 37.578678 11.108180 7.820900
v 40.904278 11.424980 7.543800
v 40.607281 11.306180 7.662601
v 37.578678 12.830379 7.820900
v 40.607281 11.662479 7.662601
v 40.607281 12.968980 7.662601
v 37.578678 14.572380 7.820900
v 40.607281 14.651480 7.662601
v 37.578678 15.799680 8.058500
v 40.607281 15.918380 7.919900
v 37.578678 15.938180 8.098100
v 37.578678 16.868580 8.691900
v 39.083080 16.927980 8.632500
v 39.320679 17.699980 7.840700
v 37.578678 17.442581 8.117900
v 37.578678 17.719780 7.840700
v 37.578678 16.373680 6.494660
v 41.082378 17.680182 7.840700
v 40.607281 16.967581 8.553300
v 41.082378 17.323881 8.197001
v 37.578678 15.027579 5.128810
v 41.082378 15.364180 5.524710
v 41.022980 15.146379 5.287170
v 37.578678 15.878779 4.930860
v 37.578678 17.699980 4.930860
v 40.587479 17.699980 5.010030
v 40.587479 18.808481 5.207990
v 37.578678 18.828281 5.128810
v 40.587479 19.798281 5.742450
v 39.083080 19.817980 5.722660
v 37.578678 19.857580 5.702860
v 37.578678 20.728580 5.128810
v 37.578678 20.392080 6.217530
v 37.578678 20.946381 7.227100
v 39.083080 20.372280 6.257120
v 40.587479 20.352480 6.296710
v 40.587479 20.886980 7.286500
v 40.924080 20.233681 6.415480
v 37.578678 18.887680 7.722000
v 41.082378 19.996181 6.653020
v 41.082378 20.431681 7.464600
v 41.082378 20.570280 8.375200
v 40.924080 20.926580 8.375200
v 41.003181 20.807781 8.988800
v 41.082378 20.570280 8.988800
v 41.003181 20.807781 11.977901
v 41.082378 20.570280 11.977901
v 41.003181 20.807781 14.966900
v 41.082378 20.570280 14.966900
v 41.003181 20.807781 17.975800
v 41.082378 20.570280 17.975800
v 41.003181 20.807781 20.964800
v 41.082378 20.570280 20.964800
v 41.003181 20.807781 23.953899
v 41.082378 20.570280 23.953899
v 41.003181 20.807781 26.942900
v 41.082378 20.570280 26.942900
v 41.003181 20.807781 29.951799
v 41.082378 20.570280 29.951799
v 40.924080 20.926580 32.920998
v 40.825081 21.005680 29.951799
v 40.587479 21.065081 32.881401
v 40.587479 21.065081 30.169500
v 40.587479 21.065081 29.951799
v 40.330181 21.084881 29.714201
v 39.815479 21.084881 30.941500
v 40.330181 21.223480 29.714201
v 39.815479 21.084881 28.486900
v 38.588181 21.124481 27.972300
v 40.587479 21.065081 27.437799
v 37.083778 21.164082 27.893101
v 35.599178 21.203680 27.813900
v 35.599178 21.203680 25.101999
v 35.599178 23.994781 26.725201
v 35.599178 23.994781 23.736099
v 35.599178 21.203680 22.370300
v 35.599178 23.994781 20.747101
v 35.599178 21.856880 19.638599
v 35.599178 21.203680 19.638599
v 37.083778 21.500580 19.559401
v 37.083778 21.164082 19.559401
v 38.588181 21.124481 19.500000
v 40.587479 21.065081 20.964800
v 40.587479 21.065081 19.282301
v 40.825081 21.005680 17.975800
v 40.825081 21.005680 20.964800
v 40.587479 21.065081 21.994200
v 40.587479 21.065081 23.953899
v 40.825081 21.005680 23.953899
v 40.587479 21.065081 24.725901
v 40.587479 21.065081 26.942900
v 40.825081 21.005680 26.942900
v 40.587479 21.065081 17.975800
v 39.815479 21.084881 18.985300
v 40.330181 21.084881 17.757999
v 40.587479 21.065081 16.550501
v 40.825081 21.005680 14.966900
v 40.587479 21.065081 14.966900
v 38.588181 21.124481 15.996300
v 36.014881 21.183880 15.877501
v 36.747280 21.164082 13.383301
v 40.587479 21.065081 13.818800
v 40.825081 21.005680 11.977901
v 40.587479 21.065081 11.977901
v 40.825081 21.005680 8.988800
v 40.587479 21.065081 11.106900
v 40.587479 21.065081 8.988800
v 37.578678 21.144281 10.513100
v 37.578678 21.144281 8.375200
v 37.578678 23.955181 10.513100
v 37.578678 21.144281 8.117900
v 37.717281 21.144281 8.335600
v 37.835979 21.144281 8.335600
v 40.587479 21.065081 8.375200
v 36.747280 23.974981 13.383301
v 36.014881 21.757980 15.877501
v 35.896080 21.777781 16.273399
v 35.896080 23.994781 16.273399
v 35.717979 21.817280 16.906900
v 35.717979 23.994781 16.906900
v 35.618980 21.837080 17.322500
v 35.618980 23.994781 17.322500
v 36.905678 23.955181 17.263201
v 36.846279 23.974981 17.500700
v 35.599178 23.994781 17.757999
v 36.826481 23.974981 17.757999
v 36.905678 22.272581 17.263201
v 36.826481 22.272581 17.757999
v 37.341179 21.441181 16.511000
v 36.826481 21.559980 17.757999
v 37.717281 22.252781 19.262501
v 37.341179 21.441181 18.985300
v 35.599178 21.856880 17.757999
v 36.826481 23.974981 20.747101
v 36.826481 23.974981 23.736099
v 38.172482 21.243280 16.055700
v 37.539082 23.955181 15.125299
v 38.152679 23.935381 13.007200
v 38.588181 23.915581 11.562200
v 38.786179 23.915581 10.869400
v 38.825779 23.915581 10.691200
v 38.825779 23.915581 10.513100
v 38.588181 23.915581 9.919200
v 39.657181 21.223480 16.372400
v 39.815479 21.084881 16.511000
v 40.330181 21.223480 17.757999
v 36.826481 23.974981 26.725201
v 35.599178 23.994781 29.714201
v 36.826481 23.974981 29.714201
v 36.371181 23.974981 31.733301
v 37.499481 23.955181 31.080099
v 38.568378 23.915581 31.456202
v 38.172482 21.243280 31.416601
v 37.341179 21.441181 30.941500
v 35.757580 21.817280 30.704000
v 35.599178 21.856880 29.714201
v 36.826481 21.559980 29.714201
v 35.599178 21.856880 27.813900
v 37.341179 21.441181 28.486900
v 37.083778 21.500580 27.893101
v 36.826481 22.272581 29.714201
v 36.232578 21.698580 31.574999
v 38.588181 21.124481 31.456202
v 36.232578 21.183880 31.574999
v 39.657181 21.223480 31.080099
v 38.984081 23.915581 31.416601
v 40.151981 23.875980 30.446600
v 40.151981 22.193380 30.446600
v 40.290581 22.193380 30.090300
v 40.330181 22.193380 29.714201
v 40.607281 22.173681 29.832998
v 41.082378 22.173681 29.654902
v 41.992981 23.816580 29.575701
v 41.082378 23.856180 29.654902
v 41.577278 23.836380 29.615301
v 40.607281 23.875980 29.832998
v 40.270779 22.193380 30.228899
v 40.270779 23.875980 30.228899
v 41.557480 23.816580 30.545599
v 41.359478 23.856180 30.525801
v 41.399078 23.777081 30.644602
v 41.557480 23.480082 30.763399
v 41.478279 23.460281 30.802999
v 41.260578 23.777081 30.743601
v 41.379280 23.539480 30.842600
v 41.102180 23.836380 31.020700
v 41.319881 23.499880 31.020700
v 41.458481 23.084181 30.802999
v 41.339779 23.024780 31.020700
v 41.399078 23.004980 30.882101
v 41.458481 22.945681 30.961302
v 41.537682 22.985281 30.822802
v 41.953381 22.648682 30.802999
v 41.755379 22.826881 30.921701
v 41.933578 22.628881 30.921701
v 42.250278 22.153881 30.802999
v 42.210678 22.134081 30.901899
v 42.369080 21.777781 30.802999
v 42.468079 21.777781 30.743601
v 42.428478 22.015280 30.743601
v 42.349281 22.213181 30.763399
v 42.665981 22.173681 30.743601
v 42.626381 22.351780 30.743601
v 42.052380 22.708080 30.763399
v 42.032581 23.460281 30.743601
v 41.834579 22.945681 30.763399
v 41.557480 23.084181 30.783201
v 41.913780 23.480082 30.763399
v 41.735680 23.519680 30.743601
v 41.913780 23.816580 30.545599
v 42.111778 23.697880 30.585199
v 42.151379 23.777081 30.466398
v 42.230480 23.717680 29.575701
v 42.329479 23.579081 29.575701
v 42.943081 22.529982 29.595499
v 43.042080 22.292381 29.595499
v 43.061878 22.035080 29.595499
v 43.061878 19.600281 29.595499
v 43.061878 19.600281 30.446600
v 43.042080 17.165482 30.525801
v 43.061878 17.165482 29.595499
v 43.042080 16.927980 30.446600
v 42.923378 16.690380 30.525801
v 42.962879 16.947781 30.585199
v 42.626381 16.868580 30.743601
v 42.665981 17.026880 30.743601
v 42.349281 16.987381 30.763399
v 42.685780 17.165482 30.743601
v 42.428478 17.205080 30.743601
v 42.468079 17.422781 30.743601
v 42.685780 19.600281 30.743601
v 43.002480 19.600281 30.585199
v 43.042080 22.035080 30.525801
v 42.685780 22.035080 30.743601
v 42.468079 19.600281 30.743601
v 42.962879 22.272581 30.585199
v 42.923378 22.510181 30.525801
v 43.022278 22.292381 30.446600
v 42.369080 17.422781 30.802999
v 42.309681 21.777781 30.901899
v 42.289879 21.975681 30.901899
v 42.309681 21.777781 31.673899
v 42.309681 19.600281 31.673899
v 42.309681 19.600281 30.901899
v 42.309681 17.422781 31.673899
v 42.309681 17.422781 30.901899
v 42.289879 17.224880 31.673899
v 42.369080 17.422781 31.792700
v 42.369080 21.777781 31.792700
v 42.468079 21.777781 31.832300
v 42.468079 19.600281 31.832300
v 42.468079 17.422781 31.832300
v 42.250278 17.046680 31.792700
v 42.428478 17.185280 31.832300
v 42.349281 16.987381 31.832300
v 41.953381 16.551880 31.772902
v 42.052380 16.492481 31.812502
v 41.537682 16.215382 31.772902
v 41.834579 16.254881 31.812502
v 41.557480 16.116381 31.812502
v 41.379280 16.096581 31.733301
v 41.399078 16.195581 31.693701
v 41.339779 16.195581 31.555201
v 41.458481 16.254881 31.634401
v 41.458481 16.254881 30.981100
v 41.755379 16.393480 30.921701
v 41.755379 16.373680 31.673899
v 41.933578 16.571680 30.921701
v 41.933578 16.571680 31.673899
v 42.210678 17.066481 31.673899
v 42.210678 17.066481 30.901899
v 42.289879 17.244680 30.901899
v 42.250278 17.046680 30.802999
v 41.953381 16.551880 30.802999
v 42.052380 16.492481 30.763399
v 41.537682 16.215382 30.822802
v 41.854382 16.274681 30.763399
v 41.992981 15.700679 30.743601
v 42.072178 15.779880 30.743601
v 42.329479 15.641280 30.545599
v 42.943081 16.690380 29.595499
v 43.042080 16.927980 29.595499
v 42.329479 15.621480 29.575701
v 42.230480 15.482880 29.575701
v 42.072178 15.403780 29.555899
v 42.171082 15.443280 30.466398
v 41.913780 15.364180 30.466398
v 41.913780 15.364180 29.575701
v 41.082378 17.026880 29.654902
v 41.775181 17.046680 29.595499
v 39.459179 16.987381 28.209801
v 40.330181 17.007181 29.714201
v 40.607281 17.026880 29.832998
v 40.290581 17.007181 30.090300
v 40.270779 17.007181 30.228899
v 40.151981 17.007181 30.446600
v 40.330181 18.135481 29.714201
v 39.815479 18.115681 30.941500
v 38.984081 15.304780 31.416601
v 38.588181 18.076080 31.456202
v 37.162979 18.056280 32.347000
v 38.311081 18.076080 32.683502
v 40.587479 18.135481 30.169500
v 40.587479 18.135481 32.881401
v 40.924080 18.293781 32.920998
v 42.072178 18.194881 33.019997
v 41.992981 15.383980 33.019997
v 42.289879 16.155981 33.019997
v 42.270081 15.700679 33.000198
v 42.329479 15.641280 32.920998
v 42.844181 16.789381 32.861603
v 42.547180 16.908180 33.000198
v 42.566978 17.046680 33.000198
v 42.586781 17.165482 33.000198
v 42.923378 17.165482 32.861603
v 42.586781 19.600281 33.000198
v 42.072178 21.005680 33.019997
v 42.586781 22.035080 33.000198
v 42.566978 22.153881 33.000198
v 42.547180 22.292381 33.000198
v 42.289879 23.044580 33.019997
v 42.210678 23.499880 33.019997
v 42.171082 23.658281 33.019997
v 41.992981 23.816580 33.019997
v 38.311081 21.124481 32.683502
v 37.162979 21.164082 32.347000
v 37.162979 21.183880 32.347000
v 38.311081 23.935381 32.683502
v 38.588181 23.915581 32.723099
v 41.042778 23.856180 31.555201
v 41.181381 23.856180 30.644602
v 41.161579 23.777081 31.555201
v 41.082378 23.856180 31.772902
v 41.181381 23.777081 31.713499
v 41.319881 23.499880 31.555201
v 41.339779 23.460281 31.673899
v 41.280380 23.777081 31.852098
v 41.399078 23.539480 31.772902
v 41.557480 23.777081 31.970900
v 41.557480 23.440481 31.812502
v 41.339779 23.103981 31.654100
v 41.557480 23.084181 31.812502
v 41.537682 22.985281 31.772902
v 41.854382 22.925880 31.812502
v 42.052380 22.708080 31.812502
v 41.953381 22.648682 31.772902
v 42.250278 22.153881 31.792700
v 42.349281 22.213181 31.832300
v 42.428478 21.995481 31.832300
v 42.685780 22.035080 31.832300
v 42.685780 19.600281 31.832300
v 43.002480 19.600281 32.010498
v 43.042080 17.165482 32.069801
v 42.685780 17.165482 31.832300
v 42.962879 16.927980 32.010498
v 42.923378 16.690380 32.069801
v 42.665981 17.026880 31.832300
v 42.626381 16.868580 31.832300
v 42.329479 15.641280 32.050003
v 42.032581 15.799680 31.832300
v 42.210678 15.562079 31.990702
v 41.992981 15.700679 31.832300
v 42.111778 15.502680 31.990702
v 41.913780 15.443280 31.990702
v 41.557480 15.443280 31.970900
v 41.735680 15.680881 31.832300
v 41.557480 15.720479 31.812502
v 41.458481 15.680881 31.812502
v 41.399078 15.423480 31.931299
v 41.260578 15.423480 31.832300
v 41.359478 15.680881 31.733301
v 41.161579 15.423480 31.555201
v 41.300179 15.661080 31.555201
v 41.161579 15.423480 31.020700
v 41.042778 15.344379 31.555201
v 41.042778 15.344379 31.020700
v 40.151981 15.324580 30.446600
v 41.082378 15.344379 30.802999
v 41.201180 15.344379 30.624800
v 41.557480 15.364180 30.486200
v 40.270779 15.324580 30.228899
v 40.607281 15.344379 29.832998
v 41.082378 15.344379 29.654902
v 41.577278 15.364180 29.615301
v 41.913780 15.443280 30.605001
v 41.557480 15.443280 30.605001
v 41.300179 15.423480 30.723799
v 41.399078 15.680881 30.822802
v 41.557480 15.760079 30.783201
v 41.339779 16.096581 30.921701
v 41.339779 15.680881 30.901899
v 41.339779 16.195581 31.020700
v 41.300179 15.661080 31.020700
v 41.201180 15.423480 30.862299
v 41.399078 16.195581 30.882101
v 41.557480 16.116381 30.783201
v 41.735680 15.680881 30.743601
v 42.032581 15.463079 30.605001
v 42.131481 15.502680 30.585199
v 41.161579 15.344379 31.911501
v 38.568378 15.284980 31.456202
v 41.339779 15.364180 32.050003
v 38.588181 15.284980 32.723099
v 41.557480 15.364180 32.109398
v 41.577278 15.364180 32.980400
v 41.913780 15.364180 32.109398
v 42.151379 15.443280 32.109398
v 42.230480 15.482880 32.940804
v 38.311081 15.284980 32.683502
v 36.371181 15.225580 31.733301
v 36.232578 18.016682 31.574999
v 36.232578 17.501980 31.574999
v 35.757580 17.383280 30.704000
v 35.599178 17.343681 29.714201
v 35.599178 15.205780 29.714201
v 35.599178 17.343681 27.813900
v 35.599178 15.205780 26.725201
v 35.599178 17.996881 25.101999
v 35.599178 15.205780 23.736099
v 35.599178 17.996881 22.370300
v 35.599178 15.205780 20.747101
v 35.599178 17.996881 19.638599
v 35.599178 17.343681 19.638599
v 35.599178 17.343681 17.757999
v 35.599178 15.205780 17.757999
v 35.618980 17.363482 17.322500
v 35.618980 15.205780 17.322500
v 35.717979 17.383280 16.906900
v 35.717979 15.205780 16.906900
v 36.905678 15.245379 17.263201
v 35.896080 15.205780 16.273399
v 37.598480 15.265180 14.868000
v 36.905678 16.927980 17.263201
v 36.826481 17.660381 17.757999
v 37.341179 17.779181 16.511000
v 38.014179 16.947781 16.095301
v 38.588181 18.076080 15.996300
v 39.597778 16.987381 16.332800
v 39.815479 18.115681 16.511000
v 40.587479 18.135481 14.966900
v 40.587479 18.135481 16.590099
v 40.330181 18.135481 17.757999
v 40.587479 18.135481 17.975800
v 39.815479 18.115681 18.985300
v 40.587479 18.135481 19.302000
v 38.588181 18.076080 19.500000
v 40.587479 18.135481 20.964800
v 37.083778 18.036480 19.559401
v 37.083778 17.719780 19.559401
v 37.341179 17.779181 18.985300
v 36.826481 16.927980 17.757999
v 36.846279 15.245379 17.500700
v 36.826481 15.245379 17.757999
v 36.826481 16.927980 20.747101
v 37.717281 16.947781 19.262501
v 41.775181 17.046680 20.628300
v 41.775181 17.046680 23.617399
v 36.826481 16.927980 23.736099
v 36.826481 15.245379 20.747101
v 36.826481 15.245379 23.736099
v 36.826481 16.927980 26.725201
v 41.775181 17.046680 26.606400
v 37.717281 16.947781 28.209801
v 36.826481 16.927980 29.714201
v 36.826481 15.245379 26.725201
v 36.826481 15.245379 29.714201
v 37.341179 17.779181 30.941500
v 36.826481 17.660381 29.714201
v 37.499481 15.265180 31.080099
v 37.341179 17.779181 28.486900
v 38.588181 18.076080 27.972300
v 37.083778 17.719780 27.893101
v 37.083778 18.036480 27.893101
v 40.587479 18.135481 27.457600
v 39.815479 18.115681 28.486900
v 40.587479 18.135481 29.951799
v 40.825081 18.214581 29.951799
v 41.003181 18.392780 29.951799
v 41.082378 18.630281 32.940804
v 41.082378 18.630281 29.951799
v 41.003181 18.392780 26.942900
v 41.082378 18.630281 26.942900
v 41.003181 18.392780 23.953899
v 41.082378 18.630281 23.953899
v 41.003181 18.392780 20.964800
v 41.082378 18.630281 20.964800
v 41.003181 18.392780 17.975800
v 41.082378 18.630281 17.975800
v 41.003181 18.392780 14.966900
v 41.082378 18.630281 14.966900
v 41.003181 18.392780 11.977901
v 41.082378 18.630281 11.977901
v 40.924080 18.293781 11.166300
v 40.825081 18.214581 11.977901
v 40.587479 18.135481 11.166300
v 40.587479 18.135481 11.977901
v 40.825081 18.214581 14.966900
v 40.587479 18.135481 13.878201
v 40.825081 18.214581 17.975800
v 36.014881 18.016682 15.877501
v 36.747280 18.036480 13.383301
v 36.747280 15.245379 13.383301
v 36.984779 15.245379 12.551900
v 37.578678 15.621480 10.513100
v 37.222378 15.086980 11.740300
v 38.311081 15.284980 12.472800
v 38.489281 16.967581 11.839300
v 37.697479 16.947781 14.551201
v 41.775181 17.046680 14.650200
v 41.775181 17.046680 11.661201
v 42.072178 17.561380 14.590799
v 42.072178 17.561380 14.848200
v 42.072178 17.561380 13.482300
v 42.072178 17.561380 16.095301
v 42.072178 17.561380 16.214001
v 42.072178 17.561380 16.689100
v 42.072178 17.363482 18.252899
v 42.072178 17.561380 17.599701
v 42.072178 17.561380 18.252899
v 44.150581 16.967581 18.312300
v 42.072178 18.214581 18.252899
v 42.072178 17.561380 19.084301
v 41.775181 17.046680 17.639299
v 42.072178 17.561380 20.588699
v 42.072178 18.214581 18.609200
v 42.072178 18.214581 19.203100
v 44.150581 18.095881 18.312300
v 42.072178 18.214581 19.638599
v 42.072178 18.214581 20.588699
v 42.072178 18.214581 21.598301
v 42.072178 18.214581 22.192101
v 42.072178 18.214581 22.627600
v 42.072178 18.214581 23.241301
v 42.072178 17.798981 23.241301
v 45.635281 18.016682 18.787399
v 45.635281 17.046680 18.787399
v 46.624981 17.106081 19.994900
v 46.624981 17.977081 19.994900
v 47.555378 17.145681 22.251499
v 47.555378 17.917681 22.251499
v 47.614780 17.917681 22.429701
v 47.614780 17.145681 22.429701
v 47.634579 17.145681 22.627600
v 47.634579 17.917681 22.627600
v 47.634579 17.917681 23.082901
v 47.634579 17.145681 23.082901
v 42.072178 17.561380 22.073400
v 40.330181 17.007181 17.757999
v 39.459179 16.987381 19.262501
v 42.072178 17.561380 13.225000
v 42.072178 17.561380 12.433200
v 42.072178 17.561380 12.116500
v 42.072178 17.561380 11.601800
v 37.578678 17.957281 10.513100
v 37.578678 13.048079 8.117900
v 37.578678 10.336180 10.513100
v 37.578678 10.177879 8.117900
v 37.578678 10.059080 7.820900
v 40.607281 10.177879 7.662601
v 40.904278 10.296579 7.543800
v 40.607281 9.108910 7.662601
v 40.904278 8.990140 7.543800
v 37.578678 9.227680 7.820900
v 37.578678 12.454280 6.474870
v 37.578678 7.287770 8.117900
v 37.578678 7.426340 10.513100
v 37.578678 4.496670 10.513100
v 38.825779 4.516470 10.453700
v 38.825779 7.446130 10.453700
v 38.825779 5.664580 8.830500
v 38.825779 8.435880 8.830500
v 38.825779 2.893280 8.830500
v 38.825779 0.121970 8.830500
v 38.825779 1.586800 10.453700
v 38.825779 -1.362658 10.453700
v 38.825779 -2.669130 8.830500
v 38.825779 -4.292320 10.453700
v 38.825779 -5.440430 8.830500
v 38.825779 -7.221990 10.453700
v 38.825779 -8.211740 8.830500
v 38.825779 -10.151650 10.453700
v 38.825779 -10.983020 8.830500
v 38.825779 -13.081320 10.453700
v 38.825779 -13.576221 10.513100
v 37.578678 -13.041720 10.513100
v 37.578678 -15.714020 8.098100
v 37.578678 -12.824020 8.117900
v 37.578678 -15.575521 8.058500
v 40.607281 -15.694221 7.919900
v 37.578678 -14.348220 7.820900
v 40.607281 -14.427421 7.662601
v 40.607281 -12.744821 7.662601
v 37.578678 -12.606220 7.820900
v 40.607281 -12.289520 7.662601
v 40.844879 -12.289520 7.603200
v 37.578678 -10.112061 10.513100
v 37.578678 -7.202190 10.513100
v 37.578678 -7.063630 8.117900
v 37.578678 -4.272530 10.513100
v 37.578678 -4.193350 8.117900
v 37.578678 -5.757150 7.820900
v 37.578678 -7.954400 7.820900
v 40.607281 -7.776250 7.662601
v 40.904278 -7.637680 7.543800
v 40.844879 -6.311410 7.603200
v 40.607281 -6.311410 7.662601
v 40.844879 -3.302570 7.603200
v 40.607281 -5.697770 7.662601
v 40.607281 -3.619290 7.662601
v 40.607281 -3.302570 7.662601
v 37.578678 -3.559910 7.820900
v 37.578678 -1.323068 8.117900
v 37.578678 -1.342864 10.513100
v 37.578678 1.567010 10.513100
v 37.578678 4.417490 8.117900
v 37.578678 1.547210 8.117900
v 37.578678 1.567010 7.820900
v 37.578678 0.537665 7.820900
v 37.578678 1.883730 6.474870
v 40.607281 0.656440 7.662601
v 40.904278 0.775210 7.543800
v 41.022980 0.933570 7.385400
v 41.082378 1.151310 7.167700
v 41.003181 -0.313521 7.425000
v 41.082378 -0.313521 7.167700
v 41.082378 0.121970 5.999790
v 41.082378 -2.095080 5.999790
v 41.082378 -0.254135 5.524710
v 41.082378 -2.570150 5.524710
v 41.003181 2.734910 5.267370
v 41.082378 0.121970 5.524710
v 41.082378 2.734910 5.524710
v 41.082378 2.319220 5.999790
v 41.022980 3.012040 5.287170
v 37.578678 2.913070 6.474870
v 41.082378 -0.927167 7.167700
v 37.578678 -0.313521 7.820900
v 41.022980 -0.709422 7.385400
v 40.904278 -0.551062 7.543800
v 40.844879 -0.313521 7.603200
v 40.607281 -0.313521 7.662601
v 40.607281 -0.432291 7.662601
v 41.082378 2.259830 7.167700
v 41.082378 2.675530 7.167700
v 41.082378 4.872780 7.167700
v 41.003181 2.675530 7.425000
v 41.022980 2.061880 7.385400
v 40.904278 1.903520 7.543800
v 40.844879 2.675530 7.603200
v 40.607281 1.764960 7.662601
v 40.607281 2.675530 7.662601
v 40.844879 5.664580 7.603200
v 40.607281 3.843440 7.662601
v 40.607281 5.664580 7.662601
v 40.607281 5.921910 7.662601
v 37.578678 5.981300 7.820900
v 37.578678 3.784050 7.820900
v 41.003181 -6.311410 7.425000
v 41.022980 -7.479320 7.385400
v 41.082378 -6.311410 7.167700
v 41.082378 -7.261580 7.167700
v 37.578678 -7.657480 6.474870
v 37.578678 -9.003540 7.820900
v 40.607281 -8.884770 7.662601
v 40.904278 -8.766000 7.543800
v 41.022980 -8.607640 7.385400
v 40.844879 -9.300470 7.603200
v 40.607281 -9.300470 7.662601
v 40.607281 -9.953700 7.662601
v 41.082378 -4.648630 7.167700
v 40.943779 -14.427421 7.524000
v 40.943779 -16.862120 8.454400
v 41.082378 -15.892220 7.444800
v 41.082378 -17.099720 8.197001
v 39.320679 -17.475819 7.840700
v 41.082378 -17.456018 7.840700
v 39.083080 -16.703819 8.632500
v 40.607281 -16.743420 8.553300
v 37.578678 -16.644419 8.691900
v 41.082378 -15.615120 5.999790
v 41.082378 -14.427421 7.167700
v 41.082378 -13.239720 5.524710
v 38.825779 -13.754320 8.830500
v 38.825779 -15.436920 9.345100
v 37.459881 18.036480 10.928700
v 37.341179 18.056280 11.324700
v 40.587479 17.977081 10.097400
v 40.943779 17.620781 9.028400
v 40.607281 17.501980 9.147200
v 37.578678 17.739580 9.840000
v 37.578678 17.363482 9.246200
v 39.102879 17.442581 9.186800
v 41.082378 17.858280 8.790900
v 37.578678 18.491781 8.117900
v 41.082378 18.927280 7.722000
v 41.082378 17.977081 8.969000
v 37.578678 18.254181 7.326100
v 37.578678 16.056980 5.128810
v 39.320679 18.254181 7.286500
v 39.083080 15.938180 4.970450
v 40.587479 15.977780 5.010030
v 40.904278 16.116381 5.128810
v 40.924080 17.699980 5.168400
v 40.924080 19.679482 5.841430
v 41.082378 19.422081 6.098760
v 41.082378 18.254181 7.266700
v 41.082378 19.243980 5.960200
v 41.082378 16.967581 5.999790
v 41.082378 17.699980 5.524710
v 41.082378 16.492481 5.524710
v 41.082378 18.610481 5.663270
v 41.022980 16.274681 5.287170
v 41.082378 18.432381 9.899400
v 41.082378 18.630281 11.166300
v 36.014881 17.442581 15.877501
v 35.896080 17.422781 16.273399
v 40.825081 18.214581 20.964800
v 40.825081 18.214581 23.953899
v 40.587479 18.135481 22.033800
v 40.587479 18.135481 23.953899
v 40.825081 18.214581 26.942900
v 40.587479 18.135481 24.745701
v 40.587479 18.135481 26.942900
v 35.599178 17.996881 27.813900
v 41.082378 20.570280 32.940804
v 42.547180 16.017382 32.703300
v 42.943081 16.690380 32.544899
v 43.022278 16.908180 32.129204
v 43.042080 16.927980 32.525101
v 43.061878 17.165482 32.505302
v 43.061878 19.600281 32.129204
v 43.042080 22.035080 32.069801
v 43.061878 19.600281 32.505302
v 43.061878 22.035080 32.505302
v 43.042080 22.272581 32.129204
v 42.883781 22.490381 32.010498
v 42.962879 22.252781 32.010498
v 42.606579 22.331982 31.832300
v 42.665981 22.193380 31.832300
v 42.032581 23.400881 31.832300
v 42.270081 23.539480 31.990702
v 42.329479 23.579081 32.109398
v 42.943081 22.529982 32.129204
v 42.943081 22.529982 32.544899
v 43.042080 22.292381 32.525101
v 42.844181 22.411180 32.861603
v 42.309681 23.539480 32.960602
v 42.547180 23.202980 32.703300
v 42.329479 23.579081 32.861603
v 42.230480 23.717680 32.940804
v 42.171082 23.757280 32.109398
v 41.913780 23.836380 32.109398
v 41.577278 23.836380 32.980400
v 41.557480 23.836380 32.109398
v 41.201180 23.856180 31.951101
v 41.913780 23.757280 31.990702
v 42.032581 23.737480 31.990702
v 41.913780 23.480082 31.832300
v 42.131481 23.697880 31.990702
v 41.834579 23.460281 31.832300
v 41.735680 23.440481 31.812502
v 41.656479 23.440481 31.812502
v 42.923378 22.035080 32.861603
v 42.210678 22.134081 31.673899
v 41.933578 22.628881 31.673899
v 42.289879 21.955881 31.673899
v 41.755379 22.807081 31.673899
v 41.458481 22.965481 31.594801
v 41.399078 23.004980 31.693701
v 41.339779 23.024780 31.555201
v 42.329479 23.579081 30.466398
v 42.270081 23.539480 30.585199
v 42.210678 23.638481 30.585199
v 40.884480 11.662479 7.563600
v 40.587479 13.958680 5.010030
v 41.082378 9.643380 5.524710
v 40.587479 4.417490 5.010030
v 41.082378 -6.727110 5.524710
v 41.022980 -6.509370 5.287170
v 40.904278 -6.351010 5.128810
v 41.082378 -11.636320 5.999790
v 40.924080 -17.475819 5.168400
v 40.924080 -19.455318 5.841430
v 41.082378 -17.475819 5.524710
v 41.082378 -18.386419 5.663270
v 41.082378 -19.019819 5.960200
v 41.082378 -19.198019 6.098760
v 36.846279 -15.021220 17.500700
v 35.618980 -14.981620 17.322500
v 35.599178 -14.981620 17.757999
v 36.826481 -15.021220 17.757999
v 35.599178 -14.981620 20.747101
v 36.826481 -15.021220 20.747101
v 35.599178 -14.981620 23.736099
v 36.826481 -15.021220 23.736099
v 35.599178 -14.981620 26.725201
v 36.826481 -15.021220 26.725201
v 35.599178 -14.981620 29.714201
v 36.826481 -15.021220 29.714201
v 36.371181 -15.001420 31.733301
v 37.499481 -15.041020 31.080099
v 38.568378 -15.060821 31.456202
v 38.172482 -17.752920 31.416601
v 37.341179 -17.555019 30.941500
v 35.757580 -17.159119 30.704000
v 35.599178 -17.119520 29.714201
v 36.826481 -17.416420 29.714201
v 35.599178 -17.119520 27.813900
v 37.341179 -17.555019 28.486900
v 37.083778 -17.495619 27.893101
v 37.083778 -17.812319 27.893101
v 35.599178 -17.772718 27.813900
v 35.599178 -17.772718 25.101999
v 40.587479 -17.911320 27.457600
v 40.587479 -17.911320 26.131300
v 40.587479 -17.911320 29.120401
v 39.815479 -17.891520 28.486900
v 38.588181 -17.851919 27.972300
v 40.330181 -17.911320 29.714201
v 40.330181 -17.752920 29.714201
v 39.657181 -17.752920 31.080099
v 40.587479 -17.911320 24.745701
v 40.587479 -17.911320 23.142300
v 35.599178 -17.772718 22.370300
v 40.587479 -17.911320 22.033800
v 35.599178 -17.772718 19.638599
v 35.599178 -17.119520 19.638599
v 35.599178 -17.119520 17.757999
v 36.826481 -16.703819 29.714201
v 36.232578 -17.277819 31.574999
v 38.984081 -15.080620 31.416601
v 40.151981 -15.100420 30.446600
v 41.201180 -15.120220 30.624800
v 41.082378 -15.120220 30.802999
v 41.102180 -15.140020 31.020700
v 41.102180 -15.140020 31.555201
v 38.588181 -15.060821 32.723099
v 41.161579 -15.120220 31.911501
v 41.339779 -15.140020 32.050003
v 41.557480 -15.140020 32.109398
v 41.399078 -15.199420 31.931299
v 41.557480 -15.219220 31.970900
v 41.458481 -15.535920 31.792700
v 41.379280 -15.516120 31.713499
v 41.260578 -15.199420 31.832300
v 41.300179 -15.436920 31.555201
v 41.319881 -15.476521 31.020700
v 41.339779 -15.971420 31.020700
v 41.339779 -15.971420 31.555201
v 41.458481 -16.030819 31.634401
v 41.478279 -16.030819 30.961302
v 41.399078 -15.971420 30.882101
v 41.537682 -15.991220 30.822802
v 41.953381 -16.327721 30.802999
v 41.755379 -16.169319 30.921701
v 41.933578 -16.347519 30.921701
v 42.250278 -16.822618 30.802999
v 42.210678 -16.842419 30.901899
v 42.369080 -17.198719 30.802999
v 42.289879 -17.020519 30.901899
v 42.309681 -17.198719 30.901899
v 42.369080 -21.553619 30.802999
v 42.468079 -21.553619 30.743601
v 42.468079 -19.376120 30.743601
v 42.685780 -19.376120 30.743601
v 42.725380 -16.941319 30.743601
v 42.468079 -17.198719 30.743601
v 42.428478 -16.980919 30.743601
v 42.349281 -16.763220 30.763399
v 42.665981 -16.802820 30.743601
v 42.606579 -16.644419 30.743601
v 42.052380 -16.268320 30.763399
v 41.854382 -16.050619 30.763399
v 41.557480 -15.892220 30.783201
v 41.339779 -15.872420 30.921701
v 41.399078 -15.456720 30.822802
v 41.339779 -15.516120 30.921701
v 41.201180 -15.199420 30.862299
v 41.300179 -15.199420 30.723799
v 41.557480 -15.535920 30.783201
v 41.557480 -15.219220 30.605001
v 41.735680 -15.535920 30.763399
v 41.913780 -15.456720 30.743601
v 42.923378 -16.466219 30.525801
v 42.962879 -16.723619 30.585199
v 43.002480 -16.941319 30.585199
v 43.061878 -16.941319 30.446600
v 43.061878 -19.376120 30.446600
v 43.002480 -19.376120 30.585199
v 42.685780 -21.810919 30.743601
v 42.665981 -21.949520 30.743601
v 42.349281 -21.989119 30.763399
v 42.052380 -22.483919 30.763399
v 41.834579 -22.721519 30.763399
v 41.992981 -23.275719 30.743601
v 41.557480 -22.860020 30.783201
v 41.874180 -23.255919 30.763399
v 41.755379 -23.236120 30.763399
v 41.656479 -23.236120 30.763399
v 41.557480 -23.255919 30.763399
v 41.399078 -22.879820 30.862299
v 41.399078 -22.780920 30.882101
v 41.537682 -22.761120 30.822802
v 41.458481 -22.721519 30.961302
v 41.339779 -22.800720 31.020700
v 41.339779 -22.800720 31.555201
v 41.458481 -22.741320 31.594801
v 41.399078 -22.780920 31.693701
v 41.537682 -22.761120 31.772902
v 41.953381 -22.424620 31.772902
v 41.755379 -22.582920 31.673899
v 41.933578 -22.404819 31.673899
v 42.250278 -21.929720 31.792700
v 42.210678 -21.909920 31.673899
v 42.369080 -21.553619 31.792700
v 42.289879 -21.731720 31.673899
v 42.309681 -21.553619 31.673899
v 42.369080 -17.198719 31.792700
v 42.468079 -17.198719 31.832300
v 42.468079 -19.376120 31.832300
v 42.468079 -21.553619 31.832300
v 42.685780 -21.810919 31.832300
v 42.428478 -21.771318 31.832300
v 42.725380 -21.989119 31.852098
v 42.349281 -21.989119 31.832300
v 42.606579 -22.107819 31.832300
v 42.052380 -22.483919 31.812502
v 42.032581 -23.176819 31.832300
v 41.854382 -22.701719 31.812502
v 41.557480 -22.860020 31.812502
v 41.992981 -23.275719 31.832300
v 41.735680 -23.216419 31.812502
v 41.557480 -23.216419 31.812502
v 41.399078 -23.315319 31.772902
v 41.280380 -23.552919 31.852098
v 41.557480 -23.552919 31.970900
v 41.201180 -23.632019 31.951101
v 41.082378 -23.632019 31.772902
v 41.181381 -23.552919 31.713499
v 41.319881 -23.315319 31.673899
v 41.161579 -23.552919 31.555201
v 41.300179 -23.315319 31.555201
v 41.339779 -22.879820 31.654100
v 41.300179 -23.315319 31.020700
v 41.161579 -23.552919 31.020700
v 41.260578 -23.552919 30.743601
v 41.181381 -23.632019 30.644602
v 41.359478 -23.632019 30.525801
v 41.399078 -23.552919 30.644602
v 41.379280 -23.315319 30.842600
v 41.478279 -23.295519 30.783201
v 41.557480 -23.552919 30.605001
v 41.557480 -23.612320 30.486200
v 41.577278 -23.612320 29.615301
v 41.082378 -23.632019 29.654902
v 40.607281 -23.651819 29.832998
v 40.607281 -21.949520 29.832998
v 40.330181 -21.969318 29.714201
v 40.290581 -21.969318 30.090300
v 40.330181 -20.860720 29.714201
v 40.151981 -21.969318 30.446600
v 39.815479 -20.860720 30.941500
v 38.984081 -23.691420 31.416601
v 38.588181 -20.900320 31.456202
v 40.587479 -20.840919 32.327202
v 36.232578 -20.959719 31.574999
v 37.162979 -20.939919 32.347000
v 38.311081 -20.900320 32.683502
v 40.587479 -20.840919 32.881401
v 40.924080 -20.702419 32.920998
v 40.825081 -20.781620 32.327202
v 41.003181 -20.583620 32.327202
v 40.825081 -20.781620 29.338099
v 41.003181 -20.583620 29.338099
v 40.825081 -20.781620 26.329300
v 41.003181 -20.583620 26.329300
v 40.825081 -20.781620 23.340200
v 41.003181 -20.583620 23.340200
v 40.587479 -20.840919 21.994200
v 40.587479 -20.840919 23.340200
v 35.599178 -20.979519 25.101999
v 40.587479 -20.840919 24.725901
v 40.587479 -20.840919 26.329300
v 35.599178 -20.979519 27.813900
v 40.587479 -20.840919 27.437799
v 40.587479 -20.840919 29.338099
v 39.815479 -20.860720 28.486900
v 40.587479 -20.840919 30.169500
v 38.588181 -20.900320 27.972300
v 37.717281 -22.028719 28.209801
v 36.826481 -22.048420 29.714201
v 36.826481 -23.750820 26.725201
v 36.826481 -23.750820 29.714201
v 35.599178 -23.770618 26.725201
v 35.599178 -23.770618 29.714201
v 35.599178 -21.632820 27.813900
v 35.599178 -21.632820 29.714201
v 36.371181 -23.750820 31.733301
v 35.757580 -21.593220 30.704000
v 36.232578 -21.474419 31.574999
v 37.341179 -21.217119 30.941500
v 37.499481 -23.731020 31.080099
v 38.568378 -23.691420 31.456202
v 38.588181 -23.691420 32.723099
v 41.557480 -23.612320 32.109398
v 41.577278 -23.612320 32.980400
v 41.992981 -23.592520 33.019997
v 41.913780 -23.612320 32.109398
v 42.171082 -23.533119 32.109398
v 42.131481 -23.473719 31.990702
v 42.032581 -23.513319 31.990702
v 41.913780 -23.533119 31.990702
v 42.329479 -23.354919 32.050003
v 42.230480 -23.493519 32.940804
v 42.329479 -23.354919 32.861603
v 42.309681 -23.315319 32.960602
v 42.547180 -22.978819 32.703300
v 42.943081 -22.305819 32.544899
v 42.844181 -22.187019 32.861603
v 43.042080 -22.068220 32.525101
v 43.061878 -21.810919 32.505302
v 42.923378 -21.810919 32.861603
v 42.923378 -16.941319 32.861603
v 42.586781 -16.941319 33.000198
v 42.586781 -19.376120 33.000198
v 42.072178 -20.781620 33.019997
v 42.586781 -21.810919 33.000198
v 42.289879 -22.820518 33.019997
v 42.210678 -23.275719 33.019997
v 42.547180 -22.068220 33.000198
v 42.566978 -21.929720 33.000198
v 42.566978 -16.822618 33.000198
v 42.547180 -16.684019 33.000198
v 42.289879 -15.931820 33.019997
v 42.270081 -15.476521 33.000198
v 42.171082 -15.337920 33.019997
v 42.329479 -15.417120 32.920998
v 42.844181 -16.565220 32.861603
v 42.943081 -16.466219 32.544899
v 42.547180 -15.793221 32.703300
v 42.329479 -15.417120 32.050003
v 42.151379 -15.219220 32.109398
v 42.210678 -15.337920 31.990702
v 42.032581 -15.516120 31.832300
v 42.111778 -15.278521 31.990702
v 41.913780 -15.496320 31.832300
v 41.913780 -15.219220 31.990702
v 41.913780 -15.140020 32.109398
v 42.230480 -15.258720 32.940804
v 41.577278 -15.140020 32.980400
v 41.834579 -15.496320 31.832300
v 41.755379 -15.516120 31.812502
v 41.656479 -15.516120 31.812502
v 41.557480 -15.535920 31.812502
v 41.735680 -15.535920 31.812502
v 41.557480 -15.892220 31.812502
v 41.834579 -16.030819 31.812502
v 42.606579 -16.644419 31.832300
v 42.052380 -16.268320 31.812502
v 42.349281 -16.763220 31.832300
v 42.665981 -16.802820 31.832300
v 42.685780 -16.941319 31.832300
v 42.428478 -16.961119 31.832300
v 42.685780 -19.376120 31.832300
v 43.002480 -19.376120 32.010498
v 43.042080 -21.810919 32.069801
v 42.962879 -22.028719 32.010498
v 42.883781 -22.266220 32.010498
v 43.042080 -22.048420 32.129204
v 42.943081 -22.305819 32.129204
v 43.042080 -16.941319 32.069801
v 43.061878 -19.376120 32.129204
v 43.061878 -19.376120 32.505302
v 43.061878 -16.941319 32.505302
v 43.022278 -16.684019 32.129204
v 42.883781 -16.486019 32.010498
v 42.962879 -16.703819 32.010498
v 42.943081 -16.466219 32.129204
v 43.042080 -16.703819 32.525101
v 42.250278 -16.822618 31.792700
v 41.953381 -16.327721 31.772902
v 42.210678 -16.842419 31.673899
v 41.933578 -16.347519 31.673899
v 41.537682 -15.991220 31.772902
v 41.755379 -16.149519 31.673899
v 41.399078 -15.971420 31.693701
v 41.458481 -15.892220 31.792700
v 42.289879 -17.000719 31.673899
v 42.309681 -17.198719 31.673899
v 42.309681 -19.376120 31.673899
v 42.309681 -19.376120 30.901899
v 42.309681 -21.553619 30.901899
v 42.250278 -21.929720 30.802999
v 42.289879 -21.751520 30.901899
v 42.210678 -21.909920 30.901899
v 41.953381 -22.424620 30.802999
v 41.933578 -22.404819 30.921701
v 41.755379 -22.602718 30.921701
v 38.311081 -23.711220 32.683502
v 36.826481 -21.335819 29.714201
v 37.341179 -21.217119 28.486900
v 37.083778 -21.276419 27.893101
v 37.083778 -20.939919 27.893101
v 40.151981 -23.651819 30.446600
v 41.042778 -23.632019 31.020700
v 41.042778 -23.632019 31.555201
v 40.270779 -23.651819 30.228899
v 40.270779 -21.969318 30.228899
v 41.735680 -23.216419 30.763399
v 42.111778 -23.473719 30.585199
v 42.210678 -23.414320 30.585199
v 42.428478 -21.791119 30.743601
v 43.042080 -16.703819 30.446600
v 38.311081 -15.060821 32.683502
v 37.162979 -17.792519 32.347000
v 35.618980 -17.139318 17.322500
v 38.073578 16.749781 13.779200
v 37.242180 16.729980 16.649500
v 37.044178 16.729980 17.302799
v 37.756878 15.265180 14.887800
v 38.073578 15.265180 13.779200
v 36.984779 15.245379 22.073400
v 39.973881 15.324580 21.261801
v 39.973881 15.324580 24.231001
v 42.408680 15.383980 24.231001
v 42.962879 15.403780 24.231001
v 42.646179 15.463079 24.231001
v 42.369080 15.423480 26.903299
v 42.606579 15.502680 26.903299
v 42.824379 15.641280 24.231001
v 42.784779 15.680881 26.903299
v 42.764980 15.680881 27.081499
v 42.725380 15.680881 27.239901
v 42.566978 15.502680 27.200300
v 42.329479 15.443280 27.140900
v 42.349281 15.423480 27.022100
v 36.984779 15.284980 26.962700
v 42.032581 15.443280 28.269199
v 41.933578 15.443280 28.744301
v 41.913780 15.463079 29.140200
v 41.913780 15.463079 29.476702
v 41.022980 15.443280 29.555899
v 36.984779 15.344379 29.714201
v 40.488579 15.423480 29.753801
v 40.112480 15.423480 30.189299
v 40.033279 15.423480 30.387300
v 40.112480 16.809181 30.189299
v 40.033279 16.809181 30.387300
v 38.944580 16.769581 31.258200
v 38.944580 15.423480 31.258200
v 37.598480 15.383980 30.961302
v 37.598480 16.749781 30.961302
v 40.488579 16.828981 29.753801
v 36.984779 15.245379 24.231001
v 42.151379 15.542280 29.456900
v 42.151379 15.522480 29.140200
v 42.329479 15.700679 29.140200
v 42.329479 15.720479 29.437101
v 42.923378 16.749781 29.120401
v 42.943081 16.749781 28.823500
v 43.022278 16.749781 28.526501
v 43.101479 16.987381 28.546301
v 43.418179 16.967581 27.417999
v 43.319279 16.729980 27.398201
v 43.477581 16.967581 26.883499
v 43.358780 16.729980 27.140900
v 43.378578 16.729980 26.903299
v 43.536980 16.927980 24.231001
v 43.556778 17.185280 24.231001
v 43.517181 17.224880 26.883499
v 43.497379 17.224880 27.160700
v 43.437981 17.224880 27.417999
v 43.437981 19.639881 27.417999
v 43.141079 17.244680 28.546301
v 43.141079 19.639881 28.546301
v 43.517181 19.639881 26.883499
v 43.556778 19.461681 24.231001
v 43.556778 22.035080 23.736099
v 43.556778 19.461681 23.736099
v 44.902779 19.422081 22.132700
v 43.556778 19.461681 22.073400
v 44.902779 19.422081 20.034500
v 43.556778 19.461681 20.747101
v 43.556778 22.035080 20.747101
v 43.556778 22.035080 20.252199
v 43.437981 22.510181 20.252199
v 43.556778 22.035080 23.241301
v 43.437981 22.510181 21.578501
v 42.824379 23.579081 21.578501
v 42.824379 23.579081 23.241301
v 42.824379 23.579081 20.252199
v 43.437981 22.510181 18.906099
v 42.824379 23.579081 18.906099
v 42.824379 23.579081 17.263201
v 43.437981 22.510181 17.263201
v 43.437981 22.510181 16.253599
v 43.556778 22.035080 17.263201
v 43.437981 22.510181 14.254299
v 42.824379 23.579081 16.253599
v 43.556778 22.035080 14.749201
v 43.556778 22.035080 17.757999
v 43.556778 19.461681 19.915701
v 44.566280 19.422081 17.857000
v 47.535580 18.947081 21.657700
v 47.951279 18.887680 22.924500
v 44.922680 19.382580 24.231001
v 48.030479 18.867880 23.280800
v 48.030479 18.867880 23.637199
v 45.080978 19.382580 24.231001
v 47.911678 18.887680 25.418699
v 46.446880 19.144981 25.913601
v 47.872078 18.887680 27.635799
v 47.654381 18.848082 27.714901
v 44.803879 19.323181 24.231001
v 44.704880 19.164782 24.231001
v 46.149879 18.907480 25.992800
v 47.614780 18.650082 27.794100
v 47.753281 18.828281 27.813900
v 47.753281 18.749081 27.873301
v 47.753281 18.650082 27.912901
v 47.852280 18.650082 27.932699
v 47.891880 18.808481 27.853500
v 48.663879 18.313581 27.853500
v 48.723278 18.353180 27.695101
v 48.703480 18.471981 23.676800
v 49.000381 17.581181 25.438499
v 48.980579 17.739580 23.617399
v 49.000381 17.284281 25.438499
v 49.039978 17.422781 27.675301
v 48.723278 16.512281 27.695101
v 48.980579 17.403080 27.853500
v 48.663879 16.551880 27.853500
v 48.802479 17.422781 27.932699
v 48.525280 16.650782 27.932699
v 47.891880 16.056980 27.853500
v 47.852280 16.215382 27.932699
v 47.693981 16.116381 27.833700
v 47.753281 16.037180 27.813900
v 47.872078 15.977780 27.655500
v 47.872078 15.977780 26.764799
v 47.911678 15.977780 25.517700
v 46.446880 15.720479 25.913601
v 45.080978 15.482880 24.231001
v 44.704880 15.423480 22.112900
v 44.704880 15.423480 24.231001
v 43.556778 15.423480 22.073400
v 43.556778 15.423480 24.231001
v 42.962879 15.403780 22.053600
v 43.437981 16.670580 24.231001
v 43.556778 15.423480 19.915701
v 44.704880 15.423480 19.994900
v 44.704880 15.700679 24.231001
v 44.803879 15.542280 24.231001
v 46.149879 15.957980 25.992800
v 47.634579 16.215382 27.813900
v 46.189480 16.630981 26.032400
v 47.654381 16.848782 27.833700
v 47.674179 16.908180 26.072001
v 47.674179 17.957281 26.072001
v 47.654381 18.016682 27.833700
v 47.753281 16.215382 27.912901
v 46.248878 18.214581 26.111500
v 44.843479 18.432381 24.389400
v 44.803879 18.432381 24.231001
v 47.634579 17.917681 24.231001
v 47.634579 16.947781 24.231001
v 44.704880 18.432381 24.231001
v 44.704880 16.433081 24.231001
v 47.674179 16.017382 27.734699
v 44.922680 15.482880 24.231001
v 48.525280 18.214581 27.932699
v 42.428478 15.700679 28.368200
v 42.250278 15.522480 28.328600
v 42.349281 15.700679 28.783899
v 43.596378 15.918380 17.263201
v 44.487179 15.918380 17.342300
v 44.724678 15.918380 17.381901
v 46.446880 16.314281 18.213301
v 44.922680 18.927280 17.421499
v 46.525978 18.531382 18.272699
v 44.962181 19.105381 17.480900
v 44.605881 18.927280 17.362101
v 43.556778 22.035080 11.265300
v 43.437981 22.510181 10.928700
v 42.824379 23.579081 11.265300
v 42.824379 23.579081 10.928700
v 42.646179 23.757280 8.276200
v 42.408680 23.816580 8.276200
v 42.863979 23.222780 6.276920
v 42.448280 23.440481 6.177940
v 39.973881 23.875980 8.276200
v 39.973881 23.875980 8.414800
v 39.934280 23.875980 8.652300
v 39.835281 23.895781 8.810700
v 39.498779 23.895781 8.969000
v 39.241478 23.895781 8.969000
v 39.498779 24.647982 8.335600
v 39.736382 24.588581 8.315800
v 39.914478 24.430281 8.216800
v 39.835281 24.687580 7.405200
v 39.498779 24.845982 7.385400
v 39.498779 24.469881 5.861220
v 38.984081 24.845982 7.385400
v 38.984081 24.489681 5.841430
v 39.498779 23.757280 4.435980
v 38.984081 23.777081 4.435980
v 39.498779 22.985281 3.822330
v 39.835281 23.638481 4.515160
v 39.973881 24.351080 7.464600
v 39.973881 23.994781 6.019580
v 39.973881 23.341581 4.713110
v 39.914478 22.906080 4.059870
v 39.973881 22.925880 4.337000
v 39.973881 22.826881 4.297420
v 39.934280 22.213181 4.099460
v 39.815479 22.094481 3.960900
v 39.736382 22.965481 3.901510
v 39.498779 21.995481 3.861920
v 39.241478 21.995481 3.842130
v 38.984081 22.985281 3.822330
v 39.973881 22.371580 4.257820
v 42.566978 22.411180 4.416180
v 43.180679 20.748381 3.347250
v 42.982681 22.232981 4.614140
v 39.973881 23.499880 6.138350
v 39.973881 24.252081 7.999100
v 42.824379 23.579081 8.276200
v 42.606579 23.757280 26.883499
v 42.369080 23.816580 26.863800
v 42.566978 23.757280 27.180500
v 42.764980 23.579081 27.061701
v 43.398380 22.510181 26.883499
v 43.378578 22.510181 27.140900
v 43.319279 22.529982 27.378401
v 42.725380 23.579081 27.220100
v 43.022278 22.529982 28.506701
v 42.962879 22.529982 28.823500
v 42.349281 23.579081 28.764099
v 42.428478 23.579081 28.348400
v 42.329479 23.816580 27.121099
v 42.032581 23.836380 28.249399
v 42.349281 23.816580 27.002300
v 40.468781 22.134081 7.662601
v 41.082378 22.074680 7.405200
v 41.260578 21.995481 7.128100
v 41.319881 21.876680 6.791590
v 40.468781 22.213181 6.672820
v 40.943779 22.114281 6.712410
v 41.260578 21.738180 6.455070
v 41.082378 21.599581 6.177940
v 40.488579 21.480782 5.960200
v 39.914478 21.619381 6.177940
v 39.736382 21.777781 6.435280
v 39.657181 21.916281 6.791590
v 40.033279 22.134081 6.712410
v 39.736382 22.015280 7.108300
v 38.825779 22.232981 8.157400
v 39.894680 22.094481 7.385400
v 38.825779 21.876680 6.653020
v 38.825779 20.886980 5.168400
v 41.775181 20.847382 5.227780
v 41.775181 19.402281 4.277620
v 38.825779 19.441881 4.198440
v 41.775181 17.699980 3.941100
v 38.825779 17.699980 3.861920
v 41.775181 14.770280 3.941100
v 38.825779 14.770280 3.861920
v 41.775181 11.840580 3.941100
v 38.825779 11.840580 3.861920
v 41.775181 8.910970 3.941100
v 38.825779 8.910970 3.861920
v 41.775181 5.981300 3.941100
v 38.825779 5.981300 3.861920
v 41.775181 3.051640 3.941100
v 38.825779 3.051640 3.861920
v 41.775181 0.121970 3.941100
v 38.825779 0.121970 3.861920
v 41.775181 -2.827490 3.941100
v 38.825779 -2.827490 3.861920
v 41.775181 -5.757150 3.941100
v 38.825779 -5.757150 3.861920
v 41.775181 -8.686820 3.941100
v 38.825779 -8.686820 3.861920
v 38.825779 -11.616520 3.861920
v 42.072178 -8.686820 4.435980
v 42.072178 -8.627430 4.435980
v 42.072178 -5.875920 4.435980
v 42.072178 -5.776950 4.238030
v 42.072178 -5.757150 4.435980
v 42.072178 -5.677970 4.435980
v 42.072178 -2.926460 4.435980
v 42.072178 -2.827490 4.238030
v 41.775181 -5.776950 3.743150
v 41.775181 -2.827490 3.743150
v 38.984081 -5.776950 3.663970
v 38.984081 -8.726410 3.663970
v 38.984081 -6.845880 2.278320
v 38.984081 -9.636980 2.278320
v 40.468781 -9.577590 2.238730
v 40.468781 -12.329121 2.238730
v 40.468781 -11.299720 1.189590
v 40.468781 -14.170020 1.189590
v 41.319881 -14.170020 1.189590
v 41.319881 -17.020519 1.189590
v 40.468781 -17.020519 1.189590
v 41.319881 -17.119520 1.189590
v 41.319881 -17.238319 1.229180
v 40.468781 -17.357019 1.308360
v 40.468781 -17.515419 1.625080
v 40.468781 -17.535219 1.902210
v 40.468781 -17.634220 2.119960
v 40.805279 -17.535219 1.922010
v 41.141781 -17.515419 1.625080
v 41.220978 -17.475819 1.486520
v 41.280380 -17.416420 1.367750
v 41.418880 -14.387820 1.961600
v 41.418880 -12.408320 1.961600
v 41.319881 -11.299720 1.189590
v 41.418880 -11.497720 1.961600
v 41.478279 -9.419230 2.100170
v 41.418880 -9.419230 1.961600
v 41.478279 -6.430190 2.100170
v 41.418880 -8.587840 1.961600
v 41.418880 -6.430190 1.961600
v 41.478279 -3.441140 2.100170
v 41.418880 -5.697770 1.961600
v 41.418880 -3.441140 1.961600
v 41.478279 -0.432291 2.100170
v 41.418880 -2.787900 1.961600
v 41.418880 -0.432291 1.961600
v 41.478279 2.556760 2.100170
v 41.418880 0.121970 1.961600
v 41.418880 2.556760 1.961600
v 41.478279 5.545810 2.100170
v 41.418880 3.012040 1.961600
v 41.418880 5.545810 1.961600
v 41.319881 5.822940 1.189590
v 41.319881 2.972460 1.189590
v 40.468781 5.822940 1.189590
v 40.468781 8.673420 1.189590
v 40.468781 11.523880 1.189590
v 40.468781 9.801780 2.238730
v 40.468781 12.553280 2.238730
v 38.984081 9.861080 2.278320
v 38.984081 12.652180 2.278320
v 40.468781 15.324580 2.238730
v 38.984081 15.443280 2.278320
v 40.468781 18.095881 2.218940
v 40.468781 17.878080 2.119960
v 40.468781 17.244680 1.189590
v 40.468781 14.394179 1.189590
v 41.319881 17.244680 1.189590
v 40.468781 17.581181 1.308360
v 40.468781 17.759380 1.902210
v 40.468781 17.739580 1.625080
v 41.280380 17.640581 1.367750
v 41.319881 17.462381 1.229180
v 41.319881 17.343681 1.189590
v 41.300179 17.739580 1.941800
v 41.220978 17.699980 1.486520
v 41.141781 17.739580 1.625080
v 41.181381 17.759380 1.922010
v 40.805279 17.759380 1.922010
v 38.984081 14.849480 3.663970
v 38.984081 11.899980 3.663970
v 41.775181 14.849480 3.743150
v 42.072178 17.798981 4.238030
v 42.072178 14.849480 4.238030
v 42.072178 17.660381 4.435980
v 42.072178 17.699980 4.435980
v 42.072178 17.858280 4.475570
v 42.072178 19.224180 4.752700
v 42.072178 19.283581 4.792290
v 42.072178 19.996181 5.267370
v 42.072178 14.908880 4.435980
v 42.072178 14.770280 4.435980
v 42.072178 14.730680 4.435980
v 42.072178 11.899980 4.238030
v 41.775181 11.899980 3.743150
v 41.775181 8.950560 3.743150
v 42.072178 8.950560 4.238030
v 42.072178 11.781280 4.435980
v 42.072178 11.840580 4.435980
v 42.072178 11.979179 4.435980
v 42.072178 9.029730 4.435980
v 42.072178 8.910970 4.435980
v 42.072178 8.851580 4.435980
v 42.072178 6.001090 4.238030
v 41.775181 6.001090 3.743150
v 41.775181 3.071430 3.743150
v 42.072178 3.071430 4.238030
v 42.072178 5.902120 4.435980
v 42.072178 5.981300 4.435980
v 42.072178 6.100070 4.435980
v 42.072178 3.150610 4.435980
v 42.072178 3.051640 4.435980
v 42.072178 2.952660 4.435980
v 42.072178 0.121970 4.238030
v 41.775181 0.121970 3.743150
v 38.984081 -2.827490 3.663970
v 38.984081 0.121970 3.663970
v 38.984081 -1.283479 2.278320
v 38.984081 -4.074580 2.278320
v 40.468781 -4.034990 2.238730
v 40.468781 -6.806290 2.238730
v 40.468781 -5.598790 1.189590
v 40.468781 -8.449280 1.189590
v 41.319881 -8.449280 1.189590
v 41.319881 -5.598790 1.189590
v 40.468781 -2.748310 1.189590
v 41.319881 -2.748310 1.189590
v 40.468781 0.121970 1.189590
v 41.319881 0.121970 1.189590
v 40.468781 2.972460 1.189590
v 40.468781 1.487830 2.238730
v 40.468781 4.259130 2.238730
v 38.984081 1.507620 2.278320
v 38.984081 4.298720 2.278320
v 40.468781 7.030440 2.238730
v 38.984081 7.070030 2.278320
v 38.984081 6.001090 3.663970
v 38.984081 8.950560 3.663970
v 38.984081 3.071430 3.663970
v 40.468781 -1.263683 2.238730
v 42.072178 0.201151 4.435980
v 42.072178 0.121970 4.435980
v 42.072178 0.022993 4.435980
v 42.072178 -2.728510 4.435980
v 42.072178 -2.827490 4.435980
v 38.825779 -14.546121 3.861920
v 41.775181 -17.475819 3.941100
v 38.825779 -17.475819 3.861920
v 41.775181 -19.178219 4.277620
v 42.072178 -19.000019 4.752700
v 41.775181 -20.623219 5.227780
v 38.825779 -20.682619 5.188190
v 38.825779 -19.217819 4.198440
v 41.082378 -21.375420 6.177940
v 41.775181 -21.593220 6.672820
v 41.260578 -21.514019 6.455070
v 41.319881 -21.652519 6.791590
v 40.468781 -21.989119 6.672820
v 40.943779 -21.890120 6.712410
v 41.260578 -21.771318 7.128100
v 41.082378 -21.850519 7.405200
v 40.468781 -21.909920 7.662601
v 39.894680 -21.870319 7.385400
v 39.736382 -21.791119 7.108300
v 39.657181 -21.692120 6.791590
v 40.033279 -21.909920 6.712410
v 39.736382 -21.533819 6.435280
v 39.914478 -21.395220 6.177940
v 40.488579 -21.256618 5.960200
v 38.825779 -21.652519 6.653020
v 42.072178 -21.236919 7.405200
v 42.072178 -21.177519 7.147900
v 42.072178 -21.118120 6.890560
v 42.072178 -20.286718 5.603890
v 42.072178 -20.247120 5.584090
v 42.072178 -19.138618 4.554750
v 42.072178 -19.059420 4.792290
v 42.072178 -17.634220 4.475570
v 42.072178 -17.475819 4.435980
v 42.072178 -17.436220 4.435980
v 42.072178 -19.316719 29.456900
v 43.556778 -19.079220 17.401701
v 44.229778 -19.217819 17.817400
v 44.566280 -19.198019 17.857000
v 43.556778 -16.961119 14.749201
v 42.448280 15.225580 11.463200
v 39.914478 21.975681 6.356100
v 39.815479 22.134081 6.712410
v 39.874878 22.213181 6.949950
v 39.993679 22.272581 7.187500
v 40.468781 22.351780 6.633230
v 40.468781 22.312181 7.425000
v 41.775181 22.351780 8.276200
v 40.963680 22.252781 7.207300
v 41.102180 22.173681 6.989540
v 41.161579 22.094481 6.712410
v 41.775181 22.015280 6.534250
v 41.062580 21.955881 6.375890
v 40.825081 21.837080 6.138350
v 40.488579 21.797482 6.039380
v 40.171780 21.856880 6.118560
v 40.132278 22.292381 6.653020
v 40.844879 22.292381 6.653020
v 42.072178 21.837080 8.276200
v 41.775181 22.351780 10.928700
v 41.775181 22.351780 13.581301
v 41.775181 22.351780 16.233801
v 41.775181 22.351780 18.886400
v 41.775181 22.351780 21.538900
v 41.775181 22.351780 24.191401
v 41.775181 22.351780 26.844000
v 41.775181 22.351780 29.496500
v 42.408680 -2.807700 2.258530
v 42.408680 -3.084820 2.258530
v 42.646179 -3.084820 2.337710
v 42.408680 -5.737360 2.258530
v 42.408680 -6.073880 2.258530
v 42.646179 -6.073880 2.337710
v 42.408680 -8.667020 2.258530
v 42.646179 -8.667020 2.337710
v 42.824379 -8.667020 2.515860
v 42.844181 -9.102510 2.515860
v 43.437981 -9.102510 3.525410
v 43.437981 -8.667020 3.565000
v 43.536980 -8.667020 3.802540
v 43.437981 -5.737360 3.565000
v 42.824379 -5.737360 2.515860
v 42.824379 -3.084820 2.515860
v 42.824379 -2.807700 2.515860
v 42.824379 -0.075982 2.515860
v 43.437981 -2.807700 3.565000
v 43.437981 -2.688930 3.565000
v 43.437981 0.121970 3.565000
v 42.824379 0.121970 2.515860
v 42.824379 -6.073880 2.515860
v 43.418179 -9.538011 3.386840
v 42.923378 -9.538011 2.515860
v 40.825081 -21.613020 6.138350
v 40.844879 -22.068220 6.653020
v 40.132278 -22.068220 6.653020
v 43.556778 15.423480 2.773200

f 1 2 3
f 3 4 1
f 1 4 5
f 5 6 1
f 7 1 6
f 7 6 8
f 7 8 9
f 10 7 9
f 9 11 10
f 11 12 10
f 12 13 10
f 10 13 14
f 10 14 15
f 10 15 16
f 17 16 15
f 18 17 15
f 19 18 15
f 20 18 19
f 20 19 21
f 21 22 20
f 23 22 21
f 21 24 23
f 25 23 24
f 24 26 25
f 27 25 26
f 28 27 26
f 27 28 29
f 29 30 27
f 27 30 31
f 32 31 30
f 33 31 32
f 32 34 33
f 35 33 34
f 36 35 34
f 35 36 37
f 37 38 35
f 35 38 39
f 40 39 38
f 41 39 40
f 40 42 41
f 43 41 42
f 43 42 44
f 43 44 45
f 46 45 44
f 47 46 44
f 48 47 44
f 48 44 49
f 48 49 50
f 51 50 49
f 52 51 49
f 53 51 52
f 53 52 54
f 55 53 54
f 54 56 55
f 57 55 56
f 58 57 56
f 56 59 58
f 42 58 59
f 58 60 57
f 57 60 61
f 62 61 60
f 37 62 60
f 37 63 62
f 62 63 64
f 64 63 65
f 66 64 65
f 65 67 66
f 66 67 68
f 68 69 66
f 69 70 66
f 71 66 70
f 70 72 71
f 72 73 71
f 74 71 73
f 73 75 74
f 74 75 76
f 74 76 51
f 75 77 76
f 77 78 76
f 79 76 78
f 79 78 80
f 81 79 80
f 82 81 80
f 83 82 80
f 84 83 80
f 83 84 85
f 85 86 83
f 87 83 86
f 86 88 87
f 88 89 87
f 89 90 87
f 89 91 90
f 90 91 92
f 90 92 93
f 94 90 93
f 93 81 94
f 95 81 93
f 93 96 95
f 96 97 95
f 98 95 97
f 98 97 99
f 98 99 100
f 100 101 98
f 102 98 101
f 103 102 101
f 103 101 104
f 105 103 104
f 105 104 106
f 106 107 105
f 108 105 107
f 107 109 108
f 108 109 41
f 41 110 108
f 111 108 110
f 110 112 111
f 102 111 112
f 112 110 46
f 110 41 45
f 113 41 109
f 107 113 109
f 113 107 114
f 114 115 113
f 113 115 39
f 33 39 115
f 115 116 33
f 114 116 115
f 116 114 117
f 117 118 116
f 116 118 31
f 119 31 118
f 25 31 119
f 119 120 25
f 121 25 120
f 122 121 120
f 121 122 123
f 123 124 121
f 121 124 23
f 125 23 124
f 123 125 124
f 125 123 126
f 126 127 125
f 125 127 22
f 128 22 127
f 129 22 128
f 128 130 129
f 131 129 130
f 131 130 132
f 131 132 133
f 134 131 133
f 134 133 135
f 136 134 135
f 136 135 137
f 138 136 137
f 138 137 139
f 138 139 140
f 141 138 140
f 140 142 141
f 143 141 142
f 143 142 144
f 144 145 143
f 143 145 146
f 147 146 145
f 145 148 147
f 149 147 148
f 148 150 149
f 151 149 150
f 150 152 151
f 152 153 151
f 154 151 153
f 155 154 153
f 153 156 155
f 157 155 156
f 156 158 157
f 159 157 158
f 159 158 160
f 159 160 161
f 159 161 162
f 163 159 162
f 162 164 163
f 165 163 164
f 164 166 165
f 167 165 166
f 166 168 167
f 169 167 168
f 168 170 169
f 169 170 171
f 169 171 172
f 172 173 169
f 173 174 169
f 174 173 175
f 175 176 174
f 176 177 174
f 177 178 174
f 179 174 178
f 178 180 179
f 180 181 179
f 182 179 181
f 181 183 182
f 183 184 182
f 184 185 182
f 186 182 185
f 185 187 186
f 187 188 186
f 189 186 188
f 188 190 189
f 190 191 189
f 191 192 189
f 193 189 192
f 192 194 193
f 194 195 193
f 196 193 195
f 195 197 196
f 197 198 196
f 198 199 196
f 200 196 199
f 199 201 200
f 201 202 200
f 203 200 202
f 202 204 203
f 204 205 203
f 205 206 203
f 207 203 206
f 206 208 207
f 208 209 207
f 210 207 209
f 209 211 210
f 211 212 210
f 212 213 210
f 213 214 210
f 215 210 214
f 214 216 215
f 216 217 215
f 218 215 217
f 219 218 217
f 219 217 220
f 219 220 221
f 219 221 222
f 219 222 223
f 219 223 224
f 219 224 225
f 226 225 224
f 226 227 225
f 228 225 227
f 228 227 229
f 228 229 230
f 228 230 231
f 232 228 231
f 232 231 233
f 232 233 234
f 235 232 234
f 235 234 236
f 235 236 221
f 237 235 221
f 237 221 238
f 239 237 238
f 239 238 240
f 241 239 240
f 242 241 240
f 243 242 240
f 240 244 243
f 244 245 243
f 246 243 245
f 246 245 247
f 247 248 246
f 246 248 249
f 249 248 250
f 243 249 250
f 243 250 251
f 252 251 250
f 251 252 253
f 251 253 254
f 251 254 255
f 256 251 255
f 255 257 256
f 257 258 256
f 259 256 258
f 258 260 259
f 261 259 260
f 261 260 262
f 262 263 261
f 261 263 264
f 264 241 261
f 263 265 264
f 265 266 264
f 266 267 264
f 267 268 264
f 268 239 264
f 267 269 268
f 269 270 268
f 270 237 268
f 269 271 270
f 272 270 271
f 272 271 273
f 272 273 274
f 275 272 274
f 276 275 274
f 276 274 277
f 276 277 278
f 276 278 279
f 276 279 280
f 280 279 281
f 280 281 282
f 280 282 283
f 280 283 284
f 280 284 285
f 280 285 286
f 275 280 286
f 285 287 286
f 288 286 287
f 235 288 287
f 235 287 289
f 235 270 288
f 272 286 288
f 285 289 287
f 285 290 289
f 228 289 290
f 228 290 291
f 291 292 228
f 291 293 292
f 294 292 293
f 293 295 294
f 295 296 294
f 296 297 294
f 294 297 218
f 297 298 218
f 299 218 298
f 299 298 157
f 299 157 300
f 299 300 207
f 155 298 297
f 297 296 155
f 296 301 155
f 296 295 301
f 301 295 302
f 302 303 301
f 154 301 303
f 303 302 304
f 304 305 303
f 306 303 305
f 305 307 306
f 308 306 307
f 307 309 308
f 308 309 310
f 310 311 308
f 311 310 149
f 312 310 309
f 309 313 312
f 141 312 313
f 313 314 141
f 314 313 4
f 315 4 313
f 313 316 315
f 315 316 317
f 315 317 318
f 319 315 318
f 319 318 320
f 321 319 320
f 321 320 322
f 321 322 323
f 321 323 324
f 4 321 324
f 323 322 324
f 325 324 322
f 325 322 326
f 325 326 267
f 326 327 267
f 326 322 327
f 6 324 325
f 6 325 328
f 325 266 328
f 327 322 320
f 327 320 318
f 329 327 318
f 329 318 330
f 331 329 330
f 331 330 332
f 331 332 305
f 331 305 333
f 331 333 334
f 334 333 335
f 334 335 278
f 333 336 335
f 335 336 337
f 338 335 337
f 338 337 339
f 340 338 339
f 340 339 341
f 340 341 342
f 340 342 343
f 283 340 343
f 283 343 344
f 343 345 344
f 344 345 346
f 344 346 293
f 344 293 347
f 344 347 291
f 344 291 348
f 344 348 284
f 290 284 348
f 293 346 302
f 346 345 302
f 345 342 302
f 343 342 345
f 342 341 302
f 341 349 302
f 302 349 337
f 339 349 341
f 283 338 340
f 283 350 338
f 349 339 337
f 335 338 350
f 350 282 335
f 337 336 302
f 304 336 333
f 351 332 330
f 351 330 352
f 351 352 307
f 316 307 352
f 317 352 330
f 332 351 307
f 331 334 329
f 329 334 269
f 269 334 273
f 329 269 327
f 321 315 319
f 317 330 318
f 352 317 316
f 4 315 321
f 312 141 146
f 316 313 309
f 146 310 312
f 309 307 316
f 306 308 311
f 311 151 306
f 307 305 332
f 303 306 151
f 304 333 305
f 336 304 302
f 293 302 295
f 294 218 292
f 225 292 218
f 291 347 293
f 348 291 290
f 285 284 290
f 283 344 284
f 283 282 350
f 281 335 282
f 279 335 281
f 278 335 279
f 334 278 277
f 334 277 274
f 276 280 275
f 275 286 272
f 334 274 273
f 272 288 270
f 269 273 271
f 327 269 267
f 325 267 266
f 265 328 266
f 265 263 328
f 263 353 328
f 353 8 328
f 353 354 8
f 354 355 8
f 356 355 354
f 356 354 357
f 356 357 358
f 356 358 359
f 356 359 360
f 360 359 361
f 362 360 361
f 363 362 361
f 363 361 364
f 364 365 363
f 363 365 366
f 366 367 363
f 367 366 368
f 368 369 367
f 369 370 367
f 367 370 362
f 370 371 362
f 372 362 371
f 372 371 9
f 372 9 355
f 372 355 362
f 371 370 9
f 370 369 11
f 369 368 12
f 368 373 12
f 368 374 373
f 374 375 373
f 373 375 13
f 376 13 375
f 377 376 375
f 378 376 377
f 379 378 377
f 374 379 377
f 379 374 366
f 366 380 379
f 381 379 380
f 382 381 380
f 380 383 382
f 384 382 383
f 385 384 383
f 383 386 385
f 387 385 386
f 388 387 386
f 386 389 388
f 390 388 389
f 391 390 389
f 389 392 391
f 393 391 392
f 394 393 392
f 392 395 394
f 396 394 395
f 397 396 395
f 395 398 397
f 399 397 398
f 400 399 398
f 398 85 400
f 85 398 401
f 401 402 85
f 403 402 401
f 401 404 403
f 404 405 403
f 406 403 405
f 405 407 406
f 408 406 407
f 407 409 408
f 408 409 410
f 411 408 410
f 411 410 412
f 411 412 88
f 412 413 88
f 88 413 414
f 88 414 91
f 414 415 91
f 415 416 91
f 415 417 416
f 417 418 416
f 419 416 418
f 419 418 420
f 419 420 421
f 422 419 421
f 423 422 421
f 421 424 423
f 425 423 424
f 426 425 424
f 427 426 424
f 427 424 428
f 427 428 429
f 427 429 430
f 427 430 431
f 430 432 431
f 433 431 432
f 432 434 433
f 433 434 435
f 433 435 436
f 435 437 436
f 437 438 436
f 438 439 436
f 439 440 436
f 440 441 436
f 441 442 436
f 443 436 442
f 442 444 443
f 445 443 444
f 444 446 445
f 447 445 446
f 446 448 447
f 448 449 447
f 449 450 447
f 451 447 450
f 450 452 451
f 453 451 452
f 452 454 453
f 454 455 453
f 455 456 453
f 457 453 456
f 456 458 457
f 458 459 457
f 460 457 459
f 459 461 460
f 461 462 460
f 462 463 460
f 464 460 463
f 463 465 464
f 465 466 464
f 467 464 466
f 466 468 467
f 468 469 467
f 469 470 467
f 471 467 470
f 470 472 471
f 472 473 471
f 474 471 473
f 473 475 474
f 475 476 474
f 476 477 474
f 478 474 477
f 477 479 478
f 480 478 479
f 479 481 480
f 481 482 480
f 483 480 482
f 482 484 483
f 484 485 483
f 486 483 485
f 486 485 487
f 487 488 486
f 489 486 488
f 488 490 489
f 491 489 490
f 490 492 491
f 493 491 492
f 492 494 493
f 495 493 494
f 496 495 494
f 497 496 494
f 497 498 496
f 496 498 499
f 496 499 500
f 500 499 501
f 500 501 502
f 495 500 502
f 501 503 502
f 504 502 503
f 505 504 503
f 506 505 503
f 506 503 499
f 507 506 499
f 499 508 507
f 509 507 508
f 510 509 508
f 504 510 508
f 510 505 509
f 511 509 505
f 511 512 509
f 513 509 512
f 512 506 513
f 506 512 511
f 509 513 507
f 499 514 508
f 515 508 514
f 514 516 515
f 517 515 516
f 516 518 517
f 519 517 518
f 518 520 519
f 521 519 520
f 520 522 521
f 523 521 522
f 522 524 523
f 525 523 524
f 524 526 525
f 527 525 526
f 526 528 527
f 529 527 528
f 528 530 529
f 531 529 530
f 530 532 531
f 533 531 532
f 532 534 533
f 535 533 534
f 536 535 534
f 537 536 534
f 534 538 537
f 537 538 539
f 537 539 540
f 540 541 537
f 542 537 541
f 543 542 541
f 541 544 543
f 423 543 544
f 423 544 545
f 423 545 546
f 547 546 545
f 547 545 548
f 549 547 548
f 549 548 550
f 549 550 97
f 550 548 97
f 551 97 548
f 551 548 552
f 553 551 552
f 553 552 554
f 555 553 554
f 555 554 556
f 557 555 556
f 557 556 558
f 557 558 559
f 557 559 560
f 560 561 557
f 562 561 560
f 562 563 561
f 100 561 563
f 563 564 100
f 565 100 564
f 565 564 566
f 567 565 566
f 567 566 568
f 101 567 568
f 569 568 566
f 570 569 566
f 570 566 571
f 572 570 571
f 573 572 571
f 571 574 573
f 573 574 575
f 575 576 573
f 576 575 577
f 576 577 578
f 576 578 579
f 579 580 576
f 576 580 572
f 581 572 580
f 581 580 582
f 582 583 581
f 584 581 583
f 583 585 584
f 586 584 585
f 586 585 587
f 586 587 588
f 589 586 588
f 590 589 588
f 591 590 588
f 591 588 592
f 591 592 593
f 591 593 594
f 591 594 595
f 591 595 596
f 591 596 597
f 591 597 598
f 591 598 599
f 599 598 600
f 601 599 600
f 602 601 600
f 602 600 603
f 604 602 603
f 604 603 605
f 606 604 605
f 607 606 605
f 605 608 607
f 609 607 608
f 609 608 610
f 610 611 609
f 612 609 611
f 611 613 612
f 614 612 613
f 613 615 614
f 616 614 615
f 615 617 616
f 618 616 617
f 619 618 617
f 617 620 619
f 621 619 620
f 620 622 621
f 623 621 622
f 622 624 623
f 625 623 624
f 624 626 625
f 625 626 627
f 628 625 627
f 629 628 627
f 629 627 630
f 631 629 630
f 631 630 632
f 633 631 632
f 633 632 634
f 633 634 635
f 636 633 635
f 637 636 635
f 637 635 638
f 628 637 638
f 639 638 635
f 635 640 639
f 641 639 640
f 642 641 640
f 640 643 642
f 642 643 644
f 132 642 644
f 132 645 642
f 646 642 645
f 647 646 645
f 645 648 647
f 130 647 648
f 647 649 646
f 646 649 650
f 651 650 649
f 126 651 649
f 126 652 651
f 651 652 653
f 654 653 652
f 123 654 652
f 123 655 654
f 654 655 656
f 656 655 657
f 658 656 657
f 657 659 658
f 659 660 658
f 661 658 660
f 660 662 661
f 663 661 662
f 662 619 663
f 661 663 664
f 664 663 665
f 665 666 664
f 658 664 666
f 653 658 666
f 666 650 653
f 650 666 641
f 666 667 641
f 667 666 665
f 665 668 667
f 667 668 669
f 667 669 670
f 667 670 671
f 667 671 639
f 672 639 671
f 671 670 672
f 673 672 670
f 674 673 670
f 675 673 674
f 675 674 669
f 675 669 676
f 676 669 677
f 678 676 677
f 677 672 678
f 679 678 672
f 672 677 638
f 680 638 677
f 680 681 638
f 681 625 638
f 680 669 681
f 676 678 679
f 673 676 679
f 669 680 677
f 676 673 675
f 679 672 673
f 670 669 674
f 681 669 668
f 668 623 681
f 668 665 663
f 663 621 668
f 662 660 682
f 682 618 662
f 683 682 660
f 684 682 683
f 683 659 684
f 685 684 659
f 686 685 659
f 659 687 686
f 687 688 686
f 689 686 688
f 688 690 689
f 691 689 690
f 690 692 691
f 693 691 692
f 692 694 693
f 695 693 694
f 694 696 695
f 697 695 696
f 696 698 697
f 699 697 698
f 698 700 699
f 700 701 699
f 702 699 701
f 701 703 702
f 704 702 703
f 703 606 704
f 705 704 606
f 706 705 606
f 606 707 706
f 708 706 707
f 708 707 709
f 709 705 708
f 705 709 710
f 709 711 710
f 710 711 704
f 712 704 711
f 713 704 712
f 713 712 714
f 713 714 715
f 715 716 713
f 699 713 716
f 695 699 716
f 717 716 715
f 716 717 685
f 691 716 685
f 718 685 717
f 717 719 718
f 718 719 684
f 719 717 714
f 714 612 719
f 715 714 717
f 714 712 720
f 714 720 607
f 707 607 720
f 720 712 707
f 711 709 712
f 709 707 712
f 708 705 706
f 710 704 705
f 702 704 713
f 701 606 703
f 713 699 702
f 701 700 604
f 721 604 700
f 722 721 700
f 700 723 722
f 106 722 723
f 723 698 106
f 721 722 724
f 721 724 569
f 722 104 724
f 724 104 568
f 721 569 604
f 700 698 723
f 696 106 698
f 699 695 697
f 114 696 694
f 716 693 695
f 114 694 692
f 716 691 693
f 117 692 690
f 685 689 691
f 117 690 688
f 688 122 117
f 119 117 122
f 122 688 725
f 122 725 655
f 725 688 687
f 687 657 725
f 685 686 689
f 684 685 718
f 682 684 719
f 719 614 682
f 664 658 661
f 660 659 683
f 659 657 687
f 658 653 656
f 725 657 655
f 656 653 654
f 653 650 651
f 649 647 126
f 128 126 647
f 650 642 646
f 648 645 132
f 644 643 726
f 135 644 726
f 135 726 727
f 726 728 727
f 729 727 728
f 729 728 730
f 731 729 730
f 731 730 732
f 731 732 733
f 734 731 733
f 734 733 735
f 734 735 736
f 734 736 737
f 734 737 738
f 734 738 739
f 734 739 740
f 741 740 739
f 741 739 742
f 741 742 743
f 744 743 742
f 744 742 745
f 745 746 744
f 744 746 137
f 137 727 744
f 746 745 747
f 748 746 747
f 747 749 748
f 750 748 749
f 751 750 749
f 752 751 749
f 753 752 749
f 753 749 754
f 753 754 755
f 753 755 756
f 753 756 757
f 758 753 757
f 758 757 759
f 758 759 760
f 758 760 761
f 758 761 762
f 758 762 752
f 752 762 763
f 752 763 764
f 763 765 764
f 766 764 765
f 766 765 767
f 767 768 766
f 766 768 769
f 770 769 768
f 768 771 770
f 772 770 771
f 771 773 772
f 774 772 773
f 773 775 774
f 776 774 775
f 775 777 776
f 777 778 776
f 779 776 778
f 780 779 778
f 780 778 781
f 780 781 162
f 779 780 782
f 779 782 783
f 779 783 784
f 785 779 784
f 785 784 156
f 156 152 785
f 779 785 150
f 160 784 783
f 160 783 782
f 161 782 780
f 776 779 150
f 150 786 776
f 787 776 786
f 786 788 787
f 789 787 788
f 788 144 789
f 790 789 144
f 770 789 790
f 787 789 774
f 788 786 145
f 777 781 778
f 781 777 791
f 781 791 792
f 781 792 164
f 793 792 791
f 793 791 775
f 794 793 775
f 775 795 794
f 796 794 795
f 795 797 796
f 798 796 797
f 797 799 798
f 799 800 798
f 800 801 798
f 802 801 800
f 803 802 800
f 804 803 800
f 804 805 803
f 803 805 806
f 806 805 807
f 808 806 807
f 808 807 809
f 808 809 810
f 808 810 811
f 812 808 811
f 812 811 813
f 812 813 814
f 794 812 814
f 794 801 812
f 814 813 815
f 793 814 815
f 813 811 815
f 812 802 808
f 811 810 815
f 810 816 815
f 816 817 815
f 817 818 815
f 819 815 818
f 819 818 820
f 819 820 821
f 819 821 822
f 819 822 823
f 823 824 819
f 825 819 824
f 825 824 826
f 826 827 825
f 825 827 828
f 827 829 828
f 829 830 828
f 828 830 170
f 831 170 830
f 830 832 831
f 833 831 832
f 832 829 833
f 834 833 829
f 831 833 834
f 831 834 826
f 831 824 170
f 829 832 830
f 834 829 827
f 827 826 834
f 831 826 824
f 825 828 819
f 824 823 170
f 822 171 823
f 822 835 171
f 835 836 171
f 836 837 171
f 838 837 836
f 836 839 838
f 840 838 839
f 839 841 840
f 842 840 841
f 843 842 841
f 843 841 844
f 843 844 845
f 846 843 845
f 846 845 847
f 848 846 847
f 848 847 849
f 848 849 850
f 848 850 851
f 848 851 852
f 848 852 853
f 853 852 854
f 853 854 855
f 855 856 853
f 846 853 856
f 846 856 857
f 856 858 857
f 858 859 857
f 843 857 859
f 858 860 859
f 859 860 861
f 861 862 859
f 842 859 862
f 842 862 863
f 842 863 864
f 863 865 864
f 864 865 866
f 864 866 867
f 840 864 867
f 868 840 867
f 869 868 867
f 867 870 869
f 871 869 870
f 872 871 870
f 870 873 872
f 874 872 873
f 873 875 874
f 876 874 875
f 877 876 875
f 878 877 875
f 875 879 878
f 880 878 879
f 881 880 879
f 881 879 882
f 883 881 882
f 882 884 883
f 885 883 884
f 884 886 885
f 886 887 885
f 888 885 887
f 887 889 888
f 890 888 889
f 890 889 891
f 891 892 890
f 893 890 892
f 892 894 893
f 893 894 895
f 893 895 896
f 897 893 896
f 897 896 898
f 899 897 898
f 900 899 898
f 900 898 901
f 902 900 901
f 902 901 903
f 902 903 904
f 904 905 902
f 905 904 906
f 905 906 907
f 900 905 907
f 906 908 907
f 899 907 908
f 909 908 906
f 909 906 910
f 910 911 909
f 911 912 909
f 913 909 912
f 913 912 914
f 913 914 915
f 913 915 916
f 916 915 917
f 916 917 908
f 917 918 908
f 918 919 908
f 919 920 908
f 920 921 908
f 921 922 908
f 908 922 897
f 921 923 922
f 924 922 923
f 923 925 924
f 926 924 925
f 927 926 925
f 928 927 925
f 928 925 929
f 930 928 929
f 929 931 930
f 930 931 932
f 932 933 930
f 930 933 934
f 930 934 935
f 930 935 936
f 930 936 927
f 935 937 936
f 936 937 926
f 937 938 926
f 939 926 938
f 940 939 938
f 940 941 939
f 941 942 939
f 939 942 943
f 939 943 944
f 943 945 944
f 944 945 946
f 946 926 944
f 926 946 947
f 947 948 926
f 949 926 948
f 948 838 949
f 947 838 948
f 947 946 950
f 947 950 837
f 172 837 950
f 950 951 172
f 951 952 172
f 951 946 952
f 952 946 953
f 952 953 173
f 954 953 946
f 946 955 954
f 956 954 955
f 955 957 956
f 958 956 957
f 959 958 957
f 957 960 959
f 959 960 961
f 961 962 959
f 962 963 959
f 963 964 959
f 965 959 964
f 965 964 966
f 967 965 966
f 967 966 968
f 968 969 967
f 970 967 969
f 970 969 971
f 970 971 972
f 973 970 972
f 972 974 973
f 975 973 974
f 975 974 976
f 977 975 976
f 978 977 976
f 978 976 979
f 980 978 979
f 981 980 979
f 979 187 981
f 982 980 981
f 983 982 981
f 983 981 956
f 984 982 983
f 983 985 984
f 984 985 986
f 986 987 984
f 988 984 987
f 987 963 988
f 989 988 963
f 989 963 990
f 989 990 991
f 992 991 990
f 992 990 962
f 992 993 991
f 993 994 991
f 994 980 991
f 994 995 980
f 996 995 994
f 997 995 996
f 998 997 996
f 996 999 998
f 998 999 1000
f 1000 1001 998
f 1002 998 1001
f 1001 1003 1002
f 1004 1002 1003
f 1003 1005 1004
f 1005 1006 1004
f 1004 1006 1007
f 1004 1007 1008
f 1004 1008 1009
f 1008 1010 1009
f 1011 1009 1010
f 1011 1010 1012
f 1013 1011 1012
f 1013 1012 1014
f 1013 1014 1015
f 997 1013 1015
f 1015 1014 977
f 1016 1014 1012
f 1017 1016 1012
f 1017 1018 1016
f 1018 1017 971
f 971 968 1018
f 1019 1018 968
f 1019 1014 1018
f 1019 975 1014
f 1014 1016 1018
f 1002 1011 1013
f 1017 1012 1010
f 1010 1020 1017
f 1021 1017 1020
f 1021 1020 1022
f 1021 1022 1023
f 1021 1023 974
f 974 1023 1024
f 1023 1025 1024
f 1025 205 1024
f 1023 1026 1025
f 1026 1027 1025
f 1027 1028 1025
f 1025 1028 1029
f 1029 1030 1025
f 1030 212 1025
f 1031 1030 1029
f 1032 1031 1029
f 1032 1029 1033
f 1032 1033 1034
f 1032 1034 1035
f 1036 1032 1035
f 1036 1035 1037
f 1038 1036 1037
f 1038 1037 1039
f 1040 1038 1039
f 1040 1039 1041
f 1042 1040 1041
f 1042 1041 1043
f 1044 1042 1043
f 1043 1045 1044
f 1046 1044 1045
f 1045 1047 1046
f 1048 1046 1047
f 1047 1049 1048
f 1050 1048 1049
f 1049 1051 1050
f 1052 1050 1051
f 1051 1053 1052
f 1054 1052 1053
f 1053 1055 1054
f 1056 1054 1055
f 1055 1057 1056
f 1058 1056 1057
f 1057 1059 1058
f 1060 1058 1059
f 1059 1061 1060
f 1062 1060 1061
f 1061 1063 1062
f 1064 1062 1063
f 1063 1065 1064
f 1066 1064 1065
f 1065 1067 1066
f 1068 1066 1067
f 1068 1067 1069
f 1070 1068 1069
f 1070 1069 1071
f 1072 1070 1071
f 1072 1071 1073
f 1074 1072 1073
f 1074 1073 1075
f 1076 1074 1075
f 1076 1075 1077
f 1078 1076 1077
f 1078 1077 1079
f 1078 1079 1080
f 1078 1080 1081
f 1081 1082 1078
f 1083 1078 1082
f 1084 1083 1082
f 1084 1082 1085
f 1084 1085 1086
f 1087 1084 1086
f 1087 1086 1088
f 1089 1087 1088
f 1089 1088 1090
f 1089 1090 1091
f 1089 1091 1092
f 1093 1089 1092
f 1093 1092 1094
f 1095 1093 1094
f 1095 1094 1096
f 1095 1096 1097
f 1098 1095 1097
f 1097 1099 1098
f 1100 1098 1099
f 1099 1101 1100
f 1102 1100 1101
f 1102 1101 1103
f 1102 1103 1104
f 1102 1104 1105
f 1105 1106 1102
f 484 1102 1106
f 1106 1107 484
f 484 1107 1108
f 1109 1108 1107
f 1107 1110 1109
f 1109 1110 1111
f 1111 485 1109
f 1112 485 1111
f 1113 485 1112
f 1112 1114 1113
f 1115 1113 1114
f 1114 1116 1115
f 1116 1117 1115
f 1118 1115 1117
f 1117 1119 1118
f 1119 1120 1118
f 1121 1118 1120
f 1120 1122 1121
f 1122 1123 1121
f 1123 1124 1121
f 1124 1125 1121
f 1126 1121 1125
f 1125 1127 1126
f 1126 1127 1128
f 1129 1126 1128
f 1128 1130 1129
f 1131 1129 1130
f 1130 1132 1131
f 1131 1132 1133
f 1133 1134 1131
f 1135 1131 1134
f 1136 1135 1134
f 1134 1137 1136
f 1138 1136 1137
f 1137 1139 1138
f 1138 1139 1140
f 1138 1140 1115
f 1140 1139 1141
f 1140 1141 1142
f 1140 1142 1143
f 1140 1143 1144
f 1140 1144 1113
f 1145 1144 1143
f 1146 1145 1143
f 1146 1147 1145
f 1147 1148 1145
f 1145 1148 1149
f 487 1149 1148
f 1150 487 1148
f 1150 1148 1151
f 1152 1150 1151
f 1152 1151 1153
f 1152 1153 1154
f 1152 1154 1155
f 1156 1152 1155
f 1157 1156 1155
f 1157 1155 1158
f 1157 1158 1159
f 1157 1159 1160
f 1159 1161 1160
f 1162 1160 1161
f 1163 1162 1161
f 1163 1161 1164
f 1165 1163 1164
f 1164 1166 1165
f 1166 516 1165
f 1167 1165 516
f 1164 1168 1166
f 1166 1168 518
f 1169 518 1168
f 1170 1169 1168
f 1170 1171 1169
f 1169 1171 520
f 1171 1170 1172
f 1172 1173 1171
f 1171 1173 526
f 1174 526 1173
f 1172 1174 1173
f 1174 1172 1175
f 1175 1176 1174
f 1174 1176 528
f 1177 528 1176
f 1178 528 1177
f 1179 1178 1177
f 1177 1175 1179
f 1175 1180 1179
f 1181 1179 1180
f 1180 1182 1181
f 1183 1181 1182
f 1182 1184 1183
f 1185 1183 1184
f 1184 1186 1185
f 563 1185 1186
f 1186 1187 563
f 1188 563 1187
f 1187 1189 1188
f 574 1188 1189
f 1190 1189 1187
f 1191 1189 1190
f 1192 1191 1190
f 1190 1193 1192
f 1194 1192 1193
f 1195 1194 1193
f 1193 1186 1195
f 1195 1186 1196
f 1195 1196 1197
f 1197 1196 1198
f 1198 1199 1197
f 1199 1200 1197
f 1200 1201 1197
f 1201 1202 1197
f 1203 1197 1202
f 1204 1203 1202
f 1204 1202 1205
f 1204 1205 1206
f 1204 1206 1207
f 1204 1207 1208
f 1207 1209 1208
f 1210 1208 1209
f 1211 1210 1209
f 1211 1209 1212
f 1213 1211 1212
f 1213 1212 1214
f 1213 1214 1215
f 1216 1213 1215
f 1216 1215 1217
f 1216 1217 1218
f 1216 1218 1219
f 1216 1219 1220
f 1216 1220 1221
f 1222 1216 1221
f 1222 1221 1223
f 1222 1223 1224
f 1225 1222 1224
f 1225 1224 1226
f 1225 1226 1227
f 1228 1225 1227
f 1228 1227 1229
f 1228 1229 1230
f 1231 1228 1230
f 1231 1230 1232
f 1231 1232 580
f 580 1232 1233
f 1233 1232 1234
f 1234 1235 1233
f 1235 582 1233
f 1236 582 1235
f 1237 1236 1235
f 1238 1237 1235
f 1239 1238 1235
f 1240 1239 1235
f 1240 1235 1241
f 1240 1241 1242
f 1240 1242 1243
f 1244 1243 1242
f 1245 1244 1242
f 1242 1133 1245
f 1244 1245 1246
f 1246 1247 1244
f 1247 1248 1244
f 1248 1249 1244
f 594 1244 1249
f 594 1249 1250
f 1249 1251 1250
f 1251 1252 1250
f 1253 1250 1252
f 1252 1254 1253
f 1255 1253 1254
f 1256 1255 1254
f 1257 1256 1254
f 1257 1254 1258
f 1258 1259 1257
f 1258 1260 1259
f 1260 1261 1259
f 1261 1262 1259
f 1259 1262 1263
f 1264 1259 1263
f 1265 1264 1263
f 1265 1263 1266
f 1265 1266 1267
f 1267 1256 1265
f 1267 1268 1256
f 1268 1267 1269
f 1268 1269 1270
f 1270 1271 1268
f 1272 1268 1271
f 1271 596 1272
f 1273 1272 596
f 1274 1273 596
f 1275 1274 596
f 1275 1255 1274
f 1276 1255 1275
f 1275 595 1276
f 1250 1276 595
f 1273 1274 1255
f 1255 1268 1273
f 596 1271 1277
f 1273 1268 1272
f 1271 1270 1277
f 1270 1278 1277
f 1279 1277 1278
f 1278 1269 1279
f 1280 1279 1269
f 1269 1281 1280
f 1280 1281 1282
f 1280 1282 1283
f 1284 1283 1282
f 1283 1284 1285
f 611 1283 1285
f 1284 1286 1285
f 1286 1287 1285
f 1288 1285 1287
f 1287 1289 1288
f 1290 1288 1289
f 1289 1291 1290
f 1290 1291 1292
f 1290 1292 1293
f 1294 1293 1292
f 1293 1294 1295
f 1293 1295 1296
f 615 1293 1296
f 1295 1297 1296
f 1297 1298 1296
f 1299 1296 1298
f 1298 1300 1299
f 1301 1299 1300
f 1300 1302 1301
f 1301 1302 1303
f 1301 1303 1304
f 1305 1304 1303
f 1304 1305 1306
f 620 1304 1306
f 1305 1307 1306
f 1307 1308 1306
f 1309 1306 1308
f 1308 1310 1309
f 1311 1309 1310
f 1310 1312 1311
f 1311 1312 1313
f 1311 1313 1314
f 1315 1314 1313
f 1314 1315 1316
f 624 1314 1316
f 1315 1317 1316
f 1317 1318 1316
f 1319 1316 1318
f 1318 1320 1319
f 1321 1319 1320
f 1320 1322 1321
f 1321 1322 1323
f 1321 1323 1324
f 1323 1325 1324
f 1326 1324 1325
f 1326 1325 1322
f 1322 1327 1326
f 1326 1327 1328
f 1328 1329 1326
f 1329 1328 1330
f 1329 1330 1331
f 627 1329 1331
f 627 1324 1329
f 1332 1331 1330
f 1332 1330 1327
f 1333 1332 1327
f 1333 1327 1334
f 1333 1334 1335
f 1333 1335 1336
f 1337 1333 1336
f 1337 1336 1338
f 1337 1338 1339
f 889 1337 1339
f 889 1340 1337
f 1341 1337 1340
f 1340 1342 1341
f 1341 1342 1343
f 1343 1344 1341
f 1341 1344 1345
f 1346 1341 1345
f 1345 1347 1346
f 1348 1346 1347
f 1349 1348 1347
f 1350 1349 1347
f 1351 1350 1347
f 1347 1352 1351
f 1353 1351 1352
f 1352 1354 1353
f 1355 1353 1354
f 1356 1355 1354
f 1354 1331 1356
f 1357 1356 1331
f 1357 1333 1356
f 1331 1354 630
f 1356 1333 1355
f 1355 1333 1353
f 1354 1352 630
f 1358 630 1352
f 630 1358 1359
f 630 1359 1360
f 1360 1359 1361
f 1360 1361 1362
f 632 1360 1362
f 632 1362 1363
f 632 1363 1364
f 728 1364 1363
f 728 643 1364
f 643 634 1364
f 1363 1362 1365
f 730 1363 1365
f 1362 1366 1365
f 1366 1367 1365
f 1365 1367 732
f 1366 1368 1367
f 1368 1369 1367
f 1369 1370 1367
f 1370 1371 1367
f 1372 1367 1371
f 1371 1373 1372
f 1374 1372 1373
f 1373 1375 1374
f 1376 1374 1375
f 1376 1375 1377
f 1377 1378 1376
f 1378 1379 1376
f 1379 1380 1376
f 1379 1381 1380
f 1380 1381 1382
f 1374 1380 1382
f 1382 1383 1374
f 1383 1382 1384
f 1384 736 1383
f 736 1384 1385
f 1385 1384 1386
f 1386 737 1385
f 1387 737 1386
f 737 1387 1388
f 737 1388 1389
f 737 1389 1390
f 754 1390 1389
f 1388 1391 1389
f 755 1389 1391
f 1388 1392 1391
f 756 1391 1392
f 1388 1393 1392
f 1393 1394 1392
f 1394 1395 1392
f 757 1392 1395
f 1396 757 1395
f 1396 1395 1397
f 1396 1397 1398
f 759 1396 1398
f 759 1398 1399
f 759 1399 1400
f 759 1400 1401
f 759 1401 1402
f 759 1402 1403
f 1403 1402 1404
f 760 1403 1404
f 1402 1405 1404
f 1405 1406 1404
f 1406 1407 1404
f 1408 1404 1407
f 1407 1409 1408
f 1408 1409 767
f 1410 767 1409
f 1409 799 1410
f 1411 799 1409
f 799 1411 804
f 804 1411 1412
f 804 1412 1413
f 1413 1412 1414
f 1413 1414 1415
f 1413 1415 1416
f 1413 1416 1417
f 1413 1417 805
f 1417 1418 805
f 1419 1418 1417
f 1419 1420 1418
f 1421 1418 1420
f 1421 1420 1422
f 1421 1422 820
f 1420 1423 1422
f 1422 1423 821
f 809 1418 1421
f 809 1421 817
f 1419 1423 1420
f 1416 1423 1419
f 1416 1424 1423
f 1423 1424 822
f 1416 1425 1424
f 1424 1425 1426
f 1424 1426 1427
f 1424 1427 835
f 839 1427 1426
f 1426 1425 844
f 844 1425 1428
f 1428 1425 1415
f 1415 1429 1428
f 845 1428 1429
f 1416 1419 1417
f 1416 1415 1425
f 1429 1415 1414
f 1414 847 1429
f 1414 1412 849
f 849 1412 1430
f 1430 1412 1411
f 1411 1431 1430
f 850 1430 1431
f 1431 1432 850
f 1431 1433 1432
f 1432 1433 1434
f 1432 1434 1435
f 1435 851 1432
f 1435 1436 851
f 1435 1437 1436
f 1382 1436 1437
f 1437 1435 1438
f 1438 1439 1437
f 1384 1437 1439
f 1439 1387 1384
f 1440 1387 1439
f 1441 1440 1439
f 1393 1440 1441
f 1393 1387 1440
f 1441 1439 1438
f 1442 1441 1438
f 1443 1442 1438
f 1443 1438 1444
f 1445 1443 1444
f 1446 1445 1444
f 1446 1444 1447
f 1448 1446 1447
f 1448 1447 1449
f 1450 1448 1449
f 1450 1449 1451
f 1450 1451 1446
f 1452 1446 1451
f 1453 1452 1451
f 1454 1453 1451
f 1454 1451 1455
f 1454 1455 1456
f 1454 1456 1457
f 1458 1454 1457
f 1458 1457 1459
f 1458 1459 1460
f 1458 1460 1461
f 1462 1461 1460
f 1462 1460 1463
f 1462 1463 1464
f 1462 1464 1465
f 1464 1466 1465
f 1465 1466 1467
f 1468 1465 1467
f 1469 1468 1467
f 1469 1467 1470
f 1469 1470 1453
f 1471 1469 1453
f 1471 1472 1469
f 1469 1472 1473
f 1461 1473 1472
f 1472 1454 1461
f 1473 1461 1474
f 1468 1473 1474
f 1465 1474 1461
f 1471 1454 1472
f 1453 1470 1475
f 1476 1475 1470
f 1476 1400 1475
f 1400 1477 1475
f 1452 1475 1477
f 1394 1452 1477
f 1394 1477 1478
f 1394 1478 1397
f 1399 1478 1477
f 1394 1443 1452
f 1467 1400 1476
f 1467 1476 1470
f 1469 1473 1468
f 1468 1474 1465
f 1401 1467 1466
f 1401 1466 1479
f 1480 1479 1466
f 1481 1480 1466
f 1481 1405 1480
f 1480 1405 1479
f 1464 1481 1466
f 1464 1463 1481
f 1481 1463 1433
f 1481 1433 1406
f 1482 1433 1463
f 1483 1482 1463
f 1483 1463 1484
f 1485 1483 1484
f 1486 1485 1484
f 1459 1486 1484
f 1486 1459 1487
f 1486 1487 1488
f 1486 1488 1489
f 1489 1488 1490
f 1489 1490 1485
f 1485 1490 1491
f 1491 1490 1492
f 1491 1492 1493
f 1491 1493 1482
f 1482 1493 1434
f 1493 1492 1488
f 1488 1435 1493
f 1494 1435 1488
f 1444 1435 1494
f 1494 1495 1444
f 1496 1444 1495
f 1497 1496 1495
f 1497 1451 1496
f 1497 1495 1494
f 1497 1494 1498
f 1497 1498 1457
f 1498 1487 1457
f 1498 1494 1487
f 1490 1488 1492
f 1487 1494 1488
f 1486 1489 1485
f 1485 1491 1483
f 1483 1491 1482
f 1460 1484 1463
f 1462 1465 1461
f 1460 1459 1484
f 1487 1459 1457
f 1458 1461 1454
f 1456 1497 1457
f 1456 1455 1497
f 1455 1451 1497
f 1454 1471 1453
f 1453 1475 1452
f 1449 1496 1451
f 1449 1447 1496
f 1446 1448 1450
f 1447 1444 1496
f 1452 1445 1446
f 1452 1443 1445
f 1394 1442 1443
f 1394 1441 1442
f 1444 1438 1435
f 1493 1435 1434
f 1482 1434 1433
f 1431 1406 1433
f 1431 1411 1407
f 1409 1407 1411
f 1404 1408 767
f 1406 1431 1407
f 1481 1406 1405
f 1402 1479 1405
f 1401 1479 1402
f 1401 1400 1467
f 1399 1477 1400
f 1398 1478 1399
f 1398 1397 1478
f 1394 1397 1395
f 1393 1441 1394
f 1388 1387 1393
f 1386 1384 1387
f 1437 1384 1382
f 1381 1436 1382
f 1436 1381 1499
f 1436 1499 1500
f 1500 852 1436
f 854 1500 1499
f 1501 854 1499
f 1501 1499 1381
f 1501 1381 1502
f 1501 1502 1503
f 1501 1503 858
f 1501 858 855
f 1503 1502 1504
f 1503 1504 1505
f 1503 1505 1506
f 1503 1506 860
f 1506 1505 1507
f 1506 1507 1508
f 1506 1508 1509
f 1506 1509 861
f 1508 1510 1509
f 1509 1510 865
f 865 1510 1511
f 1510 1512 1511
f 1512 1513 1511
f 1511 1513 1514
f 1514 1515 1511
f 1516 1511 1515
f 1517 1516 1515
f 1515 1518 1517
f 1518 1519 1517
f 1520 1517 1519
f 1520 1519 1521
f 1520 1521 1522
f 1520 1522 1523
f 1520 1523 1524
f 1525 1520 1524
f 1516 1525 1524
f 1526 1524 1523
f 1523 1518 1526
f 1524 1526 1379
f 1504 1379 1526
f 1522 1518 1523
f 1522 1521 1518
f 1525 1517 1520
f 1518 1521 1519
f 1515 1526 1518
f 1516 1517 1525
f 1516 1524 1511
f 1511 1524 1378
f 1511 1378 866
f 1378 1527 866
f 1527 1378 1528
f 1527 1528 873
f 1515 1514 1526
f 1514 1513 1526
f 1513 1529 1526
f 1529 1530 1526
f 1530 1507 1526
f 1508 1530 1529
f 1508 1529 1512
f 1512 1529 1513
f 1508 1512 1510
f 1508 1507 1530
f 1507 1505 1526
f 1505 1504 1526
f 1504 1502 1379
f 1502 1381 1379
f 1378 1524 1379
f 1377 1528 1378
f 1528 1377 1531
f 1528 1531 875
f 1532 1531 1377
f 1533 1531 1532
f 1532 1534 1533
f 1533 1534 1535
f 1535 882 1533
f 1536 882 1535
f 1536 1535 1537
f 1537 1538 1536
f 1538 1539 1536
f 1538 1540 1539
f 1540 1541 1539
f 882 1539 1541
f 1542 882 1541
f 1543 1542 1541
f 1543 1544 1542
f 1544 1545 1542
f 1546 1545 1544
f 1544 1547 1546
f 1546 1547 884
f 1537 884 1547
f 1537 1344 884
f 1548 884 1344
f 884 1548 1549
f 884 1549 1550
f 884 1550 1342
f 884 1342 1551
f 884 1551 1552
f 1551 887 1552
f 887 1551 1340
f 1549 1343 1550
f 1548 1343 1549
f 882 1545 1546
f 1543 1547 1544
f 1543 1540 1547
f 1542 1545 882
f 1540 1543 1541
f 1538 1547 1540
f 1537 1547 1538
f 1344 1537 1535
f 1535 1553 1344
f 1536 1539 882
f 1553 1535 1534
f 1554 1553 1534
f 1554 1534 1555
f 1554 1555 1556
f 1554 1556 1557
f 1554 1557 1558
f 1358 1554 1558
f 1358 1558 1361
f 1554 1358 1347
f 1558 1557 1368
f 1557 1556 1369
f 1556 1555 1370
f 1553 1554 1345
f 1534 1532 1555
f 1555 1532 1371
f 1533 879 1531
f 1532 1377 1375
f 1380 1374 1376
f 1375 1373 1532
f 1372 1374 1383
f 1383 735 1372
f 1373 1371 1532
f 1367 1372 733
f 1371 1370 1555
f 1370 1369 1556
f 1369 1368 1557
f 1368 1366 1558
f 1558 1366 1362
f 1361 1558 1362
f 1358 1361 1359
f 1353 1333 1351
f 1352 1347 1358
f 1351 1333 1350
f 1350 1337 1349
f 1349 1337 1348
f 1348 1337 1346
f 1347 1345 1554
f 1345 1344 1553
f 1548 1344 1343
f 1550 1343 1342
f 1342 1340 1551
f 1346 1337 1341
f 1559 1339 1338
f 1338 1560 1559
f 1561 1559 1560
f 1560 1562 1561
f 1563 1561 1562
f 1563 1562 1564
f 1565 1563 1564
f 1566 1565 1564
f 1566 1564 1567
f 1566 1567 1568
f 1569 1566 1568
f 1569 1568 1570
f 1569 1570 1571
f 1571 1572 1569
f 1572 1571 1573
f 1572 1573 1574
f 1575 1572 1574
f 1575 1574 1576
f 1575 1576 1577
f 1575 1577 1578
f 1575 1578 1579
f 1575 1579 1580
f 1581 1580 1579
f 1582 1580 1581
f 1581 1583 1582
f 1583 1584 1582
f 1585 1582 1584
f 1586 1585 1584
f 1584 1587 1586
f 1587 1588 1586
f 1589 1586 1588
f 1590 1589 1588
f 1588 1591 1590
f 1591 1592 1590
f 1593 1590 1592
f 1594 1593 1592
f 1592 1595 1594
f 1595 1596 1594
f 1597 1594 1596
f 1598 1597 1596
f 1596 1599 1598
f 1599 1600 1598
f 1601 1598 1600
f 1602 1601 1600
f 1600 1603 1602
f 1603 1604 1602
f 1605 1602 1604
f 1606 1605 1604
f 1604 1607 1606
f 1607 1608 1606
f 1609 1606 1608
f 1610 1609 1608
f 1608 1611 1610
f 1611 1612 1610
f 1612 1613 1610
f 1614 1610 1613
f 1615 1614 1613
f 1615 1613 1616
f 1615 1616 1617
f 1615 1617 1618
f 1619 1615 1618
f 1619 1618 1620
f 1619 1620 1621
f 1619 1621 1622
f 1619 1622 1623
f 1619 1623 1624
f 1625 1619 1624
f 1625 1624 1626
f 1626 1627 1625
f 1625 1627 1614
f 1627 1609 1614
f 1627 1626 1605
f 1628 1626 1624
f 1624 1629 1628
f 1630 1628 1629
f 1629 1631 1630
f 1632 1630 1631
f 1631 1633 1632
f 1634 1632 1633
f 1633 1635 1634
f 1636 1634 1635
f 1635 1637 1636
f 1637 1572 1636
f 1636 1572 1580
f 1637 1566 1572
f 1635 1638 1637
f 1638 1565 1637
f 1638 1635 1639
f 1639 1561 1638
f 1640 1639 1635
f 1639 1640 1641
f 1639 1641 1559
f 1640 1642 1641
f 1642 1643 1641
f 1643 1644 1641
f 1644 1645 1641
f 1641 1645 1339
f 1339 1645 891
f 1646 891 1645
f 1647 1646 1645
f 1648 1646 1647
f 1648 1647 1649
f 1648 1649 1650
f 1648 1650 1651
f 1648 1651 1335
f 1648 1335 1652
f 1651 1650 1653
f 1651 1653 1564
f 1654 1653 1650
f 1655 1654 1650
f 1656 1654 1655
f 1656 1655 1657
f 1656 1657 1658
f 1656 1658 1334
f 1659 1656 1334
f 1659 1334 1660
f 1661 1659 1660
f 1661 1660 1662
f 1661 1662 1663
f 1661 1663 1664
f 1661 1664 1665
f 1661 1665 1666
f 1661 1666 1667
f 1667 1666 1668
f 1667 1668 1654
f 1659 1667 1654
f 1654 1668 1669
f 1670 1654 1669
f 1571 1670 1669
f 1670 1568 1654
f 1668 1671 1669
f 1573 1669 1671
f 1668 1672 1671
f 1671 1672 1673
f 1673 1574 1671
f 1673 1672 1576
f 1672 1674 1576
f 1674 1675 1576
f 1675 1676 1576
f 1677 1576 1676
f 1678 1677 1676
f 1678 1676 1679
f 1678 1679 1680
f 1678 1680 1681
f 1678 1681 1682
f 1678 1682 1683
f 1678 1683 1684
f 1678 1684 1685
f 1678 1685 1686
f 1678 1686 1687
f 1687 1686 1688
f 1688 1677 1687
f 1689 1677 1688
f 1688 1041 1689
f 1689 1690 1677
f 1691 1677 1690
f 1692 1691 1690
f 1692 1690 1693
f 1578 1692 1693
f 1578 1693 1694
f 1578 1694 1695
f 1695 1581 1578
f 1581 1695 1006
f 1006 1695 1694
f 1006 1694 1693
f 1696 1006 1693
f 1696 1693 1690
f 1696 1690 1697
f 1697 1698 1696
f 1696 1698 1699
f 1696 1699 1007
f 1700 1007 1699
f 1700 1699 1701
f 1702 1700 1701
f 1702 1701 1703
f 1034 1703 1701
f 1704 1703 1034
f 1704 1034 1705
f 1705 1020 1704
f 1705 1706 1020
f 1705 1707 1706
f 1708 1706 1707
f 1707 1033 1708
f 1708 1709 1706
f 1709 1710 1706
f 1706 1710 1022
f 1026 1710 1709
f 1027 1709 1708
f 1707 1705 1034
f 1700 1703 1704
f 1702 1703 1700
f 1699 1711 1701
f 1037 1701 1711
f 1037 1711 1689
f 1700 1704 1007
f 1699 1698 1711
f 1697 1711 1698
f 1697 1690 1711
f 1577 1691 1692
f 1690 1689 1711
f 1686 1712 1688
f 1712 1713 1688
f 1713 1714 1688
f 1714 1043 1688
f 1043 1714 1715
f 1043 1715 1716
f 1716 1715 1717
f 1716 1717 1718
f 1719 1716 1718
f 1719 1718 1720
f 1719 1720 1721
f 1719 1721 1722
f 1723 1719 1722
f 1723 1722 1724
f 1723 1724 1725
f 1723 1725 1716
f 1725 1726 1716
f 1726 1045 1716
f 1045 1726 1727
f 1045 1727 1728
f 1045 1728 1729
f 1730 1729 1728
f 1731 1730 1728
f 1728 1732 1731
f 1733 1731 1732
f 1732 1734 1733
f 1734 1735 1733
f 1735 1736 1733
f 1735 1737 1736
f 1737 1731 1736
f 1737 1738 1731
f 1738 1739 1731
f 1739 1740 1731
f 1740 1739 1741
f 1740 1741 1742
f 1743 1740 1742
f 1744 1743 1742
f 1744 1742 1745
f 1744 1745 1746
f 1744 1746 1747
f 1747 1746 1748
f 1749 1747 1748
f 1749 1748 1750
f 1751 1749 1750
f 1750 1752 1751
f 1752 1753 1751
f 1754 1751 1753
f 1755 1754 1753
f 1756 1755 1753
f 1756 1753 1757
f 1756 1757 1758
f 1759 1756 1758
f 1758 1760 1759
f 1759 1760 1761
f 1729 1761 1760
f 1760 1047 1729
f 1761 1729 1762
f 1762 1763 1761
f 1763 1756 1761
f 1763 1764 1756
f 1763 1740 1764
f 1764 1740 1755
f 1763 1730 1740
f 1763 1762 1730
f 1765 1760 1758
f 1760 1765 1766
f 1766 1049 1760
f 1049 1766 1767
f 1766 1768 1767
f 1768 1769 1767
f 1770 1767 1769
f 1770 1769 1771
f 1772 1770 1771
f 1772 1771 1773
f 1774 1772 1773
f 1775 1774 1773
f 1776 1775 1773
f 1776 1773 1777
f 1777 1778 1776
f 1779 1776 1778
f 1778 1780 1779
f 1780 1781 1779
f 1781 1782 1779
f 1783 1782 1781
f 1783 1784 1782
f 1784 1785 1782
f 1785 1786 1782
f 1787 1782 1786
f 1788 1787 1786
f 1788 1786 1789
f 1788 1789 1790
f 1788 1790 1791
f 1788 1791 1792
f 1793 1788 1792
f 1792 1794 1793
f 1793 1794 1795
f 1796 1795 1794
f 1794 1053 1796
f 1795 1796 1787
f 1787 1796 1797
f 1051 1797 1796
f 1051 1798 1797
f 1799 1797 1798
f 1799 1798 1800
f 1799 1800 1801
f 1799 1801 1772
f 1802 1801 1800
f 1800 1803 1802
f 1802 1803 1770
f 1051 1770 1803
f 1801 1802 1770
f 1803 1800 1798
f 1774 1797 1799
f 1051 1803 1798
f 1804 1794 1792
f 1794 1804 1805
f 1805 1055 1794
f 1806 1805 1804
f 1804 1791 1806
f 1807 1806 1791
f 1806 1807 1808
f 1807 1809 1808
f 1808 1809 1810
f 1808 1810 1811
f 1805 1808 1811
f 1811 1057 1805
f 1057 1811 1812
f 1057 1812 1813
f 1057 1813 1814
f 1057 1814 1815
f 1816 1815 1814
f 1817 1816 1814
f 1816 1817 1818
f 1816 1818 1819
f 1820 1816 1819
f 1820 1819 1821
f 1820 1821 1822
f 1820 1822 1815
f 1822 1823 1815
f 1824 1815 1823
f 1824 1823 1821
f 1824 1821 1825
f 1825 1826 1824
f 1827 1824 1826
f 1826 1828 1827
f 1828 1829 1827
f 1829 1830 1827
f 1829 1831 1830
f 1831 1832 1830
f 1832 1833 1830
f 1833 1834 1830
f 1835 1830 1834
f 1836 1835 1834
f 1837 1836 1834
f 1837 1834 1838
f 1839 1837 1838
f 1840 1839 1838
f 1838 1841 1840
f 1842 1840 1841
f 1841 1843 1842
f 1844 1842 1843
f 1843 1845 1844
f 1845 1846 1844
f 1846 1847 1844
f 1844 1847 1848
f 1848 1847 1849
f 1848 1849 1850
f 1851 1848 1850
f 1851 1850 1852
f 1853 1851 1852
f 1853 1852 1854
f 1855 1853 1854
f 1855 1854 1856
f 1857 1855 1856
f 1856 1858 1857
f 1857 1858 1859
f 1859 1860 1857
f 1861 1860 1859
f 1859 1862 1861
f 1861 1862 1863
f 1863 1836 1861
f 1864 1836 1863
f 1863 1862 1864
f 1865 1864 1862
f 1059 1865 1862
f 1865 1059 1815
f 1835 1865 1815
f 1864 1865 1835
f 1860 1861 1836
f 1839 1860 1836
f 1860 1839 1855
f 1862 1859 1858
f 1858 1061 1862
f 1858 1856 1866
f 1866 1063 1858
f 1063 1866 1867
f 1063 1867 1868
f 1063 1868 1869
f 1868 1870 1869
f 1871 1869 1870
f 1870 1872 1871
f 1872 1873 1871
f 1874 1873 1872
f 1874 1872 1875
f 1874 1875 1876
f 1874 1876 1877
f 1878 1874 1877
f 1879 1878 1877
f 1879 1877 1880
f 1880 1881 1879
f 1882 1879 1881
f 1883 1882 1881
f 1884 1883 1881
f 1885 1884 1881
f 1885 1881 1886
f 1885 1886 1887
f 1888 1885 1887
f 1889 1888 1887
f 1887 1890 1889
f 1891 1889 1890
f 1892 1891 1890
f 1890 1893 1892
f 1894 1892 1893
f 1894 1893 1895
f 1896 1894 1895
f 1896 1895 1897
f 1896 1897 1898
f 1899 1896 1898
f 1900 1899 1898
f 1900 1898 1901
f 1900 1901 1902
f 1900 1902 1903
f 1900 1903 1904
f 1900 1904 1905
f 1883 1905 1904
f 1883 1904 1906
f 1879 1906 1904
f 1904 1903 1879
f 1879 1903 1907
f 1879 1907 1908
f 1909 1908 1907
f 1873 1909 1907
f 1873 1907 1869
f 1907 1065 1869
f 1065 1907 1910
f 1065 1910 1911
f 1910 1912 1911
f 1912 1913 1911
f 1913 1914 1911
f 1914 1067 1911
f 1913 1915 1914
f 1915 1916 1914
f 1916 1917 1914
f 1914 1917 1918
f 1918 1069 1914
f 1917 1919 1918
f 1920 1918 1919
f 1920 1919 1921
f 1921 1922 1920
f 1923 1920 1922
f 1924 1923 1922
f 1924 1922 1925
f 1924 1925 1926
f 1924 1926 1927
f 1924 1927 1928
f 1929 1924 1928
f 1930 1929 1928
f 1928 1931 1930
f 1932 1930 1931
f 1931 1933 1932
f 1934 1932 1933
f 1933 1935 1934
f 1936 1934 1935
f 1935 1937 1936
f 1938 1936 1937
f 1937 1939 1938
f 1940 1938 1939
f 1939 1941 1940
f 1942 1940 1941
f 1941 1943 1942
f 1944 1942 1943
f 1943 1945 1944
f 1944 1945 1946
f 1947 1944 1946
f 1947 1946 1948
f 1948 1949 1947
f 1950 1947 1949
f 1951 1950 1949
f 1949 1952 1951
f 1951 1952 1953
f 1951 1953 1104
f 1954 1951 1104
f 1954 1104 1955
f 1956 1954 1955
f 1956 1955 1957
f 1956 1957 1958
f 1959 1956 1958
f 1959 1958 1960
f 1960 1961 1959
f 1962 1959 1961
f 1961 1963 1962
f 1963 1964 1962
f 1965 1962 1964
f 1965 1964 1966
f 1967 1965 1966
f 1967 1966 1968
f 1969 1967 1968
f 1969 1968 1970
f 1969 1970 1971
f 1972 1969 1971
f 1972 1971 1936
f 1969 1972 1973
f 1965 1969 1973
f 1974 1973 1972
f 1975 1974 1972
f 1975 1972 1938
f 1974 1975 1976
f 1962 1974 1976
f 1977 1976 1975
f 1978 1977 1975
f 1978 1975 1940
f 1977 1978 1956
f 1950 1956 1978
f 1977 1959 1976
f 1974 1962 1973
f 1979 1971 1970
f 1970 1980 1979
f 1979 1980 1981
f 1979 1981 1982
f 1979 1982 1983
f 1984 1983 1982
f 1982 1985 1984
f 1984 1985 1986
f 1984 1986 1987
f 1987 1988 1984
f 1984 1988 1989
f 1990 1989 1988
f 1989 1990 1991
f 1989 1991 1930
f 1990 1992 1991
f 1993 1991 1992
f 1992 1994 1993
f 1995 1993 1994
f 1995 1994 1996
f 1996 1077 1995
f 1997 1995 1077
f 1077 1073 1997
f 1918 1997 1073
f 1998 1995 1997
f 1999 1998 1997
f 2000 1999 1997
f 1923 2000 1997
f 1929 2000 1923
f 1929 1993 2000
f 1993 1999 2000
f 1999 1995 1998
f 1994 1987 1996
f 2001 1996 1987
f 1987 2002 2001
f 2001 2002 2003
f 2004 2001 2003
f 2003 2005 2004
f 2006 2004 2005
f 2005 2007 2006
f 2007 2008 2006
f 2009 2006 2008
f 2010 2009 2008
f 2010 2008 2011
f 2010 2011 2012
f 2010 2012 2013
f 2013 2012 2014
f 2015 2013 2014
f 2015 2014 2016
f 2015 2016 2005
f 2016 2014 2017
f 2018 2016 2017
f 1968 2018 2017
f 1968 2017 1096
f 1968 1096 1980
f 2018 2019 2016
f 2016 2019 2007
f 1966 2019 2018
f 2014 1097 2017
f 2014 2020 1097
f 2021 1097 2020
f 2021 2020 1961
f 2015 1091 2013
f 2015 2022 1091
f 2015 2003 2022
f 2020 2014 2012
f 2020 2012 1963
f 2011 1963 2012
f 2011 2008 2019
f 2019 1964 2011
f 2010 2013 2009
f 1090 2009 2013
f 2009 1090 2023
f 2023 2006 2009
f 2007 2019 2008
f 2016 2007 2005
f 2023 2004 2006
f 2015 2005 2003
f 2023 2001 2004
f 2024 2001 2023
f 2023 1088 2024
f 2025 2001 2024
f 2025 2024 1086
f 2026 2025 1086
f 2027 2025 2026
f 2026 1085 2027
f 2027 2028 2025
f 2029 2025 2028
f 2028 1081 2029
f 2025 2029 1996
f 1080 1996 2029
f 2027 1082 2028
f 2022 2003 2002
f 2022 2002 1985
f 2030 2022 1985
f 2031 2030 1985
f 2031 1981 2030
f 2032 2030 1981
f 2030 2032 1092
f 2030 1092 2022
f 2025 1996 2001
f 1990 1987 1994
f 1993 1995 1999
f 1991 1993 1929
f 1994 1992 1990
f 1988 1987 1990
f 1987 1986 2002
f 1986 1985 2002
f 1982 2031 1985
f 1983 1984 1989
f 1983 1989 1932
f 1982 1981 2031
f 1981 1980 2032
f 1094 2032 1980
f 1971 1979 1983
f 1971 1983 1934
f 1970 1968 1980
f 1966 2018 1968
f 1969 1965 1967
f 1966 1964 2019
f 1965 1973 1962
f 1963 2011 1964
f 1963 1961 2020
f 1962 1976 1959
f 1961 1960 2021
f 2033 2021 1960
f 1960 2034 2033
f 2035 2033 2034
f 2035 2034 2036
f 2037 2035 2036
f 2037 2036 2038
f 2037 2038 2039
f 2040 2037 2039
f 2040 2039 2041
f 2040 2041 2042
f 2040 2042 2043
f 2043 2042 2044
f 2045 2043 2044
f 2046 2045 2044
f 2046 2044 1957
f 2046 1955 2045
f 2045 1955 1103
f 2045 1103 2047
f 2045 2047 2043
f 2037 2043 2047
f 2044 2042 1960
f 2034 2042 2041
f 2041 2048 2034
f 2049 2048 2041
f 2050 2048 2049
f 1948 2050 2049
f 1948 2049 1952
f 2051 1952 2049
f 2049 2039 2051
f 2052 2051 2039
f 2052 2053 2051
f 2053 2054 2051
f 2051 2054 2055
f 2051 2055 2056
f 1953 2051 2056
f 2056 2055 2057
f 2056 2057 2058
f 2056 2058 1105
f 2059 1105 2058
f 2058 2060 2059
f 2061 2059 2060
f 2062 2061 2060
f 2057 2062 2060
f 2057 2063 2062
f 2064 2062 2063
f 2063 2054 2064
f 2062 2064 2061
f 2053 2061 2064
f 2065 2061 2053
f 2066 2065 2053
f 2065 2066 2067
f 2068 2065 2067
f 2069 2068 2067
f 2069 2067 2070
f 2071 2069 2070
f 2071 2070 2072
f 2071 2072 2073
f 2071 2073 2074
f 2074 2073 2075
f 2076 2074 2075
f 2076 2075 2077
f 2076 2077 2078
f 2079 2078 2077
f 2079 2077 2080
f 2079 2080 2081
f 2082 2079 2081
f 2082 2081 2083
f 2082 2083 2084
f 2082 2084 2085
f 2082 2085 2086
f 2082 2086 2087
f 2087 2086 2088
f 2087 2088 2089
f 2090 2087 2089
f 2090 2089 2091
f 2092 2090 2091
f 2093 2092 2091
f 2091 2094 2093
f 2094 2095 2093
f 2095 2068 2093
f 2095 2094 2065
f 2094 2096 2065
f 2091 2096 2094
f 2091 2097 2096
f 2097 2098 2096
f 2098 2059 2096
f 2098 2099 2059
f 2099 2100 2059
f 2100 2101 2059
f 2101 2102 2059
f 2102 2103 2059
f 2103 1106 2059
f 2103 2104 1106
f 2104 2103 2105
f 2105 2106 2104
f 2106 2107 2104
f 2104 2107 1107
f 2108 2107 2106
f 2109 2108 2106
f 2109 2106 2110
f 2111 2109 2110
f 2112 2111 2110
f 2113 2111 2112
f 2113 2112 2114
f 2115 2113 2114
f 2116 2115 2114
f 2117 2116 2114
f 2114 2118 2117
f 2117 2118 2119
f 2117 2119 2120
f 2120 2121 2117
f 2121 2120 2085
f 2120 2119 2122
f 2088 2120 2122
f 2088 2122 2123
f 2119 2123 2122
f 2123 2119 2124
f 2124 2101 2123
f 2124 2119 2102
f 2106 2119 2118
f 2114 2106 2118
f 2116 2117 2121
f 2121 2084 2116
f 2125 2116 2084
f 2126 2125 2084
f 2084 2127 2126
f 2127 2128 2126
f 2128 2129 2126
f 2130 2126 2129
f 2129 2131 2130
f 2132 2130 2131
f 2133 2132 2131
f 2134 2133 2131
f 2131 2135 2134
f 2134 2135 2136
f 2136 2137 2134
f 2137 2138 2134
f 2139 2134 2138
f 2139 2138 2140
f 2139 2140 2141
f 2142 2139 2141
f 2142 2141 2143
f 2144 2142 2143
f 2144 2143 2145
f 2144 2145 2146
f 2144 2146 2147
f 2148 2144 2147
f 2148 2147 2149
f 2148 2149 2150
f 2149 2151 2150
f 2150 2151 2152
f 2153 2150 2152
f 2153 2152 2154
f 2153 2154 2155
f 2142 2153 2155
f 2154 2156 2155
f 2155 2156 2139
f 2156 2154 2157
f 2158 2156 2157
f 2159 2158 2157
f 2157 2160 2159
f 2159 2160 2161
f 2159 2161 2113
f 2160 2162 2161
f 2162 2163 2161
f 2161 2163 2111
f 2163 2164 2111
f 2165 2111 2164
f 2164 2166 2165
f 2165 2166 2109
f 2166 2167 2109
f 2109 2167 2168
f 2168 2167 1110
f 2168 1110 2107
f 2167 2169 1110
f 2169 2170 1110
f 2171 1110 2170
f 2172 2171 2170
f 2172 2173 2171
f 2173 2174 2171
f 2171 2174 2175
f 2171 2175 2176
f 2177 2176 2175
f 2178 2177 2175
f 2178 2175 2179
f 2180 2178 2179
f 2180 2179 2181
f 2180 2181 2182
f 2183 2180 2182
f 2184 2183 2182
f 2184 2182 2185
f 2184 2185 2186
f 2186 2187 2184
f 2184 2187 2188
f 2189 2184 2188
f 2189 2188 2190
f 2191 2189 2190
f 2192 2191 2190
f 2193 2192 2190
f 2194 2192 2193
f 2195 2194 2193
f 2195 2193 2196
f 2195 2196 2197
f 2195 2197 2198
f 2197 2199 2198
f 2194 2198 2199
f 2194 2199 2200
f 2197 2200 2199
f 2197 2201 2200
f 2200 2201 2202
f 2202 2192 2200
f 2192 2202 2203
f 2204 2203 2202
f 2204 2205 2203
f 2205 2206 2203
f 2206 2207 2203
f 2207 2208 2203
f 2208 2209 2203
f 2209 2210 2203
f 2203 2210 1948
f 2210 2211 1948
f 1948 2211 2212
f 2213 2212 2211
f 2036 2213 2211
f 2214 2036 2211
f 2211 2215 2214
f 2215 2038 2214
f 2215 2052 2038
f 2215 2216 2052
f 2216 2072 2052
f 2072 2217 2052
f 2217 2066 2052
f 2216 2218 2072
f 2218 2216 2219
f 2218 2219 2220
f 2221 2218 2220
f 2222 2221 2220
f 2222 2220 2223
f 2224 2222 2223
f 2224 2223 2225
f 2224 2225 2226
f 2224 2226 2227
f 2227 2226 2228
f 2229 2227 2228
f 2229 2228 2230
f 2229 2230 2231
f 2232 2229 2231
f 2233 2232 2231
f 2233 2231 2234
f 2233 2234 2235
f 2233 2235 2136
f 2236 2136 2235
f 2236 2237 2136
f 2237 2236 2238
f 2237 2238 2239
f 2240 2237 2239
f 2241 2240 2239
f 2239 2242 2241
f 2243 2241 2242
f 2243 2242 2244
f 2243 2244 2141
f 2244 2242 2245
f 2244 2245 2246
f 2244 2246 2143
f 2246 2245 2247
f 2248 2246 2247
f 2248 2247 2249
f 2248 2249 2250
f 2248 2250 2251
f 2252 2248 2251
f 2252 2251 2253
f 2252 2253 2146
f 2254 2146 2253
f 2254 2253 2255
f 2254 2255 2256
f 2257 2254 2256
f 2257 2256 2258
f 2257 2258 2259
f 2257 2259 2147
f 2260 2259 2258
f 2258 2261 2260
f 2262 2260 2261
f 2262 2261 2185
f 2262 2185 2263
f 2264 2262 2263
f 2265 2264 2263
f 2266 2265 2263
f 2266 2263 2267
f 2268 2266 2267
f 2179 2268 2267
f 2268 2269 2266
f 2266 2269 2270
f 2173 2266 2270
f 2271 2266 2173
f 2266 2271 2272
f 2266 2272 2273
f 2274 2273 2272
f 2274 2272 2275
f 2274 2275 2276
f 2277 2274 2276
f 2277 2276 2278
f 2277 2278 2279
f 2277 2279 2280
f 2277 2280 2273
f 2280 2265 2273
f 2279 2260 2280
f 2260 2264 2280
f 2149 2279 2278
f 2279 2149 2259
f 2281 2278 2276
f 2281 2276 2162
f 2281 2162 2151
f 2162 2276 2282
f 2281 2151 2278
f 2276 2275 2282
f 2282 2275 2164
f 2283 2164 2275
f 2283 2275 2271
f 2283 2271 2164
f 2164 2271 2284
f 2164 2284 2285
f 2284 2172 2285
f 2285 2172 2166
f 2172 2169 2166
f 2271 2172 2284
f 2274 2277 2273
f 2275 2272 2271
f 2269 2175 2270
f 2175 2269 2268
f 2182 2267 2263
f 2273 2265 2266
f 2280 2264 2265
f 2261 2286 2185
f 2286 2287 2185
f 2286 2288 2287
f 2289 2287 2288
f 2289 2288 2290
f 2290 2291 2289
f 2193 2289 2291
f 2193 2291 2292
f 2293 2193 2292
f 2249 2293 2292
f 2293 2294 2193
f 2293 2245 2294
f 2294 2245 2196
f 2193 2295 2289
f 2289 2295 2296
f 2187 2296 2295
f 2187 2297 2296
f 2297 2298 2296
f 2298 2299 2296
f 2299 2300 2296
f 2301 2296 2300
f 2300 2302 2301
f 2303 2301 2302
f 2303 2302 2304
f 2305 2303 2304
f 2304 2306 2305
f 2307 2305 2306
f 2306 2308 2307
f 2308 2309 2307
f 2309 2310 2307
f 2311 2307 2310
f 2311 2310 2312
f 2313 2311 2312
f 2313 2312 2314
f 2314 2315 2313
f 2316 2313 2315
f 2316 2315 2317
f 2316 2317 2318
f 2316 2318 2319
f 2320 2316 2319
f 2321 2320 2319
f 2321 2319 2322
f 2323 2321 2322
f 2323 2322 2324
f 2323 2324 2325
f 2326 2323 2325
f 2327 2326 2325
f 2327 2325 2328
f 2329 2327 2328
f 2329 2328 2330
f 2331 2329 2330
f 2331 2330 2332
f 2333 2331 2332
f 2333 2332 2334
f 2333 2334 2308
f 2334 2332 2335
f 2334 2335 2309
f 2335 2336 2309
f 2320 2309 2336
f 2336 2337 2320
f 2338 2320 2337
f 2337 2339 2338
f 2338 2339 2313
f 2340 2339 2337
f 2337 2341 2340
f 2340 2341 2342
f 2343 2340 2342
f 2342 1124 2343
f 2340 2343 2344
f 2344 2345 2340
f 2345 2344 2346
f 2307 2345 2346
f 2347 2346 2344
f 2344 2348 2347
f 2177 2347 2348
f 2177 2349 2347
f 2347 2349 2350
f 2350 2351 2347
f 2351 2350 2352
f 2303 2351 2352
f 2353 2352 2350
f 2353 2350 2354
f 2354 2299 2353
f 2355 2352 2353
f 2355 2353 2186
f 2287 2355 2186
f 2287 2296 2355
f 2353 2298 2186
f 2355 2301 2352
f 2354 2350 2349
f 2356 2354 2349
f 2357 2356 2349
f 2358 2356 2357
f 2359 2358 2357
f 2360 2359 2357
f 2360 2357 2361
f 2360 2361 2183
f 2362 2360 2183
f 2363 2360 2362
f 2363 2362 2191
f 2364 2363 2191
f 2364 2191 2365
f 2365 2366 2364
f 2367 2364 2366
f 2366 2368 2367
f 2369 2367 2368
f 2368 2370 2369
f 2371 2369 2370
f 2370 2372 2371
f 2373 2371 2372
f 2372 2374 2373
f 2375 2373 2374
f 2374 2376 2375
f 2377 2375 2376
f 2376 2378 2377
f 2377 2378 2379
f 2377 2379 2380
f 2380 2379 2381
f 2380 2381 2382
f 2382 2383 2380
f 2380 2383 2375
f 2383 2382 2384
f 2383 2384 2326
f 2326 2385 2383
f 2383 2385 2373
f 2326 2384 2386
f 2384 2387 2386
f 2388 2386 2387
f 2389 2388 2387
f 2389 2387 2390
f 2391 2389 2390
f 1262 2391 2390
f 2392 2389 2391
f 2392 2391 1261
f 2392 1261 2393
f 2392 2393 2394
f 2318 2392 2394
f 2394 2393 2395
f 2322 2394 2395
f 2393 2396 2395
f 2396 2397 2395
f 2398 2395 2397
f 2398 2397 1247
f 2397 2399 1247
f 2400 2395 2398
f 2400 2398 1246
f 2401 2400 1246
f 2402 2401 1246
f 1246 2403 2402
f 2404 2402 2403
f 2405 2404 2403
f 2403 2406 2405
f 2405 2406 2407
f 2405 2407 2408
f 2408 2409 2405
f 2410 2409 2408
f 2408 2411 2410
f 2412 2410 2411
f 2412 2411 2413
f 2414 2412 2413
f 2415 2414 2413
f 2416 2415 2413
f 2417 2416 2413
f 2418 2417 2413
f 2419 2418 2413
f 2413 1128 2419
f 2420 2419 1128
f 2421 1128 2413
f 2421 2413 2422
f 2422 2423 2421
f 2423 2424 2421
f 2423 2425 2424
f 2425 2426 2424
f 1128 2424 2426
f 2427 1128 2426
f 2428 2427 2426
f 2428 2429 2427
f 2429 2430 2427
f 2431 2430 2429
f 2429 2432 2431
f 2431 2432 1130
f 2422 1130 2432
f 2422 2406 1130
f 1128 2430 2431
f 2428 2432 2429
f 2428 2425 2432
f 2427 2430 1128
f 2425 2428 2426
f 2425 2423 2432
f 2422 2432 2423
f 2406 2422 2413
f 2421 2424 1128
f 2419 2420 2418
f 2418 2420 2417
f 2417 2420 2416
f 2433 2416 2420
f 2433 2420 1127
f 1127 2342 2433
f 2433 2342 2410
f 2410 2415 2433
f 2416 2433 2415
f 2415 2410 2414
f 2407 2413 2411
f 2414 2410 2412
f 2409 2410 2342
f 2434 2409 2342
f 2435 2434 2342
f 2328 2434 2435
f 2434 2324 2409
f 2324 2395 2409
f 2395 2404 2409
f 2411 2408 2407
f 2413 2407 2406
f 1132 2406 2403
f 2403 1245 1132
f 2405 2409 2404
f 2404 2395 2402
f 2402 2395 2401
f 2401 2395 2400
f 2397 2396 2399
f 2399 2396 2436
f 2399 2436 1248
f 2436 2437 1248
f 2436 2396 2437
f 2437 2396 2438
f 2437 2438 1249
f 2438 2439 1249
f 2438 2396 2439
f 1254 2439 2396
f 2439 1254 1251
f 1260 2396 2393
f 2318 2389 2392
f 2387 2440 2390
f 2440 1897 2390
f 2441 2390 1897
f 1897 1893 2441
f 2441 1263 2390
f 1263 2441 2442
f 2443 2442 2441
f 2441 1887 2443
f 2444 2443 1887
f 2444 1887 1847
f 2445 2444 1847
f 2446 2445 1847
f 2447 2445 2446
f 2446 2448 2447
f 2447 2448 2449
f 2449 2444 2447
f 2448 1845 2449
f 2448 2446 1846
f 2445 2447 2444
f 2450 1847 1887
f 2443 2444 2449
f 2443 2449 1833
f 2443 1833 2451
f 2451 2452 2443
f 2452 2451 2453
f 2453 2454 2452
f 2455 2452 2454
f 2455 2454 2456
f 2456 2457 2455
f 1266 2455 2457
f 1266 2442 2455
f 2456 1281 2457
f 1281 2456 1289
f 1281 1289 1286
f 2458 1289 2456
f 2459 1289 2458
f 2459 2458 2460
f 2460 2461 2459
f 2462 2459 2461
f 2461 2463 2462
f 2464 2462 2463
f 2463 2465 2464
f 2466 2464 2465
f 2465 2467 2466
f 2468 2466 2467
f 2467 2469 2468
f 2470 2468 2469
f 2470 2469 1665
f 2469 2471 1665
f 1668 1665 2471
f 2472 1668 2471
f 2472 2471 2473
f 2473 2474 2472
f 2475 2472 2474
f 2475 2474 2476
f 2477 2475 2476
f 2478 2477 2476
f 2476 2479 2478
f 2480 2478 2479
f 2479 1739 2480
f 2478 2480 2481
f 2481 2480 1737
f 2476 2473 2479
f 1741 2479 2473
f 2473 2482 1741
f 2483 1741 2482
f 2482 2465 2483
f 1741 2483 2484
f 2485 2484 2483
f 2483 2463 2485
f 2484 2485 2486
f 2486 2487 2484
f 2488 2484 2487
f 2488 2487 2489
f 2490 2488 2489
f 2491 2490 2489
f 2489 2492 2491
f 2493 2491 2492
f 2492 2494 2493
f 2494 2495 2493
f 2495 2496 2493
f 2493 2496 1783
f 1780 2493 1783
f 2496 2495 2497
f 2497 1785 2496
f 2498 1785 2497
f 2498 2497 2486
f 2486 2499 2498
f 2500 2498 2499
f 2499 2460 2500
f 2500 2460 2453
f 2453 2501 2500
f 2502 2500 2501
f 2501 2503 2502
f 2504 2502 2503
f 2504 2503 2505
f 2506 2504 2505
f 2507 2506 2505
f 2508 2507 2505
f 2508 2505 2509
f 2510 2508 2509
f 2511 2510 2509
f 2509 2512 2511
f 2513 2511 2512
f 2512 2514 2513
f 2515 2513 2514
f 2514 1790 2515
f 1790 2514 2516
f 2516 1807 1790
f 2514 2517 2516
f 2518 2516 2517
f 2517 2519 2518
f 2518 2519 1810
f 2520 2518 1810
f 2519 2505 1810
f 2505 2521 1810
f 1812 1810 2521
f 1819 1812 2521
f 2517 2512 2519
f 2516 2518 2520
f 2516 2520 1809
f 2515 1786 2513
f 2522 2513 1786
f 2522 1786 2523
f 2524 2522 2523
f 2524 2523 2525
f 2524 2525 2510
f 2525 2526 2510
f 2526 2507 2510
f 2526 2527 2507
f 2528 2527 2526
f 2527 2528 2523
f 2523 2504 2527
f 2525 2528 2526
f 2525 2523 2528
f 2522 2524 2511
f 2512 2517 2514
f 2513 2522 2511
f 2512 2509 2519
f 2524 2510 2511
f 2509 2505 2519
f 2510 2507 2508
f 2527 2506 2507
f 2506 2527 2504
f 2521 2505 2503
f 2521 2503 2529
f 2529 1825 2521
f 2529 2530 1825
f 2531 1825 2530
f 2530 2532 2531
f 1826 2531 2532
f 2532 2530 2533
f 2532 2533 2534
f 2535 2532 2534
f 2535 2534 2536
f 2536 2537 2535
f 2538 2535 2537
f 2537 2539 2538
f 2539 2540 2538
f 2538 2540 1831
f 1828 2538 1831
f 2540 2541 1831
f 2541 2540 2542
f 1832 2541 2542
f 2540 2539 2542
f 2543 2542 2539
f 2543 2501 2542
f 2451 2542 2501
f 2539 2537 2543
f 2538 1828 2535
f 2537 2536 2543
f 2503 2543 2536
f 2536 2534 2503
f 2532 2535 1828
f 2534 2533 2503
f 2530 2529 2533
f 2533 2529 2503
f 2502 2504 2523
f 2502 2523 2498
f 2501 2543 2503
f 2500 2502 2498
f 1785 2498 2523
f 2495 2494 2497
f 2487 2497 2494
f 2494 2492 2487
f 2493 1780 2491
f 2544 2491 1780
f 2491 2544 2490
f 2544 2545 2490
f 2544 2546 2545
f 2546 2547 2545
f 2545 2547 2488
f 2547 1771 2488
f 1771 2548 2488
f 2549 2488 2548
f 2550 2549 2548
f 2551 2550 2548
f 2551 2548 2552
f 1746 2551 2552
f 1746 2553 2551
f 2553 2554 2551
f 2555 2554 2553
f 1745 2555 2553
f 2554 2555 1742
f 1742 2549 2554
f 2484 2549 1742
f 2552 2548 1748
f 2554 2550 2551
f 2550 2554 2549
f 2547 1777 1771
f 2547 2546 1777
f 2556 1777 2546
f 2546 2544 2556
f 1778 2556 2544
f 2545 2488 2490
f 2492 2489 2487
f 2484 2488 2549
f 2487 2486 2497
f 2499 2486 2485
f 2485 2461 2499
f 2477 2478 2481
f 2557 2477 2481
f 2557 2481 1735
f 2558 2477 2557
f 2558 2557 2559
f 2558 2559 2560
f 2561 2558 2560
f 2561 2560 2562
f 2561 2562 1718
f 2561 1718 1675
f 2561 1675 2563
f 2561 2563 2564
f 2472 2564 2563
f 2563 2565 2472
f 2563 1674 2565
f 2562 2566 1718
f 2562 2559 2566
f 2567 2566 2559
f 2566 2567 1732
f 1732 1720 2566
f 1732 2568 1720
f 2561 2564 2558
f 2558 2564 2475
f 2562 2560 2559
f 2557 2567 2559
f 2557 1734 2567
f 2558 2475 2477
f 2475 2564 2472
f 2473 2476 2474
f 2482 2473 2471
f 2471 2467 2482
f 1668 2472 2565
f 2569 2468 2470
f 2470 1664 2569
f 2570 2569 1664
f 1320 2569 2570
f 1312 2569 1320
f 1312 1320 1317
f 2569 1312 2468
f 2467 2471 2469
f 2468 1310 2466
f 1302 2466 1310
f 1302 1310 1307
f 2465 2482 2467
f 2466 1302 2464
f 2463 2483 2465
f 2464 1300 2462
f 1291 2462 1300
f 1291 1300 1297
f 2461 2485 2463
f 2462 1291 2459
f 2460 2499 2461
f 2454 2460 2458
f 2458 2456 2454
f 2452 2455 2442
f 2454 2453 2460
f 2501 2453 2451
f 2542 2451 1833
f 2442 2443 2452
f 2571 2440 2387
f 2572 2571 2387
f 2382 2572 2387
f 2573 2571 2572
f 2381 2573 2572
f 2574 2573 2381
f 2574 2575 2573
f 2573 2575 2576
f 2573 2576 2440
f 2440 2576 2577
f 2440 2577 1898
f 2578 2577 2576
f 2574 2577 2578
f 2574 2579 2577
f 2579 2580 2577
f 2580 1901 2577
f 2581 2580 2579
f 2579 2582 2581
f 1931 2581 2582
f 1931 1926 2581
f 2581 1925 2580
f 2583 2580 1925
f 2583 1925 1917
f 2580 2583 1902
f 2584 1902 2583
f 2585 2584 2583
f 2585 2583 1916
f 2585 1910 2584
f 1910 2585 2586
f 2586 2585 2587
f 1912 2586 2587
f 2587 2588 1912
f 2588 2589 1912
f 2589 2590 1912
f 2589 2591 2590
f 2585 2590 2591
f 2585 2591 2592
f 2591 2593 2592
f 2594 2592 2593
f 2593 2595 2594
f 2596 2594 2595
f 2589 2596 2595
f 2589 2595 2597
f 2589 2597 2593
f 2598 2596 2589
f 2598 2594 2596
f 2593 2597 2595
f 2598 2592 2594
f 2598 2588 2592
f 2585 1915 2590
f 2589 2593 2591
f 2598 2589 2588
f 2588 2587 2592
f 2587 2585 2592
f 2574 2582 2579
f 2379 2582 2574
f 2379 2599 2582
f 2582 2599 1933
f 2599 2600 1933
f 2600 2378 1933
f 2379 2600 2599
f 2575 2578 2576
f 2574 2578 2575
f 2573 2440 2571
f 2318 2388 2389
f 2388 2601 2386
f 2323 2386 2601
f 2323 2601 2602
f 2388 2602 2601
f 2602 2388 2317
f 2317 2314 2602
f 2321 2602 2314
f 2384 2382 2387
f 2382 2381 2572
f 2379 2574 2381
f 2379 2378 2600
f 2378 2376 1935
f 2375 2377 2380
f 2376 2374 1937
f 2373 2375 2383
f 2374 2372 1939
f 2371 2373 2385
f 2385 2603 2371
f 2329 2603 2385
f 2372 2370 1941
f 2369 2371 2603
f 2603 2604 2369
f 2333 2604 2603
f 2604 2333 2605
f 2604 2605 2606
f 2606 2607 2604
f 2604 2607 2367
f 2607 2606 2608
f 2607 2608 2609
f 2609 2363 2607
f 2609 2608 2304
f 2304 2610 2609
f 2609 2610 2360
f 2606 2304 2608
f 2606 2605 2306
f 2333 2306 2605
f 2370 2368 1943
f 2367 2369 2604
f 2368 2366 1945
f 2611 1945 2366
f 2364 2367 2607
f 2366 2365 2611
f 2365 2203 2611
f 2203 1946 2611
f 2203 2365 2191
f 2607 2363 2364
f 2363 2609 2360
f 2183 2361 2178
f 2357 2177 2361
f 2360 2610 2359
f 2359 2610 2358
f 2302 2358 2610
f 2358 2300 2356
f 2356 2300 2354
f 2357 2349 2177
f 2346 2347 2351
f 2305 2346 2351
f 2348 2344 2343
f 2343 1119 2348
f 2341 2435 2342
f 2332 2435 2341
f 2336 2332 2341
f 2339 2340 2345
f 2311 2339 2345
f 2336 2341 2337
f 2335 2332 2336
f 2603 2331 2333
f 2330 2435 2332
f 2603 2329 2331
f 2330 2328 2435
f 2385 2327 2329
f 2328 2325 2434
f 2385 2326 2327
f 2326 2386 2323
f 2325 2324 2434
f 2324 2322 2395
f 2323 2602 2321
f 2322 2319 2394
f 2321 2310 2320
f 2338 2316 2320
f 2318 2394 2319
f 2318 2317 2388
f 2338 2313 2316
f 2314 2317 2315
f 2321 2314 2312
f 2339 2311 2313
f 2321 2312 2310
f 2345 2307 2311
f 2320 2310 2309
f 2309 2308 2334
f 2308 2306 2333
f 2346 2305 2307
f 2306 2304 2606
f 2351 2303 2305
f 2610 2304 2302
f 2352 2301 2303
f 2358 2302 2300
f 2355 2296 2301
f 2354 2300 2299
f 2353 2299 2298
f 2298 2297 2186
f 2295 2193 2188
f 2292 2291 2290
f 2251 2292 2290
f 2251 2290 2288
f 2251 2288 2255
f 2289 2296 2287
f 2255 2288 2286
f 2256 2286 2261
f 2260 2262 2264
f 2259 2260 2279
f 2261 2258 2256
f 2254 2257 2147
f 2255 2286 2256
f 2253 2251 2255
f 2248 2252 2146
f 2250 2292 2251
f 2250 2249 2292
f 2247 2293 2249
f 2246 2248 2146
f 2245 2293 2247
f 2242 2196 2245
f 2242 2612 2196
f 2196 2612 2613
f 2242 2613 2612
f 2614 2613 2242
f 2614 2615 2613
f 2197 2613 2615
f 2197 2615 2616
f 2615 2239 2616
f 2617 2616 2239
f 2239 2618 2617
f 2617 2618 2619
f 2620 2619 2618
f 2621 2620 2618
f 2622 2621 2618
f 2622 2618 2623
f 2624 2622 2623
f 2625 2624 2623
f 2624 2625 2234
f 2625 2236 2234
f 2625 2618 2236
f 2626 2622 2624
f 2626 2624 2230
f 2626 2627 2622
f 2622 2627 2628
f 2622 2628 2629
f 2628 2630 2629
f 2631 2629 2630
f 2632 2631 2630
f 2632 2630 2633
f 2632 2633 2208
f 2633 2630 2634
f 2633 2634 2635
f 2633 2635 2210
f 2636 2210 2635
f 2637 2636 2635
f 2637 2635 2628
f 2637 2210 2636
f 2637 2638 2210
f 2210 2638 2639
f 2638 2640 2639
f 2215 2639 2640
f 2215 2640 2641
f 2215 2641 2219
f 2223 2641 2640
f 2642 2640 2638
f 2642 2225 2640
f 2642 2638 2637
f 2642 2637 2643
f 2644 2642 2643
f 2644 2643 2645
f 2644 2645 2627
f 2645 2637 2627
f 2644 2646 2642
f 2646 2647 2642
f 2647 2648 2642
f 2648 2226 2642
f 2226 2648 2644
f 2647 2226 2644
f 2647 2644 2626
f 2226 2647 2626
f 2647 2646 2648
f 2646 2644 2648
f 2643 2637 2645
f 2628 2635 2634
f 2632 2620 2631
f 2649 2620 2632
f 2649 2632 2206
f 2621 2629 2631
f 2628 2634 2630
f 2627 2637 2628
f 2644 2627 2626
f 2625 2623 2618
f 2622 2629 2621
f 2621 2631 2620
f 2649 2619 2620
f 2649 2616 2619
f 2616 2649 2201
f 2649 2204 2201
f 2619 2616 2617
f 2614 2239 2615
f 2242 2239 2614
f 2243 2240 2241
f 2240 2243 2140
f 2237 2240 2137
f 2618 2239 2238
f 2236 2618 2238
f 2236 2235 2234
f 2624 2234 2231
f 2233 2650 2232
f 2232 2650 2651
f 2083 2651 2650
f 2652 2083 2650
f 2652 2127 2083
f 2233 2652 2650
f 2233 2128 2652
f 2135 2128 2233
f 2232 2651 2229
f 2229 2651 2653
f 2229 2653 2654
f 2655 2229 2654
f 2655 2654 2656
f 2655 2656 2227
f 2222 2227 2656
f 2656 2654 2075
f 2075 2221 2656
f 2077 2654 2653
f 2080 2653 2651
f 2624 2231 2230
f 2626 2230 2228
f 2655 2227 2229
f 2626 2228 2226
f 2226 2225 2642
f 2225 2223 2640
f 2222 2224 2227
f 2220 2641 2223
f 2222 2656 2221
f 2073 2218 2221
f 2220 2219 2641
f 2215 2219 2216
f 2215 2211 2639
f 2036 2048 2213
f 2213 2050 2212
f 2210 2639 2211
f 2633 2210 2209
f 2633 2209 2208
f 2632 2208 2207
f 2632 2207 2206
f 2649 2206 2205
f 2649 2205 2204
f 2202 2201 2204
f 2197 2616 2201
f 2196 2613 2197
f 2294 2196 2193
f 2195 2198 2194
f 2194 2200 2192
f 2203 2191 2192
f 2191 2362 2189
f 2193 2190 2188
f 2362 2184 2189
f 2188 2187 2295
f 2186 2297 2187
f 2185 2287 2186
f 2182 2263 2185
f 2362 2183 2184
f 2267 2182 2181
f 2267 2181 2179
f 2183 2178 2180
f 2268 2179 2175
f 2361 2177 2178
f 2177 2348 2176
f 2348 1110 2176
f 1110 2348 1112
f 2174 2270 2175
f 2173 2270 2174
f 2271 2173 2172
f 1110 2171 2176
f 2172 2170 2169
f 2166 2169 2167
f 2164 2285 2166
f 2163 2282 2164
f 2162 2282 2163
f 2160 2154 2162
f 2159 2132 2158
f 2125 2132 2159
f 2133 2156 2158
f 2160 2157 2154
f 2162 2154 2152
f 2142 2150 2153
f 2162 2152 2151
f 2278 2151 2149
f 2147 2259 2149
f 2148 2150 2144
f 2254 2147 2146
f 2246 2146 2145
f 2246 2145 2143
f 2144 2150 2142
f 2244 2143 2141
f 2139 2142 2155
f 2243 2141 2140
f 2240 2140 2138
f 2139 2156 2134
f 2138 2137 2240
f 2137 2136 2237
f 2135 2233 2136
f 2134 2156 2133
f 2133 2158 2132
f 2125 2130 2132
f 2135 2131 2129
f 2135 2129 2128
f 2652 2128 2127
f 2125 2126 2130
f 2125 2159 2116
f 2159 2115 2116
f 2159 2113 2115
f 2112 2106 2114
f 2113 2161 2111
f 2165 2109 2111
f 2112 2110 2106
f 2108 2109 2168
f 2108 2168 2107
f 2119 2106 2105
f 2105 2103 2119
f 2102 2119 2103
f 2124 2102 2101
f 2123 2101 2100
f 2123 2100 2657
f 2658 2123 2657
f 2658 2657 2098
f 2658 2098 2659
f 2091 2658 2659
f 2089 2123 2658
f 2657 2100 2099
f 2098 2657 2099
f 2659 2098 2097
f 2091 2659 2097
f 2078 2092 2093
f 2078 2093 2074
f 2069 2074 2093
f 2078 2090 2092
f 2089 2658 2091
f 2079 2087 2090
f 2088 2123 2089
f 2086 2120 2088
f 2086 2085 2120
f 2085 2084 2121
f 2084 2083 2127
f 2651 2083 2081
f 2082 2087 2079
f 2080 2651 2081
f 2080 2077 2653
f 2079 2090 2078
f 2075 2654 2077
f 2076 2078 2074
f 2221 2075 2073
f 2073 2072 2218
f 2070 2217 2072
f 2069 2071 2074
f 2067 2217 2070
f 2069 2093 2068
f 2095 2065 2068
f 2067 2066 2217
f 2096 2061 2065
f 2096 2059 2061
f 2060 2058 2057
f 2055 2063 2057
f 2055 2054 2063
f 2053 2064 2054
f 2066 2053 2052
f 1948 2212 2050
f 2050 2213 2048
f 2049 2041 2039
f 2040 2043 2037
f 2038 2052 2039
f 2038 2036 2214
f 2047 2035 2037
f 1101 2035 2047
f 2036 2034 2048
f 2035 1101 2033
f 2034 1960 2042
f 2033 1099 2021
f 1958 2044 1960
f 1959 1977 1956
f 1958 1957 2044
f 2046 1957 1955
f 1950 1954 1956
f 1953 2056 1104
f 2051 1953 1952
f 1950 1951 1954
f 1947 1950 1978
f 1947 1978 1942
f 1948 1952 1949
f 2203 1948 1946
f 1946 1945 2611
f 1945 1943 2368
f 1942 1944 1947
f 1943 1941 2370
f 1940 1942 1978
f 1941 1939 2372
f 1938 1940 1975
f 1939 1937 2374
f 1936 1938 1972
f 1937 1935 2376
f 1934 1936 1971
f 1935 1933 2378
f 1932 1934 1983
f 1933 1931 2582
f 1930 1932 1989
f 1991 1929 1930
f 1931 1928 1927
f 1931 1927 1926
f 1926 1925 2581
f 1929 1923 1924
f 1923 1997 1920
f 1921 1925 1922
f 1921 1919 1925
f 1918 1920 1997
f 1919 1917 1925
f 1916 2583 1917
f 2585 1916 1915
f 2590 1915 1913
f 2590 1913 1912
f 1912 1910 2586
f 2584 1910 1907
f 1908 1909 1878
f 1903 2584 1907
f 2584 1903 1902
f 2580 1902 1901
f 1898 2577 1901
f 1900 1905 1899
f 1899 1905 1896
f 1884 1896 1905
f 2440 1898 1897
f 1884 1894 1896
f 1897 1895 1893
f 1892 1894 1884
f 1890 2441 1893
f 1891 1892 1884
f 2660 1891 1884
f 2660 1889 1891
f 2441 1890 1887
f 2660 1888 1889
f 2660 1885 1888
f 1886 2450 1887
f 1886 1880 2450
f 2660 1884 1885
f 1883 1884 1905
f 1883 1906 1882
f 1879 1882 1906
f 1881 1880 1886
f 1880 1877 2450
f 1879 1908 1878
f 1874 1878 1909
f 1876 2450 1877
f 1876 1867 2450
f 1867 1849 2450
f 1876 1875 1867
f 1875 2661 1867
f 2661 1875 1870
f 1874 1909 1873
f 1872 1870 1875
f 1871 1873 1869
f 1870 1868 2661
f 2661 1868 1867
f 1867 1866 1849
f 1856 1849 1866
f 1855 1857 1860
f 1856 1854 1849
f 1853 1855 1839
f 1854 1852 1849
f 1851 1853 2662
f 1840 2662 1853
f 1848 1851 2662
f 2662 1842 1848
f 1852 1850 1849
f 1847 2450 1849
f 1846 2446 1847
f 1845 2448 1846
f 1845 1843 2449
f 1843 1834 2449
f 1842 1844 1848
f 1843 1841 1834
f 1842 2662 1840
f 1839 1840 1853
f 1841 1838 1834
f 1839 1836 1837
f 1836 1864 1835
f 1830 1835 1815
f 1834 1833 2449
f 2542 1833 1832
f 2541 1832 1831
f 1828 1831 1829
f 1828 1826 2532
f 1827 1830 1824
f 1825 2531 1826
f 1821 2521 1825
f 1815 1824 1830
f 1822 1821 1823
f 1819 2521 1821
f 1819 1818 1812
f 1818 2663 1812
f 2663 1818 1817
f 1817 1813 2663
f 1816 1820 1815
f 1813 1817 1814
f 2663 1813 1812
f 1812 1811 1810
f 1809 2520 1810
f 2516 1809 1807
f 1808 1805 1806
f 1795 1788 1793
f 1792 1791 1804
f 1791 1790 1807
f 1789 2515 1790
f 1789 1786 2515
f 1788 1795 1787
f 1782 1787 1797
f 1776 1782 1797
f 1786 1785 2523
f 1784 2496 1785
f 2496 1784 1783
f 1780 1783 1781
f 1780 1778 2544
f 1779 1782 1776
f 1777 2556 1778
f 1776 1797 1775
f 1774 1775 1797
f 1774 1799 1772
f 1773 1771 1777
f 1801 1770 1772
f 2548 1771 1769
f 1750 2548 1769
f 1750 1769 2664
f 2665 2664 1769
f 2665 1769 2666
f 1753 2665 2666
f 1752 2664 2665
f 1770 1051 1767
f 2666 1769 1768
f 1757 2666 1768
f 1765 1757 1768
f 1768 1766 1765
f 1761 1756 1759
f 1758 1757 1765
f 1757 1753 2666
f 1764 1755 1756
f 1755 1740 1754
f 1754 1740 2667
f 1754 2667 1749
f 2667 1743 1749
f 1753 1752 2665
f 1752 1750 2664
f 1749 1751 1754
f 1748 2548 1750
f 1747 1749 1743
f 1746 2552 1748
f 1745 2553 1746
f 1745 1742 2555
f 1743 1744 1747
f 1743 2667 1740
f 2484 1742 1741
f 1741 1739 2479
f 1738 2480 1739
f 2480 1738 1737
f 1735 2481 1737
f 2557 1735 1734
f 1734 1732 2567
f 1736 1731 1733
f 1728 2568 1732
f 1721 2568 1728
f 1730 1731 1740
f 1762 1729 1730
f 1722 1728 1727
f 1726 1724 1727
f 1724 1726 1725
f 1722 1727 1724
f 1721 1728 1722
f 2568 1721 1720
f 1720 1718 2566
f 1723 1716 1719
f 1676 1718 1717
f 1679 1717 1715
f 1714 1679 1715
f 1680 1714 1713
f 2668 1680 1713
f 2668 1713 1712
f 2669 2668 1712
f 2669 2670 2668
f 2668 2670 1682
f 2669 2671 2670
f 1684 2670 2671
f 1684 2671 2672
f 2669 2672 2671
f 2669 2673 2672
f 1685 2672 2673
f 2669 1685 2673
f 2669 1712 1686
f 2669 1686 1685
f 2672 1685 1684
f 2670 1684 1683
f 2670 1683 1682
f 2668 1682 1681
f 2668 1681 1680
f 1714 1680 1679
f 1679 1676 1717
f 1678 1687 1677
f 1677 1691 1576
f 1676 1675 1718
f 2563 1675 1674
f 1674 1672 2565
f 1668 2565 1672
f 1666 1665 1668
f 2470 1665 1664
f 1664 1663 2570
f 1322 2570 1663
f 1322 1663 1662
f 1322 1662 1660
f 1661 1667 1659
f 1658 1652 1334
f 2674 1652 1658
f 2674 1658 2675
f 2674 2675 2676
f 2674 2676 2677
f 2676 2678 2677
f 2679 2677 2678
f 2678 2680 2679
f 2681 2679 2680
f 2680 2682 2681
f 2683 2681 2682
f 2682 2684 2683
f 2685 2683 2684
f 2685 2684 2686
f 2687 2685 2686
f 2687 2686 2688
f 2687 2688 2689
f 2690 2687 2689
f 2690 2689 2691
f 2690 2691 2692
f 2690 2692 2693
f 2693 2692 2694
f 2695 2693 2694
f 2696 2695 2694
f 2697 2696 2694
f 2698 2697 2694
f 2698 2694 2682
f 2699 2698 2682
f 2699 2700 2698
f 2699 2701 2700
f 2701 1629 2700
f 2702 2700 1629
f 2702 2703 2700
f 2700 2703 2704
f 2700 2704 2697
f 2703 896 2704
f 2703 2705 896
f 2705 2706 896
f 2705 1622 2706
f 2707 2706 1622
f 2706 2707 898
f 2702 2705 2703
f 1623 2705 2702
f 2701 2699 2708
f 2701 2708 1631
f 2709 1631 2708
f 2710 2709 2708
f 2709 2710 2711
f 2709 2711 1633
f 1640 1633 2711
f 2712 1640 2711
f 2712 2711 2710
f 2712 2710 2713
f 2712 2713 1643
f 1643 2713 2714
f 2714 2713 2676
f 2678 2713 2710
f 2710 2708 2699
f 2710 2699 2680
f 2700 2697 2698
f 2697 2704 2696
f 2696 2704 2695
f 2695 2704 895
f 2695 895 2715
f 2695 2715 2693
f 2687 2693 2715
f 2694 2692 2682
f 2684 2692 2691
f 2691 2716 2684
f 1621 2716 2691
f 2689 1621 2691
f 2689 2707 1621
f 2717 2707 2689
f 2717 2718 2707
f 2718 903 2707
f 910 2718 2717
f 2719 910 2717
f 2720 2719 2717
f 2721 2720 2717
f 2722 2721 2717
f 2722 2717 2723
f 2724 2722 2723
f 2725 2724 2723
f 2725 2723 2726
f 2727 2725 2726
f 2727 2726 2728
f 2727 2728 2729
f 2727 2729 2730
f 2731 2727 2730
f 2731 2730 2732
f 2731 2732 2722
f 2722 2732 2733
f 2734 2733 2732
f 2735 2734 2732
f 2734 2735 2736
f 2734 2736 2737
f 2738 2734 2737
f 2739 2738 2737
f 2740 2739 2737
f 2740 2737 2741
f 2740 2741 2742
f 2743 2740 2742
f 2743 2742 2744
f 2745 2743 2744
f 2745 2744 2746
f 2745 2746 2747
f 2747 2748 2745
f 2748 2749 2745
f 2750 2745 2749
f 2749 2751 2750
f 2751 2752 2750
f 2752 2753 2750
f 2752 2754 2753
f 2743 2753 2754
f 2743 2754 2755
f 2756 2755 2754
f 2756 2757 2755
f 2757 2758 2755
f 2740 2755 2758
f 2757 914 2758
f 914 2759 2758
f 2739 2758 2759
f 2739 2759 2760
f 2739 2760 2761
f 2761 2760 2762
f 2761 2762 2763
f 2761 2763 2733
f 2721 2733 2763
f 2764 2721 2763
f 2765 2764 2763
f 2765 2720 2764
f 2765 2763 2762
f 2765 2762 2766
f 2765 2766 2767
f 2765 2767 2719
f 2767 2766 2768
f 2767 2768 2769
f 2767 2769 911
f 911 2769 914
f 2769 2768 914
f 914 2768 2760
f 2768 2766 2760
f 2762 2760 2766
f 914 2760 2759
f 2770 2757 2756
f 2771 2770 2756
f 2771 2756 2752
f 2771 2752 2772
f 2773 2771 2772
f 2772 2774 2773
f 2773 2774 921
f 2772 929 2774
f 2774 929 923
f 929 2772 2775
f 2772 2751 2775
f 2776 2775 2751
f 2775 2776 931
f 931 2776 2777
f 2777 2776 2778
f 933 2777 2778
f 933 2778 2779
f 933 2779 2780
f 933 2780 2781
f 2780 2782 2781
f 2783 2781 2782
f 2784 2783 2782
f 2785 2784 2782
f 2786 2785 2782
f 2787 2786 2782
f 2788 2787 2782
f 2788 2782 2789
f 2788 2789 2790
f 2791 2788 2790
f 2792 2791 2790
f 2792 2790 2793
f 2794 2792 2793
f 2795 2794 2793
f 2796 2795 2793
f 2796 2793 2797
f 2796 2797 2798
f 2799 2796 2798
f 2798 2800 2799
f 2801 2799 2800
f 2801 2800 2802
f 2801 2802 2803
f 2803 2804 2801
f 2801 2804 2805
f 2805 2806 2801
f 2806 2807 2801
f 2807 2806 2808
f 2809 2807 2808
f 2809 2808 2810
f 2811 2809 2810
f 2811 2810 2812
f 2813 2811 2812
f 2813 2812 2814
f 2815 2813 2814
f 2816 2815 2814
f 2816 2814 2817
f 2816 2817 2818
f 2816 2818 2819
f 2820 2816 2819
f 2821 2820 2819
f 2821 2819 2822
f 2821 2822 2823
f 2821 2823 2824
f 2821 2824 2825
f 2821 2825 2826
f 2825 2827 2826
f 2827 2828 2826
f 2829 2826 2828
f 2829 2828 2792
f 2830 2792 2828
f 2828 2831 2830
f 2832 2830 2831
f 2832 2831 2833
f 2832 2833 2834
f 2832 2834 2835
f 2832 2835 2836
f 2835 2837 2836
f 2787 2836 2837
f 2787 2791 2836
f 2836 2791 2830
f 2835 2838 2837
f 2838 2786 2837
f 941 2786 2838
f 2839 941 2838
f 941 2839 2840
f 2839 2841 2840
f 2841 943 2840
f 943 2841 2842
f 2842 2843 943
f 943 2843 2844
f 2843 2845 2844
f 2846 2844 2845
f 2846 2845 2847
f 2848 2846 2847
f 2848 2847 2849
f 2848 2849 2850
f 2851 2848 2850
f 2851 2850 2852
f 2851 2852 2853
f 2851 2853 2854
f 2851 2854 2855
f 2851 2855 2856
f 2857 2851 2856
f 2858 2857 2856
f 2858 2856 1612
f 2859 2857 2858
f 2858 2860 2859
f 2861 2859 2860
f 2860 2862 2861
f 2863 2861 2862
f 2862 2864 2863
f 999 2863 2864
f 992 2863 999
f 2863 992 2865
f 2863 2865 2866
f 2866 2865 961
f 961 2867 2866
f 2866 2867 2868
f 2861 2866 2868
f 2861 2868 2869
f 2869 2868 2867
f 2867 2870 2869
f 2869 2870 2871
f 2859 2869 2871
f 2859 2871 2872
f 2872 2871 2873
f 2872 2873 2846
f 2874 2872 2846
f 2857 2872 2874
f 2871 2875 2873
f 2873 2875 945
f 2873 945 2844
f 2875 2876 945
f 945 2876 955
f 955 2876 2877
f 2877 2878 955
f 2878 2877 2879
f 2880 2878 2879
f 2879 2881 2880
f 2880 2881 2882
f 2880 2882 2867
f 960 2880 2867
f 2883 2882 2881
f 2881 2884 2883
f 2885 2883 2884
f 2886 2885 2884
f 2852 2886 2884
f 2887 2885 2886
f 2887 2886 2850
f 2888 2887 2850
f 2889 2888 2850
f 2889 2884 2888
f 2890 2884 2889
f 2891 2890 2889
f 2823 2891 2889
f 2823 2889 2849
f 2891 2892 2890
f 2893 2890 2892
f 2894 2893 2892
f 2895 2893 2894
f 2896 2895 2894
f 2896 2894 2897
f 2896 2897 2817
f 2897 2898 2817
f 2822 2817 2898
f 2898 2894 2822
f 2822 2894 2891
f 2898 2897 2894
f 2896 2899 2895
f 2900 2895 2899
f 2900 2899 2901
f 2900 2901 2893
f 2902 2893 2901
f 2902 2901 2903
f 2902 2903 2904
f 2905 2902 2904
f 2905 2904 2906
f 2905 2906 2907
f 2908 2905 2907
f 2907 2909 2908
f 2909 2910 2908
f 2911 2908 2910
f 2910 1613 2911
f 2912 2911 1613
f 1613 2856 2912
f 2911 2912 2913
f 2914 2913 2912
f 2914 2912 2893
f 2915 2914 2893
f 2902 2914 2915
f 2902 2916 2914
f 2914 2916 2917
f 2905 2917 2916
f 2905 2913 2917
f 2855 2893 2912
f 2914 2917 2913
f 2918 1613 2910
f 2918 2919 1613
f 2919 2920 1613
f 2920 2921 1613
f 2921 2922 1613
f 2921 1616 2922
f 2923 1616 2921
f 2923 2921 2924
f 2923 2924 2925
f 2923 2925 2926
f 2923 2926 2927
f 2928 2923 2927
f 2929 2928 2927
f 2929 2927 2930
f 2931 2929 2930
f 2931 2930 2932
f 2931 2932 2933
f 2933 2928 2931
f 2933 2934 2928
f 2928 2934 1616
f 2935 2928 1616
f 1616 2934 2936
f 2934 2726 2936
f 2933 2726 2934
f 2932 2937 2933
f 2937 2938 2933
f 2938 2939 2933
f 2939 2940 2933
f 2933 2940 2728
f 2940 2939 2932
f 2941 2940 2932
f 2941 2932 2938
f 2938 2940 2941
f 2940 2938 2930
f 2942 2940 2930
f 2943 2942 2930
f 2943 2930 2944
f 2945 2943 2944
f 2946 2945 2944
f 2946 2944 2947
f 2946 2947 2948
f 2949 2946 2948
f 2805 2949 2948
f 2948 2950 2805
f 2950 2948 2951
f 2951 2952 2950
f 2808 2950 2952
f 2953 2808 2952
f 2952 2954 2953
f 2953 2954 2810
f 2954 2952 2955
f 2954 2955 2956
f 2954 2956 2899
f 2899 2812 2954
f 2955 2904 2956
f 2906 2955 2952
f 2957 2952 2951
f 2952 2957 2958
f 2907 2952 2958
f 2959 2907 2958
f 2959 2958 2957
f 2960 2959 2957
f 2961 2960 2957
f 2962 2961 2957
f 2962 2957 2963
f 2963 2944 2962
f 2963 2957 2947
f 2962 2964 2961
f 2965 2961 2964
f 2965 2964 2925
f 2925 2964 2927
f 2962 2927 2964
f 2965 2960 2961
f 2924 2960 2965
f 2924 2909 2960
f 2924 2919 2909
f 2909 2959 2960
f 2951 2948 2957
f 2966 2949 2805
f 2966 2946 2949
f 2947 2957 2948
f 2963 2947 2944
f 2966 2945 2946
f 2967 2945 2966
f 2967 2966 2968
f 2967 2968 2969
f 2970 2967 2969
f 2970 2969 2971
f 2970 2971 2736
f 2972 2970 2736
f 2972 2942 2970
f 2972 2973 2942
f 2735 2973 2972
f 2973 2735 2730
f 2741 2971 2969
f 2744 2969 2968
f 2974 2744 2968
f 2966 2974 2968
f 2966 2975 2974
f 2746 2974 2975
f 2966 2804 2975
f 2804 2976 2975
f 2975 2976 2747
f 2977 2747 2976
f 2976 2803 2977
f 2978 2977 2803
f 2748 2977 2978
f 2979 2748 2978
f 2979 2978 2980
f 2979 2980 2981
f 2981 2982 2979
f 2979 2982 2779
f 2789 2779 2982
f 2789 2982 2983
f 2789 2983 2984
f 2797 2984 2983
f 2982 2981 2983
f 2800 2983 2981
f 2980 2800 2981
f 2980 2978 2802
f 2970 2945 2967
f 2970 2943 2945
f 2962 2944 2930
f 2970 2942 2943
f 2973 2940 2942
f 2973 2729 2940
f 2938 2937 2939
f 2937 2932 2939
f 2938 2932 2930
f 2962 2930 2927
f 2931 2928 2929
f 2935 2923 2928
f 2926 2925 2927
f 2924 2965 2925
f 2935 1616 2923
f 2924 2921 2920
f 2924 2920 2919
f 2909 2919 2918
f 2913 2908 2911
f 2909 2918 2910
f 2909 2907 2959
f 2908 2913 2905
f 2906 2952 2907
f 2906 2904 2955
f 2905 2916 2902
f 2904 2903 2956
f 2903 2901 2956
f 2902 2915 2893
f 2901 2899 2956
f 2896 2814 2899
f 2900 2893 2895
f 2893 2985 2890
f 2985 2893 2854
f 2894 2892 2891
f 2890 2985 2884
f 2853 2884 2985
f 2888 2879 2887
f 2986 2885 2887
f 2887 2877 2986
f 2986 2883 2885
f 2987 2883 2986
f 2987 2986 2876
f 2988 2883 2987
f 2988 2987 2875
f 2989 2988 2875
f 2989 2870 2988
f 2882 2988 2870
f 2888 2884 2881
f 2988 2882 2883
f 2888 2881 2879
f 2878 2880 960
f 2887 2879 2877
f 2986 2877 2876
f 2987 2876 2875
f 2871 2989 2875
f 2871 2870 2989
f 2870 2867 2882
f 992 961 2865
f 2864 2862 1603
f 2866 2861 2863
f 2862 2860 1607
f 2869 2859 2861
f 2860 2858 1611
f 2872 2857 2859
f 2857 2874 2851
f 2856 2855 2912
f 2855 2854 2893
f 2854 2853 2985
f 2853 2852 2884
f 2886 2852 2850
f 2851 2874 2848
f 2849 2889 2850
f 2847 2990 2849
f 2991 2849 2990
f 2833 2991 2990
f 2991 2992 2849
f 2992 2824 2849
f 2991 2831 2992
f 2827 2992 2831
f 2847 2993 2990
f 2839 2990 2993
f 2842 2839 2993
f 2834 2990 2839
f 2993 2847 2994
f 2993 2994 2843
f 2874 2846 2848
f 2994 2847 2845
f 2846 2873 2844
f 2843 2994 2845
f 2843 2842 2993
f 2842 2841 2839
f 2786 941 2784
f 2786 2784 2781
f 2995 2786 2781
f 2781 2784 941
f 2996 2781 941
f 2996 2997 2781
f 2997 935 2781
f 2997 940 935
f 2996 940 2997
f 2835 2839 2838
f 2835 2834 2839
f 2834 2833 2990
f 2991 2833 2831
f 2832 2836 2830
f 2829 2820 2826
f 2831 2828 2827
f 2825 2992 2827
f 2825 2824 2992
f 2824 2823 2849
f 2822 2891 2823
f 2821 2826 2820
f 2829 2816 2820
f 2795 2816 2829
f 2822 2819 2818
f 2822 2818 2817
f 2896 2817 2814
f 2795 2815 2816
f 2795 2813 2815
f 2899 2814 2812
f 2811 2813 2796
f 2954 2812 2810
f 2799 2809 2811
f 2953 2810 2808
f 2799 2807 2809
f 2950 2808 2806
f 2806 2805 2950
f 2966 2805 2804
f 2804 2803 2976
f 2802 2978 2803
f 2980 2802 2800
f 2801 2807 2799
f 2983 2800 2798
f 2796 2799 2811
f 2797 2983 2798
f 2797 2793 2984
f 2796 2813 2795
f 2795 2829 2794
f 2794 2829 2792
f 2793 2790 2984
f 2792 2830 2791
f 2789 2984 2790
f 2791 2787 2788
f 2787 2837 2786
f 2785 2786 2995
f 2784 2785 2995
f 2783 2784 2995
f 2781 2783 2995
f 2789 2782 2780
f 2789 2780 2779
f 2979 2779 2778
f 2979 2778 2998
f 2979 2998 2749
f 2776 2749 2998
f 2776 2998 2778
f 2773 2770 2771
f 2770 2773 2999
f 2999 919 2770
f 2999 2773 920
f 915 2757 2770
f 915 2770 918
f 2752 2756 2754
f 2772 2752 2751
f 2751 2749 2776
f 2753 2745 2750
f 2979 2749 2748
f 2748 2747 2977
f 2746 2975 2747
f 2746 2744 2974
f 2745 2753 2743
f 2969 2744 2742
f 2743 2755 2740
f 2741 2969 2742
f 2741 2737 2971
f 2740 2758 2739
f 2739 2761 2738
f 2738 2761 2734
f 2737 2736 2971
f 2735 2972 2736
f 2761 2733 2734
f 2730 2735 2732
f 2973 2730 2729
f 2728 2940 2729
f 2933 2728 2726
f 2731 2725 2727
f 2723 2936 2726
f 2723 1617 2936
f 1617 2723 3000
f 3000 2686 1617
f 2686 3001 1617
f 2686 2716 3001
f 1620 3001 2716
f 2723 2688 3000
f 2731 2724 2725
f 2731 2722 2724
f 2723 2717 2688
f 2722 2733 2721
f 2764 2720 2721
f 2765 2719 2720
f 910 2719 2767
f 2690 2693 2687
f 2688 2717 2689
f 2688 2686 3000
f 2715 2685 2687
f 894 2685 2715
f 2686 2684 2716
f 2685 894 2683
f 2684 2682 2692
f 2683 892 2681
f 2682 2680 2699
f 2681 891 2679
f 2680 2678 2710
f 2679 1646 2677
f 1652 2677 1646
f 2678 2676 2713
f 2676 2675 2714
f 3002 2714 2675
f 3002 2675 1657
f 1649 3002 1657
f 1647 2714 3002
f 1644 2714 1647
f 2674 2677 1652
f 1658 1657 2675
f 1657 1655 1649
f 1659 1654 1656
f 1568 1653 1654
f 1650 1649 1655
f 1647 3002 1649
f 1648 1652 1646
f 1646 2679 891
f 1644 1647 1645
f 1643 2714 1644
f 1642 2712 1643
f 1640 2712 1642
f 1634 1636 1585
f 1633 1640 1635
f 1632 1634 1589
f 1631 2709 1633
f 1630 1632 1593
f 1629 2701 1631
f 1628 1630 1597
f 1624 2702 1629
f 1626 1628 1601
f 2702 1624 1623
f 1623 1622 2705
f 2707 1622 1621
f 1620 2716 1621
f 1618 3001 1620
f 1619 1625 1615
f 1618 1617 3001
f 1616 2936 1617
f 2922 1616 1613
f 1625 1614 1615
f 2856 1613 1612
f 1612 1611 2858
f 1611 1608 2860
f 1614 1609 1610
f 1606 1609 1627
f 1608 1607 2860
f 1607 1604 2862
f 1605 1606 1627
f 1602 1605 1626
f 1604 1603 2862
f 1603 1600 2864
f 1601 1602 1626
f 1598 1601 1628
f 1600 1599 2864
f 1000 2864 1599
f 1599 1596 1000
f 1597 1598 1628
f 1594 1597 1630
f 1596 1595 1000
f 1595 1592 1001
f 1593 1594 1630
f 1590 1593 1632
f 1592 1591 1001
f 1591 1588 1003
f 1589 1590 1632
f 1586 1589 1634
f 1588 1587 1003
f 1587 1584 1005
f 1585 1586 1634
f 1582 1585 1636
f 1584 1583 1005
f 1583 1581 1006
f 1580 1582 1636
f 1581 1579 1578
f 1692 1578 1577
f 1577 1576 1691
f 1673 1576 1574
f 1575 1580 1572
f 1574 1573 1671
f 1573 1571 1669
f 1571 1570 1670
f 1670 1570 1568
f 1566 1569 1572
f 1568 1567 1653
f 1567 1564 1653
f 1566 1637 1565
f 1563 1565 1638
f 1562 1651 1564
f 1562 1336 1651
f 1638 1561 1563
f 1562 1560 1336
f 1639 1559 1561
f 1559 1641 1339
f 1560 1338 1336
f 1337 1350 1333
f 1651 1336 1335
f 1334 1652 1335
f 1327 1660 1334
f 1332 1333 1357
f 1332 1357 1331
f 1328 1327 1330
f 1322 1660 1327
f 1324 1326 1329
f 1323 1322 1325
f 1322 1320 2570
f 1319 1321 1324
f 1316 1319 1324
f 626 1316 1324
f 1317 1320 1318
f 1317 1315 1312
f 1313 1312 1315
f 1310 2468 1312
f 1309 1311 1314
f 1306 1309 1314
f 622 1306 1314
f 1307 1310 1308
f 1307 1305 1302
f 1303 1302 1305
f 1300 2464 1302
f 1299 1301 1304
f 1296 1299 1304
f 617 1296 1304
f 1297 1300 1298
f 1297 1295 1291
f 1294 1291 1295
f 1292 1291 1294
f 1289 2459 1291
f 1288 1290 1293
f 1285 1288 1293
f 613 1285 1293
f 1286 1289 1287
f 1286 1284 1281
f 1282 1281 1284
f 1269 2457 1281
f 1279 1280 1283
f 1277 1279 1283
f 610 1277 1283
f 1277 610 597
f 1270 1269 1278
f 2457 1269 1267
f 2457 1267 1266
f 2442 1266 1263
f 1265 1256 1264
f 1259 1264 1256
f 1263 1262 2390
f 1261 2391 1262
f 1260 2393 1261
f 1258 2396 1260
f 1254 2396 1258
f 1256 1257 1259
f 1255 1256 1268
f 1253 1255 1276
f 1250 1253 1276
f 1251 1254 1252
f 1251 1249 2439
f 1244 594 3003
f 1244 3003 3004
f 1244 3004 3005
f 1237 3005 3004
f 3004 3006 1237
f 3004 3007 3006
f 3006 3007 1236
f 3007 587 1236
f 3003 587 3007
f 3007 3004 3003
f 1249 1248 2437
f 1248 1247 2399
f 1247 1246 2398
f 2403 1246 1245
f 1244 3005 1243
f 1239 1243 3005
f 1133 1242 1241
f 1241 3008 1133
f 1241 3009 3008
f 3010 3008 3009
f 3011 3010 3009
f 3011 3009 3012
f 3011 3012 3013
f 3013 3014 3011
f 3015 3014 3013
f 3015 3013 3016
f 3015 3016 3017
f 3015 3017 3018
f 3015 3018 3019
f 3015 3019 3020
f 3015 3020 3021
f 3015 3021 3022
f 3023 3022 3021
f 3023 3021 3024
f 3023 3024 3025
f 3023 3025 3026
f 3023 3026 3027
f 3023 3027 3028
f 3029 3023 3028
f 3029 3028 3030
f 3029 3030 3031
f 3032 3029 3031
f 3031 3033 3032
f 3032 3033 3034
f 3034 3035 3032
f 3035 3036 3032
f 3032 3036 3037
f 3035 3037 3036
f 3038 3037 3035
f 3038 1139 3037
f 1139 3029 3037
f 3038 3039 1139
f 3038 3033 3039
f 3030 3039 3033
f 3038 3035 3034
f 3038 3034 3033
f 3032 3037 3029
f 3033 3031 3030
f 3030 3028 3039
f 1141 3039 3028
f 3023 3029 1137
f 3040 3023 1137
f 3023 3040 3014
f 3014 3040 3010
f 3041 3028 3027
f 3042 3041 3027
f 3042 3043 3041
f 3043 3044 3041
f 3043 3045 3044
f 3045 1142 3044
f 3044 1142 3028
f 1146 1142 3045
f 1146 3045 3046
f 1146 3046 3047
f 3048 1146 3047
f 3049 3048 3047
f 3049 3047 3050
f 3051 3049 3050
f 3051 3050 3052
f 3051 3052 3053
f 3051 3053 3054
f 3051 3054 3055
f 3051 3055 3056
f 3051 3056 3057
f 3051 3057 3058
f 3057 1154 3058
f 3059 3058 1154
f 3058 3059 3060
f 3048 3058 3060
f 3059 3061 3060
f 1148 3060 3061
f 3059 1153 3061
f 3057 3056 1154
f 1154 3056 3062
f 3062 3056 3063
f 3063 1158 3062
f 1158 3063 3064
f 3065 3064 3063
f 3063 3066 3065
f 3067 3065 3066
f 3066 3068 3067
f 3067 3068 3069
f 3069 3070 3067
f 3070 3069 3071
f 3071 3072 3070
f 3070 3072 3073
f 3073 3065 3070
f 3074 3073 3072
f 3072 3075 3074
f 3076 3074 3075
f 3075 1170 3076
f 1164 3076 1170
f 3077 1170 3075
f 3074 3076 1159
f 3075 3072 3077
f 3078 3077 3072
f 3077 3078 3079
f 3079 1172 3077
f 3080 1172 3079
f 3079 3081 3080
f 3082 3080 3081
f 3081 3083 3082
f 3082 3083 3084
f 3084 3085 3082
f 3085 3084 1180
f 3086 3084 3083
f 3083 1196 3086
f 3087 1196 3083
f 1196 3087 3088
f 3088 3087 3069
f 1184 3084 3086
f 3083 3081 3087
f 3087 3081 3071
f 3078 3071 3081
f 3080 3082 3085
f 3085 1175 3080
f 3081 3079 3078
f 1159 3073 3074
f 3073 1159 3064
f 3072 3071 3078
f 3071 3069 3087
f 3088 3069 3068
f 3068 1202 3088
f 1200 3088 1202
f 1198 1200 1202
f 1202 3089 1198
f 1198 3088 1200
f 1206 3068 3066
f 3090 1206 3066
f 3091 3090 3066
f 3091 3066 3092
f 3093 3091 3092
f 3094 3093 3092
f 3094 3092 3095
f 3096 3094 3095
f 3096 3095 3097
f 3096 3097 3098
f 3097 3092 3098
f 3099 3098 3092
f 3099 3092 3100
f 3099 3100 3101
f 3099 3101 3102
f 3099 3102 3103
f 3104 3099 3103
f 3105 3104 3103
f 3105 3103 3106
f 3105 3106 3107
f 3105 3107 3108
f 3108 3107 3109
f 3108 3109 3110
f 3108 3110 3098
f 3104 3108 3098
f 3110 3111 3098
f 3111 3094 3098
f 3110 3112 3111
f 3111 3112 3113
f 1207 3111 3113
f 1207 3113 1214
f 1207 3091 3111
f 1217 3113 3112
f 3114 1217 3112
f 3114 3112 3115
f 3116 3114 3115
f 3117 3116 3115
f 3117 3115 3110
f 3118 3116 3117
f 3118 3117 3119
f 3118 3119 3120
f 3121 3118 3120
f 3121 3120 3122
f 3121 3122 3123
f 3121 3123 3124
f 3121 3124 3125
f 3121 3125 3116
f 1218 3116 3125
f 1218 3125 3126
f 3126 3127 1218
f 3128 3127 3126
f 3128 3129 3127
f 1219 3127 3129
f 1219 3129 3130
f 3129 3131 3130
f 3132 3130 3131
f 3131 3133 3132
f 3134 3132 3133
f 3133 3012 3134
f 3012 3133 3135
f 3135 3016 3012
f 3053 3016 3135
f 3135 3133 3054
f 3132 3134 3136
f 3136 3137 3132
f 3137 3136 1227
f 1232 1227 3136
f 1234 3136 3134
f 3134 3009 1234
f 3133 3131 3055
f 3055 3131 3063
f 3138 3063 3131
f 3131 3139 3138
f 3140 3138 3139
f 3140 3139 3141
f 3142 3140 3141
f 3141 3143 3142
f 3144 3142 3143
f 3145 3144 3143
f 3146 3145 3143
f 3147 3146 3143
f 3106 3146 3147
f 3106 3147 3122
f 3146 3148 3145
f 3149 3145 3148
f 3102 3149 3148
f 3145 3149 3150
f 3145 3150 3151
f 3151 3150 3152
f 3151 3152 3144
f 3153 3152 3150
f 3154 3152 3153
f 3153 3063 3154
f 3101 3063 3153
f 3149 3101 3153
f 3142 3152 3154
f 3149 3153 3150
f 3103 3148 3146
f 3145 3151 3144
f 3144 3152 3142
f 3147 3143 3141
f 3147 3141 3123
f 3123 3141 3155
f 3142 3154 3140
f 3155 3141 3139
f 3155 3139 3156
f 3155 3156 3129
f 3140 3154 3138
f 3131 3156 3139
f 3154 3063 3138
f 3130 3132 3137
f 1223 3130 3137
f 3131 3129 3156
f 3155 3129 3128
f 3155 3128 3125
f 3128 3126 3125
f 3124 3155 3125
f 3124 3123 3155
f 3147 3123 3122
f 3119 3122 3120
f 3122 3119 3157
f 3122 3157 3107
f 3117 3157 3119
f 3117 3109 3157
f 3121 3116 3118
f 3116 1217 3114
f 3110 3115 3112
f 3117 3110 3109
f 3109 3107 3157
f 3106 3122 3107
f 3106 3103 3146
f 3105 3108 3104
f 3103 3102 3148
f 3102 3101 3149
f 3100 3063 3101
f 3092 3063 3100
f 3104 3098 3099
f 3096 3098 3094
f 3097 3095 3092
f 3111 3093 3094
f 3111 3091 3093
f 1207 3090 3091
f 3067 3070 3065
f 3092 3066 3063
f 3064 3065 3073
f 3055 3063 3056
f 3055 3054 3133
f 3053 3135 3054
f 3052 3018 3053
f 3052 3050 3018
f 3051 3058 3049
f 3050 3047 3158
f 3019 3050 3158
f 3159 3019 3158
f 3159 3158 3042
f 3159 3042 3024
f 3020 3159 3024
f 3042 3158 3160
f 3046 3160 3158
f 3049 3058 3048
f 3048 3060 1146
f 3046 3158 3047
f 3046 3045 3160
f 3160 3045 3043
f 3042 3160 3043
f 3041 3044 3028
f 3042 3027 3026
f 3042 3026 3025
f 3042 3025 3024
f 3023 3014 3022
f 3020 3024 3021
f 3020 3019 3159
f 3018 3050 3019
f 3018 3017 3053
f 3017 3016 3053
f 3015 3022 3014
f 3013 3012 3016
f 3009 3134 3012
f 3014 3010 3011
f 3010 3040 3008
f 3008 3040 1134
f 3009 1241 1235
f 1239 1240 1243
f 3005 1238 1239
f 3005 1237 1238
f 1237 3006 1236
f 1235 1234 3009
f 3136 1234 1232
f 1231 3161 1228
f 1228 3161 1191
f 1191 3161 575
f 1231 577 3161
f 1232 1230 1229
f 1232 1229 1227
f 1228 1191 1225
f 1225 1191 3162
f 1225 3162 3163
f 1225 3163 3164
f 1225 3164 1210
f 3164 3163 3165
f 3164 3165 3166
f 3164 3166 1208
f 3167 1208 3166
f 1203 1208 3167
f 3167 3166 3165
f 3167 3165 1197
f 1197 3165 3168
f 1197 3168 1194
f 3163 3168 3165
f 3163 3162 3168
f 3162 1191 3168
f 1226 3137 1227
f 1226 1224 3137
f 1225 1210 1222
f 1224 1223 3137
f 1223 1221 3130
f 1222 1210 1216
f 1221 1220 3130
f 1220 1219 3130
f 1218 3127 1219
f 1218 1217 3116
f 1215 3113 1217
f 1215 1214 3113
f 1207 1214 1212
f 1216 1211 1213
f 1216 1210 1211
f 3164 1208 1210
f 1207 1212 1209
f 1207 1206 3090
f 1206 1205 3068
f 1205 1202 3068
f 1204 1208 1203
f 1203 3167 1197
f 1202 1201 3089
f 1201 1200 3089
f 1200 1199 3089
f 1199 1198 3089
f 1198 1196 3088
f 3086 1196 1186
f 1195 1197 1194
f 1192 1194 3168
f 1190 1186 1193
f 1191 1192 3168
f 1191 575 1189
f 1187 1186 1190
f 1185 563 3169
f 3086 1186 1184
f 3169 1183 1185
f 1183 3169 3170
f 3170 3171 1183
f 3171 3170 3172
f 3172 3173 3171
f 1179 3171 3173
f 3174 1179 3173
f 3173 3175 3174
f 3175 3176 3174
f 3176 3177 3174
f 3174 3177 3178
f 3174 3178 3179
f 3174 3179 3180
f 3174 3180 3181
f 3174 3181 534
f 3181 3182 534
f 3183 3182 3181
f 3183 538 3182
f 3183 3181 3180
f 3184 3183 3180
f 3184 3180 3185
f 3184 3185 3186
f 3184 3186 3187
f 3186 3188 3187
f 3188 3189 3187
f 3189 540 3187
f 3190 540 3189
f 3190 3189 3188
f 3190 3188 3191
f 541 3190 3191
f 3192 541 3191
f 3193 3192 3191
f 3194 3193 3191
f 3194 3191 3186
f 3194 3186 3195
f 3194 3195 3196
f 3194 3196 3197
f 3198 3194 3197
f 3198 3197 3199
f 3198 3199 3200
f 3198 3200 3201
f 3198 3201 3202
f 3203 3198 3202
f 3203 3202 3204
f 3203 3204 3193
f 3193 3204 3205
f 3193 3205 544
f 3206 3193 544
f 3205 3204 545
f 3204 3202 545
f 3202 3201 545
f 3201 3207 545
f 3207 3208 545
f 3209 545 3208
f 3209 3208 3210
f 554 3209 3210
f 3210 3208 3176
f 3211 3176 3208
f 3207 3211 3208
f 3207 3196 3211
f 3200 3207 3201
f 3197 3207 3200
f 3197 3200 3199
f 3203 3194 3198
f 3196 3207 3197
f 3195 3211 3196
f 3211 3195 3212
f 3211 3212 3177
f 3186 3212 3195
f 3203 3193 3194
f 3206 3192 3193
f 541 3192 3206
f 3186 3191 3188
f 3185 3212 3186
f 3185 3178 3212
f 3184 3187 3183
f 539 3183 3187
f 3185 3180 3179
f 3185 3179 3178
f 3177 3212 3178
f 3211 3177 3176
f 3210 3176 3175
f 556 3210 3175
f 556 3175 3213
f 3173 3213 3175
f 3213 3173 3172
f 3172 558 3213
f 558 3172 3170
f 3170 3169 558
f 3084 1184 1182
f 1181 1183 3171
f 1182 1180 3084
f 3171 1179 1181
f 1180 1175 3085
f 1179 3174 1178
f 1178 3174 530
f 1175 1177 1176
f 1172 3080 1175
f 1170 3077 1172
f 1168 1164 1170
f 1163 1165 1167
f 1163 1167 3214
f 3214 1167 3215
f 3214 3215 3216
f 3214 3216 1162
f 3216 3217 1162
f 1162 3217 3218
f 3217 3219 3218
f 1152 3218 3219
f 1152 3219 3220
f 3219 3221 3220
f 3221 3222 3220
f 3222 1150 3220
f 1150 3222 3223
f 1150 3223 490
f 3224 3223 3222
f 3225 3224 3222
f 497 3224 3225
f 3225 3216 497
f 3216 3226 497
f 497 3226 3227
f 3227 3226 499
f 3226 3228 499
f 3228 3215 499
f 3216 3228 3226
f 3216 3225 3221
f 497 492 3224
f 3224 492 3223
f 3221 3225 3222
f 3217 3221 3219
f 3216 3221 3217
f 3216 3215 3228
f 3215 1167 514
f 3076 1164 1161
f 1163 3214 1162
f 1162 3218 1160
f 3218 1156 1160
f 1161 1159 3076
f 3064 1159 1158
f 1155 3062 1158
f 1157 1160 1156
f 1156 3218 1152
f 1154 3062 1155
f 1153 3059 1154
f 1151 3061 1153
f 1152 3220 1150
f 1148 3061 1151
f 1147 3060 1148
f 1146 3060 1147
f 1145 1149 1144
f 485 1144 1149
f 1146 1143 1142
f 1141 3028 1142
f 3039 1141 1139
f 1139 1137 3029
f 1136 1138 1118
f 1137 1134 3040
f 1135 1136 1121
f 1134 1133 3008
f 1132 1245 1133
f 2406 1132 1130
f 1135 1129 1131
f 1130 1128 2431
f 1126 1129 1135
f 1127 2420 1128
f 1125 2342 1127
f 1121 1126 1135
f 1124 2342 1125
f 1123 2343 1124
f 1122 2343 1123
f 1120 2343 1122
f 1118 1121 1136
f 1119 2343 1120
f 1117 2348 1119
f 1115 1118 1138
f 1116 2348 1117
f 1114 2348 1116
f 1113 1115 1140
f 1112 2348 1114
f 485 1113 1144
f 1112 1111 1110
f 1110 1107 2107
f 1109 485 1108
f 1107 1106 2104
f 2059 1106 1105
f 1104 2056 1105
f 1955 1104 1103
f 1101 2047 1103
f 1102 475 1100
f 1099 2033 1101
f 1100 468 1098
f 1097 2021 1099
f 1098 461 1095
f 1096 2017 1097
f 1980 1096 1094
f 1095 458 1093
f 2032 1094 1092
f 1093 450 1089
f 2022 1092 1091
f 1090 2013 1091
f 1088 2023 1090
f 1089 444 1087
f 1086 2024 1088
f 1087 439 1084
f 1085 2026 1086
f 1082 2027 1085
f 3229 1083 1084
f 3230 3229 1084
f 3230 1084 434
f 3231 3230 434
f 3231 434 3232
f 3233 3231 3232
f 3233 3232 3234
f 3233 3234 3235
f 3233 3235 3236
f 3233 3236 3237
f 3233 3237 3238
f 3233 3238 3239
f 3233 3239 3240
f 3241 3233 3240
f 3241 3240 3242
f 3242 3240 3243
f 3244 3242 3243
f 3229 3244 3243
f 3233 3244 3229
f 3233 3242 3244
f 3240 3245 3243
f 3245 1074 3243
f 3246 1074 3245
f 3246 3245 3247
f 3246 3247 3248
f 3249 3246 3248
f 3249 3248 3250
f 3251 3249 3250
f 3250 3252 3251
f 3253 3251 3252
f 3252 3254 3253
f 3255 3253 3254
f 3254 3256 3255
f 3257 3255 3256
f 3256 3258 3257
f 3259 3257 3258
f 3258 3260 3259
f 3261 3259 3260
f 3260 3262 3261
f 3263 3261 3262
f 3262 3264 3263
f 3265 3263 3264
f 3264 3266 3265
f 3267 3265 3266
f 3266 3268 3267
f 3269 3267 3268
f 3268 248 3269
f 3270 3269 248
f 3269 3270 1050
f 248 3268 252
f 3267 3269 1052
f 3268 3266 3271
f 3271 254 3268
f 3271 3266 3272
f 255 3271 3272
f 255 3272 3273
f 255 3273 3274
f 3275 3274 3273
f 3275 3273 3266
f 3274 3275 3276
f 3274 3276 3277
f 3274 3277 3278
f 3279 3274 3278
f 3278 3280 3279
f 3280 3281 3279
f 3282 3279 3281
f 3281 3283 3282
f 3284 3282 3283
f 3284 3283 3285
f 3285 3286 3284
f 260 3284 3286
f 3285 3287 3286
f 3288 3286 3287
f 3288 3287 3289
f 3289 3290 3288
f 3291 3288 3290
f 3290 3292 3291
f 3292 3293 3291
f 3293 3294 3291
f 262 3291 3294
f 262 3294 3295
f 262 3295 3296
f 262 3296 3297
f 3297 3296 3298
f 3298 358 3297
f 3299 358 3298
f 3300 358 3299
f 3300 3299 3294
f 3301 3300 3294
f 359 3300 3301
f 3299 3298 3296
f 3299 3296 3295
f 3294 3299 3295
f 3293 3301 3294
f 361 3301 3293
f 361 3293 3292
f 361 3292 3290
f 3291 262 3288
f 3290 3289 364
f 364 3289 3302
f 3303 3302 3289
f 3289 3304 3303
f 3303 3304 3305
f 3306 3303 3305
f 3306 3305 3307
f 3307 3308 3306
f 3306 3308 383
f 3308 3307 3309
f 3308 3309 3310
f 3310 3311 3308
f 3308 3311 386
f 3311 3310 3312
f 3311 3312 3313
f 3313 3314 3311
f 3311 3314 389
f 3314 3313 3315
f 3314 3315 3316
f 3316 3317 3314
f 3314 3317 392
f 3317 3316 3318
f 3317 3318 3319
f 3319 3320 3317
f 3317 3320 395
f 3320 3319 3321
f 3320 3321 3322
f 3322 401 3320
f 3321 3323 3322
f 404 3322 3323
f 3324 3323 3321
f 3323 3324 3325
f 3325 3326 3323
f 405 3323 3326
f 3326 3327 405
f 3326 3328 3327
f 3329 3327 3328
f 3329 3328 3330
f 3330 3331 3329
f 3332 3329 3331
f 3331 3333 3332
f 3332 3333 3334
f 3334 3335 3332
f 3335 3336 3332
f 3337 3332 3336
f 3337 3336 409
f 3338 409 3336
f 3339 3338 3336
f 3340 3339 3336
f 3340 3341 3339
f 3339 3341 3342
f 3339 3342 3343
f 3339 3343 3344
f 412 3344 3343
f 412 3338 3344
f 413 3343 3342
f 3345 413 3342
f 3345 3342 3346
f 3345 3346 3347
f 3345 3347 3348
f 415 3345 3348
f 3349 3348 3347
f 3349 3347 3341
f 3335 3348 3349
f 3335 3349 3340
f 417 3348 3335
f 3346 3341 3347
f 415 413 3345
f 3346 3342 3341
f 3340 3349 3341
f 3339 3344 3338
f 409 3338 412
f 3335 3340 3336
f 417 3335 3334
f 3333 421 3334
f 3333 428 421
f 428 3333 3350
f 3331 3350 3333
f 3350 3331 3351
f 3351 3352 3350
f 429 3350 3352
f 3353 429 3352
f 3352 3354 3353
f 3354 3355 3353
f 3355 3356 3353
f 3357 3353 3356
f 3356 3248 3357
f 3357 3248 3358
f 3353 3357 3358
f 3353 3358 430
f 3358 3359 430
f 3360 430 3359
f 3359 3247 3360
f 3360 3247 432
f 3358 3247 3359
f 3356 3355 3250
f 3361 3250 3355
f 3362 3250 3361
f 3361 3354 3362
f 3363 3362 3354
f 3364 3363 3354
f 3365 3364 3354
f 3364 3365 3366
f 3366 3367 3364
f 3367 3368 3364
f 3368 3369 3364
f 3370 3364 3369
f 3369 3252 3370
f 3370 3252 3363
f 3369 3368 3254
f 3371 3254 3368
f 3372 3254 3371
f 3371 3367 3372
f 3373 3372 3367
f 3374 3373 3367
f 3375 3374 3367
f 3374 3375 3376
f 3376 3377 3374
f 3377 3378 3374
f 3378 3379 3374
f 3380 3374 3379
f 3379 3256 3380
f 3380 3256 3373
f 3379 3378 3258
f 3381 3258 3378
f 3382 3258 3381
f 3381 3377 3382
f 3383 3382 3377
f 3384 3383 3377
f 3385 3384 3377
f 3384 3385 3280
f 3385 3386 3280
f 3386 3385 3387
f 3387 3388 3386
f 3389 3386 3388
f 3389 3388 3390
f 3390 3391 3389
f 3283 3389 3391
f 3390 3392 3391
f 3393 3391 3392
f 3393 3392 3394
f 3394 3304 3393
f 3287 3393 3304
f 3304 3394 3307
f 3395 3394 3392
f 3392 3396 3395
f 3397 3395 3396
f 3396 3398 3397
f 3399 3397 3398
f 3398 3400 3399
f 3324 3399 3400
f 3399 3324 3318
f 3398 3401 3400
f 3402 3400 3401
f 3402 3401 3403
f 3403 3404 3402
f 3405 3402 3404
f 3404 3406 3405
f 3328 3405 3406
f 3404 3407 3406
f 3408 3406 3407
f 3407 3366 3408
f 3366 3407 3375
f 3409 3375 3407
f 3406 3408 3330
f 3351 3330 3408
f 3408 3365 3351
f 3407 3404 3409
f 3405 3325 3402
f 3403 3409 3404
f 3409 3403 3387
f 3387 3376 3409
f 3401 3410 3403
f 3388 3403 3410
f 3400 3402 3325
f 3401 3398 3410
f 3397 3399 3316
f 3396 3410 3398
f 3410 3396 3390
f 3395 3397 3313
f 3394 3395 3310
f 3391 3393 3285
f 3392 3390 3396
f 3410 3390 3388
f 3386 3389 3281
f 3388 3387 3403
f 3376 3387 3385
f 3384 3411 3383
f 3411 3260 3383
f 3412 3260 3411
f 3384 3412 3411
f 3412 3384 3413
f 3412 3413 3262
f 3414 3262 3413
f 3278 3414 3413
f 3278 3415 3414
f 3415 3262 3414
f 3278 3413 3384
f 3382 3383 3260
f 3377 3381 3378
f 3377 3376 3385
f 3375 3409 3376
f 3374 3380 3373
f 3372 3373 3256
f 3367 3371 3368
f 3367 3366 3375
f 3365 3408 3366
f 3364 3370 3363
f 3362 3363 3252
f 3354 3361 3355
f 3354 3352 3365
f 3352 3351 3365
f 3332 3337 3329
f 3330 3351 3331
f 3406 3330 3328
f 3327 3329 3337
f 3327 3337 407
f 3328 3326 3405
f 3325 3405 3326
f 3400 3325 3324
f 3321 3319 3324
f 3318 3324 3319
f 3318 3316 3399
f 3316 3315 3397
f 3313 3397 3315
f 3313 3312 3395
f 3310 3395 3312
f 3310 3309 3394
f 3307 3394 3309
f 3303 3306 365
f 365 3306 380
f 3307 3305 3304
f 365 3302 3303
f 3304 3289 3287
f 3286 3288 262
f 3287 3285 3393
f 3391 3285 3283
f 3282 3284 258
f 3283 3281 3389
f 3279 3282 257
f 3281 3280 3386
f 3280 3278 3384
f 3274 3279 257
f 3415 3278 3277
f 3415 3277 3264
f 3276 3264 3277
f 3275 3264 3276
f 3272 3266 3273
f 3265 3267 1054
f 3266 3264 3275
f 3263 3265 1056
f 3264 3262 3415
f 3263 1058 3261
f 3262 3260 3412
f 3259 3261 1058
f 3260 3258 3382
f 3257 3259 1060
f 3258 3256 3379
f 3255 3257 1062
f 3256 3254 3372
f 3253 3255 1064
f 3254 3252 3369
f 3251 3253 1066
f 3252 3250 3362
f 3249 3251 1068
f 3250 3248 3356
f 3246 3249 1070
f 3247 3358 3248
f 3238 3247 3245
f 3241 3242 3233
f 3240 3239 3245
f 3239 3238 3245
f 3238 3237 3247
f 3237 3236 3247
f 3236 3235 3247
f 3235 434 3247
f 3234 3232 3235
f 3235 3232 434
f 3233 3230 3231
f 3233 3229 3230
f 3229 3243 1083
f 3243 1078 1083
f 2028 1082 1081
f 1080 2029 1081
f 1079 1996 1080
f 1996 1079 1077
f 1078 3243 1076
f 1076 3243 1074
f 1077 1075 1073
f 1074 3246 1072
f 1073 1071 1918
f 1070 1072 3246
f 1069 1918 1071
f 1068 1070 3249
f 1067 1914 1069
f 1066 1068 3251
f 1065 1911 1067
f 1064 1066 3253
f 1063 1869 1065
f 1062 1064 3255
f 1061 1858 1063
f 1060 1062 3257
f 1059 1862 1061
f 1058 1060 3259
f 1057 1815 1059
f 1056 1058 3263
f 1055 1805 1057
f 1054 1056 3265
f 1053 1794 1055
f 1052 1054 3267
f 1051 1796 1053
f 1050 1052 3269
f 1049 1767 1051
f 1048 1050 3270
f 3270 3416 1048
f 3416 3270 247
f 247 3417 3416
f 3418 3416 3417
f 3419 3418 3417
f 3419 3417 3420
f 3420 3421 3419
f 3419 3421 3422
f 3419 3422 3423
f 3423 3422 1042
f 3424 3422 3421
f 3424 3421 3425
f 3426 3424 3425
f 3426 3425 3427
f 3428 3426 3427
f 3429 3428 3427
f 3429 3427 3430
f 3430 3427 1030
f 3431 3430 1030
f 3432 3431 1030
f 3428 3431 3432
f 3428 3432 3433
f 3428 3433 3434
f 3428 3434 3435
f 3428 3435 3436
f 3428 3436 3437
f 3428 3437 3438
f 3428 3438 3439
f 3428 3439 3424
f 3439 3438 3422
f 3438 3437 3422
f 3437 3440 3422
f 1038 3422 3440
f 1038 3440 1031
f 3433 1031 3440
f 3437 3435 3440
f 3436 3435 3437
f 3435 3434 3440
f 3434 3433 3440
f 3433 3432 1031
f 3428 3430 3431
f 3429 3430 3428
f 3427 3425 1030
f 216 1030 3425
f 3425 3441 216
f 3425 3442 3441
f 217 3441 3442
f 217 3442 3443
f 3425 3443 3442
f 3425 3444 3443
f 3444 220 3443
f 220 3444 3445
f 220 3445 3446
f 3447 3446 3445
f 3421 3447 3445
f 3446 3447 3420
f 3446 3420 3448
f 3446 3448 244
f 238 3446 244
f 3449 244 3448
f 3449 3448 3417
f 244 3449 3450
f 3449 247 3450
f 3421 3445 3444
f 3428 3424 3426
f 3444 3425 3421
f 3424 3439 3422
f 3421 3420 3447
f 3420 3417 3448
f 3419 3423 3418
f 3418 3423 1044
f 3416 3418 1046
f 3417 247 3449
f 1047 1760 1049
f 1046 1048 3416
f 1045 1729 1047
f 1044 1046 3418
f 1043 1716 1045
f 1042 1044 3423
f 1041 1688 1043
f 1040 1042 3422
f 1039 1689 1041
f 3422 1038 1040
f 1689 1039 1037
f 1701 1037 1035
f 1038 1032 1036
f 1701 1035 1034
f 1707 1034 1033
f 1708 1033 1029
f 1031 1032 1038
f 3432 1030 1031
f 1028 1708 1029
f 1708 1028 1027
f 1709 1027 1026
f 1710 1026 1023
f 1022 1710 1023
f 1022 1020 1706
f 972 1017 1021
f 1020 1010 1704
f 1002 1009 1011
f 1008 1704 1010
f 1008 1007 1704
f 1696 1007 1006
f 1005 1583 1006
f 1005 1003 1587
f 1009 1002 1004
f 1003 1001 1591
f 1013 998 1002
f 1001 1000 1595
f 2864 1000 999
f 999 996 993
f 998 1013 997
f 997 1015 995
f 995 1015 978
f 993 996 994
f 999 993 992
f 989 991 988
f 988 991 982
f 986 970 987
f 986 985 967
f 985 983 958
f 965 985 958
f 988 982 984
f 991 980 982
f 995 978 980
f 976 194 979
f 1015 977 978
f 1014 975 977
f 974 1024 976
f 1024 198 976
f 1019 973 975
f 1019 987 973
f 1019 964 987
f 974 972 1021
f 987 970 973
f 972 971 1017
f 986 967 970
f 968 971 969
f 1019 968 966
f 985 965 967
f 1019 966 964
f 987 964 963
f 963 962 990
f 962 961 992
f 2867 961 960
f 960 957 2878
f 958 959 965
f 956 958 983
f 957 955 2878
f 954 956 981
f 981 180 954
f 953 954 175
f 950 946 951
f 945 955 946
f 943 2844 945
f 942 2840 943
f 941 2840 942
f 941 940 2996
f 926 939 944
f 940 938 937
f 940 937 935
f 935 934 2781
f 934 933 2781
f 932 2777 933
f 932 931 2777
f 929 2775 931
f 928 930 927
f 927 936 926
f 924 926 949
f 949 3451 924
f 868 924 3451
f 949 840 3451
f 925 923 929
f 922 924 868
f 868 893 922
f 923 921 2774
f 920 2773 921
f 2999 920 919
f 2770 919 918
f 915 918 917
f 915 914 2757
f 913 916 909
f 912 911 914
f 910 2767 911
f 910 906 2718
f 916 908 909
f 906 904 2718
f 2718 904 903
f 2707 903 901
f 900 902 905
f 2707 901 898
f 907 899 900
f 908 897 899
f 2706 898 896
f 897 922 893
f 2704 896 895
f 894 2715 895
f 892 2683 894
f 893 877 890
f 891 2681 892
f 889 1339 891
f 888 890 881
f 1340 889 887
f 1552 887 886
f 884 1552 886
f 885 888 883
f 884 882 1546
f 881 883 888
f 879 1533 882
f 881 890 880
f 880 890 878
f 879 875 1531
f 878 890 877
f 877 893 876
f 876 893 874
f 875 873 1528
f 874 893 872
f 873 870 1527
f 872 893 871
f 871 893 869
f 870 867 1527
f 869 893 868
f 3451 840 868
f 866 1527 867
f 865 1511 866
f 1509 865 863
f 862 1509 863
f 861 1509 862
f 1506 861 860
f 1503 860 858
f 855 858 856
f 1501 855 854
f 854 852 1500
f 851 1436 852
f 851 850 1432
f 849 1430 850
f 1414 849 847
f 848 853 846
f 845 1429 847
f 846 857 843
f 844 1428 845
f 1426 844 841
f 843 859 842
f 842 864 840
f 1426 841 839
f 840 949 838
f 1427 839 836
f 837 838 947
f 836 835 1427
f 835 822 1424
f 822 821 1423
f 1422 821 820
f 1421 820 818
f 819 828 815
f 815 828 168
f 1421 818 817
f 809 817 816
f 809 816 810
f 1418 809 807
f 808 802 806
f 807 805 1418
f 804 1413 805
f 803 806 802
f 812 801 802
f 800 799 804
f 1410 799 797
f 771 1410 797
f 796 798 801
f 797 795 771
f 801 794 796
f 794 814 793
f 792 793 815
f 792 815 166
f 777 775 791
f 774 776 787
f 795 775 773
f 772 774 789
f 773 771 795
f 789 770 772
f 1410 771 768
f 790 769 770
f 769 790 142
f 142 3452 769
f 751 769 3452
f 751 3453 769
f 769 3453 3454
f 769 3454 764
f 751 764 3454
f 751 3454 3453
f 142 3455 3452
f 3452 3455 750
f 768 767 1410
f 1404 767 765
f 761 1404 765
f 766 769 764
f 763 762 765
f 762 761 765
f 761 760 1404
f 759 1403 760
f 759 757 1396
f 756 1392 757
f 756 755 1391
f 755 754 1389
f 754 749 1390
f 758 752 753
f 752 764 751
f 751 3452 750
f 748 750 3455
f 3455 139 748
f 749 747 1390
f 747 738 1390
f 746 748 139
f 745 739 747
f 743 744 727
f 745 742 739
f 741 743 740
f 743 729 740
f 739 738 747
f 737 1390 738
f 737 736 1385
f 735 1383 736
f 1372 735 733
f 734 740 731
f 733 732 1367
f 732 730 1365
f 731 740 729
f 730 728 1363
f 727 729 743
f 726 643 728
f 641 642 650
f 639 641 667
f 640 635 643
f 638 639 672
f 628 636 637
f 643 635 634
f 632 1364 634
f 636 631 633
f 630 1360 632
f 636 629 631
f 627 1331 630
f 636 628 629
f 628 638 625
f 626 1324 627
f 1316 626 624
f 625 681 623
f 1314 624 622
f 623 668 621
f 1306 622 620
f 621 663 619
f 1304 620 617
f 619 662 618
f 682 616 618
f 1296 617 615
f 616 682 614
f 1293 615 613
f 614 719 612
f 1285 613 611
f 612 714 609
f 1283 611 610
f 597 610 608
f 607 609 714
f 607 707 606
f 701 604 606
f 608 605 603
f 569 602 604
f 608 603 600
f 602 589 601
f 601 590 599
f 608 600 598
f 597 608 598
f 597 596 1277
f 595 1275 596
f 594 1250 595
f 594 593 3003
f 3003 593 592
f 3003 592 588
f 591 599 590
f 601 589 590
f 602 586 589
f 602 3456 586
f 570 3456 602
f 3003 588 587
f 587 585 1236
f 3456 584 586
f 585 583 1236
f 581 584 3456
f 582 1236 583
f 580 1233 582
f 581 3456 572
f 1231 580 579
f 1231 579 578
f 1231 578 577
f 3161 577 575
f 1189 575 574
f 574 571 1188
f 564 1188 571
f 572 573 576
f 572 3456 570
f 570 602 569
f 569 724 568
f 564 571 566
f 567 100 565
f 564 563 1188
f 3169 563 562
f 562 559 3169
f 560 559 562
f 559 558 3169
f 556 3213 558
f 557 561 555
f 99 555 561
f 556 554 3210
f 555 99 553
f 554 552 3209
f 553 99 551
f 552 548 3209
f 549 419 547
f 549 92 419
f 96 92 549
f 548 545 3209
f 547 422 546
f 544 3205 545
f 541 3206 544
f 542 543 3457
f 542 3457 3458
f 542 3458 3459
f 542 3459 3460
f 3461 3460 3459
f 3461 3462 3460
f 537 3460 3462
f 537 3462 3463
f 3462 3464 3463
f 3464 3465 3463
f 3465 3466 3463
f 3467 3463 3466
f 3467 3466 3468
f 3467 3468 3469
f 3467 3469 543
f 3467 543 425
f 543 3469 3470
f 543 3470 3471
f 3461 3471 3470
f 3461 3457 3471
f 3461 3472 3457
f 3461 3458 3472
f 3461 3470 3469
f 3461 3469 3468
f 3461 3468 3466
f 3473 3461 3466
f 3473 3465 3461
f 3467 3474 3463
f 3474 443 3463
f 3475 3463 443
f 536 3463 3475
f 3467 436 3474
f 426 436 3467
f 426 431 436
f 3473 3466 3465
f 3461 3465 3464
f 3461 3464 3462
f 3461 3459 3458
f 3472 3458 3457
f 543 3471 3457
f 537 542 3460
f 540 3190 541
f 540 539 3187
f 539 538 3183
f 3182 538 534
f 537 3463 536
f 3475 535 536
f 3475 533 535
f 3174 534 532
f 3475 531 533
f 3475 3476 531
f 3476 3475 447
f 3174 532 530
f 3476 529 531
f 3476 3477 529
f 3477 3476 453
f 1178 530 528
f 3477 527 529
f 3477 3478 527
f 3478 3477 457
f 1174 528 526
f 3478 525 527
f 1171 526 524
f 3478 523 525
f 1171 524 522
f 3478 521 523
f 1171 522 520
f 521 3478 519
f 3479 519 3478
f 3479 3478 464
f 520 518 1169
f 519 3479 517
f 3480 517 3479
f 3480 3479 471
f 518 516 1166
f 517 3480 515
f 3481 515 3480
f 3481 3480 478
f 515 3481 3482
f 3482 502 515
f 3482 491 502
f 3482 3481 483
f 3482 483 489
f 516 514 1167
f 502 508 515
f 3215 514 499
f 507 513 506
f 506 511 505
f 504 505 510
f 504 508 502
f 503 501 499
f 498 3227 499
f 497 3227 498
f 496 500 495
f 493 495 502
f 497 494 492
f 491 493 502
f 3223 492 490
f 3482 489 491
f 1150 490 488
f 1150 488 487
f 1149 487 485
f 486 489 483
f 1108 485 484
f 482 1102 484
f 480 483 3481
f 481 1102 482
f 479 1102 481
f 478 480 3481
f 477 1102 479
f 474 478 3480
f 476 1102 477
f 475 1102 476
f 473 1100 475
f 471 474 3480
f 472 1100 473
f 470 1100 472
f 467 471 3479
f 469 1100 470
f 468 1100 469
f 466 1098 468
f 464 467 3479
f 465 1098 466
f 463 1098 465
f 460 464 3478
f 462 1098 463
f 461 1098 462
f 459 1095 461
f 457 460 3478
f 458 1095 459
f 456 1093 458
f 453 457 3477
f 455 1093 456
f 454 1093 455
f 452 1093 454
f 451 453 3476
f 450 1093 452
f 447 451 3476
f 449 1089 450
f 448 1089 449
f 446 1089 448
f 445 447 3475
f 444 1089 446
f 443 445 3475
f 442 1087 444
f 443 3474 436
f 441 1087 442
f 440 1087 441
f 439 1087 440
f 438 1084 439
f 437 1084 438
f 435 1084 437
f 1084 435 434
f 434 432 3247
f 431 433 436
f 430 3360 432
f 429 3353 430
f 3350 429 428
f 427 431 426
f 426 3467 425
f 423 425 543
f 424 421 428
f 423 546 422
f 547 419 422
f 421 420 3334
f 418 3334 420
f 419 92 416
f 417 3334 418
f 415 3348 417
f 414 413 415
f 412 3343 413
f 408 411 402
f 402 411 86
f 412 410 409
f 409 407 3337
f 402 406 408
f 407 405 3327
f 3323 405 404
f 401 3322 404
f 402 403 406
f 3320 401 398
f 399 400 75
f 397 399 73
f 398 395 3320
f 396 397 73
f 394 396 73
f 395 392 3317
f 393 394 72
f 391 393 70
f 392 389 3314
f 390 391 69
f 388 390 68
f 68 3483 388
f 389 386 3311
f 387 388 3483
f 3483 3484 387
f 3484 3483 67
f 67 3485 3484
f 3486 3484 3485
f 3487 3486 3485
f 3485 3488 3487
f 3489 3487 3488
f 3488 3490 3489
f 3489 3490 376
f 3490 3491 376
f 3492 376 3491
f 3493 3492 3491
f 3493 3491 3494
f 3495 3493 3494
f 3494 28 3495
f 3495 28 24
f 28 3494 3496
f 3496 3494 3497
f 3497 3498 3496
f 3499 3496 3498
f 3485 3499 3498
f 3485 3500 3499
f 3499 3500 3501
f 3501 3500 3502
f 29 3501 3502
f 3502 36 29
f 32 29 36
f 36 3502 3503
f 36 3503 63
f 3503 3502 3504
f 3504 65 3503
f 29 3496 3501
f 3504 3502 3500
f 67 3504 3500
f 3501 3496 3499
f 3488 3498 3497
f 3488 3497 3505
f 3497 3494 3505
f 3495 3506 3493
f 3495 19 3506
f 19 14 3506
f 14 3507 3506
f 3492 3506 3507
f 3491 3505 3494
f 3493 3506 3492
f 3492 3507 376
f 3490 3505 3491
f 3505 3490 3488
f 3487 3489 382
f 3498 3488 3485
f 3486 3487 384
f 3484 3486 385
f 3500 3485 67
f 385 387 3484
f 386 383 3308
f 384 385 3486
f 382 384 3487
f 383 380 3306
f 381 382 3489
f 381 3489 378
f 379 381 378
f 378 3489 376
f 3507 13 376
f 374 377 375
f 374 368 366
f 380 366 365
f 365 364 3302
f 364 361 3290
f 363 367 362
f 362 355 360
f 361 359 3301
f 359 358 3300
f 3297 358 357
f 3297 357 353
f 356 360 355
f 357 354 353
f 3297 353 263
f 262 3297 263
f 3286 262 260
f 259 261 241
f 260 258 3284
f 256 259 242
f 258 257 3282
f 257 255 3274
f 251 256 242
f 3271 255 254
f 253 3268 254
f 252 3268 253
f 252 250 248
f 248 247 3270
f 3450 247 245
f 243 246 249
f 244 3450 245
f 242 243 251
f 241 242 259
f 241 264 239
f 238 244 240
f 239 268 237
f 221 3446 238
f 270 235 237
f 221 236 3508
f 226 3508 236
f 226 222 3508
f 226 3509 222
f 226 223 3509
f 226 236 234
f 289 232 235
f 226 234 233
f 226 233 231
f 3510 226 231
f 3510 230 226
f 289 228 232
f 3510 231 230
f 226 230 229
f 228 292 225
f 226 229 227
f 226 224 223
f 3509 223 222
f 221 3508 222
f 221 220 3446
f 217 3443 220
f 219 225 218
f 218 299 215
f 217 216 3441
f 214 1030 216
f 210 215 299
f 213 1030 214
f 212 1030 213
f 211 1025 212
f 209 1025 211
f 207 210 299
f 208 1025 209
f 206 1025 208
f 203 207 300
f 205 1025 206
f 204 1024 205
f 202 1024 204
f 200 203 300
f 300 159 200
f 201 1024 202
f 199 1024 201
f 196 200 159
f 198 1024 199
f 197 976 198
f 195 976 197
f 193 196 159
f 194 976 195
f 192 979 194
f 189 193 163
f 191 979 192
f 190 979 191
f 188 979 190
f 186 189 165
f 187 979 188
f 185 981 187
f 182 186 165
f 184 981 185
f 183 981 184
f 181 981 183
f 179 182 167
f 180 981 181
f 178 954 180
f 174 179 167
f 177 954 178
f 176 954 177
f 175 954 176
f 953 175 173
f 173 172 952
f 837 172 171
f 171 170 823
f 170 168 828
f 167 169 174
f 168 166 815
f 165 167 182
f 166 164 792
f 163 165 189
f 164 162 781
f 159 163 193
f 780 162 161
f 782 161 160
f 784 160 158
f 159 300 157
f 158 156 784
f 155 157 298
f 155 301 154
f 151 154 303
f 152 156 153
f 152 150 785
f 149 151 311
f 786 150 148
f 147 149 310
f 148 145 786
f 310 146 147
f 145 144 788
f 144 142 790
f 146 141 143
f 3455 142 140
f 138 141 314
f 140 139 3455
f 139 137 746
f 314 136 138
f 135 727 137
f 314 134 136
f 135 133 644
f 314 131 134
f 131 314 3
f 133 132 644
f 130 648 132
f 3 129 131
f 129 3 16
f 647 130 128
f 22 129 17
f 126 128 127
f 652 126 123
f 655 123 122
f 122 120 119
f 117 119 118
f 692 117 114
f 114 107 696
f 105 108 111
f 106 696 107
f 106 104 722
f 111 103 105
f 101 568 104
f 103 111 102
f 112 98 102
f 98 112 3511
f 3511 112 47
f 81 3511 47
f 81 47 50
f 101 100 567
f 561 100 99
f 99 97 551
f 3511 95 98
f 96 549 97
f 81 95 3511
f 90 94 83
f 93 92 96
f 92 91 416
f 88 91 89
f 411 88 86
f 83 87 90
f 86 85 402
f 84 400 85
f 400 84 78
f 83 94 82
f 82 94 81
f 81 50 79
f 84 80 78
f 76 79 50
f 400 78 77
f 400 77 75
f 75 73 399
f 55 71 74
f 71 55 61
f 73 72 394
f 72 70 393
f 61 66 71
f 70 69 391
f 69 68 390
f 3483 68 67
f 67 65 3504
f 66 61 64
f 3503 65 63
f 64 61 62
f 60 58 37
f 40 37 58
f 61 55 57
f 59 56 54
f 59 54 44
f 74 53 55
f 44 54 52
f 74 51 53
f 50 51 76
f 44 52 49
f 48 50 47
f 46 47 112
f 45 46 110
f 59 44 42
f 45 41 43
f 58 42 40
f 39 41 113
f 37 40 38
f 63 37 36
f 39 33 35
f 36 34 32
f 31 33 116
f 29 32 30
f 3496 29 28
f 31 25 27
f 26 24 28
f 23 25 121
f 3495 24 21
f 22 23 125
f 3495 21 19
f 20 22 18
f 17 18 22
f 16 17 129
f 19 15 14
f 13 3507 14
f 373 13 12
f 12 11 369
f 11 9 370
f 16 7 10
f 7 16 2
f 355 9 8
f 6 328 8
f 6 5 324
f 4 324 5
f 4 3 314
f 16 3 2
f 7 2 1

