# Exported from 3D Builder
o Object.1
v -32.214142 -17.802320 17.978901
v -30.679640 -17.802320 17.838699
v -32.450241 -17.802320 17.971500
v -32.214142 -17.868719 18.141199
v -32.214142 -18.031019 18.222300
v -29.882839 -18.031019 17.919901
v -29.823839 -21.638620 18.126400
v -27.595840 -21.638620 17.204300
v -27.706539 -18.031019 17.019800
v -25.692440 -21.638620 15.736100
v -25.840040 -18.031019 15.588600
v -24.224339 -21.638620 13.832800
v -24.408739 -18.031019 13.722100
v -23.302139 -21.638620 11.604800
v -23.508739 -18.031019 11.545700
v -22.992340 -21.638620 9.214460
v -23.206240 -18.031019 9.214460
v -23.302139 -21.638620 6.831540
v -23.508739 -18.031019 6.883180
v -24.224339 -21.638620 4.610920
v -24.408739 -18.031019 4.714200
v -25.692440 -21.638620 2.700150
v -25.840040 -18.031019 2.847700
v -27.595840 -21.638620 1.232040
v -27.706539 -18.031019 1.416470
v -29.823839 -21.638620 0.309854
v -29.882839 -18.031019 0.516423
v -32.214142 -21.638620 0.000000
v -32.214142 -19.831120 0.073775
v -32.214142 -18.031019 0.213947
v -30.679640 -17.802320 0.597575
v -29.189341 -17.802320 0.995958
v -30.849340 -17.802320 1.519760
v -29.359039 -17.802320 1.940270
v -28.340940 -20.745920 2.515720
v -28.304039 -17.802320 2.449320
v -26.194139 -20.745920 4.345330
v -26.400640 -17.802320 3.991210
v -26.356440 -17.802320 2.700150
v -27.691740 -17.802320 1.711570
v -26.017040 -17.802320 3.024760
v -26.135139 -17.802320 4.301060
v -24.622740 -17.802320 4.839620
v -24.777639 -17.802320 6.802030
v -24.312840 -17.802320 6.802030
v -24.851440 -20.745920 6.824160
v -24.327641 -19.853220 6.816780
v -23.988239 -21.911520 9.214460
v -23.951340 -17.802320 9.214460
v -23.752140 -17.802320 6.949570
v -23.449739 -17.802320 9.214460
v -24.312840 -17.802320 11.634300
v -23.752140 -17.802320 11.486700
v -24.622740 -17.802320 13.596700
v -26.135139 -17.802320 14.135200
v -26.400640 -17.802320 14.445100
v -28.340940 -20.745920 15.920600
v -28.304039 -17.802320 15.987000
v -30.996840 -20.745920 16.864901
v -29.359039 -17.802320 16.496000
v -30.849340 -17.802320 16.916500
v -32.391140 -17.802320 17.034599
v -34.102737 -17.802320 17.772301
v -34.065842 -17.802320 17.270700
v -35.452839 -17.802320 16.813200
v -34.073242 -19.853220 17.248501
v -34.088039 -21.911520 17.226400
v -33.822441 -20.745920 16.791100
v -33.623238 -20.849220 16.437000
v -33.431442 -20.945120 16.105000
v -33.438740 -23.040319 16.090300
v -34.065842 -23.040319 17.167400
v -33.785538 -24.434620 17.152599
v -34.206039 -24.434620 17.027201
v -34.951141 -24.028919 16.835400
v -35.002838 -24.228119 16.798500
v -33.637939 -24.021521 17.307501
v -35.054440 -24.434620 16.768999
v -33.630638 -24.434620 17.285400
v -32.501839 -24.021521 17.307501
v -32.369041 -24.006720 17.322300
v -33.151039 -21.911520 17.388700
v -33.615837 -24.434620 17.174700
v -32.435440 -24.434620 17.285400
v -32.464939 -24.265020 17.300200
v -32.214142 -23.992020 17.337000
v -32.214142 -21.911520 17.440300
v -31.978041 -24.021521 17.307501
v -31.461639 -24.434620 17.233801
v -31.985439 -24.434620 17.285400
v -31.985439 -24.191219 17.300200
v -30.790239 -24.434620 17.285400
v -30.782940 -24.021521 17.307501
v -29.469740 -24.021521 16.827999
v -29.418039 -24.220720 16.798500
v -29.366440 -24.434620 16.768999
v -30.214840 -24.434620 17.027201
v -30.635340 -24.434620 17.152599
v -30.805040 -24.434620 17.174700
v -29.632040 -21.911520 17.027201
v -32.214142 -21.638620 18.436300
v -34.597038 -21.638620 18.126400
v -34.538040 -18.031019 17.919901
v -36.714340 -18.031019 17.019800
v -35.681541 -17.802320 17.263300
v -32.214142 -19.831120 18.362499
v -37.142242 -17.802320 16.459101
v -38.580841 -18.031019 15.588600
v -36.817642 -21.638620 17.204300
v -38.728439 -21.638620 15.736100
v -36.323341 -21.911520 16.341101
v -38.204639 -21.911520 14.843500
v -36.338142 -17.802320 16.370600
v -38.226738 -19.853220 14.850800
v -38.248940 -17.802320 14.850800
v -38.020241 -17.802320 14.445100
v -38.499741 -17.802320 13.854900
v -39.436638 -20.745920 11.988400
v -39.510437 -17.802320 12.017900
v -39.953140 -20.745920 9.214460
v -40.026840 -17.802320 9.214460
v -39.436638 -20.745920 6.447910
v -39.510437 -17.802320 6.418400
v -40.971138 -17.802320 9.214460
v -40.668739 -17.802320 11.486700
v -40.912140 -18.031019 11.545700
v -41.214638 -18.031019 9.214460
v -41.118736 -21.638620 11.604800
v -40.196541 -21.638620 13.832800
v -40.012138 -18.031019 13.722100
v -39.421940 -21.911520 13.176200
v -40.174438 -21.911520 11.265400
v -41.428543 -21.638620 9.214460
v -40.432640 -21.911520 9.214460
v -41.118736 -21.638620 6.831540
v -40.174438 -21.911520 7.170900
v -39.421940 -21.911520 5.260140
v -40.196541 -21.638620 4.610920
v -38.204639 -21.911520 3.592830
v -38.728439 -21.638620 2.700150
v -36.817642 -21.638620 1.232040
v -36.323341 -21.911520 2.095200
v -34.597038 -21.638620 0.309854
v -34.088039 -21.911520 1.209910
v -33.151039 -21.911520 1.047600
v -32.214142 -21.911520 0.995958
v -33.785538 -24.434620 1.283680
v -33.615837 -24.434620 1.261550
v -33.630638 -24.434620 1.150880
v -32.892838 -24.434620 1.195150
v -32.214142 -24.434620 1.128750
v -31.350939 -24.434620 1.069730
v -31.365740 -24.434620 1.209910
v -29.632040 -21.911520 1.409100
v -30.797640 -24.434620 1.261550
v -30.635340 -24.434620 1.283680
v -29.676239 -24.434620 1.423850
v -29.425440 -24.434620 1.645170
v -29.196739 -24.434620 1.718950
v -29.115641 -24.434620 1.741080
v -27.308140 -21.911520 2.611620
v -28.134340 -24.434620 2.227990
v -28.112240 -24.434620 2.124710
v -29.130341 -24.021521 1.600910
v -27.691740 -24.434620 2.382920
v -27.153139 -24.021521 2.744420
v -26.688440 -24.434620 3.341990
v -26.526140 -24.324020 3.460030
v -26.452339 -24.338720 3.533810
v -25.485840 -21.911520 4.485500
v -25.235041 -24.434620 5.112590
v -25.382540 -24.434620 4.928150
v -24.998940 -24.434620 5.326530
v -25.117041 -24.434620 5.370800
v -24.762840 -24.434620 6.152810
v -24.334940 -21.911520 6.838910
v -24.548941 -24.434620 6.617590
v -24.386641 -24.434620 6.779890
v -24.541540 -24.434620 6.639720
v -24.334940 -24.434620 7.547150
v -24.180038 -24.434620 8.233250
v -24.394039 -23.040319 6.846290
v -24.047239 -23.040319 9.214460
v -26.378540 -23.040319 9.214460
v -26.378540 -23.040319 9.782520
v -26.378540 -23.040319 11.324400
v -25.980141 -22.641920 11.294900
v -26.415440 -23.040319 11.324400
v -26.415440 -23.040319 11.464600
v -26.415440 -23.077219 11.331800
v -26.408039 -24.434620 11.324400
v -26.408039 -24.434620 11.590000
v -28.422140 -24.434620 11.590000
v -28.422140 -24.434620 12.704000
v -29.632040 -24.434620 13.677800
v -28.422140 -24.434620 11.324400
v -29.543440 -24.434620 11.464600
v -28.422140 -24.434620 10.350600
v -28.909040 -24.434620 10.350600
v -28.909040 -24.036320 10.350600
v -30.465639 -24.434620 12.239200
v -30.465639 -24.036320 12.239200
v -32.878139 -24.434620 12.645000
v -31.373140 -24.036320 12.608100
v -32.878139 -24.036320 12.645000
v -33.121540 -24.434620 13.065500
v -32.051842 -24.434620 13.685200
v -33.121540 -24.036320 13.065500
v -32.162437 -23.040319 13.633600
v -34.110138 -23.040319 12.504800
v -34.405239 -24.036320 12.327800
v -36.057838 -23.040319 11.383400
v -35.083939 -24.036320 11.929400
v -35.083939 -24.434620 11.929400
v -36.161041 -24.434620 11.324400
v -37.053741 -23.040319 13.109800
v -37.164440 -24.434620 13.058100
v -37.459541 -24.434620 11.324400
v -38.359539 -24.434620 14.290200
v -38.757942 -24.434620 13.707300
v -38.787437 -24.434620 13.633600
v -37.968540 -26.175720 11.899900
v -37.732437 -26.175720 11.501500
v -36.898842 -26.175720 11.427700
v -37.710342 -26.175720 11.464600
v -37.031639 -26.175720 11.398200
v -37.024239 -26.529819 11.390800
v -36.529938 -26.529819 11.560500
v -36.537338 -26.529819 9.214460
v -37.732437 -26.529819 11.346500
v -37.894737 -26.529819 11.309700
v -37.739838 -26.345419 11.353900
v -37.739838 -26.175720 11.353900
v -37.651340 -26.175720 11.361300
v -37.193939 -26.175720 10.571900
v -37.164440 -25.312620 10.660400
v -37.127541 -24.434620 10.756300
v -37.378342 -26.175720 9.214460
v -38.293140 -26.175720 8.993130
v -38.182541 -26.175720 10.070200
v -38.330040 -26.175720 9.214460
v -37.998039 -26.345419 7.252050
v -38.197239 -26.175720 8.439820
v -38.057037 -26.175720 7.598790
v -37.193939 -26.175720 7.864380
v -37.363640 -24.434620 9.214460
v -37.282440 -24.434620 8.321780
v -35.563538 -24.434620 8.262760
v -35.696342 -24.434620 9.214460
v -34.965942 -24.434620 11.353900
v -34.840538 -24.036320 11.508900
v -34.840538 -24.434620 11.508900
v -35.696342 -24.036320 9.214460
v -34.567539 -24.036320 9.494800
v -33.785538 -24.036320 10.992400
v -32.214142 -24.036320 11.590000
v -31.011641 -24.036320 11.265400
v -30.495140 -21.041019 10.933400
v -32.214142 -21.041019 11.641600
v -30.458241 -18.053120 10.970300
v -32.214142 -18.053120 11.693300
v -30.421440 -15.057920 11.007200
v -29.683640 -15.057920 9.214460
v -29.735340 -18.053120 9.214460
v -30.421440 -15.057920 7.429110
v -30.458241 -18.053120 7.466000
v -29.786940 -21.041019 9.214460
v -30.495140 -21.041019 7.502880
v -29.838539 -24.036320 9.214460
v -28.422140 -24.036320 10.350600
v -28.909040 -24.036320 8.085700
v -28.422140 -24.036320 8.085700
v -28.414740 -23.040319 9.214460
v -28.414740 -23.040319 11.464600
v -28.414740 -22.789520 12.047400
v -28.414740 -23.040319 12.047400
v -27.035139 -23.040319 11.464600
v -29.845940 -23.040319 13.316300
v -29.845940 -22.789520 13.316300
v -31.395239 -22.789520 13.877000
v -30.015640 -23.040319 13.412200
v -28.075340 -23.040319 13.456500
v -30.008240 -23.040319 14.710700
v -29.248341 -23.040319 14.341800
v -28.075340 -25.179819 13.456500
v -27.035139 -23.040319 13.456500
v -25.648140 -23.040319 11.590000
v -24.394039 -23.040319 11.590000
v -25.633440 -20.945120 11.604800
v -26.083439 -23.040319 12.563800
v -26.666241 -23.040319 13.456500
v -26.850740 -20.945120 13.714700
v -26.194139 -20.745920 14.091000
v -28.709839 -20.945120 15.278700
v -30.996840 -20.945120 16.112400
v -31.299339 -25.179819 16.119801
v -28.731939 -25.179819 15.249200
v -30.605841 -25.179819 14.917200
v -29.248341 -25.179819 14.341800
v -30.605841 -23.040319 14.917200
v -33.018242 -23.040319 15.116400
v -33.025642 -23.040319 16.149300
v -33.158440 -23.040319 15.359900
v -36.028240 -23.040319 16.437000
v -33.298637 -23.040319 15.323000
v -33.283840 -23.040319 15.286100
v -33.527340 -22.641920 15.647600
v -35.327438 -22.641920 14.614800
v -35.327438 -22.022221 14.614800
v -33.578941 -22.022221 15.625500
v -32.863342 -20.945120 14.201600
v -33.239639 -20.945120 14.850800
v -34.906940 -20.945120 13.891800
v -34.530640 -20.945120 13.242600
v -36.197937 -20.945120 12.276100
v -32.553539 -23.564119 14.120500
v -36.286438 -23.564119 11.966300
v -32.236240 -26.175720 14.039300
v -34.301941 -26.175720 12.844200
v -36.367638 -26.175720 11.656400
v -37.002140 -24.685520 13.013900
v -36.906242 -26.175720 12.578600
v -37.112740 -26.175720 12.947500
v -35.054440 -27.142220 14.142600
v -37.289841 -26.175720 12.851500
v -37.363640 -27.142220 12.807300
v -37.341438 -27.326620 12.740900
v -32.745338 -27.142220 15.470600
v -35.054440 -23.187820 14.142600
v -36.891441 -23.187820 13.080300
v -35.467640 -23.077219 14.024600
v -35.991341 -23.077219 13.722100
v -36.050438 -23.077219 13.692600
v -36.935738 -23.077219 13.176200
v -36.935738 -23.040319 13.183500
v -37.120140 -22.641920 13.574500
v -37.075840 -22.022221 13.604100
v -36.574242 -20.945120 12.925300
v -35.128242 -23.040319 14.268000
v -34.611839 -23.040319 14.563100
v -33.792938 -23.040319 15.042700
v -36.013542 -23.040319 13.759000
v -35.615139 -23.040319 13.987700
v -36.020939 -23.040319 13.751600
v -36.293839 -23.040319 16.289400
v -35.460239 -24.139519 16.643600
v -36.316040 -24.021521 16.333700
v -36.308640 -24.434620 16.311600
v -38.484940 -24.434620 14.489300
v -38.507141 -24.021521 14.496700
v -38.529240 -24.434620 14.430300
v -39.436638 -24.434620 13.087600
v -39.200638 -24.021521 13.294200
v -39.348137 -23.984619 13.080300
v -38.654640 -23.719019 14.622100
v -39.930939 -24.021521 12.025300
v -39.392441 -24.021521 12.954800
v -39.340740 -24.087919 13.080300
v -40.056339 -24.434620 11.582600
v -40.403137 -24.434620 9.214460
v -40.425240 -24.021521 9.214460
v -40.395737 -23.719019 11.154700
v -39.724442 -23.719019 12.991700
v -40.454742 -23.933020 13.353200
v -41.185143 -23.933020 11.346500
v -40.624443 -23.719019 9.214460
v -41.428543 -23.933020 9.214460
v -40.993340 -27.326620 11.302300
v -41.362137 -25.629820 9.214460
v -41.236740 -27.326620 9.214460
v -40.882637 -27.488920 11.272800
v -41.207237 -27.422520 9.214460
v -41.126137 -27.488920 9.214460
v -40.351440 -27.754520 11.147400
v -40.572838 -27.754520 9.214460
v -39.989941 -27.769320 12.047400
v -39.687538 -27.754520 12.969600
v -38.971939 -27.769320 13.987700
v -38.551338 -27.769320 14.541000
v -38.617741 -27.754520 14.592600
v -40.174438 -27.488920 13.220400
v -39.038239 -27.488920 14.946800
v -40.277740 -27.326620 13.272100
v -39.126839 -27.326620 15.020500
v -39.274338 -23.933020 15.145900
v -37.599640 -27.326620 16.459101
v -37.717739 -23.933020 16.614100
v -37.230843 -23.719019 15.964800
v -35.865940 -23.933020 17.683800
v -35.541340 -23.719019 16.938700
v -33.674839 -23.719019 17.499399
v -31.719839 -23.719019 17.617399
v -29.794340 -23.719019 17.278000
v -28.001640 -23.719019 16.503401
v -29.204140 -23.992020 16.754200
v -28.104839 -24.021521 16.333700
v -29.100840 -24.021521 16.695200
v -28.178640 -24.434620 16.193501
v -29.027040 -24.434620 16.643600
v -28.112240 -24.434620 16.311600
v -27.736040 -24.434620 15.957500
v -27.713840 -24.434620 15.950100
v -27.308140 -21.911520 15.824700
v -26.489241 -24.434620 14.939400
v -26.194139 -24.434620 14.622100
v -25.943239 -24.434620 14.496700
v -26.061340 -24.434620 14.474600
v -25.581739 -24.434620 14.031900
v -26.024439 -24.434620 14.430300
v -25.485840 -21.911520 13.950800
v -25.094839 -24.383020 13.080300
v -24.334940 -21.911520 11.597400
v -25.065340 -24.390419 13.013900
v -24.327641 -24.434620 11.464600
v -24.954741 -24.021521 13.072900
v -24.172640 -24.021521 10.926000
v -24.194839 -24.434620 10.918700
v -24.386641 -24.434620 11.051400
v -24.445641 -24.434620 11.457200
v -24.453039 -24.434620 11.523600
v -24.711239 -24.434620 12.135900
v -24.984240 -24.434620 12.814700
v -24.364540 -24.434620 10.889100
v -24.224339 -24.434620 9.922690
v -24.121040 -24.434620 9.214460
v -24.010340 -24.021521 8.646390
v -24.062038 -24.434620 8.314410
v -24.165340 -24.434620 8.491470
v -24.172640 -24.434620 8.373430
v -24.489941 -24.021521 6.411020
v -25.559639 -24.021521 4.389590
v -25.581739 -24.434620 4.404350
v -26.378540 -24.434620 3.637090
v -25.714540 -24.434620 4.500260
v -27.035139 -23.719019 2.589490
v -25.404739 -23.719019 4.271550
v -26.533440 -23.933020 1.955030
v -24.748140 -23.933020 3.799400
v -24.305439 -23.719019 6.344620
v -23.545639 -23.933020 6.064280
v -23.818539 -23.719019 8.631640
v -23.014439 -23.933020 8.572620
v -23.980839 -23.719019 10.970300
v -23.191441 -23.933020 11.132600
v -24.785040 -23.719019 13.168800
v -24.069439 -23.933020 13.545000
v -26.157240 -23.719019 15.064800
v -25.574440 -23.933020 15.625500
v -27.595840 -23.933020 17.204300
v -25.714540 -27.326620 15.492700
v -27.632740 -25.629820 17.145201
v -29.565639 -23.933020 18.052700
v -27.699141 -27.326620 17.034599
v -29.624640 -27.326620 17.868200
v -31.675539 -23.933020 18.421499
v -31.682940 -27.326620 18.229700
v -33.815041 -23.933020 18.303499
v -33.778137 -27.326620 18.111700
v -35.784840 -27.326620 17.506701
v -33.756042 -27.488920 18.000999
v -35.740540 -27.488920 17.403400
v -33.660141 -27.754520 17.455099
v -35.526642 -27.754520 16.894400
v -37.533241 -27.488920 16.370600
v -37.201340 -27.754520 15.928000
v -36.146339 -27.769320 16.496000
v -33.645340 -27.769320 17.366600
v -33.630638 -27.769320 17.255899
v -32.885437 -27.769320 17.469801
v -32.892838 -27.769320 17.351801
v -31.343540 -27.769320 17.337000
v -31.343540 -27.769320 17.447701
v -31.727240 -27.754520 17.565800
v -29.809040 -27.754520 17.233801
v -31.690340 -27.488920 18.119101
v -29.654140 -27.488920 17.757601
v -28.031139 -27.754520 16.459101
v -27.750740 -27.488920 16.938700
v -27.713840 -27.422520 17.005100
v -25.795740 -27.488920 15.411500
v -24.334940 -27.488920 13.404900
v -24.829239 -27.754520 13.146600
v -24.032539 -27.754520 10.955500
v -23.486540 -27.488920 11.073600
v -23.870239 -27.754520 8.631640
v -23.316940 -27.488920 8.594750
v -24.349739 -27.754520 6.359380
v -23.833340 -27.488920 6.167560
v -25.441639 -27.754520 4.301060
v -24.998940 -27.488920 3.976460
v -27.064640 -27.754520 2.626380
v -26.717939 -27.488920 2.191110
v -29.078739 -27.754520 1.460740
v -28.872139 -27.488920 0.951693
v -31.336239 -27.754520 0.900051
v -31.277140 -27.488920 0.354118
v -33.660141 -27.754520 0.981203
v -33.756042 -27.488920 0.435271
v -35.873341 -27.754520 1.704200
v -36.116840 -27.488920 1.202530
v -37.806240 -27.754520 3.002630
v -38.175140 -27.488920 2.589490
v -39.303841 -27.754520 4.787980
v -39.768639 -27.488920 4.492880
v -40.248238 -27.754520 6.912690
v -40.779343 -27.488920 6.757760
v -40.528542 -27.769320 9.214460
v -40.484238 -27.769320 9.214460
v -39.886742 -27.769320 12.010500
v -38.986641 -27.769320 13.773700
v -39.753941 -27.717619 11.966300
v -40.373642 -27.769320 9.214460
v -40.248238 -27.725019 9.214460
v -39.894039 -27.599619 11.368700
v -38.986641 -27.599619 13.427000
v -38.935040 -27.599619 13.508100
v -38.935040 -27.474220 13.390100
v -38.875938 -27.584820 13.589300
v -38.359539 -27.717619 14.378700
v -37.688240 -27.584820 15.013100
v -36.197937 -27.584820 16.127100
v -36.227440 -27.717619 16.171400
v -38.462837 -27.769320 14.467200
v -36.146339 -27.769320 16.370600
v -37.444740 -27.769320 15.632900
v -33.608440 -27.717619 17.130501
v -34.493740 -27.584820 16.857500
v -32.664139 -27.584820 17.182100
v -32.560841 -27.599619 17.189501
v -32.464939 -27.599619 17.189501
v -30.812439 -27.717619 17.130501
v -30.266439 -27.599619 16.953400
v -28.222940 -27.599619 16.127100
v -28.193439 -27.725019 16.178801
v -29.823839 -27.769320 17.027201
v -29.823839 -27.769320 17.145201
v -28.075340 -27.769320 16.385401
v -28.053240 -27.769320 16.422199
v -26.806440 -27.769320 15.485300
v -26.194139 -27.754520 15.027900
v -25.515339 -27.769320 14.083600
v -24.652239 -27.769320 12.586000
v -24.113640 -27.769320 10.940800
v -24.748140 -27.769320 12.541700
v -24.224339 -27.769320 10.918700
v -24.666941 -27.717619 11.966300
v -25.603939 -27.769320 14.017200
v -26.061340 -27.717619 14.378700
v -26.806440 -27.769320 15.337800
v -28.127039 -27.769320 16.289400
v -26.503941 -27.599619 14.791800
v -25.176041 -27.599619 12.984300
v -25.131741 -27.599619 12.895800
v -25.235041 -27.474220 12.954800
v -25.087540 -27.584820 12.807300
v -24.453039 -27.584820 11.058800
v -24.231739 -27.584820 9.214460
v -24.180038 -27.717619 9.214460
v -24.453039 -27.584820 7.377470
v -24.666941 -27.717619 6.470040
v -24.062038 -27.769320 8.646390
v -24.534140 -27.769320 6.425780
v -23.951340 -27.769320 8.639020
v -24.430941 -27.769320 6.388890
v -25.603939 -27.769320 4.419100
v -25.515339 -27.769320 4.352710
v -26.806440 -27.769320 3.098540
v -26.061340 -27.717619 4.057610
v -25.176041 -27.599619 5.451950
v -26.481840 -27.599619 3.666600
v -26.622040 -27.422520 3.806770
v -28.318840 -27.422520 2.478830
v -28.222940 -27.599619 2.309150
v -30.318140 -27.422520 1.674690
v -30.266439 -27.599619 1.482870
v -28.193439 -27.717619 2.264880
v -30.812439 -27.717619 1.305810
v -28.127039 -27.769320 2.146840
v -26.806440 -27.769320 2.950990
v -28.075340 -27.769320 2.050940
v -29.860741 -27.769320 1.401720
v -29.860741 -27.769320 1.283680
v -31.358339 -27.769320 1.099240
v -33.608440 -27.717619 1.305810
v -33.033039 -27.769320 1.091860
v -33.033039 -27.769320 0.981203
v -31.343540 -27.769320 0.988581
v -34.619141 -27.769320 1.416470
v -34.626541 -27.769320 1.298430
v -36.116840 -27.769320 1.918140
v -36.109440 -27.769320 2.043560
v -36.227440 -27.717619 2.264880
v -36.197937 -27.584820 2.309150
v -37.688240 -27.584820 3.423150
v -38.359539 -27.717619 4.057610
v -37.673439 -27.769320 3.150180
v -38.927639 -27.769320 4.581410
v -38.942337 -27.769320 4.396970
v -37.747238 -27.769320 3.069030
v -39.230141 -27.769320 4.832240
v -39.134239 -27.769320 4.891260
v -39.753941 -27.717619 6.470040
v -40.056339 -27.769320 6.971710
v -40.167038 -27.769320 6.934820
v -40.189140 -27.599619 9.214460
v -39.894039 -27.599619 7.067620
v -38.986641 -27.599619 5.009300
v -38.935040 -27.599619 4.928150
v -38.875938 -27.584820 4.847000
v -38.935040 -27.474220 5.046190
v -38.868637 -27.466820 4.913390
v -38.824341 -27.525820 4.758470
v -38.787437 -27.400419 4.994550
v -38.772739 -27.370920 4.935530
v -38.780037 -27.452019 4.699450
v -38.757942 -27.341419 4.891260
v -38.580841 -27.370920 5.260140
v -38.691540 -27.422520 5.333910
v -38.684139 -27.429920 5.385550
v -38.676743 -27.437319 5.429820
v -39.495640 -27.422520 7.200410
v -39.687538 -27.422520 7.082370
v -38.816940 -27.422520 5.112590
v -38.802238 -27.422520 5.053570
v -39.989941 -27.422520 9.214460
v -39.768639 -27.422520 9.214460
v -39.569439 -27.599619 9.214460
v -39.340740 -27.599619 7.384840
v -38.654640 -27.599619 5.658520
v -38.654640 -27.562719 5.643760
v -38.654640 -27.518419 5.599500
v -38.484940 -27.533220 5.533100
v -38.536640 -27.400419 5.363420
v -38.662041 -27.474220 5.540480
v -38.521839 -27.245520 5.230630
v -38.477638 -27.245520 5.304400
v -38.448040 -27.267620 5.363420
v -38.455441 -27.208620 5.348660
v -38.448040 -27.142220 5.341290
v -38.381638 -26.175720 5.297020
v -37.894737 -26.175720 5.665890
v -37.968540 -27.142220 5.710160
v -37.289841 -26.175720 5.584740
v -37.363640 -27.142220 5.629010
v -37.865242 -27.429920 5.916730
v -38.352142 -27.429920 5.562610
v -38.381638 -27.370920 5.496210
v -38.330040 -27.452019 5.599500
v -38.484940 -27.614319 5.562610
v -38.566139 -27.614319 5.584740
v -38.595642 -27.725019 5.695410
v -39.148941 -27.769320 7.429110
v -38.544041 -27.761919 5.724920
v -38.484940 -27.769320 5.754430
v -38.248940 -27.769320 6.160190
v -38.071838 -27.769320 6.447910
v -38.049740 -27.769320 9.214460
v -37.562740 -27.769320 6.949570
v -35.054440 -27.769320 8.166860
v -35.054440 -27.769320 10.269400
v -32.059242 -27.769320 9.214460
v -32.059242 -27.769320 11.663800
v -29.063940 -27.769320 10.483400
v -29.063940 -27.769320 13.013900
v -27.566339 -27.769320 12.718800
v -27.094139 -27.769320 12.873700
v -26.540840 -27.769320 12.917900
v -27.197439 -27.769320 14.334400
v -26.076040 -27.769320 12.917900
v -27.057240 -27.599619 14.474600
v -26.017040 -27.761919 12.954800
v -25.950640 -27.695520 12.829400
v -26.076040 -27.732420 12.799900
v -25.980141 -27.606920 12.748300
v -26.076040 -27.592220 12.718800
v -26.017040 -27.452019 12.711400
v -25.876841 -27.533220 12.807300
v -25.980141 -27.429920 12.711400
v -25.899040 -27.370920 12.696600
v -25.758841 -27.267620 12.696600
v -25.714540 -27.400419 12.770400
v -25.685040 -27.245520 12.689200
v -25.603939 -27.245520 12.689200
v -25.603939 -27.370920 12.755600
v -25.190741 -27.341419 12.726100
v -25.153940 -27.245520 12.689200
v -25.013741 -27.452019 12.652400
v -25.043240 -27.525820 12.711400
v -25.220240 -27.370920 12.755600
v -25.153940 -27.466820 12.829400
v -25.264540 -27.400419 12.799900
v -25.308840 -27.422520 12.844200
v -25.353041 -27.422520 12.888400
v -25.603939 -27.422520 12.888400
v -26.622040 -27.422520 14.629500
v -26.821239 -27.422520 14.518900
v -25.655540 -27.429920 12.910600
v -25.699841 -27.437319 12.925300
v -25.803141 -27.474220 12.962200
v -25.854740 -27.518419 12.991700
v -25.891640 -27.562719 13.013900
v -25.906340 -27.599619 13.021200
v -28.429440 -27.422520 15.765600
v -28.532740 -27.599619 15.596000
v -30.236940 -27.599619 16.311600
v -30.310740 -27.422520 16.540300
v -32.066540 -27.599619 16.577200
v -30.509939 -27.769320 16.178801
v -29.034439 -27.769320 15.640200
v -28.628639 -27.769320 15.426300
v -32.059242 -27.769320 14.105700
v -31.933741 -27.769320 14.179500
v -31.955940 -27.769320 14.223800
v -31.498539 -27.769320 14.991000
v -31.631340 -27.761919 14.614800
v -31.594440 -27.747120 14.983600
v -32.243637 -27.429920 15.765600
v -31.749340 -27.695520 15.418900
v -32.302639 -27.429920 16.363199
v -32.369041 -27.142220 15.957500
v -32.346939 -27.370920 16.422199
v -32.428040 -27.267620 16.547701
v -32.442841 -27.208620 16.562401
v -32.450241 -27.142220 16.562401
v -32.442841 -26.175720 15.913200
v -32.811737 -26.175720 15.433700
v -32.988739 -26.175720 15.330400
v -31.498539 -26.175720 15.271400
v -31.483740 -26.175720 15.241800
v -30.982040 -25.312620 14.231100
v -31.469040 -26.175720 15.219700
v -31.395239 -26.175720 15.094300
v -31.343540 -26.175720 15.005800
v -30.886139 -26.175720 14.209000
v -29.624640 -26.175720 13.692600
v -29.890240 -26.175720 14.799200
v -29.366440 -26.175720 14.600000
v -30.532040 -26.529819 15.086900
v -29.152439 -26.175720 14.511500
v -29.159840 -26.529819 14.504100
v -27.617939 -26.529819 13.249900
v -27.890940 -26.175720 13.545000
v -27.617939 -26.345419 13.249900
v -27.544140 -26.175720 13.095000
v -27.558939 -26.529819 13.095000
v -27.595840 -26.175720 12.940100
v -27.595840 -26.345419 12.940100
v -27.603239 -26.529819 12.940100
v -27.920441 -26.529819 12.305600
v -27.913040 -26.175720 12.305600
v -27.935240 -26.175720 12.239200
v -28.023739 -26.175720 11.604800
v -28.031139 -26.529819 11.604800
v -30.546841 -26.529819 12.121200
v -28.031139 -26.529819 9.214460
v -28.023739 -26.175720 9.214460
v -28.023739 -26.175720 6.831540
v -28.031139 -26.529819 6.831540
v -27.935240 -26.175720 6.197070
v -27.920441 -26.529819 6.130680
v -30.546841 -26.529819 6.315110
v -30.546841 -26.529819 9.214460
v -31.557539 -26.529819 8.978380
v -31.557539 -26.529819 9.457910
v -31.860041 -26.529819 9.819410
v -32.037041 -26.574120 9.524310
v -32.214142 -26.588921 9.214460
v -32.560841 -26.529819 9.819410
v -32.560841 -26.574120 9.214460
v -32.907639 -26.529819 9.214460
v -33.542038 -26.529819 10.571900
v -32.745338 -26.529819 8.771810
v -32.332138 -26.529819 8.528350
v -31.860041 -26.529819 8.616880
v -33.542038 -26.529819 7.864380
v -33.542038 -26.529819 5.164230
v -32.236240 -26.529819 4.411730
v -34.301941 -26.175720 5.592120
v -34.951141 -26.529819 5.975750
v -36.367638 -26.175720 6.779890
v -36.360237 -26.529819 6.794650
v -36.529938 -26.529819 6.875800
v -38.315338 -26.529819 9.214460
v -37.990639 -26.529819 11.176900
v -37.998039 -26.345419 11.184200
v -37.998039 -26.175720 11.191600
v -37.902138 -26.175720 11.317000
v -37.024239 -26.529819 7.045480
v -37.990639 -26.529819 7.259430
v -37.894737 -26.529819 7.126630
v -37.998039 -26.175720 7.244670
v -37.902138 -26.175720 7.119260
v -37.651340 -26.175720 7.074990
v -37.739838 -26.175720 7.082370
v -37.739838 -26.345419 7.082370
v -37.031639 -26.175720 7.038110
v -36.898842 -26.175720 7.008590
v -37.732437 -26.529819 7.089750
v -37.732437 -26.175720 6.934820
v -36.906242 -26.175720 5.857710
v -37.968540 -26.175720 6.536440
v -37.164440 -25.312620 7.775850
v -37.127541 -24.434620 7.679940
v -36.153740 -24.434620 7.126630
v -37.164440 -24.434620 5.378170
v -38.477638 -24.434620 5.341290
v -37.098038 -24.434620 5.341290
v -37.053741 -23.040319 5.326530
v -36.057838 -23.040319 7.052860
v -38.654640 -23.040319 6.536440
v -37.946442 -23.040319 7.753720
v -36.559441 -23.040319 7.340580
v -36.559441 -22.789520 7.340580
v -34.397842 -22.789520 6.101170
v -34.648739 -22.789520 6.315110
v -32.214142 -22.789520 5.429820
v -33.033039 -22.789520 5.304400
v -31.395239 -22.789520 4.559280
v -31.660839 -22.789520 4.515010
v -31.660839 -23.040319 4.515010
v -30.015640 -23.040319 5.024060
v -30.008240 -23.040319 3.725620
v -30.605841 -23.040319 3.519050
v -30.605841 -25.179819 3.519050
v -29.248341 -23.040319 4.094490
v -29.248341 -25.179819 4.094490
v -28.075340 -23.040319 4.979790
v -28.075340 -25.179819 4.979790
v -28.731939 -25.179819 3.187070
v -31.299339 -25.179819 2.316520
v -30.996840 -20.945120 2.323900
v -31.314039 -23.040319 2.294390
v -33.431442 -20.945120 2.331280
v -32.376442 -23.040319 2.242750
v -33.025642 -23.040319 2.287010
v -33.018242 -23.040319 3.319860
v -32.162437 -23.040319 4.802730
v -32.051842 -24.434620 4.751090
v -33.062538 -24.434620 5.341290
v -33.121540 -24.434620 5.370800
v -33.121540 -24.036320 5.370800
v -34.110138 -23.040319 5.931480
v -34.405239 -24.036320 6.108540
v -35.083939 -24.036320 6.499550
v -35.083939 -24.434620 6.506930
v -34.840538 -24.434620 6.927440
v -34.840538 -24.036320 6.927440
v -34.582340 -24.036320 9.214460
v -34.567539 -24.036320 8.941490
v -34.633942 -21.041019 9.214460
v -33.925739 -21.041019 7.502880
v -33.785538 -24.036320 7.443870
v -32.214142 -24.036320 6.846290
v -32.214142 -21.041019 6.794650
v -33.962540 -18.053120 7.466000
v -32.214142 -18.053120 6.743000
v -33.999439 -15.057920 7.429110
v -34.737240 -15.057920 9.214460
v -34.685539 -18.053120 9.214460
v -33.999439 -15.057920 11.007200
v -33.962540 -18.053120 10.970300
v -33.925739 -21.041019 10.933400
v -32.214142 -15.057920 11.744900
v -32.214142 -14.814419 11.752300
v -30.421440 -14.814419 11.007200
v -29.676239 -14.814419 9.214460
v -29.167240 -14.312820 9.214460
v -30.059940 -14.312820 7.067620
v -30.421440 -14.814419 7.429110
v -30.303339 -14.312820 6.853670
v -32.214142 -14.312820 6.174940
v -32.214142 -14.814419 6.683990
v -32.214142 -15.057920 6.691360
v -33.999439 -14.814419 7.429110
v -34.360939 -14.312820 7.067620
v -35.253639 -14.312820 9.214460
v -34.744640 -14.814419 9.214460
v -35.142941 -14.312820 10.011200
v -33.999439 -14.814419 11.007200
v -34.360939 -14.312820 11.368700
v -32.214142 -14.312820 12.261400
v -30.059940 -14.312820 11.368700
v -30.355040 -14.312820 12.438400
v -32.214142 -14.312820 12.932700
v -29.565639 -16.806320 11.863000
v -32.214142 -16.806320 12.954800
v -34.065842 -14.312820 12.438400
v -34.855240 -16.806320 11.863000
v -35.430740 -14.312820 11.073600
v -35.851242 -14.312820 9.966960
v -35.947140 -16.806320 9.214460
v -35.430740 -14.312820 7.362710
v -35.091339 -14.312820 6.875800
v -34.855240 -16.806320 6.573320
v -34.065842 -14.312820 5.997880
v -32.214142 -14.312820 5.503590
v -32.214142 -16.806320 5.481460
v -34.870041 -19.794220 6.558570
v -32.214142 -19.794220 5.459330
v -35.489738 -22.789520 7.325830
v -35.998741 -22.789520 9.214460
v -35.969238 -19.794220 9.214460
v -35.489738 -22.789520 11.110500
v -34.870041 -19.794220 11.877700
v -34.648739 -22.789520 12.121200
v -34.567539 -22.789520 12.150700
v -34.397842 -22.789520 12.335100
v -32.214142 -22.789520 13.006500
v -33.033039 -22.789520 13.131900
v -31.660839 -22.789520 13.921300
v -31.660839 -23.040319 13.921300
v -32.420738 -24.434620 14.319700
v -33.062538 -24.434620 15.433700
v -32.760040 -24.434620 17.071501
v -32.737938 -24.434620 17.071501
v -31.933741 -24.434620 15.721400
v -32.715839 -24.434620 17.071501
v -32.664139 -25.076519 17.101000
v -33.025642 -26.175720 17.152599
v -32.634640 -25.541319 17.123100
v -31.063240 -24.434620 17.071501
v -30.827139 -24.434620 17.071501
v -30.915739 -26.175720 17.086201
v -32.914940 -26.175720 17.130501
v -32.974037 -26.729019 17.160000
v -32.922340 -27.260220 17.160000
v -32.841240 -27.452019 17.167400
v -32.767441 -27.525820 17.174700
v -32.642040 -27.370920 17.042000
v -32.678940 -27.341419 17.049299
v -32.450241 -27.370920 16.709999
v -32.332138 -27.422520 16.776400
v -32.575638 -27.400419 17.027201
v -32.516640 -27.422520 17.012400
v -32.457542 -27.422520 16.990299
v -32.464939 -27.474220 17.123100
v -30.318140 -27.422520 16.761600
v -32.258438 -27.437319 16.709999
v -32.295242 -27.429920 16.739500
v -32.383842 -27.400419 16.621401
v -32.169838 -27.474220 16.643600
v -32.110840 -27.525820 16.599300
v -32.265739 -27.533220 16.496000
v -32.081337 -27.562719 16.584499
v -32.177238 -27.614319 16.540300
v -32.066540 -27.725019 16.510799
v -32.059242 -27.769320 16.378000
v -32.066540 -27.761919 16.451799
v -32.184639 -27.717619 16.311600
v -32.214142 -27.695520 16.444401
v -32.243637 -27.592220 16.282101
v -31.955940 -27.717619 15.913200
v -32.007538 -27.592220 15.876300
v -31.837839 -27.769320 15.979600
v -31.601839 -27.769320 15.477900
v -32.258438 -27.518419 16.296801
v -32.280540 -27.452019 16.326300
v -32.236240 -27.614319 16.481300
v -32.265739 -27.606920 16.378000
v -32.464939 -27.245520 16.606701
v -32.509239 -27.245520 16.680500
v -32.523941 -26.175720 16.518200
v -32.730537 -27.245520 17.064100
v -32.782242 -26.721720 17.056700
v -32.811737 -27.245520 17.137899
v -32.833839 -26.175720 17.056700
v -32.428040 -26.175720 16.879601
v -32.273140 -26.175720 16.606701
v -31.948540 -26.175720 16.046000
v -31.660839 -26.175720 15.544300
v -31.646040 -26.175720 15.522200
v -31.085340 -24.434620 14.245900
v -31.129641 -24.434620 14.319700
v -32.472340 -26.065119 16.938700
v -32.516640 -25.961821 16.997700
v -32.560841 -25.851120 17.064100
v -32.612541 -25.740520 17.123100
v -30.355040 -25.740520 16.909201
v -30.399240 -24.892019 16.931299
v -30.465639 -24.464119 16.945999
v -30.465639 -24.449419 16.945999
v -32.361641 -24.995319 17.101000
v -30.465639 -24.434620 16.945999
v -32.088737 -24.434620 17.071501
v -30.509939 -24.434620 16.960800
v -30.539440 -26.175720 17.019800
v -30.155840 -24.589621 16.835400
v -29.964039 -24.434620 16.761600
v -28.399940 -24.434620 16.186199
v -28.222940 -24.434620 16.127100
v -28.222940 -26.175720 16.127100
v -27.890940 -26.175720 15.920600
v -26.474440 -24.434620 14.762300
v -26.791639 -24.434620 15.005800
v -26.422840 -24.434620 14.629500
v -28.127039 -24.434620 16.053400
v -28.245039 -24.434620 16.082899
v -26.474440 -25.740520 14.673800
v -28.252439 -25.740520 16.075500
v -26.717939 -26.175720 14.555700
v -26.585140 -26.175720 14.378700
v -26.290039 -26.175720 14.563100
v -27.890940 -26.175720 15.470600
v -28.127039 -26.175720 15.655000
v -28.333540 -26.175720 15.817300
v -28.377840 -26.175720 15.854200
v -30.332840 -26.175720 16.643600
v -30.915739 -26.175720 16.709999
v -31.727240 -26.175720 16.798500
v -25.006340 -26.175720 12.563800
v -25.471140 -26.175720 12.858900
v -25.869539 -26.175720 12.858900
v -26.754839 -24.434620 12.704000
v -25.094839 -24.434620 12.704000
v -24.976839 -24.434620 12.490100
v -25.094839 -24.434620 12.777800
v -24.932539 -26.175720 12.482700
v -25.168640 -24.434620 12.962200
v -25.906340 -24.434620 14.031900
v -26.135139 -24.434620 14.371300
v -26.194139 -24.434620 14.452500
v -26.304739 -24.434620 14.570500
v -26.437540 -24.434620 14.725400
v -26.171940 -24.434620 14.349200
v -25.161240 -25.740520 12.822000
v -25.131741 -25.091219 12.763000
v -25.316240 -25.961821 12.844200
v -24.585840 -24.434620 11.531000
v -24.578440 -24.434620 11.516200
v -24.556339 -24.434620 11.449800
v -24.954741 -26.729019 12.526900
v -24.976839 -27.260220 12.578600
v -25.050640 -27.245520 12.659700
v -25.139139 -26.721720 12.645000
v -25.117041 -26.175720 12.600700
v -25.884239 -26.175720 12.858900
v -26.120340 -26.175720 12.858900
v -26.393339 -26.175720 12.858900
v -27.005640 -26.175720 12.858900
v -27.027740 -26.175720 12.858900
v -28.481140 -25.312620 12.785200
v -28.547541 -26.175720 12.858900
v -27.632740 -26.175720 12.858900
v -27.418739 -26.175720 12.858900
v -27.167940 -26.175720 12.858900
v -25.729340 -26.175720 12.600700
v -26.297440 -26.175720 12.364600
v -26.297440 -27.142220 12.445800
v -25.729340 -27.142220 12.681900
v -25.736740 -27.208620 12.689200
v -26.526140 -27.429920 12.467900
v -26.747440 -27.429920 11.907200
v -26.592539 -27.326620 11.899900
v -26.526140 -27.142220 11.885100
v -26.526140 -27.142220 9.214460
v -26.526140 -26.175720 11.803900
v -26.526140 -26.175720 11.604800
v -27.920441 -26.175720 11.604800
v -26.526140 -24.685520 11.472000
v -27.795040 -23.564119 11.376100
v -26.526140 -23.187820 11.339200
v -26.526140 -23.187820 9.214460
v -26.415440 -23.077219 9.634970
v -26.415440 -23.077219 9.280860
v -26.415440 -23.077219 9.236590
v -26.408039 -24.434620 9.826790
v -26.415440 -23.077219 9.214460
v -26.415440 -23.077219 9.192330
v -26.408039 -24.434620 8.329160
v -26.415440 -23.077219 7.525020
v -26.415440 -23.077219 7.104500
v -26.415440 -23.040319 6.971710
v -26.408039 -24.434620 6.846290
v -27.035139 -23.040319 6.971710
v -25.648140 -23.040319 6.846290
v -25.633440 -20.945120 6.831540
v -26.083439 -23.040319 5.872470
v -26.850740 -20.945120 4.721580
v -25.249840 -20.849220 6.831540
v -26.666241 -23.040319 4.979790
v -27.035139 -23.040319 4.979790
v -26.688440 -25.179819 4.979790
v -29.845940 -23.040319 5.119960
v -29.845940 -22.789520 5.119960
v -28.414740 -22.789520 6.388890
v -28.414740 -23.040319 6.388890
v -28.414740 -23.040319 6.971710
v -28.422140 -22.789520 9.214460
v -28.931139 -22.789520 7.325830
v -28.451639 -19.794220 9.214460
v -29.550840 -19.794220 6.558570
v -28.473740 -16.806320 9.214460
v -29.550840 -19.794220 11.877700
v -28.990139 -14.312820 11.073600
v -28.569639 -14.312820 9.966960
v -29.277939 -14.312820 10.011200
v -29.329540 -14.312820 6.875800
v -28.990139 -14.312820 7.362710
v -29.565639 -16.806320 6.573320
v -30.355040 -14.312820 5.997880
v -31.247641 -22.789520 5.555230
v -28.931139 -22.789520 11.110500
v -31.247641 -22.789520 12.881100
v -32.214142 -19.794220 12.977000
v -28.709839 -20.945120 3.157560
v -30.996840 -20.745920 1.571400
v -26.415440 -23.040319 7.111880
v -26.378540 -23.040319 7.111880
v -27.566339 -20.945120 7.296320
v -25.980141 -22.641920 7.141390
v -25.980141 -22.022221 7.200410
v -25.980141 -22.022221 9.214460
v -26.821239 -20.945120 9.214460
v -26.821239 -20.945120 11.140000
v -27.566339 -20.945120 11.140000
v -27.795040 -23.564119 7.060240
v -27.566339 -20.945120 9.214460
v -26.526140 -23.187820 7.097120
v -26.526140 -24.685520 6.964330
v -26.526140 -26.175720 6.831540
v -27.920441 -26.175720 6.831540
v -26.526140 -26.175720 6.632340
v -26.297440 -26.175720 6.071650
v -27.913040 -26.175720 6.130680
v -25.729340 -26.175720 5.835580
v -25.729340 -27.142220 5.754430
v -25.685040 -27.245520 5.747050
v -25.603939 -27.245520 5.747050
v -25.153940 -27.245520 5.747050
v -25.139139 -26.721720 5.791310
v -25.050640 -27.245520 5.776560
v -25.190741 -27.341419 5.710160
v -24.976839 -27.260220 5.857710
v -25.006340 -26.175720 5.872470
v -25.117041 -26.175720 5.835580
v -26.290039 -26.175720 3.873170
v -25.471140 -26.175720 5.577370
v -25.803141 -26.175720 5.577370
v -26.754839 -24.434620 5.732290
v -27.005640 -26.175720 5.577370
v -28.422140 -24.434620 5.732290
v -28.481140 -25.312620 5.651140
v -28.872139 -24.434620 5.297020
v -28.547541 -26.175720 5.577370
v -27.632740 -26.175720 5.577370
v -27.167940 -26.175720 5.577370
v -27.595840 -26.175720 5.496210
v -27.595840 -26.345419 5.496210
v -27.603239 -26.529819 5.496210
v -27.544140 -26.175720 5.341290
v -27.558939 -26.529819 5.341290
v -27.610540 -26.175720 5.186360
v -27.617939 -26.345419 5.186360
v -27.617939 -26.529819 5.186360
v -29.159840 -26.529819 3.932190
v -29.152439 -26.175720 3.924810
v -29.949240 -26.175720 3.614960
v -30.908340 -26.175720 3.238710
v -31.343540 -26.175720 3.430520
v -31.299339 -26.175720 3.356750
v -31.181240 -26.175720 3.238710
v -31.181240 -26.529819 3.253460
v -31.018940 -26.529819 3.231330
v -31.291941 -26.529819 3.371500
v -31.291941 -26.345419 3.364130
v -31.690340 -26.175720 3.954320
v -31.682940 -26.529819 3.961700
v -30.532040 -26.529819 3.349370
v -32.236240 -26.175720 4.396970
v -31.350939 -26.175720 3.423150
v -30.982040 -25.312620 4.205160
v -31.395239 -26.175720 3.341990
v -31.469040 -26.175720 3.216580
v -31.483740 -26.175720 3.194440
v -31.498539 -26.175720 3.164930
v -31.660839 -26.175720 2.891970
v -31.085340 -24.434620 4.190400
v -32.147739 -24.434620 2.346040
v -32.000137 -26.175720 2.294390
v -32.044441 -26.175720 2.220620
v -32.273140 -26.175720 1.829610
v -32.428040 -26.175720 1.556650
v -32.730537 -24.434620 1.335320
v -32.723137 -24.560120 1.327940
v -32.715839 -24.626520 1.327940
v -32.516640 -25.961821 1.438610
v -30.355040 -25.740520 1.527140
v -32.612541 -25.740520 1.313190
v -30.391939 -24.973219 1.505000
v -30.229540 -24.434620 1.571400
v -30.539440 -26.175720 1.416470
v -30.561541 -24.515820 1.482870
v -31.373140 -24.434620 1.283680
v -30.576340 -24.478920 1.482870
v -31.358339 -24.434620 1.291060
v -31.623940 -24.434620 1.298430
v -33.025642 -26.175720 1.283680
v -32.686241 -25.017519 1.313190
v -32.546143 -24.434620 1.327940
v -32.678940 -25.091219 1.313190
v -30.583740 -24.434620 1.482870
v -30.915739 -26.175720 1.350080
v -32.914940 -26.175720 1.305810
v -32.833839 -26.175720 1.379590
v -31.727240 -26.175720 1.637800
v -31.343540 -26.175720 1.682060
v -31.299339 -26.175720 1.682060
v -30.937840 -26.175720 1.726330
v -30.915739 -26.175720 1.726330
v -30.613239 -26.175720 1.763210
v -30.332840 -26.175720 1.792720
v -28.252439 -25.740520 2.360790
v -28.267139 -24.434620 2.338660
v -26.577740 -24.434620 3.681360
v -27.204840 -24.434620 3.032140
v -26.548241 -24.523220 3.703490
v -27.300739 -24.434620 2.936230
v -27.890940 -26.175720 2.515720
v -28.104839 -24.434620 2.382920
v -28.222940 -26.175720 2.309150
v -28.237640 -24.434620 2.316520
v -28.473740 -24.434620 2.198480
v -29.226240 -24.434620 1.822230
v -28.672939 -26.175720 2.464080
v -28.377840 -26.175720 2.582110
v -28.333540 -26.175720 2.619000
v -26.474440 -25.740520 3.762510
v -26.444941 -24.965820 3.792020
v -26.304739 -24.434620 3.969080
v -25.847340 -24.434620 4.433860
v -25.758841 -24.434620 4.529770
v -24.932539 -26.175720 5.953620
v -25.744040 -24.434620 4.551900
v -25.294041 -24.434620 5.260140
v -25.205540 -24.434620 5.407680
v -25.131741 -24.434620 5.569990
v -24.962040 -24.434620 5.938860
v -24.718639 -24.434620 6.492170
v -24.659639 -24.434620 6.728250
v -24.312840 -24.434620 8.240630
v -24.298140 -24.434620 8.321780
v -24.283340 -24.434620 8.380800
v -24.275940 -24.434620 8.432450
v -24.253839 -24.434620 8.661150
v -24.408739 -24.434620 10.874400
v -25.094839 -24.434620 5.732290
v -24.954741 -26.729019 5.909350
v -25.013741 -27.452019 5.783940
v -25.043240 -27.525820 5.724920
v -25.087540 -27.584820 5.629010
v -25.153940 -27.466820 5.606870
v -25.264540 -27.400419 5.636390
v -25.235041 -27.474220 5.481460
v -25.308840 -27.422520 5.592120
v -25.353041 -27.422520 5.547860
v -25.603939 -27.422520 5.547860
v -26.821239 -27.422520 3.917440
v -25.699841 -27.437319 5.510970
v -25.655540 -27.429920 5.525720
v -25.603939 -27.370920 5.680650
v -25.220240 -27.370920 5.680650
v -25.714540 -27.400419 5.665890
v -25.803141 -27.474220 5.474080
v -25.869539 -27.525820 5.437190
v -25.876841 -27.533220 5.629010
v -25.891640 -27.562719 5.422440
v -25.906340 -27.599619 5.415060
v -27.057240 -27.599619 3.961700
v -27.197439 -27.769320 4.101870
v -28.628639 -27.769320 3.010010
v -28.532740 -27.599619 2.840330
v -29.034439 -27.769320 2.796060
v -30.236940 -27.599619 2.124710
v -28.429440 -27.422520 2.670640
v -30.310740 -27.422520 1.903390
v -32.066540 -27.599619 1.859120
v -32.081337 -27.562719 1.851750
v -32.110840 -27.525820 1.836990
v -32.169838 -27.474220 1.792720
v -32.258438 -27.437319 1.726330
v -32.295242 -27.429920 1.696820
v -32.332138 -27.422520 1.659930
v -32.457542 -27.422520 1.445980
v -32.450241 -27.370920 1.726330
v -32.383842 -27.400419 1.814860
v -32.509239 -27.245520 1.755840
v -32.678940 -27.341419 1.386960
v -32.730537 -27.245520 1.372210
v -32.841240 -27.452019 1.268920
v -32.767441 -27.525820 1.261550
v -32.642040 -27.370920 1.394340
v -32.664139 -27.584820 1.254170
v -32.612541 -27.466820 1.298430
v -32.464939 -27.474220 1.313190
v -32.516640 -27.422520 1.423850
v -32.575638 -27.400419 1.409100
v -32.464939 -27.599619 1.246790
v -32.560841 -27.599619 1.246790
v -34.493740 -27.584820 1.578780
v -32.922340 -27.260220 1.276300
v -33.593742 -24.434620 1.364830
v -33.851940 -24.434620 1.445980
v -35.098740 -24.434620 1.851750
v -35.703640 -24.434620 2.050940
v -36.057838 -24.434620 2.242750
v -34.176540 -24.434620 2.346040
v -36.220139 -24.434620 2.331280
v -36.330742 -24.434620 2.390300
v -35.113441 -24.434620 4.190400
v -37.857941 -24.434620 3.666600
v -37.548042 -24.434620 3.290350
v -38.057037 -24.434620 3.910060
v -38.787437 -24.434620 4.802730
v -38.824341 -25.091219 4.861750
v -38.853840 -25.740520 4.920770
v -38.824341 -25.851120 4.994550
v -38.794838 -25.961821 5.060940
v -38.765339 -26.065119 5.134720
v -38.735840 -26.175720 5.201120
v -38.566139 -26.175720 5.488840
v -38.684139 -26.175720 4.765840
v -39.104637 -26.175720 6.049520
v -39.798141 -25.740520 6.979080
v -39.089939 -24.434620 5.282270
v -39.739140 -24.434620 6.735630
v -39.326042 -24.434620 5.688030
v -39.222740 -24.434620 5.415060
v -39.119438 -24.434620 5.238000
v -38.676743 -26.175720 4.544520
v -38.971939 -24.434620 4.994550
v -38.706337 -26.729019 4.588790
v -38.735840 -27.260220 4.633050
v -38.713638 -26.175720 4.655180
v -38.772739 -27.245520 4.736330
v -38.713638 -26.721720 4.802730
v -38.743141 -27.245520 4.847000
v -39.798141 -26.175720 6.765140
v -39.879341 -24.434620 7.023350
v -40.012138 -24.434620 7.716830
v -40.078537 -24.434620 8.277520
v -40.115440 -24.434620 8.270140
v -39.975239 -26.175720 7.384840
v -40.144939 -24.434620 8.425070
v -40.167038 -24.434620 8.904600
v -40.137539 -24.434620 9.214460
v -40.122742 -25.740520 9.214460
v -39.871941 -26.175720 9.214460
v -39.665340 -26.175720 10.712100
v -39.613739 -26.175720 11.081000
v -39.584240 -26.175720 11.302300
v -39.798141 -25.740520 11.457200
v -39.458839 -26.175720 11.582600
v -39.451439 -26.175720 11.604800
v -39.444038 -26.175720 11.619500
v -39.436638 -26.175720 11.634300
v -39.436638 -26.175720 11.641600
v -39.362938 -26.175720 11.811300
v -39.289139 -26.175720 11.966300
v -39.104637 -26.175720 12.386800
v -38.735840 -26.175720 13.235200
v -38.794838 -25.961821 13.375300
v -38.853840 -25.740520 13.515500
v -39.820339 -24.434620 11.427700
v -39.916241 -24.434620 10.992400
v -40.189140 -24.434620 9.214460
v -40.189140 -26.175720 9.214460
v -39.901440 -26.175720 9.214460
v -39.975239 -26.175720 11.051400
v -39.827641 -24.434620 11.582600
v -39.798141 -26.175720 11.671200
v -39.488342 -24.434620 12.386800
v -38.824341 -25.091219 13.574500
v -38.839142 -24.434620 13.581900
v -39.207939 -24.434620 13.036000
v -38.676743 -26.175720 13.891800
v -38.713638 -26.175720 13.781100
v -38.684139 -26.175720 13.670400
v -38.381638 -26.175720 13.139300
v -38.566139 -26.175720 12.947500
v -37.894737 -26.175720 12.770400
v -38.322639 -26.175720 12.519600
v -38.138237 -26.175720 12.195000
v -37.968540 -27.142220 12.726100
v -38.448040 -27.142220 13.095000
v -38.381638 -27.370920 12.940100
v -38.455441 -27.208620 13.087600
v -38.448040 -27.267620 13.072900
v -38.484940 -27.533220 12.903200
v -38.536640 -27.400419 13.072900
v -38.477638 -27.245520 13.131900
v -38.521839 -27.245520 13.205700
v -38.580841 -27.370920 13.176200
v -38.757942 -27.341419 13.545000
v -38.743141 -27.245520 13.589300
v -38.780037 -27.452019 13.736800
v -38.824341 -27.525820 13.677800
v -38.772739 -27.370920 13.500800
v -38.868637 -27.466820 13.522900
v -38.787437 -27.400419 13.441700
v -38.802238 -27.422520 13.382700
v -38.816940 -27.422520 13.323700
v -38.691540 -27.422520 13.102400
v -39.687538 -27.422520 11.353900
v -39.495640 -27.422520 11.235900
v -38.684139 -27.429920 13.050700
v -38.676743 -27.437319 13.006500
v -38.662041 -27.474220 12.895800
v -38.654640 -27.518419 12.836800
v -38.654640 -27.562719 12.792500
v -38.654640 -27.599619 12.777800
v -39.340740 -27.599619 11.051400
v -38.595642 -27.725019 12.740900
v -38.544041 -27.761919 12.711400
v -38.484940 -27.769320 12.681900
v -38.470238 -27.695520 12.836800
v -38.374340 -27.732420 12.740900
v -38.381638 -27.606920 12.851500
v -38.315338 -27.592220 12.777800
v -38.330040 -27.452019 12.836800
v -38.352142 -27.429920 12.873700
v -37.813641 -27.695520 11.922000
v -37.518539 -27.747120 11.567900
v -37.865242 -27.429920 12.519600
v -37.171738 -27.761919 11.412900
v -36.662739 -27.769320 11.486700
v -37.275040 -27.429920 12.600700
v -32.693642 -27.326620 15.426300
v -34.943840 -27.429920 13.943400
v -32.605141 -27.429920 15.293500
v -34.316742 -27.769320 12.866300
v -35.054440 -27.769320 12.379400
v -37.562740 -27.769320 11.486700
v -38.071838 -27.769320 11.988400
v -39.377640 -27.769320 9.214460
v -39.148941 -27.769320 11.007200
v -38.248940 -27.769320 12.276100
v -38.130840 -27.717619 12.342500
v -38.079239 -27.592220 12.372000
v -38.315338 -27.518419 12.799900
v -38.484940 -27.614319 12.873700
v -38.566139 -27.614319 12.851500
v -38.735840 -27.260220 13.803200
v -38.241539 -24.434620 14.437700
v -38.256241 -24.434620 14.423000
v -36.588940 -24.434620 14.319700
v -37.739838 -24.434620 14.850800
v -36.692238 -24.434620 15.721400
v -36.197937 -24.434620 16.127100
v -35.467640 -24.434620 16.392700
v -34.980640 -24.434620 14.319700
v -35.275742 -24.434620 16.459101
v -33.866638 -24.434620 16.975599
v -33.733841 -24.434620 17.019800
v -33.593742 -24.434620 17.071501
v -33.276440 -23.077219 15.293500
v -33.637939 -23.077219 15.079500
v -33.217438 -23.187820 15.197600
v -33.099442 -24.685520 15.264000
v -34.597038 -23.077219 14.526200
v -34.604439 -23.077219 14.526200
v -35.106140 -23.077219 14.231100
v -35.113441 -24.434620 14.245900
v -38.322639 -24.434620 14.341800
v -38.706337 -26.729019 13.847500
v -38.772739 -27.245520 13.700000
v -38.713638 -26.721720 13.633600
v -39.849838 -24.434620 11.442500
v -39.864540 -26.175720 9.184950
v -39.613739 -26.175720 7.355340
v -39.613739 -26.175720 7.333200
v -39.584240 -26.175720 7.134010
v -39.444038 -26.175720 6.816780
v -39.436638 -26.175720 6.794650
v -39.362938 -26.175720 6.624970
v -39.289139 -26.175720 6.470040
v -38.322639 -26.175720 5.916730
v -38.138237 -26.175720 6.241340
v -33.062538 -24.434620 3.002630
v -34.545441 -23.077219 3.873170
v -34.604439 -23.077219 3.910060
v -34.744640 -23.077219 3.991210
v -35.106140 -23.077219 4.205160
v -35.991341 -23.077219 4.714200
v -36.574242 -23.077219 5.046190
v -35.054440 -23.187820 4.293690
v -36.891441 -23.187820 5.356040
v -37.002140 -24.685520 5.422440
v -37.112740 -26.175720 5.488840
v -36.286438 -23.564119 6.470040
v -32.553539 -23.564119 4.315820
v -32.863342 -20.945120 4.234670
v -34.530640 -20.945120 5.193740
v -36.197937 -20.945120 6.160190
v -36.935738 -23.040319 5.252760
v -36.935738 -23.077219 5.260140
v -36.950439 -23.040319 5.223250
v -37.120140 -22.641920 4.861750
v -36.463539 -23.040319 4.935530
v -38.167740 -23.040319 5.584740
v -36.271740 -23.040319 4.824860
v -35.327438 -22.641920 3.821530
v -36.094639 -23.040319 4.728960
v -37.548042 -23.040319 4.721580
v -36.013542 -23.040319 4.677320
v -36.028240 -23.040319 1.999290
v -35.880737 -23.040319 4.603540
v -33.438740 -23.040319 2.346040
v -34.065842 -23.040319 1.268920
v -35.305241 -24.434620 1.741080
v -35.747940 -24.434620 1.962410
v -36.065140 -24.434620 2.117330
v -35.799538 -24.434620 1.851750
v -36.286438 -24.434620 2.227990
v -36.729141 -24.434620 2.382920
v -36.493042 -24.434620 2.390300
v -37.275040 -24.434620 2.987870
v -36.293839 -23.040319 2.146840
v -37.599640 -24.434620 3.238710
v -37.931641 -24.434620 3.496920
v -38.167740 -23.040319 3.637090
v -38.743141 -24.434620 4.537140
v -39.097340 -24.434620 5.001920
v -39.156342 -24.434620 5.075700
v -39.185841 -24.434620 5.112590
v -37.570137 -20.945120 4.714200
v -38.787437 -20.945120 6.824160
v -37.761940 -20.849220 4.389590
v -37.961140 -20.745920 4.035470
v -38.499741 -17.802320 4.581410
v -38.020241 -17.802320 3.991210
v -38.248940 -17.802320 3.585450
v -38.418541 -17.802320 3.039520
v -36.338142 -17.802320 2.065690
v -37.142242 -17.802320 1.977160
v -35.681541 -17.802320 1.173020
v -36.714340 -18.031019 1.416470
v -34.538040 -18.031019 0.516423
v -34.102737 -17.802320 0.663972
v -32.450241 -17.802320 0.464780
v -32.214142 -17.802320 0.457403
v -32.214142 -17.868719 0.287721
v -32.391140 -17.802320 1.401720
v -33.837139 -17.802320 1.571400
v -33.822441 -20.745920 1.645170
v -33.623238 -20.849220 1.999290
v -34.073242 -19.853220 1.187770
v -35.452839 -17.802320 1.623040
v -34.065842 -17.802320 1.165640
v -38.580841 -18.031019 2.847700
v -40.012138 -18.031019 4.714200
v -39.798141 -17.802320 4.839620
v -40.668739 -17.802320 6.949570
v -40.912140 -18.031019 6.883180
v -38.226738 -19.853220 3.585450
v -38.639938 -25.179819 6.551190
v -39.207939 -20.945120 9.214460
v -39.171040 -25.179819 9.214460
v -37.946442 -25.179819 7.753720
v -38.130840 -25.179819 9.214460
v -38.130840 -23.040319 9.214460
v -37.946442 -25.179819 10.682600
v -37.946442 -23.040319 10.682600
v -38.654640 -23.040319 11.899900
v -36.559441 -23.040319 11.095700
v -36.943039 -23.040319 9.214460
v -36.943039 -22.789520 9.214460
v -36.559441 -22.789520 11.095700
v -38.167740 -23.040319 12.851500
v -37.570137 -20.945120 13.722100
v -38.787437 -20.945120 11.612100
v -38.639938 -25.179819 11.885100
v -37.761940 -20.849220 14.046700
v -37.961140 -20.745920 14.400800
v -38.167740 -23.040319 14.799200
v -37.548042 -23.040319 13.714700
v -36.057838 -23.040319 13.729500
v -36.094639 -23.040319 13.707300
v -36.950439 -23.040319 13.213000
v -38.396439 -24.434620 14.430300
v -38.425941 -24.434620 14.393400
v -38.868637 -24.434620 13.744200
v -39.333340 -24.434620 13.065500
v -39.333340 -24.434620 13.058100
v -39.628441 -24.434620 12.342500
v -39.945740 -24.434620 11.582600
v -39.967842 -24.434620 11.523600
v -40.115440 -24.434620 10.505500
v -40.299843 -24.434620 9.214460
v -38.396439 -24.434620 14.437700
v -38.374340 -24.434620 14.459800
v -37.931641 -24.434620 14.939400
v -36.707039 -24.434620 15.950100
v -36.662739 -24.434620 15.972200
v -36.242241 -24.434620 16.193501
v -35.430740 -24.257620 16.643600
v -35.423340 -24.294519 16.643600
v -35.393837 -24.434620 16.643600
v -39.326042 -24.434620 5.149470
v -39.266937 -24.434620 5.297020
v -39.621140 -24.434620 6.064280
v -39.871941 -24.434620 6.617590
v -40.004738 -24.434620 6.691360
v -39.894039 -24.434620 6.706120
v -39.930939 -24.434620 6.875800
v -40.115440 -24.434620 7.665190
v -40.240837 -24.434620 8.233250
v -40.255539 -24.434620 8.380800
v -40.277740 -24.434620 8.830830
v -40.358841 -24.434620 8.336540
v -40.108040 -24.021521 6.956950
v -39.178440 -24.021521 4.861750
v -37.695541 -24.434620 3.128050
v -37.710342 -24.021521 3.113290
v -39.340740 -23.719019 4.758470
v -37.835739 -23.719019 2.965740
v -40.034241 -23.933020 4.330570
v -38.381638 -23.933020 2.368170
v -35.895439 -23.719019 1.659930
v -36.249641 -23.933020 0.929561
v -33.674839 -23.719019 0.936939
v -33.815041 -23.933020 0.132794
v -31.328840 -23.719019 0.855786
v -31.247641 -23.933020 0.044265
v -29.056540 -23.719019 1.416470
v -28.754139 -23.933020 0.671350
v -31.269840 -27.326620 0.236079
v -28.827839 -27.326620 0.848409
v -26.651539 -27.326620 2.102580
v -33.778137 -27.326620 0.324609
v -31.350939 -24.021521 1.047600
v -36.168442 -27.326620 1.106620
v -33.637939 -24.021521 1.128750
v -38.248940 -27.326620 2.508340
v -35.814339 -24.021521 1.829610
v -34.287239 -24.434620 1.431230
v -39.864540 -27.326620 4.433860
v -40.890038 -27.326620 6.728250
v -41.074440 -23.933020 6.676610
v -40.299843 -23.719019 6.897930
v -33.158440 -23.040319 3.076410
v -33.298637 -23.040319 3.113290
v -33.283840 -23.040319 3.150180
v -33.527340 -22.641920 2.788680
v -33.276440 -23.077219 3.142800
v -33.217438 -23.187820 3.238710
v -33.099442 -24.685520 3.172310
v -32.988739 -26.175720 3.105910
v -35.054440 -27.142220 4.293690
v -32.811737 -26.175720 3.002630
v -32.745338 -27.142220 2.965740
v -32.693642 -27.326620 3.010010
v -37.341438 -27.326620 5.695410
v -32.605141 -27.429920 3.142800
v -34.943840 -27.429920 4.485500
v -37.275040 -27.429920 5.835580
v -36.670139 -27.769320 6.927440
v -34.316742 -27.769320 5.569990
v -31.948540 -27.769320 4.234670
v -32.243637 -27.429920 2.670640
v -32.369041 -27.142220 2.478830
v -32.346939 -27.370920 2.014050
v -32.450241 -27.142220 1.873880
v -32.442841 -27.208620 1.873880
v -32.428040 -27.267620 1.888630
v -32.273140 -27.518419 1.925520
v -32.464939 -27.245520 1.829610
v -32.302639 -27.429920 2.073070
v -32.280540 -27.452019 2.109960
v -31.749340 -27.695520 3.017390
v -31.594440 -27.747120 3.445280
v -31.631340 -27.761919 3.821530
v -31.498539 -27.769320 3.445280
v -29.063940 -27.769320 5.422440
v -32.059242 -27.769320 4.330570
v -32.059242 -27.769320 6.772520
v -35.054440 -27.769320 6.056900
v -36.647942 -27.769320 6.971710
v -29.063940 -27.769320 7.952910
v -28.023739 -27.769320 6.499550
v -27.566339 -27.769320 5.717540
v -27.094139 -27.769320 5.562610
v -27.522039 -27.747120 5.798690
v -27.064640 -27.695520 5.717540
v -26.526140 -27.429920 5.968370
v -25.980141 -27.429920 5.724920
v -26.297440 -27.142220 5.990500
v -25.899040 -27.370920 5.739670
v -25.758841 -27.267620 5.739670
v -25.736740 -27.208620 5.747050
v -26.017040 -27.452019 5.724920
v -25.906340 -27.614319 5.614250
v -25.884239 -27.614319 5.533100
v -25.965439 -27.725019 5.451950
v -25.950640 -27.695520 5.606870
v -26.017040 -27.761919 5.481460
v -26.076040 -27.732420 5.636390
v -26.076040 -27.769320 5.518350
v -31.601839 -27.769320 2.958360
v -31.837839 -27.769320 2.456700
v -31.955940 -27.717619 2.523090
v -32.007538 -27.592220 2.559980
v -32.184639 -27.717619 2.124710
v -32.243637 -27.592220 2.154220
v -32.265739 -27.606920 2.058310
v -32.258438 -27.518419 2.139470
v -32.214142 -27.695520 1.991920
v -32.073940 -27.769320 2.058310
v -32.066540 -27.761919 1.984540
v -30.509939 -27.769320 2.257500
v -32.066540 -27.725019 1.925520
v -32.177238 -27.614319 1.896010
v -32.236240 -27.614319 1.955030
v -26.540840 -27.769320 5.518350
v -26.540840 -27.717619 5.651140
v -26.076040 -27.592220 5.717540
v -26.540840 -27.592220 5.717540
v -26.053940 -27.518419 5.717540
v -25.980141 -27.606920 5.688030
v -26.526140 -27.142220 6.551190
v -26.592539 -27.326620 6.536440
v -26.747440 -27.429920 6.529060
v -27.831940 -27.761919 6.020010
v -26.747440 -27.429920 9.214460
v -28.001640 -27.769320 9.214460
v -28.023739 -27.769320 11.936700
v -28.045839 -27.769320 9.214460
v -32.782242 -26.721720 1.379590
v -32.523941 -26.175720 1.918140
v -32.442841 -26.175720 2.523090
v -37.171738 -27.761919 7.023350
v -37.518539 -27.747120 6.868420
v -37.813641 -27.695520 6.514310
v -33.578941 -22.022221 2.810820
v -33.239639 -20.945120 3.585450
v -35.327438 -22.022221 3.821530
v -34.906940 -20.945120 4.544520
v -37.075840 -22.022221 4.832240
v -36.574242 -20.945120 5.510970
v -34.633942 -23.040319 3.887930
v -34.530640 -23.040319 3.821530
v -35.128242 -23.040319 4.168270
v -32.782242 -24.434620 1.335320
v -32.974037 -26.729019 1.276300
v -32.811737 -27.245520 1.298430
v -25.131741 -27.599619 5.540480
v -25.316240 -24.434620 5.304400
v -25.131741 -25.091219 5.673270
v -25.161240 -25.740520 5.614250
v -25.316240 -25.961821 5.592120
v -25.389940 -26.065119 5.584740
v -26.017040 -26.175720 4.832240
v -26.511339 -26.175720 4.153510
v -26.518740 -26.175720 4.146140
v -26.540840 -26.175720 4.124000
v -26.585140 -26.175720 4.057610
v -26.717939 -26.175720 3.880550
v -27.890940 -26.175720 2.965740
v -28.127039 -26.175720 2.781310
v -25.235041 -25.851120 5.606870
v -28.422140 -24.434620 6.846290
v -28.422140 -24.434620 8.085700
v -28.909040 -24.434620 8.085700
v -30.465639 -24.434620 6.197070
v -30.989439 -24.434620 5.341290
v -29.632040 -24.434620 4.758470
v -29.624640 -26.175720 4.743710
v -30.886139 -26.175720 4.227290
v -28.510639 -26.175720 4.411730
v -27.890940 -26.175720 4.891260
v -28.968040 -26.175720 4.064980
v -27.854040 -26.175720 4.928150
v -32.878139 -24.434620 5.791310
v -32.878139 -24.036320 5.791310
v -31.373140 -24.036320 5.828200
v -31.011641 -24.036320 7.170900
v -30.465639 -24.036320 6.197070
v -31.018940 -26.345419 3.223950
v -31.018940 -26.175720 3.216580
v -26.821239 -20.945120 7.296320
v -25.980141 -22.022221 11.235900
v -25.980141 -22.641920 9.214460
v -26.378540 -23.040319 7.672570
v -26.378540 -23.040319 9.170190
v -27.831940 -27.761919 12.416300
v -27.522039 -27.747120 12.637600
v -27.064640 -27.695520 12.718800
v -32.612541 -27.466820 17.137899
v -34.117538 -14.312820 6.853670
v -33.542038 -26.529819 13.272100
v -32.236240 -26.529819 14.024600
v -31.690340 -26.175720 14.482000
v -31.682940 -26.529819 14.474600
v -31.291941 -26.529819 15.064800
v -31.181240 -26.529819 15.182800
v -31.018940 -26.529819 15.205000
v -31.181240 -26.175720 15.197600
v -31.018940 -26.345419 15.212300
v -30.908340 -26.175720 15.197600
v -31.018940 -26.175720 15.219700
v -31.299339 -26.175720 15.079500
v -31.291941 -26.345419 15.072200
v -30.686939 -26.175720 15.109100
v -34.951141 -26.529819 12.460500
v -36.360237 -26.529819 11.641600
v -27.610540 -26.175720 13.249900
v -28.481140 -26.175720 14.002400
v -28.318840 -27.422520 15.957500
v -25.965439 -27.725019 12.984300
v -25.884239 -27.614319 12.903200
v -25.906340 -27.614319 12.822000
v -26.540840 -27.592220 12.718800
v -26.540840 -27.717619 12.785200
v -26.053940 -27.518419 12.718800
v -38.130840 -27.717619 6.093790
v -38.374340 -27.732420 5.695410
v -38.315338 -27.592220 5.658520
v -38.079239 -27.592220 6.064280
v -38.315338 -27.518419 5.636390
v -38.381638 -27.606920 5.584740
v -38.470238 -27.695520 5.599500
v -24.903040 -27.326620 3.910060
v -23.730040 -27.326620 6.130680
v -23.206240 -27.326620 8.587370
v -23.383339 -27.326620 11.095700
v -24.239040 -27.326620 13.456500
v -26.297440 -24.021521 14.924600
v -29.071341 -24.169020 16.680500
v -25.153940 -24.434620 13.154000
v -25.360439 -24.434620 13.456500
v -25.899040 -24.434620 14.253300
v -31.314039 -23.040319 16.141899
v -32.376442 -23.040319 16.193501
v -26.688440 -25.179819 13.456500
v -25.249840 -20.849220 11.604800
v -24.851440 -20.745920 11.604800
v -24.327641 -19.853220 11.619500
v -24.777639 -17.802320 11.634300
v -27.145840 -24.434620 2.987870
v -27.396639 -24.434620 2.796060
v -27.935240 -24.434620 2.382920
v -28.104839 -24.434620 2.250130
v -39.798141 -17.802320 13.596700
v -38.418541 -17.802320 15.396800
v -33.837139 -17.802320 16.864901
v -29.189341 -17.802320 17.440300
v -27.691740 -17.802320 16.724701
v -26.356440 -17.802320 15.736100
v -26.017040 -17.802320 15.411500

f 1 2 3
f 4 1 3
f 4 3 5
f 4 5 6
f 6 5 7
f 6 7 8
f 9 6 8
f 9 8 10
f 11 9 10
f 11 10 12
f 13 11 12
f 13 12 14
f 15 13 14
f 15 14 16
f 17 15 16
f 17 16 18
f 19 17 18
f 19 18 20
f 21 19 20
f 21 20 22
f 23 21 22
f 23 22 24
f 25 23 24
f 25 24 26
f 27 25 26
f 27 26 28
f 27 28 29
f 27 29 30
f 27 30 31
f 27 31 32
f 31 33 32
f 34 32 33
f 34 33 35
f 36 34 35
f 36 35 37
f 36 37 38
f 36 38 39
f 39 40 36
f 25 40 39
f 25 39 41
f 25 32 40
f 39 38 41
f 42 41 38
f 43 41 42
f 42 44 43
f 45 43 44
f 44 46 45
f 45 46 47
f 45 47 48
f 48 49 45
f 45 49 50
f 51 50 49
f 49 52 51
f 51 52 53
f 17 51 53
f 54 53 52
f 52 55 54
f 56 54 55
f 55 57 56
f 58 56 57
f 58 57 59
f 60 58 59
f 61 60 59
f 61 59 62
f 3 61 62
f 3 62 63
f 63 62 64
f 65 63 64
f 65 64 66
f 67 65 66
f 66 68 67
f 67 68 69
f 67 69 70
f 67 70 71
f 67 71 72
f 73 67 72
f 74 73 72
f 72 75 74
f 76 74 75
f 76 75 77
f 78 76 77
f 78 77 79
f 78 79 74
f 80 79 77
f 77 81 80
f 81 82 80
f 83 80 82
f 82 73 83
f 73 79 83
f 83 79 84
f 83 84 85
f 79 85 84
f 83 85 80
f 86 82 81
f 87 82 86
f 86 88 87
f 89 87 88
f 90 89 88
f 90 88 91
f 90 91 92
f 93 92 91
f 92 93 94
f 92 94 95
f 92 95 96
f 92 96 97
f 92 97 98
f 92 98 99
f 92 99 89
f 98 87 99
f 100 87 98
f 87 100 101
f 102 87 101
f 102 101 103
f 104 102 103
f 105 104 103
f 63 105 103
f 5 63 103
f 103 106 5
f 105 107 104
f 107 108 104
f 108 109 104
f 108 110 109
f 111 109 110
f 111 110 112
f 112 113 111
f 113 65 111
f 113 105 65
f 113 112 114
f 115 113 114
f 114 116 115
f 117 115 116
f 117 116 118
f 119 117 118
f 119 118 120
f 121 119 120
f 121 120 122
f 121 122 123
f 121 123 124
f 124 125 121
f 126 125 124
f 126 124 127
f 126 127 128
f 126 128 129
f 130 126 129
f 130 129 110
f 131 129 128
f 132 131 128
f 132 128 133
f 134 132 133
f 134 133 135
f 136 134 135
f 137 136 135
f 137 135 138
f 139 137 138
f 139 138 140
f 139 140 141
f 142 139 141
f 142 141 143
f 144 142 143
f 144 143 28
f 145 144 28
f 145 28 146
f 147 145 146
f 146 148 147
f 149 147 148
f 149 148 150
f 150 151 149
f 152 149 151
f 153 152 151
f 154 153 151
f 151 146 154
f 154 146 26
f 154 155 153
f 154 156 155
f 156 152 155
f 157 152 156
f 156 158 157
f 159 157 158
f 159 158 154
f 160 159 154
f 161 160 154
f 161 154 24
f 161 162 160
f 160 162 163
f 163 157 160
f 164 157 163
f 164 163 165
f 166 164 165
f 165 167 166
f 168 166 167
f 168 167 161
f 161 169 168
f 170 169 161
f 170 161 22
f 170 171 169
f 172 169 171
f 173 172 171
f 171 174 173
f 175 173 174
f 174 176 175
f 175 176 177
f 178 175 177
f 178 177 179
f 179 180 178
f 181 178 180
f 180 182 181
f 183 181 182
f 183 182 184
f 184 185 183
f 186 183 185
f 185 187 186
f 187 188 186
f 188 189 186
f 189 188 190
f 189 190 191
f 191 192 189
f 193 189 192
f 193 192 194
f 193 194 195
f 196 193 195
f 195 197 196
f 198 196 197
f 199 198 197
f 200 199 197
f 200 197 201
f 202 200 201
f 202 201 203
f 204 202 203
f 205 204 203
f 206 205 203
f 207 206 203
f 208 206 207
f 208 207 209
f 208 209 210
f 211 208 210
f 211 210 212
f 213 211 212
f 214 213 212
f 215 214 212
f 215 212 216
f 215 216 217
f 218 215 217
f 218 217 219
f 219 220 218
f 220 221 218
f 221 222 218
f 223 218 222
f 222 224 223
f 223 224 225
f 226 225 224
f 227 226 224
f 227 224 228
f 228 229 227
f 227 229 230
f 230 229 231
f 232 230 231
f 231 233 232
f 234 232 233
f 234 233 235
f 235 218 234
f 234 218 225
f 235 236 218
f 236 237 218
f 235 237 236
f 238 237 235
f 239 238 235
f 235 240 239
f 240 241 239
f 241 242 239
f 239 242 243
f 243 242 244
f 244 245 243
f 238 243 245
f 238 245 246
f 245 247 246
f 237 246 247
f 237 247 248
f 248 249 237
f 215 237 249
f 250 215 249
f 250 249 251
f 250 251 252
f 250 252 214
f 213 252 251
f 249 253 251
f 253 254 251
f 211 251 254
f 254 255 211
f 255 256 211
f 204 211 256
f 204 256 257
f 258 257 256
f 259 258 256
f 260 258 259
f 260 259 261
f 260 261 262
f 260 262 263
f 260 263 264
f 264 263 265
f 264 265 266
f 264 266 267
f 264 267 258
f 266 268 267
f 267 268 269
f 267 269 257
f 269 200 257
f 270 200 269
f 270 269 271
f 271 272 270
f 272 273 270
f 274 270 273
f 273 275 274
f 274 275 276
f 274 276 277
f 193 274 277
f 278 277 276
f 276 279 278
f 278 279 280
f 278 280 281
f 282 278 281
f 281 283 282
f 282 283 284
f 282 284 285
f 285 286 282
f 286 277 282
f 277 286 189
f 189 286 287
f 287 183 189
f 288 183 287
f 289 288 287
f 289 287 290
f 289 290 291
f 289 291 292
f 293 289 292
f 293 292 294
f 57 293 294
f 57 294 295
f 296 295 294
f 296 294 297
f 298 296 297
f 297 299 298
f 299 300 298
f 299 283 300
f 283 301 300
f 302 300 301
f 302 301 71
f 71 301 303
f 303 304 71
f 305 304 303
f 303 306 305
f 306 307 305
f 308 305 307
f 309 308 307
f 310 309 307
f 311 310 307
f 311 312 310
f 312 313 310
f 312 314 313
f 315 313 314
f 315 314 316
f 317 315 316
f 317 316 318
f 317 318 319
f 317 319 320
f 321 317 320
f 321 320 322
f 321 322 323
f 324 321 323
f 324 323 325
f 324 325 326
f 324 326 327
f 327 328 324
f 324 328 329
f 324 329 330
f 329 331 330
f 331 332 330
f 332 333 330
f 333 334 330
f 317 330 334
f 317 334 335
f 317 335 336
f 317 336 337
f 317 337 338
f 338 337 309
f 313 338 309
f 337 336 308
f 336 339 308
f 339 340 308
f 341 308 340
f 340 305 341
f 342 340 339
f 342 339 343
f 336 342 343
f 336 344 342
f 344 345 342
f 304 342 345
f 345 346 304
f 75 304 346
f 75 346 347
f 346 348 347
f 347 348 349
f 350 347 349
f 350 349 351
f 350 351 352
f 350 352 353
f 353 354 350
f 355 350 354
f 356 355 354
f 356 354 357
f 357 358 356
f 352 356 358
f 356 352 359
f 356 359 360
f 356 360 361
f 356 361 362
f 356 362 363
f 364 363 362
f 365 364 362
f 365 362 366
f 365 366 367
f 368 365 367
f 368 367 369
f 368 369 370
f 371 368 370
f 371 370 372
f 371 372 373
f 374 371 373
f 374 373 375
f 374 375 376
f 374 376 377
f 377 376 378
f 377 378 379
f 377 379 380
f 377 380 381
f 377 381 371
f 380 382 381
f 382 383 381
f 381 383 368
f 382 384 383
f 383 384 364
f 384 385 364
f 384 386 385
f 386 387 385
f 385 387 355
f 385 355 363
f 387 388 355
f 387 389 388
f 389 390 388
f 347 388 390
f 347 390 391
f 347 391 77
f 77 391 392
f 77 392 86
f 392 93 86
f 93 392 393
f 93 393 394
f 394 395 93
f 394 396 395
f 396 397 395
f 397 100 395
f 395 100 94
f 97 94 100
f 398 100 397
f 398 397 399
f 398 399 400
f 400 401 398
f 400 402 401
f 402 100 401
f 403 100 402
f 402 404 403
f 405 403 404
f 404 406 405
f 407 405 406
f 406 408 407
f 407 408 409
f 409 403 407
f 403 409 410
f 403 410 10
f 410 409 411
f 410 411 288
f 410 288 412
f 410 412 12
f 413 288 411
f 414 413 411
f 414 411 415
f 415 416 414
f 416 417 414
f 414 417 418
f 414 418 419
f 419 420 414
f 421 414 420
f 420 413 421
f 421 413 422
f 422 414 421
f 419 288 420
f 418 288 419
f 423 288 418
f 424 288 423
f 417 424 423
f 417 425 424
f 417 426 425
f 425 426 427
f 425 427 428
f 428 183 425
f 429 183 428
f 428 427 429
f 181 429 427
f 426 430 427
f 430 178 427
f 430 173 178
f 430 431 173
f 431 432 173
f 431 166 432
f 432 166 169
f 432 169 433
f 433 434 432
f 172 432 434
f 433 169 434
f 435 166 431
f 435 431 436
f 437 435 436
f 438 437 436
f 438 436 439
f 440 438 439
f 440 439 441
f 442 440 441
f 442 441 443
f 444 442 443
f 444 443 445
f 446 444 445
f 446 445 447
f 448 446 447
f 448 447 394
f 449 448 394
f 450 448 449
f 451 450 449
f 452 451 449
f 452 449 393
f 452 453 451
f 454 453 452
f 454 452 455
f 456 454 455
f 456 455 457
f 458 456 457
f 458 457 389
f 459 458 389
f 460 458 459
f 460 459 461
f 462 460 461
f 463 462 461
f 463 461 464
f 465 463 464
f 465 464 382
f 465 466 463
f 463 466 467
f 466 468 467
f 469 467 468
f 468 470 469
f 469 470 471
f 471 472 469
f 473 469 472
f 473 472 474
f 473 474 475
f 473 475 460
f 474 476 475
f 476 456 475
f 474 477 476
f 476 477 478
f 476 478 454
f 454 478 479
f 479 478 480
f 479 480 453
f 480 450 453
f 481 450 480
f 481 480 482
f 481 482 483
f 484 481 483
f 484 483 485
f 486 484 485
f 486 485 487
f 488 486 487
f 488 487 489
f 490 488 489
f 490 489 491
f 492 490 491
f 492 491 493
f 494 492 493
f 494 493 495
f 496 494 495
f 496 495 497
f 498 496 497
f 498 497 499
f 500 498 499
f 500 499 501
f 502 500 501
f 502 501 503
f 504 502 503
f 504 503 505
f 506 504 505
f 506 505 375
f 507 375 505
f 507 505 508
f 507 508 376
f 508 509 376
f 510 376 509
f 511 510 509
f 511 509 512
f 511 512 513
f 511 513 514
f 511 514 515
f 516 511 515
f 516 515 517
f 516 517 518
f 516 518 519
f 519 518 520
f 519 520 521
f 519 521 522
f 519 522 523
f 519 523 510
f 523 378 510
f 522 524 523
f 524 379 523
f 524 525 379
f 525 524 466
f 522 526 524
f 526 468 524
f 522 527 526
f 526 527 528
f 526 528 529
f 526 529 530
f 526 530 531
f 526 531 470
f 531 530 532
f 531 532 533
f 531 533 534
f 531 534 535
f 531 535 471
f 535 536 471
f 536 535 537
f 474 536 537
f 474 537 538
f 538 537 539
f 538 539 477
f 477 539 540
f 540 539 541
f 540 541 482
f 482 541 542
f 482 542 543
f 542 544 543
f 545 543 544
f 546 545 544
f 546 544 547
f 548 546 547
f 548 547 549
f 548 549 550
f 534 548 550
f 551 548 534
f 551 552 548
f 552 553 548
f 554 553 552
f 554 555 553
f 553 555 546
f 546 555 556
f 546 556 557
f 546 557 558
f 558 557 559
f 558 559 560
f 558 560 561
f 558 561 545
f 560 562 561
f 562 563 561
f 543 561 563
f 483 543 563
f 563 562 564
f 485 563 564
f 565 564 562
f 564 565 566
f 487 564 566
f 567 566 565
f 568 567 565
f 560 568 565
f 560 569 568
f 570 568 569
f 570 569 571
f 570 571 572
f 570 572 573
f 573 572 574
f 573 574 575
f 573 575 576
f 573 576 568
f 575 577 576
f 576 577 578
f 576 578 567
f 578 579 567
f 579 578 580
f 491 579 580
f 581 580 578
f 580 581 582
f 493 580 582
f 583 582 581
f 577 583 581
f 577 584 583
f 584 585 583
f 583 585 586
f 586 587 583
f 495 587 586
f 495 582 587
f 586 585 588
f 588 589 586
f 497 586 589
f 589 588 590
f 499 589 590
f 591 590 588
f 592 591 588
f 584 592 588
f 584 593 592
f 592 593 594
f 592 594 595
f 592 595 596
f 595 597 596
f 597 598 596
f 599 596 598
f 501 599 598
f 501 590 599
f 596 599 591
f 598 597 600
f 503 598 600
f 601 600 597
f 602 601 597
f 602 603 601
f 603 604 601
f 604 603 512
f 512 508 604
f 602 513 603
f 605 513 602
f 606 605 602
f 607 606 602
f 607 602 595
f 608 607 595
f 608 595 609
f 610 608 609
f 611 610 609
f 611 609 612
f 611 612 613
f 614 613 612
f 614 612 615
f 614 615 616
f 614 616 617
f 614 617 618
f 617 619 618
f 619 620 618
f 620 621 618
f 621 622 618
f 623 618 622
f 610 623 622
f 610 622 607
f 610 624 623
f 610 613 624
f 624 613 618
f 624 618 623
f 622 621 625
f 625 606 622
f 626 625 621
f 627 626 621
f 628 627 621
f 629 628 621
f 630 629 621
f 631 630 621
f 632 630 631
f 633 632 631
f 633 631 634
f 633 634 620
f 617 633 620
f 617 635 633
f 633 635 636
f 633 636 637
f 638 637 636
f 639 638 636
f 639 636 640
f 639 640 641
f 641 642 639
f 642 641 643
f 643 644 642
f 642 644 645
f 642 645 646
f 642 646 647
f 642 647 637
f 632 637 647
f 632 647 646
f 632 646 648
f 632 648 649
f 632 649 650
f 632 650 629
f 650 651 629
f 651 652 629
f 651 653 652
f 653 654 652
f 654 655 652
f 655 656 652
f 657 652 656
f 656 658 657
f 658 659 657
f 660 657 659
f 659 661 660
f 662 660 661
f 661 663 662
f 664 662 663
f 663 665 664
f 665 666 664
f 666 667 664
f 668 664 667
f 667 669 668
f 670 668 669
f 671 670 669
f 672 671 669
f 672 669 673
f 674 672 673
f 674 673 675
f 674 675 676
f 677 674 676
f 677 676 678
f 677 678 679
f 677 679 680
f 681 677 680
f 681 680 682
f 681 682 683
f 684 681 683
f 685 684 683
f 685 683 686
f 685 686 687
f 685 687 688
f 685 688 689
f 689 688 555
f 690 689 555
f 690 691 689
f 689 691 684
f 692 684 691
f 692 693 684
f 684 693 694
f 694 693 695
f 695 696 694
f 697 694 696
f 698 697 696
f 699 698 696
f 700 699 696
f 701 700 696
f 702 701 696
f 670 702 696
f 670 696 703
f 704 670 703
f 705 704 703
f 705 703 706
f 705 706 707
f 705 707 708
f 705 708 709
f 705 709 710
f 664 710 709
f 709 711 664
f 709 712 711
f 713 711 712
f 713 712 714
f 715 713 714
f 715 714 716
f 717 715 716
f 717 716 718
f 717 718 719
f 720 717 719
f 720 719 721
f 720 721 722
f 720 722 723
f 720 723 724
f 720 724 725
f 720 725 726
f 720 726 328
f 328 726 727
f 726 728 727
f 729 727 728
f 729 728 730
f 731 729 730
f 732 731 730
f 733 732 730
f 734 733 730
f 730 195 734
f 735 734 195
f 736 734 735
f 735 737 736
f 738 736 737
f 738 737 739
f 739 740 738
f 741 738 740
f 740 742 741
f 742 743 741
f 741 743 744
f 745 741 744
f 744 746 745
f 746 747 745
f 747 748 745
f 748 738 745
f 749 738 748
f 748 750 749
f 749 750 751
f 749 751 752
f 749 752 753
f 749 753 754
f 755 754 753
f 755 753 756
f 756 757 755
f 758 755 757
f 758 757 759
f 758 759 760
f 758 760 761
f 761 762 758
f 762 761 763
f 763 764 762
f 765 762 764
f 764 766 765
f 767 765 766
f 768 765 767
f 768 767 769
f 768 769 770
f 770 771 768
f 772 771 770
f 772 770 767
f 773 772 767
f 774 773 767
f 763 774 767
f 774 761 773
f 773 761 775
f 776 775 761
f 761 777 776
f 777 778 776
f 779 776 778
f 779 778 780
f 779 780 781
f 775 779 781
f 775 781 782
f 782 229 775
f 771 775 229
f 229 782 783
f 783 784 229
f 785 784 783
f 783 786 785
f 787 785 786
f 787 786 235
f 786 783 240
f 787 784 785
f 784 787 231
f 783 782 788
f 783 788 789
f 789 241 783
f 789 788 790
f 242 789 790
f 790 791 242
f 791 790 792
f 791 792 793
f 244 791 793
f 792 794 793
f 793 794 795
f 795 796 793
f 797 793 796
f 788 797 796
f 788 796 798
f 799 793 797
f 797 800 799
f 799 800 801
f 801 802 799
f 801 803 802
f 802 803 247
f 247 803 804
f 805 804 803
f 806 805 803
f 806 807 805
f 807 808 805
f 805 808 809
f 809 808 810
f 810 811 809
f 809 811 812
f 812 813 809
f 814 809 813
f 814 813 815
f 815 816 814
f 817 814 816
f 816 818 817
f 819 817 818
f 820 819 818
f 820 818 821
f 821 822 820
f 823 820 822
f 824 823 822
f 824 822 825
f 826 824 825
f 826 825 827
f 827 828 826
f 828 829 826
f 830 826 829
f 829 831 830
f 830 831 832
f 830 832 824
f 831 833 832
f 833 834 832
f 832 834 835
f 835 836 832
f 823 832 836
f 836 837 823
f 836 838 837
f 838 839 837
f 839 840 837
f 840 841 837
f 841 842 837
f 817 837 842
f 841 843 842
f 843 844 842
f 844 809 842
f 844 804 809
f 844 845 804
f 248 804 845
f 845 846 248
f 248 846 253
f 846 847 253
f 848 253 847
f 847 849 848
f 850 848 849
f 851 850 849
f 851 849 852
f 851 852 853
f 851 853 854
f 855 851 854
f 855 854 856
f 855 856 857
f 855 857 858
f 855 858 859
f 859 858 860
f 859 860 861
f 859 861 850
f 861 862 850
f 861 261 862
f 861 863 261
f 861 860 863
f 860 864 863
f 863 864 865
f 262 863 865
f 262 865 866
f 865 867 866
f 866 867 868
f 866 868 869
f 263 866 869
f 869 868 870
f 869 870 871
f 869 871 872
f 265 869 872
f 873 265 872
f 874 873 872
f 874 872 875
f 874 875 876
f 874 876 877
f 857 874 877
f 877 876 878
f 877 878 879
f 858 877 879
f 879 878 880
f 879 880 881
f 879 881 864
f 864 881 882
f 883 882 881
f 881 884 883
f 885 883 884
f 886 885 884
f 886 884 887
f 888 886 887
f 888 887 889
f 888 889 890
f 891 888 890
f 891 890 892
f 891 892 893
f 894 891 893
f 894 893 895
f 894 895 896
f 894 896 897
f 898 894 897
f 898 897 899
f 898 899 815
f 898 815 900
f 898 900 901
f 898 901 902
f 902 901 903
f 902 903 904
f 902 904 891
f 903 905 904
f 906 904 905
f 905 907 906
f 908 906 907
f 907 909 908
f 280 908 909
f 909 910 280
f 909 209 910
f 911 910 209
f 209 301 911
f 912 301 209
f 913 301 912
f 914 913 912
f 915 914 912
f 912 916 915
f 917 915 916
f 917 916 918
f 919 917 918
f 919 918 920
f 919 920 921
f 919 921 922
f 922 923 919
f 919 923 924
f 925 919 924
f 925 924 926
f 925 926 527
f 926 927 527
f 927 928 527
f 929 928 927
f 929 927 930
f 929 930 931
f 929 931 932
f 929 932 933
f 934 933 932
f 934 932 935
f 934 935 936
f 936 935 937
f 530 936 937
f 935 932 937
f 706 937 932
f 938 706 932
f 939 938 932
f 931 938 939
f 931 940 938
f 940 941 938
f 938 941 942
f 940 942 941
f 940 943 942
f 943 944 942
f 942 944 706
f 943 707 944
f 943 945 707
f 945 946 707
f 946 947 707
f 946 948 947
f 949 947 948
f 950 949 948
f 950 951 949
f 952 949 951
f 952 951 953
f 952 953 718
f 952 718 954
f 718 955 954
f 955 709 954
f 709 955 714
f 953 951 956
f 953 956 957
f 957 719 953
f 943 719 957
f 943 957 958
f 958 957 959
f 950 958 959
f 950 945 958
f 959 957 956
f 959 956 951
f 952 954 949
f 950 959 951
f 949 954 947
f 954 708 947
f 950 948 946
f 950 946 945
f 943 958 945
f 940 722 943
f 940 960 722
f 940 961 960
f 960 961 962
f 724 960 962
f 961 963 962
f 964 962 963
f 965 964 963
f 965 963 930
f 965 930 926
f 965 966 964
f 965 924 966
f 964 966 962
f 962 966 967
f 962 967 968
f 968 969 962
f 725 962 969
f 969 970 725
f 971 725 970
f 971 970 730
f 972 730 970
f 973 972 970
f 916 973 970
f 201 972 973
f 973 207 201
f 973 912 207
f 970 969 916
f 969 968 916
f 968 967 916
f 967 974 916
f 974 975 916
f 975 976 916
f 976 977 916
f 977 976 974
f 976 975 974
f 974 967 977
f 967 975 977
f 978 977 975
f 977 978 979
f 977 979 980
f 977 980 981
f 977 981 982
f 982 920 977
f 982 981 983
f 982 983 984
f 982 984 921
f 921 984 985
f 983 985 984
f 986 985 983
f 985 986 922
f 986 983 981
f 986 981 980
f 986 980 979
f 986 979 987
f 986 987 988
f 986 988 989
f 986 989 990
f 990 991 986
f 991 923 986
f 992 923 991
f 993 992 991
f 991 994 993
f 995 993 994
f 995 994 996
f 995 996 997
f 998 995 997
f 999 998 997
f 997 988 999
f 998 999 1000
f 1001 998 1000
f 1002 1001 1000
f 1000 1003 1002
f 992 1002 1003
f 992 1003 1004
f 992 1004 1005
f 992 1005 1006
f 1006 1007 992
f 1006 978 1007
f 1008 1007 978
f 978 1009 1008
f 923 1008 1009
f 923 1009 966
f 978 967 1009
f 923 1007 1008
f 999 978 1006
f 978 999 987
f 999 1006 1005
f 1005 1004 999
f 1003 999 1004
f 1002 1010 1001
f 1001 1010 1011
f 1011 1010 1012
f 1011 1012 1013
f 1014 1011 1013
f 1014 1013 192
f 192 1015 1014
f 1016 1014 1015
f 1016 1015 1017
f 1018 1016 1017
f 1017 1002 1018
f 1019 1018 1002
f 1020 1019 1002
f 1021 1020 1002
f 1022 1021 1002
f 1023 1022 1002
f 993 1023 1002
f 1023 995 1022
f 1024 1022 995
f 1025 1024 995
f 1026 1024 1025
f 1026 1025 1027
f 1027 1014 1026
f 998 1027 1025
f 998 1011 1027
f 1026 1014 1024
f 1014 1019 1024
f 1024 1021 1022
f 1024 1020 1021
f 1020 1024 1019
f 1014 1018 1019
f 1015 1028 1017
f 1028 1029 1017
f 1029 1030 1017
f 1031 1017 1030
f 1032 1031 1030
f 1030 687 1032
f 1033 1032 687
f 1033 1010 1032
f 1033 686 1010
f 1034 1010 686
f 1034 1035 1010
f 1036 1010 1035
f 1036 1035 1037
f 1036 1037 1013
f 1037 1038 1013
f 1039 1013 1038
f 1038 1035 1039
f 1039 1035 1040
f 1039 1040 1041
f 1041 194 1039
f 1042 194 1041
f 1042 1041 1043
f 1042 1043 746
f 1044 1043 1041
f 1045 1044 1041
f 1045 1046 1044
f 1047 1044 1046
f 1048 1047 1046
f 1046 1049 1048
f 679 1048 1049
f 679 1049 1050
f 682 1050 1049
f 682 1049 1035
f 679 1051 1048
f 1048 1051 1052
f 1048 1052 1053
f 1048 1053 1054
f 1054 1053 1055
f 1055 1056 1054
f 1047 1054 1056
f 1047 1056 750
f 750 1043 1047
f 1043 750 747
f 1056 1055 1057
f 1057 751 1056
f 1058 751 1057
f 1059 1058 1057
f 1059 752 1058
f 1059 1060 752
f 756 752 1060
f 1059 1061 1060
f 188 1060 1061
f 1055 1061 1059
f 1061 1055 1062
f 1062 1063 1061
f 190 1061 1063
f 1063 1062 1064
f 1063 1064 191
f 1064 1065 191
f 1066 191 1065
f 1065 1067 1066
f 1067 1068 1066
f 1069 1066 1068
f 1068 1070 1069
f 1070 1071 1069
f 1069 1071 1072
f 1073 1069 1072
f 1074 1073 1072
f 1072 182 1074
f 1075 1074 182
f 176 1075 182
f 176 1076 1075
f 1076 1077 1075
f 1078 1077 1076
f 1078 1076 37
f 1076 1079 37
f 1079 46 37
f 176 46 1079
f 1078 1080 1077
f 1080 1074 1077
f 1081 1074 1080
f 1080 1082 1081
f 827 1081 1082
f 827 821 1081
f 1083 1081 821
f 1083 821 1084
f 1083 1084 1085
f 1083 1085 1086
f 1086 1085 1087
f 1087 1081 1086
f 1088 1087 1085
f 1088 1085 1089
f 1090 1088 1089
f 1090 1089 1091
f 1090 1091 1092
f 1090 1092 885
f 1093 1090 885
f 885 1092 1094
f 1092 1095 1094
f 1094 1095 1096
f 1096 882 1094
f 865 882 1096
f 867 1096 1095
f 1095 1097 867
f 1097 1095 1098
f 1099 1097 1098
f 1092 1099 1098
f 1099 1100 1097
f 1097 1100 870
f 896 870 1100
f 1099 897 1100
f 1092 1098 1095
f 1091 1099 1092
f 1091 899 1099
f 1091 816 899
f 1091 1101 816
f 1091 1089 1101
f 1093 1088 1090
f 1093 1102 1088
f 275 1088 1102
f 1102 1103 275
f 279 275 1103
f 1093 1103 1102
f 1093 1104 1103
f 1104 908 1103
f 904 908 1104
f 904 1104 888
f 1093 886 1104
f 1101 1089 1085
f 1088 273 1087
f 1085 1084 1101
f 818 1101 1084
f 1086 1081 1083
f 1074 1081 1087
f 1082 1080 1078
f 1082 1078 1105
f 1082 1105 829
f 1105 1078 35
f 1105 35 1106
f 831 1105 1106
f 176 1079 1076
f 1077 1074 1075
f 1107 182 1072
f 1108 182 1107
f 1108 1107 1109
f 1110 1108 1109
f 1109 1111 1110
f 1112 1110 1111
f 1111 1113 1112
f 1114 1112 1113
f 1114 1113 1115
f 1060 1114 1115
f 1116 1060 1115
f 1115 1117 1116
f 1117 1109 1116
f 1116 1109 1118
f 1116 1118 1119
f 1116 1119 1120
f 1121 1116 1120
f 1120 1122 1121
f 759 1121 1122
f 1122 1123 759
f 759 1123 1124
f 1125 1124 1123
f 1125 1123 1126
f 1126 1127 1125
f 1127 1128 1125
f 1128 1129 1125
f 1130 1125 1129
f 1131 1130 1129
f 1131 1129 1132
f 1131 1132 1133
f 1131 1133 1134
f 1131 1134 1135
f 1134 1136 1135
f 1135 1136 1137
f 1135 1137 1125
f 1138 1125 1137
f 1137 1139 1138
f 1140 1138 1139
f 1139 1141 1140
f 1142 1140 1141
f 1142 1141 1143
f 1142 1143 1144
f 1144 1145 1142
f 1146 1142 1145
f 1145 1125 1146
f 1146 1125 1140
f 1145 1144 1147
f 1145 1147 1148
f 1124 1145 1148
f 1148 1149 1124
f 760 1124 1149
f 1149 1148 1150
f 1151 1149 1150
f 1150 1152 1151
f 1152 1153 1151
f 1153 1154 1151
f 1154 761 1151
f 1155 761 1154
f 1155 1154 1156
f 1156 1157 1155
f 1158 1155 1157
f 1157 1159 1158
f 1159 1160 1158
f 1161 1158 1160
f 1160 1162 1161
f 1163 1161 1162
f 1164 1163 1162
f 1165 1164 1162
f 1165 1166 1164
f 1164 1166 1167
f 1167 1168 1164
f 777 1168 1167
f 1167 1169 777
f 1167 1166 1169
f 1170 1169 1166
f 1170 1166 1159
f 1170 1159 1171
f 1172 1170 1171
f 1173 1172 1171
f 1174 1173 1171
f 1175 1174 1171
f 1176 1175 1171
f 1176 1171 1177
f 1177 1178 1176
f 1179 1176 1178
f 1180 1179 1178
f 1181 1180 1178
f 1182 1181 1178
f 1178 1183 1182
f 1183 1184 1182
f 1184 1185 1182
f 1185 1186 1182
f 1187 1182 1186
f 1187 1186 1188
f 1188 1189 1187
f 1190 1187 1189
f 1191 1190 1189
f 1189 1192 1191
f 1193 1191 1192
f 1193 1192 1194
f 1193 1194 1195
f 1193 1195 1196
f 1197 1193 1196
f 1197 1196 1198
f 1197 1198 1185
f 1198 1196 1199
f 1199 1200 1198
f 1198 1200 1186
f 1200 1199 1201
f 1200 1201 1194
f 1194 1188 1200
f 1201 1199 1195
f 1197 1202 1193
f 1202 1197 1203
f 1203 1204 1202
f 1182 1202 1204
f 1205 1202 1182
f 1206 1202 1205
f 1187 1206 1205
f 1187 1207 1206
f 1187 1208 1207
f 1208 1202 1207
f 1209 1202 1208
f 1202 1209 1191
f 1210 1191 1209
f 1187 1210 1209
f 1210 1187 1211
f 1212 1211 1187
f 1212 1187 1213
f 1214 1212 1213
f 1213 1215 1214
f 1214 1215 1216
f 1215 1217 1216
f 1136 1216 1217
f 1218 1136 1217
f 1217 1219 1218
f 1220 1218 1219
f 1219 1221 1220
f 1222 1220 1221
f 1222 1221 1213
f 1190 1222 1213
f 1190 1223 1222
f 1223 1220 1222
f 1191 1220 1223
f 1220 1191 1211
f 1211 1224 1220
f 1219 1213 1221
f 1218 1220 1224
f 1224 1225 1218
f 1226 1218 1225
f 1227 1226 1225
f 1225 1212 1227
f 1212 1216 1227
f 1228 1227 1216
f 1229 1227 1228
f 1229 1228 1136
f 1230 1229 1136
f 1231 1230 1136
f 1136 1232 1231
f 1233 1231 1232
f 1234 1233 1232
f 1235 1234 1232
f 1236 1235 1232
f 1237 1236 1232
f 1238 1237 1232
f 1238 1232 559
f 1239 1238 559
f 1240 1239 559
f 1241 1240 559
f 1242 1241 559
f 1243 1242 559
f 1242 1243 1244
f 1242 1244 1245
f 1242 1245 191
f 1030 191 1245
f 1030 1245 556
f 1245 1244 557
f 1244 1243 557
f 1241 1242 1066
f 1240 1241 1069
f 1239 1240 1069
f 1246 1239 1069
f 1246 1238 1239
f 1232 1247 559
f 1247 1133 559
f 1133 1248 559
f 1248 1249 559
f 1249 1250 559
f 1251 1250 1249
f 1251 1249 1252
f 1253 1251 1252
f 1253 1252 1254
f 1253 1254 1255
f 1253 1255 571
f 1255 1256 571
f 1256 1257 571
f 1258 1257 1256
f 1259 1258 1256
f 1260 1259 1256
f 1261 1260 1256
f 1261 1256 1252
f 1261 1132 1260
f 1261 1248 1132
f 1260 1258 1259
f 1260 1262 1258
f 1262 1263 1258
f 1263 1264 1258
f 1262 1264 1263
f 1262 1265 1264
f 1265 1266 1264
f 1266 1257 1264
f 1266 1267 1257
f 1268 1257 1267
f 1268 1267 1269
f 1268 1269 1270
f 1268 1270 1271
f 1271 1270 1272
f 1271 1272 1273
f 1271 1273 1274
f 1271 1274 1257
f 1257 1274 572
f 1275 572 1274
f 1273 1275 1274
f 1273 1276 1275
f 1276 1277 1275
f 1277 1278 1275
f 1278 1279 1275
f 1279 1280 1275
f 1280 1281 1275
f 1281 1282 1275
f 1282 574 1275
f 574 1282 1283
f 1284 1283 1282
f 1284 1282 1285
f 1284 1285 1286
f 1287 1284 1286
f 1287 1286 1288
f 1287 1288 1289
f 1287 1289 1290
f 1287 1290 1291
f 1291 1290 1292
f 1293 1291 1292
f 1293 1292 1294
f 1293 1294 1283
f 1293 1283 1295
f 1293 1295 1296
f 1295 1284 1296
f 1291 1296 1284
f 1294 575 1283
f 1294 1297 575
f 1294 1298 1297
f 1297 1298 577
f 1294 1292 1298
f 1298 1292 584
f 584 1292 1299
f 1293 1296 1291
f 1299 1292 1290
f 1299 1290 1289
f 1299 1289 1300
f 1299 1300 1301
f 1299 1301 1302
f 1302 1303 1299
f 1304 1299 1303
f 1305 1304 1303
f 1306 1305 1303
f 1306 1307 1305
f 1305 1307 593
f 1308 593 1307
f 1309 1308 1307
f 1308 1309 807
f 807 1310 1308
f 1310 1311 1308
f 1310 594 1311
f 1312 594 1310
f 806 1312 1310
f 806 1313 1312
f 1314 1313 806
f 1315 1314 806
f 1316 1315 806
f 1317 1316 806
f 1318 1317 806
f 1319 1318 806
f 1319 806 1320
f 1319 1320 640
f 640 1321 1319
f 1321 1322 1319
f 1319 1322 1323
f 1323 1317 1319
f 1319 1317 1315
f 1323 1315 1317
f 1323 1324 1315
f 1323 1325 1324
f 1325 1326 1324
f 1326 1327 1324
f 1328 1324 1327
f 1327 1329 1328
f 1328 1329 1330
f 1328 1330 1313
f 1330 594 1313
f 594 1330 1329
f 1329 1331 594
f 1331 1332 594
f 1332 615 594
f 1333 1332 1331
f 1334 1332 1333
f 1334 1333 1321
f 1334 1321 1335
f 1334 1335 1336
f 1334 1336 616
f 1335 640 1336
f 635 1336 640
f 1333 1337 1321
f 1329 1337 1333
f 1334 616 1332
f 1333 1331 1329
f 1329 1327 1337
f 1324 1328 1313
f 1326 1337 1327
f 1325 1337 1326
f 1338 1337 1325
f 1339 1338 1325
f 1340 1339 1325
f 1340 1341 1339
f 1341 1342 1339
f 1343 1342 1341
f 1344 1342 1343
f 1344 1343 1340
f 1345 1344 1340
f 1346 1345 1340
f 1323 1346 1340
f 1346 1323 1347
f 1347 1348 1346
f 1348 1349 1346
f 1349 1350 1346
f 1351 1346 1350
f 1350 1352 1351
f 1352 1353 1351
f 1353 1354 1351
f 1354 1355 1351
f 1355 1356 1351
f 1356 1357 1351
f 1357 1358 1351
f 1358 1359 1351
f 1359 1360 1351
f 1360 1361 1351
f 1351 1361 1362
f 1351 1362 1363
f 1351 1363 1345
f 1363 1364 1345
f 1365 1345 1364
f 1364 1366 1365
f 1342 1365 1366
f 1367 1342 1366
f 1366 1368 1367
f 1367 1368 1348
f 1366 1369 1368
f 1368 1369 1370
f 1368 1370 1352
f 1371 1370 1369
f 1371 1369 1363
f 221 1371 1363
f 1372 221 1363
f 1361 221 1372
f 221 1373 1371
f 1373 1374 1371
f 1373 1375 1374
f 1370 1374 1375
f 1370 1375 1376
f 1370 1376 1377
f 1370 1377 1360
f 1377 1378 1360
f 1379 1360 1378
f 1378 1380 1379
f 1381 1379 1380
f 1381 1380 322
f 322 1382 1381
f 1382 221 1381
f 322 224 1382
f 325 322 1380
f 1381 221 1379
f 1380 1378 1383
f 1383 326 1380
f 1384 1383 1378
f 1385 1383 1384
f 1385 1384 1386
f 1385 1386 1387
f 1388 1385 1387
f 1389 1388 1387
f 1389 1387 1390
f 1389 1390 1391
f 1392 1389 1391
f 1393 1392 1391
f 1393 1391 1394
f 1393 1394 1395
f 1393 1395 1396
f 1393 1396 1397
f 1397 1396 518
f 1398 1397 518
f 1398 1399 1397
f 1397 1399 1392
f 1400 1392 1399
f 1400 1401 1392
f 1392 1401 1402
f 1403 1402 1401
f 514 1403 1401
f 517 514 1401
f 1398 517 1401
f 514 605 1403
f 1403 605 625
f 625 1404 1403
f 1402 1403 1404
f 1405 1402 1404
f 1406 1405 1404
f 1407 1406 1404
f 1408 1407 1404
f 1409 1408 1404
f 1410 1409 1404
f 1411 1410 1404
f 1411 1404 626
f 1412 1410 1411
f 1413 1412 1411
f 1413 1411 1414
f 1415 1413 1414
f 1415 1414 1416
f 1417 1415 1416
f 1417 1416 1418
f 1417 1418 1419
f 1388 1417 1419
f 1388 1419 1420
f 1419 1421 1420
f 1421 1422 1420
f 1422 1423 1420
f 1385 1420 1423
f 1422 1424 1423
f 1424 1425 1423
f 1423 1425 1426
f 1383 1423 1426
f 1383 1426 327
f 1427 327 1426
f 1426 1428 1427
f 1428 1429 1427
f 717 1427 1429
f 717 328 1427
f 713 1429 1428
f 1430 713 1428
f 1425 713 1430
f 713 1425 1431
f 660 1431 1425
f 1430 1428 1426
f 1430 1426 1425
f 1422 1425 1424
f 1422 1432 1425
f 1432 657 1425
f 657 1432 1433
f 1434 657 1433
f 1433 1435 1434
f 627 1434 1435
f 627 1435 1411
f 1435 1433 1436
f 1435 1436 1414
f 1437 1414 1436
f 1437 1436 1433
f 1437 1433 1438
f 1416 1437 1438
f 1421 1438 1433
f 1421 1433 1432
f 1421 1432 1422
f 1421 1419 1438
f 1439 1438 1419
f 1439 1418 1438
f 1388 1440 1417
f 1388 1441 1440
f 1440 1441 1415
f 1441 1412 1415
f 1388 1408 1441
f 1439 1419 1418
f 1416 1438 1418
f 1417 1440 1415
f 1416 1414 1437
f 1411 1435 1414
f 1415 1412 1413
f 1441 1410 1412
f 1441 1409 1410
f 1441 1408 1409
f 1388 1407 1408
f 1388 1406 1407
f 1389 1405 1406
f 1389 1402 1405
f 1398 1401 1400
f 1398 1400 1399
f 520 1396 1395
f 520 1395 1442
f 1443 520 1442
f 1443 1442 1444
f 1443 1444 1445
f 1446 1443 1445
f 1447 1446 1445
f 1448 1447 1445
f 1449 1448 1445
f 1445 1450 1449
f 1451 1449 1450
f 1452 1451 1450
f 1450 913 1452
f 1453 1452 913
f 1454 1453 913
f 527 1453 1454
f 527 1454 919
f 914 919 1454
f 527 1452 1453
f 1450 303 913
f 1450 1455 303
f 1450 1456 1455
f 1456 1457 1455
f 1457 306 1455
f 1457 311 306
f 316 311 1457
f 1458 316 1457
f 1458 1457 329
f 1458 329 727
f 1458 727 316
f 1457 1456 329
f 1456 1459 329
f 1459 1460 329
f 1460 1461 329
f 1462 1461 1460
f 1460 1450 1462
f 1461 1462 331
f 1450 1460 1459
f 1450 1459 1456
f 1452 527 1451
f 1449 1451 527
f 1450 1445 1462
f 217 1462 1445
f 217 1445 1463
f 217 332 1462
f 1448 1449 527
f 521 1448 527
f 520 1447 1448
f 1447 520 1446
f 1444 1463 1445
f 1444 1442 1463
f 1463 1442 1464
f 1463 1464 1375
f 1463 1375 219
f 1464 1442 1376
f 1465 1376 1442
f 1465 1394 1376
f 1466 1376 1394
f 1443 1446 520
f 1465 1442 1395
f 1465 1395 1394
f 1466 1394 1391
f 1391 1377 1466
f 1393 1397 1392
f 1392 1402 1389
f 1391 1390 1377
f 1390 1384 1377
f 1389 1406 1388
f 1388 1420 1385
f 1390 1387 1386
f 1390 1386 1384
f 1385 1423 1383
f 1379 221 1360
f 1384 1378 1377
f 1466 1377 1376
f 1376 1375 1464
f 220 1375 1373
f 1369 1467 1363
f 1374 1370 1371
f 1369 1366 1467
f 1342 1367 1468
f 1468 1469 1342
f 1470 1342 1469
f 1470 1469 1323
f 1471 1470 1323
f 1472 1471 1323
f 1473 1472 1323
f 1474 1473 1323
f 1475 1474 1323
f 1475 1337 1474
f 1322 1337 1475
f 1473 1474 1337
f 1337 1472 1473
f 1337 1471 1472
f 1337 1470 1471
f 1337 1342 1470
f 1469 1468 1323
f 1347 1468 1367
f 1467 1366 1364
f 1364 1363 1467
f 1372 1363 1362
f 1372 1362 1361
f 1360 221 1361
f 1370 1360 1359
f 1370 1359 1358
f 1370 1358 1357
f 1357 1356 1370
f 1355 1370 1356
f 1354 1370 1355
f 1353 1370 1354
f 1352 1370 1353
f 1368 1352 1350
f 1368 1350 1349
f 1349 1348 1368
f 1367 1348 1347
f 1468 1347 1323
f 1346 1351 1345
f 1345 1365 1344
f 1365 1342 1344
f 1341 1340 1343
f 1339 1342 1338
f 1337 1338 1342
f 1323 1340 1325
f 1322 1475 1323
f 1321 1337 1322
f 1335 1321 640
f 1320 806 1476
f 1320 1476 641
f 641 1476 800
f 1477 800 1476
f 1476 806 1477
f 1477 806 801
f 1318 1319 1316
f 1317 1318 1316
f 1315 1316 1319
f 1314 1315 1324
f 1324 1313 1314
f 1313 594 1312
f 1311 593 1308
f 1307 1306 1309
f 1306 1478 1309
f 1309 1478 1479
f 1309 1479 1480
f 1309 1480 1481
f 1309 1481 1482
f 1482 1483 1309
f 1484 1309 1483
f 1484 1483 1485
f 1486 1484 1485
f 1487 1486 1485
f 1487 1485 1488
f 1487 1488 1489
f 1489 1488 800
f 1489 800 780
f 1490 1489 780
f 1490 1491 1489
f 1489 1491 1492
f 1489 1492 1493
f 1489 1493 1486
f 1493 1494 1486
f 1494 1495 1486
f 1494 808 1495
f 808 1309 1495
f 1496 808 1494
f 1496 1494 1497
f 1497 1498 1496
f 1498 1499 1496
f 1500 1499 1498
f 1501 1500 1498
f 1501 1502 1500
f 1503 1500 1502
f 1502 1504 1503
f 1505 1503 1504
f 1505 1504 1506
f 1505 1506 1507
f 1507 1508 1505
f 1508 1509 1505
f 1509 1510 1505
f 1511 1505 1510
f 1512 1511 1510
f 1512 1513 1511
f 1512 1514 1513
f 1515 1513 1514
f 1514 1516 1515
f 1517 1515 1516
f 1517 1516 1518
f 1517 1518 1519
f 1517 1519 1520
f 1520 1505 1517
f 1505 1513 1517
f 1519 1521 1520
f 1521 1522 1520
f 1522 1523 1520
f 1523 1524 1520
f 139 1520 1524
f 139 1503 1520
f 139 1525 1503
f 1525 1499 1503
f 1526 1499 1525
f 1526 1525 122
f 1525 1527 122
f 1527 1528 122
f 1529 122 1528
f 1529 1528 1530
f 1531 1529 1530
f 1532 1529 1531
f 1531 1533 1532
f 1534 1532 1533
f 1533 1535 1534
f 1536 1534 1535
f 1536 1535 1537
f 1536 1537 141
f 1537 1535 1538
f 1537 1538 1539
f 1537 1539 1540
f 1541 1537 1540
f 1541 1540 31
f 1541 30 1537
f 1537 30 143
f 31 1540 1539
f 1539 1542 31
f 1539 1543 1542
f 1542 1543 1106
f 33 1542 1106
f 1543 1544 1106
f 1106 1544 1545
f 1545 833 1106
f 144 833 1545
f 144 1508 833
f 144 1545 1544
f 1546 144 1544
f 1546 1547 144
f 144 1547 1533
f 1546 1548 1547
f 1538 1547 1548
f 1546 1543 1548
f 1546 1544 1543
f 1543 1539 1548
f 1548 1539 1538
f 1547 1538 1535
f 1549 1534 1536
f 1549 1536 140
f 1535 1533 1547
f 1549 1532 1534
f 1550 1532 1549
f 1550 1549 138
f 1550 1551 1532
f 1550 1552 1551
f 1551 1552 123
f 123 1529 1551
f 1553 1552 1550
f 1553 1550 135
f 127 1552 1553
f 127 1553 133
f 142 1533 1531
f 1554 142 1531
f 1554 1531 1528
f 1554 1528 139
f 1532 1551 1529
f 1530 1528 1531
f 139 1528 1527
f 1526 810 1499
f 1555 810 1526
f 1555 1526 1556
f 1555 1556 1557
f 1555 1557 1558
f 1558 811 1555
f 1558 1559 811
f 1560 811 1559
f 1559 1561 1560
f 1562 1560 1561
f 1561 1563 1562
f 1562 1563 1564
f 1564 1565 1562
f 1564 1566 1565
f 1565 1566 813
f 1566 900 813
f 1564 1567 1566
f 1566 1567 901
f 1564 212 1567
f 1567 212 907
f 1564 1563 212
f 1568 212 1563
f 1569 1568 1563
f 1570 1569 1563
f 1571 1570 1563
f 1557 1570 1571
f 1557 1571 1559
f 1570 118 1569
f 1572 1569 118
f 118 1573 1572
f 112 1572 1573
f 112 1569 1572
f 112 1574 1569
f 1569 1574 1575
f 1575 1574 1576
f 1576 1577 1575
f 1578 1575 1577
f 1577 336 1578
f 216 1575 1578
f 216 1578 335
f 1568 1575 216
f 336 1577 1576
f 1576 1574 344
f 131 1574 112
f 1579 1574 131
f 131 353 1579
f 353 358 1579
f 1580 1579 358
f 1581 1580 358
f 1582 1581 358
f 1583 1582 358
f 1583 352 1582
f 1584 352 1583
f 1584 1583 132
f 1585 1584 132
f 1586 1585 132
f 1586 359 1585
f 1587 359 1586
f 1587 1586 134
f 1588 1587 134
f 1588 359 1587
f 1584 1585 359
f 1583 357 132
f 1581 1582 352
f 1581 351 1580
f 1580 351 1579
f 1589 1579 351
f 351 1590 1589
f 1589 1590 1574
f 1590 1591 1574
f 1592 1574 1591
f 349 1592 1591
f 345 1574 1592
f 345 1592 1593
f 1593 1594 345
f 1595 345 1594
f 1594 1596 1595
f 348 1595 1596
f 348 1596 1597
f 1597 1594 348
f 1594 1597 1596
f 1593 348 1594
f 1592 348 1593
f 1591 1590 349
f 1579 1589 1574
f 1570 1556 118
f 1569 1575 1568
f 1571 1563 1561
f 1560 1562 1565
f 1565 812 1560
f 1559 1571 1561
f 1559 1558 1557
f 1557 1556 1570
f 1556 1526 120
f 139 1527 1525
f 1523 1598 1524
f 1599 1524 1598
f 1598 1600 1599
f 1599 1600 137
f 1600 1601 137
f 1600 1602 1601
f 1603 1601 1602
f 1602 1604 1603
f 1603 1604 136
f 1604 1605 136
f 1605 1606 136
f 1606 1607 136
f 1607 1608 136
f 1608 1588 136
f 1588 1608 360
f 1609 360 1608
f 1609 1608 1607
f 1607 1606 1609
f 1605 1609 1606
f 1602 1609 1605
f 1610 1609 1602
f 1610 1602 1598
f 1611 1610 1598
f 1611 1598 1612
f 1613 1611 1612
f 1613 1612 1514
f 1614 1611 1613
f 1614 1613 1615
f 1616 1614 1615
f 1617 1616 1615
f 1617 1615 1618
f 1619 1617 1618
f 1619 1618 1620
f 1621 1619 1620
f 1621 1620 1622
f 1623 1621 1622
f 1623 1622 1624
f 1625 1623 1624
f 1625 1624 435
f 1626 1623 1625
f 1627 1626 1625
f 1627 1625 437
f 1628 1627 437
f 494 1627 1628
f 496 1626 1627
f 1626 1629 1623
f 498 1629 1626
f 1622 164 1624
f 1622 1630 164
f 1629 1621 1623
f 1629 1631 1621
f 500 1631 1629
f 1620 1630 1622
f 1620 1632 1630
f 1630 1632 152
f 1631 1619 1621
f 1631 1633 1619
f 502 1633 1631
f 1618 1632 1620
f 1618 1634 1632
f 1632 1634 149
f 1634 1512 149
f 149 1512 1509
f 149 1509 1635
f 1634 1613 1512
f 1633 1617 1619
f 1633 1636 1617
f 504 1636 1633
f 1615 1634 1618
f 1636 1616 1617
f 1636 1637 1616
f 1637 1638 1616
f 1637 370 1638
f 506 1637 1636
f 373 1637 506
f 1616 1638 1614
f 1638 1639 1614
f 1638 367 1639
f 1615 1613 1634
f 1639 1611 1614
f 1612 1598 1521
f 1639 1610 1611
f 366 1610 1639
f 366 361 1610
f 1610 361 1609
f 1602 1605 1604
f 1601 1603 136
f 1598 1602 1600
f 1524 1599 137
f 1522 1598 1523
f 1521 1598 1522
f 1612 1521 1519
f 1612 1519 1518
f 1518 1516 1612
f 1514 1612 1516
f 1515 1517 1513
f 1613 1514 1512
f 1505 1511 1513
f 1510 1509 1512
f 1508 1635 1509
f 1635 1508 147
f 833 1508 1507
f 833 1507 835
f 1640 835 1507
f 1507 1641 1640
f 1642 1640 1641
f 1641 1643 1642
f 1643 1490 1642
f 1642 1490 1644
f 1644 1490 1645
f 1644 1645 1479
f 1646 1645 1490
f 1646 1490 1169
f 1646 1169 1647
f 1648 1646 1647
f 1648 1647 1649
f 1648 1649 1650
f 1648 1650 1651
f 644 1648 1651
f 1652 644 1651
f 1652 1651 1653
f 1653 1654 1652
f 1655 1652 1654
f 1656 1655 1654
f 1657 1656 1654
f 1658 1656 1657
f 1657 1653 1658
f 1659 1658 1653
f 1660 1659 1653
f 1661 1659 1660
f 1661 1660 1662
f 1661 1662 1663
f 1661 1663 1664
f 1665 1661 1664
f 1285 1665 1664
f 1285 1664 1666
f 1285 1280 1665
f 1665 1667 1661
f 1665 1668 1667
f 1668 1669 1667
f 1669 1670 1667
f 1670 1659 1667
f 1670 1671 1659
f 1670 1658 1671
f 1670 1672 1658
f 1658 1672 1673
f 1674 1658 1673
f 1674 1673 1675
f 1675 1676 1674
f 1676 1675 659
f 659 1677 1676
f 1658 1676 1677
f 1678 1675 1673
f 1679 1678 1673
f 1680 1679 1673
f 1673 1681 1680
f 1682 1680 1681
f 1682 1681 1683
f 1684 1682 1683
f 1684 1683 1685
f 1686 1684 1685
f 1686 1685 1687
f 1686 1687 1688
f 1686 1688 1689
f 1686 1689 1126
f 1689 1688 1127
f 1262 1127 1688
f 1265 1688 1687
f 1265 1687 1685
f 1265 1685 1690
f 1265 1690 1691
f 1265 1691 1692
f 1265 1692 1267
f 1693 1267 1692
f 1693 1692 1694
f 1695 1693 1694
f 1695 1694 1696
f 1695 1696 1697
f 1695 1697 1269
f 1697 1673 1269
f 1272 1269 1673
f 1673 1698 1272
f 1699 1272 1698
f 1700 1699 1698
f 1700 1698 1701
f 1702 1700 1701
f 1702 1701 1703
f 1704 1702 1703
f 1704 1703 1668
f 1705 1668 1703
f 1705 1701 1668
f 1704 1706 1702
f 1706 1707 1702
f 1706 1708 1707
f 1708 1273 1707
f 1273 1709 1707
f 1707 1709 1699
f 1708 1710 1273
f 1706 1710 1708
f 1711 1710 1706
f 1712 1711 1706
f 1665 1711 1712
f 1665 1712 1704
f 1665 1278 1711
f 1711 1276 1710
f 1704 1712 1706
f 1705 1703 1701
f 1702 1707 1700
f 1669 1701 1698
f 1669 1698 1672
f 1700 1707 1699
f 1272 1699 1709
f 1697 1713 1673
f 1696 1713 1697
f 1714 1713 1696
f 1714 1696 1715
f 1714 1715 1716
f 1714 1716 1683
f 1716 1715 1717
f 1716 1717 1690
f 1718 1690 1717
f 1718 1717 1715
f 1694 1718 1715
f 1694 1691 1718
f 1714 1683 1713
f 1694 1715 1696
f 1695 1269 1693
f 1694 1692 1691
f 1691 1690 1718
f 1690 1685 1716
f 1686 1719 1684
f 1684 1719 1720
f 1684 1720 1721
f 1684 1721 1722
f 1722 1721 1679
f 1679 1721 1723
f 1724 1679 1723
f 1724 1723 1052
f 1724 1052 1725
f 1052 1723 1720
f 1725 1679 1724
f 1679 1725 1726
f 1726 1725 663
f 1678 1726 663
f 1721 1720 1723
f 1720 1719 1053
f 1686 1122 1719
f 1683 1716 1685
f 1684 1722 1682
f 1683 1681 1713
f 1722 1680 1682
f 1673 1713 1681
f 1722 1679 1680
f 1679 1726 1678
f 1675 1678 661
f 1658 1674 1676
f 1673 1672 1698
f 1669 1672 1670
f 1669 1668 1701
f 1665 1704 1668
f 1666 1664 1663
f 1666 1663 1662
f 1666 1662 1204
f 1286 1666 1204
f 1286 1204 1727
f 1662 1728 1204
f 1204 1728 1181
f 1660 1728 1662
f 1660 1729 1728
f 1728 1729 1180
f 1660 1650 1729
f 1661 1667 1659
f 1671 1658 1659
f 1658 1677 1656
f 1677 658 1656
f 1730 1656 658
f 1730 658 1731
f 645 1730 1731
f 645 1731 1732
f 1731 656 1732
f 645 1655 1730
f 1730 1655 1656
f 645 1652 1655
f 1657 1654 1653
f 1660 1653 1651
f 1648 644 1485
f 1648 1485 1645
f 1485 1481 1645
f 1660 1651 1650
f 1650 1649 1729
f 1649 1179 1729
f 1175 1649 1647
f 1490 778 1169
f 1648 1645 1646
f 1490 1643 1733
f 1490 1733 1734
f 1734 1733 1735
f 1736 1734 1735
f 1736 1735 1737
f 1738 1736 1737
f 1493 1738 1737
f 1493 1737 1497
f 1736 1738 1492
f 1737 1735 1497
f 1735 1501 1497
f 1734 1736 1491
f 1735 1733 1501
f 1733 1643 1501
f 1739 1501 1643
f 1643 1740 1739
f 1507 1739 1740
f 1507 1741 1739
f 1501 1739 1741
f 1501 1741 1506
f 1643 1641 1740
f 1640 1642 1644
f 1644 1478 1640
f 1478 838 1640
f 838 1478 1178
f 1507 1740 1641
f 1507 1506 1741
f 1501 1506 1504
f 1503 1505 1520
f 1501 1504 1502
f 1503 1499 1500
f 1498 1497 1501
f 1496 1499 808
f 1493 1497 1494
f 1493 1492 1738
f 1492 1491 1736
f 1490 1734 1491
f 800 1488 643
f 644 1488 1485
f 1487 1489 1486
f 1486 1495 1484
f 1495 1309 1484
f 1482 1485 1483
f 1485 1482 1481
f 1481 1480 1645
f 1480 1479 1645
f 1479 1478 1644
f 1306 1178 1478
f 593 1304 1305
f 593 1299 1304
f 1306 1303 1302
f 1306 1302 1742
f 1306 1742 1183
f 1197 1183 1742
f 1742 1301 1197
f 1301 1743 1197
f 1302 1301 1742
f 1301 1300 1743
f 1743 1300 1203
f 1744 1203 1300
f 1744 1288 1203
f 1727 1203 1288
f 1744 1300 1289
f 1744 1289 1288
f 1727 1288 1286
f 1287 1291 1284
f 1285 1666 1286
f 1295 1283 1284
f 1285 1282 1281
f 1285 1281 1280
f 1665 1280 1279
f 1665 1279 1278
f 1711 1278 1277
f 1711 1277 1276
f 1710 1276 1273
f 1273 1272 1709
f 1272 1270 1269
f 1693 1269 1267
f 1268 1271 1257
f 1265 1267 1266
f 1262 1688 1265
f 1260 1128 1262
f 1258 1264 1257
f 1254 1256 1255
f 1254 1252 1256
f 1261 1252 1249
f 1253 1250 1251
f 1745 1250 1253
f 1745 1253 569
f 560 1250 1745
f 1261 1249 1248
f 1134 1247 1232
f 1246 1237 1238
f 1237 1246 1236
f 1746 1236 1246
f 1746 1246 1747
f 1747 1748 1746
f 1227 1746 1748
f 1748 1749 1227
f 1749 1750 1227
f 1750 1137 1227
f 1751 1227 1137
f 1752 1227 1751
f 1751 1136 1752
f 1752 1136 1753
f 1753 1136 1754
f 1754 1227 1753
f 1755 1227 1754
f 1756 1227 1755
f 1755 1136 1756
f 1757 1756 1136
f 1227 1756 1757
f 1227 1757 1758
f 1757 1218 1758
f 1754 1136 1755
f 1753 1227 1752
f 1137 1750 1748
f 1748 1759 1137
f 1759 1749 1137
f 1749 1759 1139
f 1759 1748 1139
f 1750 1749 1748
f 1748 1747 1139
f 1747 1246 1139
f 1139 1246 1073
f 1073 1760 1139
f 1760 1073 1087
f 272 1760 1087
f 272 1761 1760
f 1761 1762 1760
f 1143 1760 1762
f 1762 1763 1143
f 1763 1764 1143
f 1765 1143 1764
f 1177 1765 1764
f 1764 838 1177
f 1766 1765 1177
f 1766 1177 1767
f 1767 1768 1766
f 1769 1766 1768
f 1768 1154 1769
f 1770 1154 1768
f 1766 1769 1771
f 1766 1771 1144
f 1771 1769 1153
f 1768 1767 1770
f 1157 1770 1767
f 1766 1144 1765
f 1763 1772 1764
f 839 1764 1772
f 1763 1773 1772
f 841 1772 1773
f 1763 1774 1773
f 1773 1774 843
f 853 843 1774
f 1775 853 1774
f 1774 1776 1775
f 271 1775 1776
f 271 1776 1762
f 1763 1776 1774
f 1763 1762 1776
f 1762 1761 271
f 1746 1235 1236
f 1235 1746 1234
f 1229 1234 1746
f 1229 1233 1234
f 1230 1231 1233
f 1229 1230 1233
f 1746 1227 1229
f 1227 1758 1226
f 1758 1218 1226
f 1212 1225 1224
f 1213 1219 1217
f 1136 1218 1757
f 1136 1228 1216
f 1213 1217 1215
f 1212 1214 1216
f 1212 1224 1211
f 1211 1191 1210
f 1187 1209 1208
f 1207 1202 1206
f 1727 1204 1203
f 1203 1197 1743
f 1199 1196 1195
f 1195 1194 1201
f 1188 1194 1192
f 1191 1193 1202
f 1191 1223 1190
f 1187 1190 1213
f 1188 1192 1189
f 1200 1188 1186
f 1187 1205 1182
f 1185 1198 1186
f 1197 1185 1184
f 1197 1184 1183
f 1178 1306 1183
f 1204 1181 1182
f 1180 1181 1728
f 1180 1729 1179
f 1179 1649 1176
f 1178 1177 838
f 1767 1177 1171
f 1175 1176 1649
f 1647 1174 1175
f 1647 1173 1174
f 1647 1172 1173
f 1647 1170 1172
f 1159 1767 1171
f 1647 1169 1170
f 1166 1165 1159
f 1163 1164 1168
f 1163 1168 1158
f 1158 1777 1163
f 1158 1778 1777
f 1161 1777 1778
f 1161 1163 1777
f 1162 1160 1165
f 1158 1161 1778
f 1159 1165 1160
f 1159 1157 1767
f 1155 1158 1168
f 1157 1156 1770
f 1156 1154 1770
f 1168 761 1155
f 1154 1153 1769
f 1152 1771 1153
f 1771 1152 1150
f 1771 1150 1147
f 1151 761 1149
f 1147 1150 1148
f 1771 1147 1144
f 1144 1143 1765
f 1143 1141 1760
f 1140 1142 1146
f 1141 1139 1760
f 1749 1139 1137
f 1140 1125 1138
f 1137 1136 1751
f 1232 1136 1134
f 1134 1133 1247
f 1132 1248 1133
f 1132 1129 1260
f 1131 1135 1130
f 1130 1135 1125
f 1260 1129 1128
f 1262 1128 1127
f 1126 1689 1127
f 1686 1126 1123
f 1145 1124 1125
f 1686 1123 1122
f 1120 1719 1122
f 1062 1719 1120
f 1116 1121 757
f 1062 1120 1119
f 1062 1119 1118
f 1118 1070 1062
f 1109 1117 1779
f 1113 1779 1117
f 1060 1116 757
f 1060 1780 1114
f 1060 187 1780
f 1781 1780 187
f 1780 1781 1112
f 1117 1115 1113
f 1112 1114 1780
f 1113 1111 1779
f 1110 1112 1781
f 1781 1782 1110
f 1782 1781 1783
f 1783 182 1782
f 1783 1781 184
f 1109 1779 1111
f 1108 1110 1782
f 1107 1118 1109
f 1118 1107 1071
f 1782 182 1108
f 1087 1073 1074
f 1069 1073 1246
f 1107 1072 1071
f 1070 1118 1071
f 1068 1062 1070
f 1066 1069 1241
f 1067 1062 1068
f 1065 1062 1067
f 191 1066 1242
f 1064 1062 1065
f 1719 1062 1055
f 1055 1059 1057
f 1055 1053 1719
f 1720 1053 1052
f 1051 1725 1052
f 1784 1725 1051
f 1785 1784 1051
f 1785 1051 678
f 1786 1785 678
f 1786 665 1785
f 1785 665 1725
f 1785 1725 1784
f 1049 1046 1035
f 1054 1047 1048
f 1046 1045 1035
f 1044 1047 1043
f 735 194 1042
f 1040 1045 1041
f 1040 1035 1045
f 1013 1039 194
f 1037 1035 1038
f 683 1035 1034
f 556 687 1030
f 1031 1032 1010
f 1010 1017 1031
f 191 1030 1029
f 191 1029 1028
f 1014 1016 1018
f 1015 192 1028
f 1014 1027 1011
f 1012 1036 1013
f 1012 1010 1036
f 1002 1017 1010
f 1011 998 1001
f 1000 999 1003
f 998 1025 995
f 990 997 996
f 995 1023 993
f 991 996 994
f 992 993 1002
f 923 992 1007
f 991 990 996
f 997 990 989
f 997 989 988
f 987 999 988
f 987 979 978
f 978 975 967
f 966 1009 967
f 931 963 961
f 931 961 940
f 938 942 706
f 934 936 933
f 1787 933 936
f 1787 936 528
f 1787 528 928
f 1787 928 933
f 931 939 932
f 930 963 931
f 929 933 928
f 930 927 926
f 965 926 924
f 925 527 919
f 966 924 923
f 923 922 986
f 922 921 985
f 920 982 921
f 977 920 918
f 977 918 916
f 919 915 917
f 912 973 916
f 919 914 915
f 914 1454 913
f 281 910 911
f 280 1103 908
f 907 210 909
f 1567 907 905
f 908 904 906
f 1567 905 903
f 903 901 1567
f 901 900 1566
f 899 897 1099
f 898 902 894
f 897 896 1100
f 871 896 895
f 895 1788 871
f 895 893 1788
f 875 1788 893
f 902 891 894
f 876 893 892
f 892 890 876
f 904 888 891
f 887 890 889
f 890 887 878
f 888 1104 886
f 884 880 887
f 1093 885 886
f 885 1094 883
f 883 1094 882
f 880 884 881
f 878 887 880
f 878 876 890
f 893 876 875
f 872 1788 875
f 857 873 874
f 872 871 1788
f 870 896 871
f 870 868 1097
f 867 1097 868
f 865 1096 867
f 864 882 865
f 860 879 864
f 860 858 879
f 858 857 877
f 857 856 873
f 266 873 856
f 856 854 268
f 268 854 1775
f 855 859 851
f 854 853 1775
f 843 853 852
f 843 852 849
f 859 850 851
f 850 862 848
f 862 254 848
f 849 847 843
f 845 847 846
f 844 847 845
f 847 844 843
f 841 1773 843
f 840 1772 841
f 1772 840 839
f 1764 839 838
f 1640 838 836
f 836 835 1640
f 833 835 834
f 831 1106 833
f 829 1105 831
f 1082 829 828
f 828 827 1082
f 825 821 827
f 826 830 824
f 824 832 823
f 823 837 820
f 822 821 825
f 821 818 1084
f 820 837 819
f 819 837 817
f 1101 818 816
f 817 842 814
f 899 816 815
f 815 813 900
f 814 842 809
f 1565 813 812
f 1560 812 811
f 1555 811 810
f 810 808 1499
f 1309 808 807
f 807 806 1310
f 805 809 804
f 803 801 806
f 801 800 1477
f 800 797 780
f 799 802 793
f 793 802 245
f 795 798 796
f 792 798 795
f 792 795 794
f 798 792 790
f 790 788 798
f 788 782 797
f 781 797 782
f 781 780 797
f 1490 780 778
f 777 1169 778
f 761 1168 777
f 775 776 779
f 775 772 773
f 775 771 772
f 770 769 767
f 768 771 765
f 754 765 771
f 771 1789 754
f 1790 754 1789
f 1789 318 1790
f 1790 318 1791
f 1790 1791 1792
f 1792 1791 1793
f 738 1792 1793
f 1793 1794 738
f 1795 738 1794
f 1795 1794 1796
f 1796 1797 1795
f 1798 1795 1797
f 1798 1797 1799
f 1799 1796 1798
f 1800 1798 1796
f 1796 1801 1800
f 1800 1801 733
f 733 1801 1791
f 1796 1793 1801
f 1800 1802 1798
f 1798 1802 738
f 1802 1800 734
f 1796 1799 1797
f 1795 1798 738
f 1793 1796 1794
f 738 754 1792
f 1801 1793 1791
f 318 727 1791
f 1791 727 732
f 1792 754 1790
f 1789 771 1803
f 1803 319 1789
f 1803 1804 319
f 1803 771 1804
f 1804 771 228
f 228 320 1804
f 764 767 766
f 754 762 765
f 764 763 767
f 763 761 774
f 1149 761 760
f 760 759 1124
f 1121 759 757
f 755 758 762
f 757 756 1060
f 762 754 755
f 752 756 753
f 752 751 1058
f 750 1056 751
f 754 738 749
f 747 750 748
f 746 1043 747
f 1042 746 744
f 1042 744 1805
f 1042 1805 742
f 1042 742 1806
f 1042 1806 739
f 1805 744 743
f 742 1805 743
f 740 1806 742
f 745 738 741
f 740 739 1806
f 1042 739 737
f 736 738 1802
f 737 735 1042
f 734 736 1802
f 730 972 195
f 1800 733 734
f 1791 732 733
f 732 727 731
f 728 971 730
f 731 727 729
f 971 728 726
f 726 725 971
f 724 962 725
f 724 723 960
f 723 722 960
f 943 722 721
f 943 721 719
f 720 328 717
f 718 953 719
f 716 955 718
f 717 1429 715
f 716 714 955
f 715 1429 713
f 713 1431 711
f 711 1431 662
f 709 714 712
f 708 954 709
f 707 947 708
f 944 707 706
f 937 706 703
f 703 1807 937
f 532 937 1807
f 705 710 704
f 704 710 668
f 1807 703 696
f 1808 702 670
f 1809 702 1808
f 1809 1808 672
f 1810 1809 672
f 677 1809 1810
f 677 700 1809
f 1809 701 702
f 1809 700 701
f 677 699 700
f 677 698 699
f 681 697 698
f 681 694 697
f 696 695 1807
f 533 1807 695
f 551 533 695
f 551 695 693
f 554 551 693
f 690 554 693
f 690 693 692
f 690 692 691
f 556 688 687
f 1033 687 686
f 1034 686 683
f 685 689 684
f 684 694 681
f 683 682 1035
f 682 680 1050
f 681 698 677
f 679 1050 680
f 679 678 1051
f 676 1786 678
f 1786 676 1811
f 1786 1811 666
f 1812 666 1811
f 673 1812 1811
f 1813 1811 676
f 1813 675 1811
f 677 1810 674
f 1813 676 675
f 673 1811 675
f 674 1810 672
f 673 669 1812
f 672 1808 671
f 671 1808 670
f 704 668 670
f 1812 669 667
f 664 668 710
f 1812 667 666
f 1786 666 665
f 1725 665 663
f 662 664 711
f 663 661 1678
f 660 662 1431
f 661 659 1675
f 660 1425 657
f 658 1677 659
f 1731 658 656
f 657 1434 652
f 628 652 1434
f 1732 656 655
f 1814 1732 655
f 1814 655 1815
f 1814 1815 1816
f 1814 1816 1817
f 1817 1816 1818
f 1817 1818 648
f 1819 648 1818
f 1819 1818 1816
f 1820 1819 1816
f 1820 649 1819
f 1820 1816 1815
f 1820 1815 653
f 1814 1817 1732
f 1732 1817 646
f 1815 655 654
f 653 1815 654
f 1820 653 651
f 1820 651 650
f 1820 650 649
f 649 648 1819
f 648 646 1817
f 645 1732 646
f 645 644 1652
f 644 643 1488
f 800 643 641
f 641 640 1320
f 642 638 639
f 642 637 638
f 636 635 640
f 617 1336 635
f 620 634 631
f 633 637 632
f 632 629 630
f 629 652 628
f 628 1434 627
f 627 1411 626
f 625 626 1404
f 620 631 621
f 617 620 619
f 616 1336 617
f 616 615 1332
f 615 612 594
f 614 618 613
f 612 609 594
f 611 613 610
f 610 607 608
f 622 606 607
f 625 605 606
f 600 601 604
f 505 600 604
f 595 602 597
f 595 594 609
f 594 593 1311
f 584 1299 593
f 592 596 591
f 590 591 599
f 584 588 585
f 1298 584 577
f 582 583 587
f 577 581 578
f 575 1297 577
f 575 574 1283
f 572 1275 574
f 572 571 1257
f 1253 571 569
f 570 573 568
f 560 1745 569
f 568 576 567
f 566 567 579
f 489 566 579
f 560 565 562
f 560 559 1250
f 559 557 1243
f 557 556 1245
f 556 555 688
f 690 555 554
f 554 552 551
f 549 539 550
f 547 541 549
f 553 546 548
f 546 558 545
f 543 545 561
f 544 542 547
f 541 547 542
f 539 549 541
f 537 550 539
f 550 537 535
f 534 550 535
f 551 534 533
f 532 1807 533
f 532 530 937
f 529 936 530
f 529 528 936
f 928 528 527
f 522 521 527
f 1448 521 520
f 520 518 1396
f 1398 518 517
f 516 519 511
f 517 515 514
f 514 513 605
f 513 512 603
f 511 519 510
f 508 512 509
f 505 604 508
f 506 1636 504
f 503 600 505
f 504 1633 502
f 501 598 503
f 502 1631 500
f 499 590 501
f 500 1629 498
f 497 589 499
f 498 1626 496
f 495 586 497
f 496 1627 494
f 493 582 495
f 494 1628 492
f 492 1628 1821
f 1821 1628 438
f 491 580 493
f 492 1821 490
f 490 1821 1822
f 1822 1821 440
f 489 579 491
f 490 1822 488
f 488 1822 1823
f 1823 1822 442
f 487 566 489
f 488 1823 486
f 486 1823 1824
f 1824 1823 444
f 485 564 487
f 486 1824 484
f 484 1824 1825
f 1825 1824 446
f 483 563 485
f 484 1825 481
f 482 543 483
f 480 540 482
f 481 1825 450
f 480 478 540
f 478 477 540
f 474 538 477
f 474 472 536
f 462 469 473
f 472 471 536
f 531 471 470
f 526 470 468
f 462 467 469
f 468 466 524
f 465 525 466
f 380 525 465
f 461 386 464
f 463 467 462
f 462 473 460
f 461 459 386
f 475 458 460
f 475 456 458
f 457 455 391
f 476 454 456
f 455 452 392
f 454 479 453
f 451 453 450
f 450 1825 448
f 1825 446 448
f 445 1826 447
f 447 1826 396
f 1826 400 396
f 396 400 1827
f 1826 406 400
f 1826 415 406
f 445 415 1826
f 1824 444 446
f 443 415 445
f 1823 442 444
f 441 416 443
f 441 426 416
f 1822 440 442
f 439 426 441
f 1821 438 440
f 436 430 439
f 1628 437 438
f 437 1625 435
f 1624 166 435
f 436 431 430
f 439 430 426
f 425 288 424
f 423 418 417
f 416 426 417
f 443 416 415
f 415 411 408
f 1828 408 411
f 1828 411 1829
f 1829 411 1830
f 1829 1830 408
f 408 1828 1829
f 414 422 413
f 420 288 413
f 1830 411 409
f 409 408 1830
f 415 408 406
f 407 403 405
f 402 406 404
f 100 403 8
f 400 406 402
f 400 399 1827
f 399 397 1827
f 401 100 398
f 396 1827 397
f 447 396 394
f 393 449 394
f 452 393 392
f 455 392 391
f 457 391 390
f 389 457 390
f 459 389 387
f 386 459 387
f 464 386 384
f 464 384 382
f 380 465 382
f 380 379 525
f 378 523 379
f 376 510 378
f 507 376 375
f 373 506 375
f 374 377 371
f 372 1637 373
f 372 370 1637
f 381 368 371
f 369 1638 370
f 369 367 1638
f 368 383 365
f 367 366 1639
f 383 364 365
f 364 385 363
f 362 361 366
f 361 360 1609
f 360 359 1588
f 359 352 1584
f 1583 358 357
f 357 354 132
f 356 363 355
f 350 355 388
f 131 354 353
f 353 352 358
f 352 351 1581
f 351 349 1590
f 350 388 347
f 349 348 1592
f 348 346 1595
f 345 1595 346
f 345 344 1574
f 336 1576 344
f 342 304 340
f 336 343 339
f 335 1578 336
f 335 334 216
f 217 334 333
f 217 333 332
f 332 331 1462
f 331 329 1461
f 328 727 329
f 1427 328 327
f 1383 327 326
f 325 1380 326
f 324 330 321
f 323 322 325
f 224 322 320
f 321 330 317
f 1804 320 319
f 1789 319 318
f 316 727 318
f 317 338 315
f 314 311 316
f 313 315 338
f 314 312 311
f 313 309 310
f 309 337 308
f 308 341 305
f 306 311 307
f 303 1455 306
f 340 304 305
f 913 303 301
f 300 302 1831
f 296 300 1831
f 1832 1831 302
f 295 1832 302
f 295 302 70
f 59 295 70
f 295 1831 1832
f 911 301 283
f 297 1833 299
f 285 299 1833
f 291 285 1833
f 297 292 1833
f 298 300 296
f 296 1831 295
f 297 294 292
f 1834 289 293
f 293 1835 1834
f 412 1834 1835
f 1836 412 1835
f 1836 1835 1837
f 1836 1837 52
f 412 1836 49
f 1837 1835 293
f 55 1837 293
f 412 289 1834
f 1833 292 291
f 291 290 286
f 412 288 289
f 425 183 288
f 287 286 290
f 285 291 286
f 299 285 284
f 299 284 283
f 283 281 911
f 281 280 910
f 1103 280 279
f 282 277 278
f 276 275 279
f 275 273 1088
f 198 270 274
f 273 272 1087
f 272 271 1761
f 1775 271 269
f 268 1775 269
f 266 856 268
f 266 265 873
f 265 263 869
f 263 262 866
f 261 863 262
f 862 261 259
f 862 259 255
f 260 264 258
f 258 267 257
f 259 256 255
f 862 255 254
f 253 848 254
f 249 248 253
f 804 248 247
f 802 247 245
f 245 244 793
f 244 242 791
f 241 789 242
f 240 783 241
f 240 235 786
f 238 239 243
f 238 246 237
f 233 787 235
f 232 234 226
f 233 231 787
f 232 226 230
f 231 229 784
f 229 228 771
f 228 224 320
f 227 230 226
f 234 225 226
f 1382 224 222
f 225 218 223
f 222 221 1382
f 1373 221 220
f 219 1375 220
f 1463 219 217
f 215 218 237
f 217 216 334
f 216 212 1568
f 215 250 214
f 214 252 213
f 211 213 251
f 907 212 210
f 211 205 208
f 909 210 209
f 912 209 207
f 208 205 206
f 211 204 205
f 257 202 204
f 207 203 201
f 202 257 200
f 972 201 197
f 199 200 270
f 270 198 199
f 198 274 196
f 197 195 972
f 196 274 193
f 735 195 194
f 1013 194 192
f 193 277 189
f 191 1028 192
f 190 1063 191
f 1061 190 188
f 187 1060 188
f 187 185 1781
f 189 183 186
f 184 1781 185
f 184 182 1783
f 181 183 429
f 427 178 181
f 179 182 180
f 177 182 179
f 177 176 182
f 178 173 175
f 171 176 174
f 173 432 172
f 434 169 172
f 176 171 170
f 176 170 20
f 167 1838 161
f 1839 161 1838
f 1838 165 1839
f 1839 165 1840
f 1841 1840 165
f 161 1840 1841
f 161 1839 1840
f 169 166 168
f 167 165 1838
f 1624 164 166
f 165 163 1841
f 164 1630 157
f 1841 163 162
f 161 1841 162
f 160 157 159
f 1630 152 157
f 156 154 158
f 155 152 153
f 1632 149 152
f 146 151 150
f 149 1635 147
f 146 150 148
f 145 147 1508
f 145 1508 144
f 144 1533 142
f 1537 143 141
f 1554 139 142
f 1536 141 140
f 1549 140 138
f 137 139 1524
f 1550 138 135
f 136 137 1601
f 136 1588 134
f 1553 135 133
f 132 134 1586
f 131 132 354
f 131 112 129
f 127 133 128
f 127 124 1552
f 130 125 126
f 130 1842 125
f 125 1842 119
f 108 1842 130
f 108 1843 1842
f 1842 1843 117
f 124 123 1552
f 123 122 1529
f 1526 122 120
f 119 121 125
f 1556 120 118
f 117 119 1842
f 116 1573 118
f 117 1843 115
f 114 1573 116
f 113 115 1843
f 1843 107 113
f 114 112 1573
f 112 110 129
f 111 67 109
f 67 102 109
f 67 82 102
f 108 130 110
f 107 1843 108
f 105 113 107
f 109 102 104
f 103 101 106
f 106 101 7
f 100 7 101
f 100 98 97
f 97 96 95
f 97 95 94
f 395 94 93
f 91 88 93
f 89 90 92
f 99 87 89
f 88 86 93
f 82 87 102
f 77 86 81
f 79 80 85
f 77 75 347
f 78 74 76
f 72 304 75
f 74 79 73
f 82 67 73
f 72 71 304
f 70 302 71
f 59 70 69
f 59 69 68
f 65 67 111
f 64 68 66
f 68 64 1844
f 62 68 1844
f 63 65 105
f 1844 64 62
f 62 59 68
f 1845 60 61
f 61 2 1845
f 6 1845 2
f 60 1845 1846
f 9 1846 1845
f 1846 58 60
f 1846 1847 58
f 11 1847 1846
f 11 1848 1847
f 56 1847 1848
f 11 54 1848
f 59 57 295
f 56 58 1847
f 55 293 57
f 1848 54 56
f 1837 55 52
f 13 53 54
f 52 49 1836
f 19 50 51
f 48 412 49
f 48 14 412
f 176 48 47
f 48 176 16
f 47 46 176
f 44 37 46
f 50 43 45
f 21 43 50
f 42 37 44
f 23 41 43
f 38 37 42
f 1078 37 35
f 36 40 34
f 33 1106 35
f 32 34 40
f 33 31 1542
f 1541 31 30
f 143 30 29
f 143 29 28
f 146 28 26
f 27 32 25
f 154 26 24
f 25 41 23
f 161 24 22
f 23 43 21
f 170 22 20
f 21 50 19
f 176 20 18
f 19 51 17
f 176 18 16
f 17 53 15
f 48 16 14
f 15 53 13
f 412 14 12
f 13 54 11
f 410 12 10
f 11 1846 9
f 403 10 8
f 9 1845 6
f 100 8 7
f 5 106 7
f 5 3 63
f 4 6 1
f 61 3 2
f 6 2 1

