# Exported from 3D Builder
o Object.1
v 20.182961 -27.690660 19.193100
v 19.271460 -28.011759 18.395500
v 19.395760 -28.022060 17.960501
v 20.286560 -27.690660 18.437000
v 20.317659 -27.587059 19.265600
v 20.421160 -27.587059 18.509501
v 20.379761 -27.410959 19.275900
v 20.845860 -27.410959 19.876699
v 20.887260 -26.426960 19.804199
v 23.414560 -26.426960 21.264601
v 22.648161 -27.845959 20.964300
v 22.782761 -27.597359 21.016100
v 23.031361 -27.493860 21.150700
v 23.373159 -26.975960 21.295700
v 23.342060 -27.524860 21.337101
v 23.311060 -27.587059 21.347500
v 23.000259 -27.628460 21.212900
v 23.238560 -27.659559 21.399300
v 23.145260 -27.680260 21.451099
v 22.938160 -27.680260 21.326799
v 22.824160 -27.700960 21.140301
v 22.772461 -27.732059 21.295700
v 22.720661 -27.866659 21.212900
v 22.668859 -27.856359 21.285400
v 22.627359 -27.980659 21.233601
v 22.699961 -27.949560 21.109301
v 22.585960 -28.011759 21.192101
v 22.544559 -28.022060 21.140301
v 22.606661 -27.980659 21.026400
v 22.710260 -27.856359 21.026400
v 22.741360 -27.866659 21.119600
v 20.234760 -27.845959 19.576300
v 20.649061 -27.690660 19.804199
v 20.783760 -27.587059 19.866301
v 19.395760 -28.001360 18.903101
v 19.727261 -27.959959 19.255199
v 19.312860 -28.022060 18.934099
v 19.343960 -28.022060 17.929399
v 18.681061 -28.022060 20.591400
v 17.013460 -28.022060 17.598000
v 15.760160 -28.022060 20.591400
v 14.496460 -28.022060 17.598000
v 12.828859 -28.022060 20.591400
v 12.197060 -28.022060 18.934099
v 12.134960 -28.022060 17.939800
v 11.979561 -28.022060 17.598000
v 13.004961 -28.022060 14.604600
v 15.760160 -28.022060 14.604600
v 14.341160 -28.022060 11.611100
v 17.179161 -28.022060 11.611100
v 18.515360 -28.022060 14.604600
v 20.017260 -28.022060 11.611100
v 21.260160 -28.022060 14.604600
v 19.530460 -28.022060 17.598000
v 19.758261 -28.022060 17.204401
v 21.923059 -28.022060 13.589500
v 20.659460 -28.022060 15.775000
v 21.529461 -27.690660 16.282499
v 22.907061 -27.587059 14.200600
v 22.782761 -27.690660 14.117701
v 23.383560 -27.690660 13.651600
v 22.244160 -28.011759 13.258000
v 22.730961 -28.022060 13.019800
v 22.730961 -28.001360 13.113000
v 23.093460 -28.022060 13.040500
v 23.217760 -27.959959 13.227000
v 23.746061 -27.845959 13.506600
v 24.139662 -27.690660 13.755200
v 23.507860 -27.587059 13.734500
v 24.263960 -27.587059 13.838100
v 23.549261 -27.410959 13.775900
v 24.305361 -27.410959 13.879500
v 24.139662 -26.426960 13.889900
v 23.507860 -26.426960 13.848400
v 22.907061 -26.426960 14.314500
v 21.612360 -26.426960 13.568800
v 23.632160 -26.426960 13.537700
v 22.699961 -26.426960 12.999100
v 21.726261 -25.556860 12.522600
v 22.668859 -26.426960 12.978400
v 21.664160 -26.426960 13.475500
v 22.430561 -26.426960 12.843700
v 21.643459 -26.779160 13.465200
v 23.000259 -26.426960 12.367300
v 22.969261 -26.779160 12.346500
v 22.285561 -26.779160 11.259000
v 24.709360 -26.779160 12.356900
v 24.129259 -26.426960 12.253300
v 24.730059 -26.603060 12.388000
v 24.740358 -26.426960 12.408700
v 24.978659 -26.426960 12.377600
v 25.082262 -26.426960 12.149700
v 25.061460 -26.603060 12.129000
v 25.051161 -26.779160 12.108300
v 24.947561 -26.779160 12.325800
v 24.926859 -26.779160 11.248600
v 24.688662 -26.426960 10.140300
v 24.647161 -26.779160 10.130000
v 24.170759 -26.426960 8.845600
v 23.891062 -26.426960 8.327710
v 23.880659 -26.426960 8.306990
v 23.870359 -26.426960 8.286270
v 23.859961 -26.426960 8.265560
v 23.818560 -26.779160 8.255200
v 22.648161 -26.426960 6.608300
v 22.637760 -26.779160 6.649740
v 21.125561 -26.779160 5.313580
v 21.135860 -26.779160 8.255200
v 20.887260 -26.779160 5.292860
v 20.866560 -26.426960 5.241070
v 20.711161 -26.426960 5.427510
v 20.887260 -26.426960 5.241070
v 20.700861 -26.426960 5.448230
v 20.876961 -26.426960 5.479300
v 21.156561 -26.426960 5.303220
v 21.363760 -26.426960 5.489660
v 21.104761 -26.426960 5.261790
v 21.115160 -26.613359 5.292860
v 22.544559 -26.426960 6.515090
v 20.876961 -26.426960 7.664800
v 20.110460 -26.426960 6.535800
v 19.882561 -26.426960 6.950110
v 20.731960 -26.613359 5.458590
v 20.742260 -26.779160 5.479300
v 19.882561 -26.779160 6.991540
v 18.442860 -26.779160 8.255200
v 19.696159 -26.779160 11.259000
v 17.106661 -26.779160 11.259000
v 18.473961 -26.779160 14.252400
v 21.187660 -26.779160 14.252400
v 19.457960 -26.779160 17.245800
v 19.167860 -26.426960 17.794800
v 19.147160 -26.779160 17.774099
v 18.846760 -26.779160 19.493500
v 19.002161 -26.426960 18.768400
v 18.888260 -26.426960 19.503799
v 19.157560 -26.779160 20.311701
v 19.064260 -26.426960 19.918100
v 19.343960 -26.426960 20.539600
v 19.727261 -26.779160 20.985001
v 19.758261 -26.613359 20.995300
v 19.768660 -26.426960 20.974600
v 19.789360 -26.426960 20.995300
v 19.820459 -26.779160 21.212900
v 19.882561 -26.426960 21.212900
v 19.675461 -26.779160 21.409700
v 19.706461 -26.613359 21.409700
v 19.861860 -26.426960 21.233601
v 19.737560 -26.426960 21.409700
v 19.665060 -26.426960 21.430401
v 19.654661 -26.426960 21.109301
v 19.416460 -26.426960 21.523600
v 17.769560 -26.426960 20.011301
v 17.924961 -26.426960 22.031099
v 17.800661 -26.426960 22.072500
v 16.412661 -26.426960 22.279699
v 15.708361 -26.426960 22.290100
v 15.874060 -26.426960 18.944500
v 13.388260 -26.426960 20.943501
v 15.760160 -26.426960 18.954800
v 15.925859 -24.676460 18.903101
v 18.318560 -26.426960 18.374800
v 18.380661 -25.556860 18.323000
v 18.442860 -24.676460 18.271200
v 19.478661 -24.676460 18.861601
v 18.888260 -24.676460 17.494400
v 20.617960 -24.676460 18.488701
v 21.601961 -24.676460 18.861601
v 21.374060 -24.676460 17.173300
v 22.119860 -24.676460 15.868200
v 23.725361 -24.676460 18.861601
v 24.605761 -24.676460 15.868200
v 26.014460 -24.676460 18.965200
v 26.086962 -24.676460 18.809799
v 25.693361 -24.717960 19.576300
v 26.004061 -24.676460 18.975599
v 25.972960 -24.676460 19.037701
v 25.952261 -24.676460 19.079100
v 25.972960 -24.645460 19.037701
v 26.024759 -24.479660 18.965200
v 25.838362 -23.972160 19.224100
v 25.341162 -23.972160 20.073500
v 24.843962 -24.303560 20.632801
v 24.181059 -24.676460 21.357901
v 24.626459 -23.972160 20.943501
v 23.435360 -23.972160 22.093300
v 23.601061 -24.334660 21.906799
v 23.404261 -24.365759 22.062201
v 23.165960 -23.920359 22.269400
v 23.311060 -24.500359 22.124300
v 22.399561 -24.717960 22.880501
v 23.248859 -24.676460 22.155399
v 23.528561 -24.676460 21.917200
v 23.580360 -24.676460 21.875799
v 24.201761 -24.717960 21.388901
v 21.757360 -24.717960 22.694000
v 21.746960 -24.717960 23.222300
v 20.317659 -24.676460 23.947300
v 21.695160 -24.676460 23.243000
v 21.736660 -24.676460 23.222300
v 21.819460 -24.676460 23.180799
v 21.601961 -23.972160 23.367300
v 22.347761 -23.972160 22.849400
v 22.627359 -24.034260 22.663000
v 21.726261 -23.920359 23.253300
v 22.472061 -23.920359 22.787201
v 22.544559 -23.972160 22.725100
v 22.803461 -23.972160 22.538700
v 23.559660 -23.972160 22.238300
v 23.973959 -23.972160 21.844700
v 23.984259 -23.972160 21.823999
v 23.859961 -23.920359 21.679001
v 23.704660 -23.920359 21.886101
v 23.621759 -23.920359 21.886101
v 24.502161 -23.920359 21.026400
v 24.533258 -23.920359 21.078199
v 24.139662 -23.972160 21.689301
v 24.108561 -23.992859 21.792900
v 24.854361 -24.189659 22.155399
v 24.957960 -24.168959 21.958601
v 24.719660 -24.023960 21.399300
v 24.906160 -21.900560 21.730700
v 24.906160 -24.117159 21.730700
v 24.947561 -21.900560 21.958601
v 26.004061 -21.900560 20.860701
v 24.854361 -21.900560 22.155399
v 25.859060 -21.196260 21.005701
v 26.967360 -21.900560 19.410601
v 27.402361 -21.196260 18.550900
v 27.733862 -21.900560 17.856899
v 28.282759 -21.900560 16.210001
v 28.355261 -21.196260 15.816401
v 28.386362 -21.900560 15.775000
v 28.479559 -21.900560 15.340000
v 28.666059 -21.900560 13.910600
v 28.686762 -21.196260 12.947300
v 28.697062 -21.900560 12.460500
v 28.666059 -21.900560 11.973701
v 28.624559 -21.900560 11.486800
v 28.375959 -21.900560 10.057500
v 28.355261 -21.196260 10.067801
v 27.982359 -21.900560 8.669510
v 27.806360 -21.900560 8.213770
v 27.619860 -21.900560 7.758020
v 27.402361 -21.196260 7.333350
v 26.967360 -21.900560 6.463290
v 26.180159 -21.900560 5.261790
v 25.879759 -21.900560 4.868190
v 25.859060 -21.196260 4.878550
v 25.569059 -21.900560 4.495310
v 24.564360 -21.900560 3.449170
v 23.818560 -21.196260 2.838050
v 23.456060 -21.900560 2.527320
v 23.052061 -21.900560 2.247660
v 22.637760 -21.900560 1.978350
v 21.374060 -21.900560 1.274020
v 21.363760 -21.196260 1.294740
v 20.037960 -21.900560 0.725050
v 19.613260 -21.900560 0.580040
v 19.188560 -21.900560 0.455750
v 18.629261 -21.196260 0.341810
v 17.489960 -21.900560 0.113940
v 18.960760 -21.900560 0.476470
v 18.794960 -21.900560 0.621480
v 17.686760 -21.900560 2.537680
v 15.760160 -21.900560 2.361590
v 15.760160 -21.900560 0.000010
v 13.823259 -21.900560 2.537680
v 14.020060 -21.900560 0.113940
v 15.760160 -21.196260 0.020720
v 15.760160 -19.974060 0.072510
v 15.760160 -18.213160 0.217520
v 15.760160 -18.057859 0.227880
v 13.274260 -18.057859 0.476470
v 12.321360 -21.900560 0.455750
v 11.896660 -21.900560 0.580040
v 11.472061 -21.900560 0.725050
v 10.891960 -18.057859 1.201520
v 10.135860 -21.900560 1.274020
v 9.918360 -18.057859 1.657260
v 8.872160 -21.900560 1.978350
v 8.696159 -18.057859 2.371950
v 8.468260 -21.900560 2.247660
v 8.064260 -21.900560 2.527320
v 6.945661 -21.900560 3.449170
v 6.769560 -18.057859 3.956700
v 5.951261 -21.900560 4.495310
v 6.117061 -18.057859 4.661030
v 5.630160 -21.900560 4.868190
v 5.340160 -21.900560 5.261790
v 5.184760 -18.057859 5.883260
v 4.542661 -21.900560 6.463290
v 5.267660 -21.921259 5.489660
v 5.329861 -24.189659 5.261790
v 5.267660 -24.168959 5.489660
v 5.298760 -21.942060 5.613950
v 5.371261 -24.106760 5.717530
v 5.371261 -21.973059 5.717530
v 5.619861 -22.076660 5.966120
v 5.868461 -22.159559 6.214710
v 5.391960 -22.159559 6.960470
v 5.443760 -23.920359 6.981190
v 5.868461 -23.920359 6.214710
v 5.609460 -23.972160 6.670450
v 5.516260 -24.376160 6.856890
v 4.760160 -24.666159 8.369140
v 5.278060 -23.972160 7.281560
v 5.112260 -23.972160 7.550870
v 4.967260 -23.972160 7.789100
v 4.977660 -23.920359 7.747670
v 4.842960 -23.972160 8.068760
v 4.625461 -23.972160 8.555580
v 4.625461 -23.920359 8.576290
v 4.594460 -23.972160 8.659160
v 4.314760 -23.972160 9.456700
v 4.325060 -23.920359 9.425600
v 4.304360 -23.972160 9.518900
v 4.283660 -23.972160 9.601700
v 4.149060 -23.972160 10.264600
v 4.138660 -23.920359 10.295700
v 4.128360 -23.972160 10.357800
v 3.972960 -23.972160 11.165800
v 3.983260 -23.920359 11.145000
v 3.838261 -23.972160 12.004700
v 3.827960 -23.920359 12.046200
v 3.827960 -23.972160 12.108300
v 3.827960 -23.972160 12.243000
v 3.796861 -23.972160 12.947300
v 3.796861 -23.920359 12.947300
v 3.807261 -23.972160 13.050900
v 3.817560 -23.972160 13.216600
v 3.879760 -23.972160 13.869101
v 3.879760 -23.920359 13.827700
v 3.962561 -23.972160 14.635600
v 3.972960 -23.920359 14.697800
v 3.952260 -24.427860 14.521700
v 4.211161 -24.635059 15.847500
v 4.117960 -23.972160 15.443501
v 4.149060 -23.972160 15.619600
v 4.138660 -23.920359 15.588501
v 4.169761 -23.972160 15.899300
v 4.159360 -23.920359 15.899300
v 4.366560 -23.972160 16.437901
v 4.376861 -23.920359 16.469000
v 4.407960 -23.972160 16.541500
v 4.532260 -23.972160 16.831501
v 5.257360 -23.972160 18.499100
v 5.391960 -23.972160 18.809799
v 5.443760 -23.920359 18.903101
v 5.443760 -23.972160 18.903101
v 5.495561 -23.972160 18.985901
v 5.692360 -23.972160 19.255199
v 7.007760 -23.920359 21.026400
v 6.334560 -24.676460 20.228901
v 6.997460 -23.972160 21.016100
v 7.028461 -23.972160 21.057501
v 7.629260 -23.972160 21.658199
v 7.649961 -23.920359 21.679001
v 7.670660 -23.972160 21.689301
v 7.888161 -23.920359 21.886101
v 7.908960 -24.614359 21.896500
v 7.929661 -24.593660 21.917200
v 7.308160 -24.717960 21.388901
v 8.074659 -23.972160 22.093300
v 6.707460 -24.717960 20.746700
v 7.587860 -24.075760 21.606501
v 6.562360 -23.972160 20.860701
v 7.908960 -23.972160 22.186501
v 7.960760 -23.972160 22.227900
v 7.815660 -23.920359 21.886101
v 8.343960 -23.920359 22.269400
v 7.981461 -24.583260 21.958601
v 8.002161 -24.676460 21.969000
v 9.804359 -24.676460 23.253300
v 9.048260 -23.920359 22.787201
v 9.783661 -23.920359 23.253300
v 9.017160 -22.159559 22.828701
v 8.302561 -22.159559 22.300400
v 8.468260 -21.900560 23.636600
v 8.043560 -22.076660 22.528299
v 7.774260 -21.973059 22.756201
v 7.774260 -24.106760 22.756201
v 7.660360 -21.942060 22.828701
v 7.546360 -24.168959 22.849400
v 8.043560 -24.013559 22.528299
v 8.178261 -23.972160 22.393600
v 8.178261 -23.972160 22.383301
v 8.147160 -23.972160 22.362600
v 8.053961 -23.972160 22.290100
v 9.566160 -23.972160 23.160101
v 9.120760 -24.717960 22.880501
v 8.395760 -24.717960 21.710001
v 6.728160 -24.717960 19.990601
v 6.800660 -27.638859 20.073500
v 7.857161 -26.426960 21.233601
v 9.576561 -26.426960 22.580101
v 9.711161 -24.717960 22.663000
v 9.690460 -26.426960 22.652599
v 10.612360 -24.717960 23.170500
v 11.503059 -26.426960 23.574400
v 12.725361 -24.717960 23.988800
v 13.118959 -24.717960 24.082001
v 13.201759 -26.426960 24.102699
v 15.739460 -24.717960 24.392700
v 13.595360 -26.426960 24.185600
v 15.760160 -26.426960 24.392700
v 18.401461 -24.717960 24.082001
v 18.743259 -24.717960 24.517000
v 15.739460 -24.717960 24.889900
v 18.090660 -24.717960 24.662001
v 18.908960 -24.676460 24.403101
v 21.260160 -24.676460 22.921900
v 18.598160 -24.676460 23.978399
v 21.177259 -25.981560 22.932301
v 18.546461 -25.981560 23.957701
v 15.760160 -24.676460 24.340900
v 15.760160 -25.981560 24.309799
v 12.911760 -24.676460 23.978399
v 12.963560 -25.981560 23.957701
v 10.343060 -25.981560 22.932301
v 10.249760 -24.676460 22.921900
v 8.737560 -24.676460 21.927500
v 8.053961 -25.981560 21.295700
v 8.188560 -26.209459 21.243900
v 8.323259 -26.426960 21.192101
v 9.825161 -26.426960 22.248600
v 10.042660 -26.426960 22.393600
v 10.084061 -26.426960 22.424700
v 10.539860 -26.426960 22.745800
v 12.984261 -26.426960 23.688400
v 13.067160 -26.426960 23.719400
v 13.719660 -26.426960 23.802299
v 14.009661 -26.426960 23.833401
v 15.470160 -26.426960 24.009501
v 15.760160 -26.426960 24.050900
v 15.863760 -26.426960 24.040501
v 17.655661 -26.426960 23.854099
v 17.924961 -26.426960 24.185600
v 17.904261 -26.426960 23.823000
v 18.069960 -26.426960 23.802299
v 20.006861 -26.426960 23.574400
v 19.654661 -26.426960 23.336201
v 20.535160 -26.426960 23.346600
v 19.737560 -26.426960 23.305099
v 20.079361 -26.426960 23.139400
v 20.379761 -26.426960 22.983999
v 21.643459 -26.426960 22.362600
v 21.954161 -26.426960 22.134701
v 22.389160 -26.426960 22.269400
v 21.985260 -26.426960 22.103600
v 22.005960 -26.426960 22.082901
v 22.192360 -26.426960 21.948299
v 23.197060 -26.426960 21.192101
v 23.538860 -26.426960 21.295700
v 23.652861 -26.426960 21.233601
v 23.611361 -26.986259 21.275000
v 23.580360 -27.514559 21.306101
v 23.466360 -27.504160 21.357901
v 23.445660 -27.587059 21.378601
v 23.414560 -27.649160 21.399300
v 23.238560 -27.732059 21.554701
v 20.990860 -27.732059 23.077301
v 21.601961 -27.856359 22.808001
v 19.758261 -27.856359 23.688400
v 18.453159 -27.732059 24.019800
v 17.790260 -27.856359 24.226999
v 15.760160 -27.856359 24.413401
v 15.760160 -27.732059 24.340900
v 13.719660 -27.856359 24.226999
v 13.067160 -27.732059 24.019800
v 11.751659 -27.856359 23.688400
v 10.519060 -27.732059 23.077301
v 9.907961 -27.856359 22.808001
v 8.240360 -27.856359 21.596100
v 8.281761 -27.732059 21.554701
v 9.752661 -27.680260 22.476500
v 11.275261 -27.680260 23.284401
v 11.813860 -27.680260 23.501900
v 11.513460 -27.680260 23.129000
v 11.927761 -27.680260 23.294800
v 13.678261 -27.680260 24.019800
v 13.812860 -27.680260 23.802299
v 15.594460 -27.680260 24.206301
v 15.760160 -27.680260 23.978399
v 16.008760 -27.680260 23.978399
v 15.760160 -27.680260 24.206301
v 18.422161 -27.680260 23.895500
v 18.339260 -27.680260 23.667700
v 18.277161 -27.732059 23.553699
v 20.649061 -27.732059 22.683701
v 20.773361 -27.680260 22.766500
v 20.576561 -27.856359 22.652599
v 18.235661 -27.856359 23.491600
v 15.760160 -27.732059 23.843700
v 15.760160 -27.856359 23.781601
v 13.243160 -27.732059 23.553699
v 13.274260 -27.856359 23.491600
v 10.933361 -27.856359 22.652599
v 10.860861 -27.732059 22.683701
v 8.841160 -27.856359 21.285400
v 8.747860 -27.732059 21.295700
v 8.685760 -27.700960 21.140301
v 8.509661 -27.628460 21.212900
v 8.478559 -27.493860 21.150700
v 8.727160 -27.597359 21.016100
v 8.768660 -27.866659 21.119600
v 8.799660 -27.856359 21.026400
v 8.872160 -27.845959 20.964300
v 8.810061 -27.949560 21.109301
v 8.903261 -27.970259 21.016100
v 8.923960 -28.011759 21.192101
v 8.965460 -28.022060 21.140301
v 11.016260 -28.022060 22.466200
v 8.882561 -27.980659 21.233601
v 11.409861 -27.980659 22.797600
v 13.326059 -28.022060 23.305099
v 14.268660 -27.980659 23.615900
v 15.760160 -28.022060 23.584801
v 17.241360 -27.980659 23.615900
v 18.194260 -28.022060 23.305099
v 20.100060 -27.980659 22.797600
v 20.493660 -28.022060 22.466200
v 21.601961 -28.022060 20.591400
v 20.141560 -28.022060 19.752399
v 20.203661 -27.970259 19.628099
v 19.623661 -28.022060 19.369200
v 19.509661 -28.022060 19.244900
v 9.907961 -28.022060 20.591400
v 11.378759 -28.022060 19.752399
v 11.886360 -28.022060 19.369200
v 12.000259 -28.022060 19.244900
v 11.306261 -27.970259 19.628099
v 11.782761 -27.959959 19.255199
v 12.114161 -28.001360 18.903101
v 11.326960 -27.690660 19.193100
v 12.238461 -28.011759 18.395500
v 11.223461 -27.690660 18.437000
v 9.980461 -27.690660 16.282499
v 10.850561 -28.022060 15.775000
v 8.737560 -27.690660 14.117701
v 9.586861 -28.022060 13.589500
v 9.649061 -28.022060 13.558400
v 9.276161 -28.011759 13.258000
v 8.778961 -28.001360 13.113000
v 8.126461 -27.690660 13.651600
v 7.370360 -27.690660 13.755200
v 8.302561 -27.959959 13.227000
v 7.774260 -27.845959 13.506600
v 8.416460 -28.022060 13.040500
v 8.789360 -28.022060 13.019800
v 8.665060 -28.022060 11.611100
v 8.261061 -28.022060 13.082000
v 7.670660 -28.022060 13.330501
v 5.215860 -28.022060 11.517900
v 5.464460 -28.022060 14.604600
v 5.246961 -28.022060 14.604600
v 5.112260 -28.022060 13.061200
v 5.050160 -27.980659 11.776900
v 5.775160 -27.980659 8.897390
v 5.381560 -27.856359 9.808900
v 6.365561 -27.856359 7.519800
v 7.256360 -27.980659 6.318280
v 7.857161 -27.856359 5.520730
v 9.390060 -27.980659 4.246720
v 9.762960 -27.856359 3.915270
v 11.989960 -27.856359 2.775910
v 12.010660 -27.980659 2.838050
v 12.072760 -27.866659 2.775910
v 12.197060 -27.700960 2.724120
v 12.031361 -27.732059 2.693040
v 12.217760 -27.628460 2.537680
v 12.083160 -27.680260 2.537680
v 12.165960 -27.659559 2.237300
v 12.083160 -27.680260 2.289090
v 12.248859 -27.587059 2.195870
v 12.041660 -27.732059 2.164790
v 10.508760 -27.680260 2.972710
v 9.597260 -27.732059 3.345590
v 9.048260 -27.680260 3.884190
v 8.592560 -27.680260 4.246720
v 7.504960 -27.732059 5.064990
v 9.566160 -27.856359 3.293800
v 12.020960 -27.856359 2.102650
v 11.834560 -27.866659 2.164790
v 9.452261 -27.866659 3.355940
v 7.463560 -27.856359 5.023560
v 7.411760 -27.866659 5.075350
v 5.826961 -27.866659 7.209060
v 6.562360 -27.980659 5.997190
v 5.143360 -27.980659 8.452000
v 5.671660 -28.022060 7.115840
v 6.541660 -28.022060 5.821110
v 8.271460 -28.022060 4.018850
v 8.530361 -27.980659 3.967060
v 9.576561 -28.022060 3.065920
v 10.943760 -27.980659 2.475530
v 11.772360 -28.022060 1.999070
v 12.632061 -28.022060 1.719410
v 13.636761 -27.980659 1.615830
v 14.133961 -28.022060 1.408670
v 15.656561 -28.022060 1.294740
v 16.464460 -27.980659 1.439750
v 17.179161 -28.022060 1.377600
v 18.681061 -28.022060 1.667620
v 19.250761 -27.980659 1.957640
v 19.737560 -28.022060 1.999070
v 21.736660 -28.022060 2.941630
v 21.819460 -27.980659 3.138430
v 23.248859 -28.022060 4.018850
v 24.036058 -27.980659 4.919980
v 24.771460 -28.022060 5.572520
v 25.838362 -28.022060 7.115840
v 25.734758 -27.980659 7.177990
v 26.915560 -28.022060 9.601700
v 26.801661 -27.980659 9.632800
v 27.267759 -27.980659 12.274000
v 27.381659 -28.022060 12.263700
v 27.101961 -27.980659 14.946400
v 27.226259 -28.022060 14.967100
v 26.335562 -27.980659 17.504700
v 26.449461 -28.022060 17.556499
v 24.999361 -27.980659 19.824900
v 25.102961 -28.022060 19.897400
v 24.678259 -28.022060 20.425699
v 23.165960 -27.980659 21.772200
v 23.238560 -28.022060 21.865400
v 21.829861 -28.022060 22.880501
v 20.928761 -27.980659 23.243000
v 20.390160 -28.022060 23.626200
v 18.857161 -28.022060 24.164801
v 18.411760 -27.980659 24.154501
v 17.324160 -28.022060 24.485901
v 15.760160 -28.022060 24.589500
v 15.760160 -27.980659 24.465200
v 18.401461 -27.866659 24.102699
v 20.907961 -27.866659 23.191200
v 12.942860 -27.980659 24.123400
v 14.030361 -28.022060 24.454901
v 12.445660 -28.022060 24.102699
v 10.923059 -28.022060 23.533001
v 10.301559 -27.980659 23.098000
v 9.493660 -28.022060 22.756201
v 8.271460 -28.022060 21.865400
v 7.991760 -27.980659 21.461401
v 6.645260 -28.022060 20.197800
v 6.417360 -28.022060 19.897400
v 6.148060 -27.980659 19.306999
v 5.060560 -28.022060 17.556499
v 4.884460 -27.980659 16.769300
v 4.283660 -28.022060 14.967100
v 4.283660 -27.980659 14.003800
v 4.128360 -28.022060 12.263700
v 4.366560 -27.980659 11.176100
v 4.594460 -28.022060 9.601700
v 4.770460 -27.866659 9.653501
v 4.304360 -27.866659 12.274000
v 4.749761 -27.856359 9.715700
v 4.304360 -27.856359 12.408700
v 4.459761 -27.866659 14.936000
v 4.501161 -27.856359 15.122400
v 5.226260 -27.866659 17.483999
v 5.081261 -27.721659 17.100800
v 5.837360 -27.721659 18.664801
v 6.562360 -27.866659 19.793800
v 6.821361 -27.721659 20.104601
v 8.002161 -27.721659 21.378601
v 8.105761 -27.825260 21.482201
v 8.385361 -27.866659 21.730700
v 8.105761 -27.649160 21.399300
v 8.064260 -27.587059 21.378601
v 7.981461 -27.680260 21.347500
v 7.960760 -27.638859 21.326799
v 7.939960 -27.566360 21.316401
v 7.939960 -27.514559 21.306101
v 8.043560 -27.504160 21.357901
v 7.981461 -26.426960 21.295700
v 8.095360 -26.426960 21.264601
v 8.136761 -26.975960 21.295700
v 8.167860 -27.493860 21.337101
v 10.622660 -26.426960 19.804199
v 9.690460 -26.426960 20.394600
v 10.601961 -26.426960 19.866301
v 10.653761 -26.426960 19.845600
v 10.653761 -26.426960 19.835300
v 11.068060 -26.426960 19.607401
v 11.088760 -26.426960 19.203400
v 11.202761 -26.426960 19.524500
v 11.585960 -26.426960 19.296700
v 11.969160 -26.426960 19.079100
v 10.995560 -26.426960 18.447300
v 12.507761 -26.426960 18.768400
v 12.342060 -26.426960 17.794800
v 12.290260 -26.426960 17.701500
v 12.362761 -26.779160 17.774099
v 9.897661 -26.426960 13.568800
v 9.814760 -23.816759 13.879500
v 11.969160 -23.816759 17.618700
v 9.731861 -21.196260 14.190200
v 10.695160 -21.196260 15.857901
v 11.658461 -21.196260 17.525499
v 10.860861 -23.443859 18.219400
v 10.923059 -24.935459 18.333401
v 9.804359 -23.443859 16.386101
v 11.036961 -27.410959 18.519800
v 9.804359 -27.410959 16.386101
v 8.737560 -23.443859 14.542400
v 8.675360 -24.935459 14.428500
v 8.602859 -26.426960 14.314500
v 8.561460 -27.410959 14.242001
v 8.602859 -27.587059 14.200600
v 7.960760 -27.410959 13.775900
v 8.002161 -26.426960 13.848400
v 7.380660 -26.426960 13.889900
v 7.246060 -26.426960 13.952000
v 7.204560 -27.410959 13.879500
v 8.002161 -27.587059 13.734500
v 7.246060 -27.587059 13.838100
v 11.088760 -27.587059 18.509501
v 11.192360 -27.587059 19.265600
v 10.860861 -27.690660 19.804199
v 10.726261 -27.587059 19.866301
v 11.130159 -27.410959 19.275900
v 10.664061 -27.410959 19.876699
v 11.275261 -27.845959 19.576300
v 5.360860 -27.845959 14.894600
v 4.718660 -26.426960 15.412500
v 5.246961 -27.597359 14.987801
v 5.008760 -27.493860 15.132801
v 4.708361 -26.975960 15.360701
v 4.697960 -27.524860 15.308901
v 4.697960 -27.607759 15.267500
v 4.977660 -27.628460 15.080999
v 4.687660 -27.659559 15.184601
v 4.697960 -27.680260 15.091400
v 4.905160 -27.680260 14.967100
v 5.122661 -27.700960 14.967100
v 5.019060 -27.721659 14.842800
v 5.112260 -27.866659 14.842800
v 5.070860 -27.856359 14.759900
v 5.133060 -27.980659 14.749600
v 5.205561 -27.949560 14.873900
v 5.195160 -28.011759 14.739201
v 5.267660 -28.022060 14.718500
v 5.329861 -27.980659 14.832400
v 5.278060 -27.856359 14.915300
v 5.184760 -27.866659 14.904901
v 7.743160 -27.970259 13.454801
v 4.936260 -27.856359 12.263700
v 4.874061 -27.732059 12.315500
v 5.309060 -27.732059 9.819201
v 6.313860 -27.732059 7.488720
v 6.199861 -27.680260 7.426570
v 7.318561 -27.680260 5.831470
v 7.826059 -27.732059 5.458590
v 8.706461 -27.680260 4.453870
v 9.058661 -27.680260 4.174210
v 9.762960 -27.732059 3.832400
v 10.508760 -27.680260 3.231650
v 7.204560 -27.680260 5.603600
v 6.075561 -27.680260 7.167630
v 5.992761 -27.680260 7.312640
v 5.878760 -27.732059 7.240130
v 4.946560 -27.680260 9.767400
v 4.811960 -27.732059 9.736401
v 4.366560 -27.732059 12.408700
v 4.501161 -27.680260 12.419100
v 4.563360 -27.732059 15.112101
v 4.604760 -27.649160 15.340000
v 4.615160 -27.587059 15.381401
v 4.573660 -27.721659 15.433201
v 4.594460 -27.638859 15.505701
v 4.584061 -27.680260 15.474600
v 5.101960 -27.638859 17.131901
v 5.837360 -27.638859 18.664801
v 5.236560 -24.717960 17.473700
v 6.572761 -24.717960 19.783501
v 5.816660 -24.717960 19.576300
v 6.572761 -23.972160 20.580999
v 6.168760 -23.972160 20.073500
v 5.692360 -24.137859 19.275900
v 5.495561 -24.490059 18.975599
v 5.516260 -24.676460 19.006599
v 7.794960 -24.676460 18.861601
v 7.339260 -24.676460 21.357901
v 7.929661 -24.676460 21.233601
v 7.867460 -24.676460 21.865400
v 7.939960 -24.676460 21.917200
v 7.991760 -25.329060 21.264601
v 10.498360 -24.676460 19.752399
v 9.918360 -24.676460 18.861601
v 12.041660 -24.676460 18.861601
v 13.077459 -24.676460 18.271200
v 13.129261 -25.556860 18.323000
v 15.584061 -24.676460 18.903101
v 13.191460 -26.426960 18.374800
v 12.632061 -26.426960 19.503799
v 12.176361 -26.426960 20.249599
v 12.362761 -26.779160 20.311701
v 12.663160 -26.779160 19.493500
v 14.579361 -26.779160 20.239201
v 14.527561 -26.779160 17.245800
v 12.062460 -26.779160 17.245800
v 13.046360 -26.779160 14.252400
v 10.332661 -26.779160 14.252400
v 11.917360 -26.779160 11.259000
v 9.327961 -26.779160 11.259000
v 10.384460 -26.779160 8.255200
v 7.691360 -26.779160 8.255200
v 8.882561 -26.779160 6.639380
v 7.649961 -26.426960 8.265560
v 7.339260 -26.426960 8.845600
v 7.691360 -26.426960 8.224130
v 6.831660 -26.426960 10.140300
v 6.800660 -26.426960 10.254300
v 8.665060 -26.426960 11.124300
v 10.560560 -26.426960 10.016000
v 9.814760 -26.426960 12.419100
v 9.804359 -24.676460 12.605500
v 9.814760 -25.556860 12.512300
v 9.327961 -24.676460 12.874800
v 12.269560 -24.676460 12.874800
v 10.249760 -24.676460 13.382300
v 12.269560 -24.676460 12.947300
v 11.689560 -24.676460 15.868200
v 12.735661 -24.676460 14.687400
v 13.895760 -24.676460 15.899300
v 14.009661 -24.293259 15.961401
v 14.009661 -24.676460 15.961401
v 15.760160 -24.293259 16.427500
v 15.760160 -24.676460 16.427500
v 15.760160 -24.676460 18.903101
v 17.500259 -24.676460 15.961401
v 17.614260 -24.676460 15.899300
v 18.774260 -24.293259 14.687400
v 18.774260 -24.676460 14.687400
v 19.820459 -24.676460 15.868200
v 18.950359 -23.423159 17.401199
v 20.079361 -23.423159 18.053699
v 20.659460 -23.423159 18.385201
v 20.752661 -23.423159 21.047100
v 20.856260 -23.423159 18.053699
v 21.871260 -23.423159 20.239201
v 22.865660 -23.423159 19.275900
v 22.938160 -23.423159 18.053699
v 21.715960 -23.423159 16.551800
v 22.575661 -23.423159 15.060301
v 22.927761 -23.423159 14.469900
v 22.989960 -24.676460 14.376700
v 24.284658 -24.676460 14.086700
v 22.182060 -24.676460 12.874800
v 21.260160 -24.676460 13.382300
v 20.483360 -24.676460 12.874800
v 20.307261 -23.423159 15.060301
v 21.218760 -23.423159 13.475500
v 20.452261 -23.423159 13.589500
v 19.986160 -23.423159 15.080999
v 19.861860 -23.423159 15.308901
v 19.851460 -23.039959 15.308901
v 20.141560 -23.039959 14.718500
v 19.198959 -23.039959 14.687400
v 19.613260 -23.039959 13.195900
v 19.406160 -20.056860 14.128100
v 19.406160 -20.056860 11.756200
v 19.395760 -23.039959 11.652600
v 19.105761 -23.039959 11.010400
v 18.007860 -20.056860 9.840000
v 17.686760 -23.039959 9.601700
v 15.760160 -23.039959 9.083800
v 15.760160 -20.056860 9.104500
v 17.997459 -17.053160 9.860701
v 15.760160 -17.053160 9.135600
v 17.655661 -14.567259 9.663900
v 18.805361 -14.567259 10.689301
v 19.033260 -14.567259 11.051800
v 19.385361 -17.053160 11.766500
v 19.457960 -14.567259 13.765600
v 19.385361 -17.053160 14.117701
v 19.033260 -14.567259 14.832400
v 17.997459 -17.053160 16.023600
v 18.007860 -20.056860 16.044300
v 15.760160 -17.053160 16.748600
v 15.760160 -20.056860 16.779699
v 17.686760 -23.039959 16.282499
v 19.105761 -23.039959 14.873900
v 18.121759 -23.039959 17.038601
v 15.760160 -23.039959 16.800400
v 15.760160 -23.039959 17.670500
v 18.121759 -23.423159 17.038601
v 15.760160 -23.423159 17.680799
v 17.199860 -23.423159 18.053699
v 14.310061 -23.423159 18.053699
v 15.760160 -23.423159 20.146000
v 18.359961 -23.423159 19.659201
v 18.359961 -25.536160 19.721300
v 15.760160 -25.536160 20.208099
v 15.760160 -25.536160 23.046200
v 13.087860 -25.536160 22.683701
v 15.760160 -23.039959 23.108299
v 18.504961 -23.039959 22.725100
v 18.432461 -25.536160 22.683701
v 20.918360 -25.536160 21.627201
v 20.907961 -25.536160 21.192101
v 21.032261 -25.536160 21.409700
v 20.980461 -24.220760 21.192101
v 21.042660 -23.039959 21.192101
v 20.773361 -23.039959 21.047100
v 21.539860 -23.039959 20.518900
v 20.762960 -23.236759 21.047100
v 21.488060 -23.039959 21.792900
v 21.166960 -23.039959 21.409700
v 21.042660 -23.039959 21.627201
v 20.162260 -23.039959 22.528299
v 21.405161 -21.341259 21.906799
v 21.985260 -21.341259 21.513201
v 22.534161 -21.341259 21.078199
v 22.596361 -21.341259 21.036800
v 23.041759 -23.039959 20.570700
v 23.114260 -21.341259 20.560301
v 23.632160 -21.341259 20.032101
v 23.766760 -23.039959 19.814501
v 23.797861 -21.900560 19.814501
v 24.108561 -21.341259 19.462400
v 24.543562 -21.341259 18.861601
v 24.926859 -21.341259 18.240200
v 24.916460 -21.900560 18.229799
v 25.258261 -21.341259 17.618700
v 25.289362 -21.341259 17.556499
v 25.579359 -21.341259 16.914400
v 25.724360 -21.900560 16.469000
v 27.951361 -21.900560 16.469000
v 28.158461 -21.900560 16.396500
v 28.158461 -24.168959 16.396500
v 28.282759 -24.189659 16.210001
v 28.386362 -24.189659 15.775000
v 27.827059 -24.055059 15.899300
v 27.920259 -24.065359 15.692101
v 28.510660 -24.189659 15.194901
v 28.137762 -24.106760 15.464300
v 28.189562 -24.117159 15.308901
v 28.479559 -24.189659 15.340000
v 28.158461 -24.096460 15.132801
v 28.137762 -24.096460 15.112101
v 28.438162 -24.168959 15.101700
v 28.438162 -21.921259 15.101700
v 28.365660 -21.942060 15.008501
v 28.251760 -21.973059 14.946400
v 27.909861 -22.076660 14.832400
v 27.588758 -22.159559 14.718500
v 27.682062 -22.159559 13.838100
v 27.640562 -23.920359 13.827700
v 27.537062 -23.920359 14.697800
v 27.557760 -24.458960 14.511300
v 27.599161 -24.355360 14.190200
v 27.661261 -24.676460 12.947300
v 27.630259 -23.972160 14.304200
v 27.650961 -23.972160 13.693100
v 27.858160 -23.972160 12.377600
v 27.713060 -23.972160 12.947300
v 27.723459 -23.920359 12.947300
v 27.671659 -23.920359 12.895500
v 28.054960 -24.013559 12.885201
v 27.640562 -23.920359 12.056500
v 27.858160 -23.972160 12.429400
v 28.407061 -24.106760 12.823000
v 28.407061 -21.973059 12.823000
v 28.614260 -24.168959 12.698700
v 28.531359 -21.942060 12.771200
v 28.624559 -21.921259 12.698700
v 28.697062 -24.189659 12.470800
v 28.666059 -24.189659 11.973701
v 28.375959 -24.106760 12.211900
v 28.168859 -24.065359 12.015100
v 28.106661 -24.055059 11.662900
v 28.510660 -24.189659 10.689301
v 27.816660 -23.992859 11.352201
v 27.744162 -23.972160 11.300400
v 28.624559 -24.189659 11.476501
v 27.537062 -23.920359 11.145000
v 28.510660 -24.168959 11.269300
v 27.930662 -24.013559 11.165800
v 28.293161 -24.106760 11.176100
v 28.407061 -21.942060 11.207200
v 28.293161 -21.973059 11.176100
v 28.510660 -21.921259 11.269300
v 27.930662 -22.076660 11.165800
v 27.588758 -22.159559 11.145000
v 27.423059 -22.159559 10.275001
v 27.371260 -23.920359 10.295700
v 27.423059 -23.972160 10.575400
v 27.360960 -23.972160 10.264600
v 27.640562 -23.972160 10.492500
v 27.215960 -23.972160 9.529201
v 27.195261 -23.920359 9.425600
v 27.205561 -23.972160 9.518900
v 27.381659 -23.972160 9.456700
v 27.195261 -23.972160 9.456700
v 27.164160 -23.972160 9.353100
v 26.843061 -23.920359 8.586650
v 27.495562 -24.013559 9.259900
v 27.816660 -24.106760 9.094200
v 27.972059 -24.168959 8.918100
v 27.982359 -24.189659 8.669510
v 27.806360 -24.189659 8.213770
v 26.532362 -23.920359 7.747670
v 27.619860 -24.189659 7.758020
v 27.454161 -24.168959 7.581940
v 26.863760 -24.013559 7.654450
v 27.215960 -24.106760 7.561230
v 27.340261 -21.942060 7.550870
v 27.215960 -21.973059 7.561230
v 27.454161 -21.921259 7.581940
v 26.863760 -22.076660 7.654450
v 26.532362 -22.159559 7.747670
v 26.117960 -22.159559 6.960470
v 26.076559 -23.920359 6.981190
v 26.490862 -23.972160 7.675160
v 26.345861 -23.972160 7.436930
v 26.262960 -23.972160 6.877610
v 26.107660 -23.972160 6.970830
v 26.211260 -23.972160 7.219420
v 26.304461 -24.189659 7.364430
v 25.941961 -24.676460 6.774030
v 26.304461 -24.210360 7.364430
v 26.325159 -24.220760 7.426570
v 26.687662 -24.448660 8.193050
v 26.760160 -24.676460 8.389850
v 26.698061 -24.676460 9.746700
v 25.631159 -24.676460 7.240130
v 25.403261 -24.676460 6.856890
v 24.181059 -24.676460 4.526380
v 23.901461 -24.676460 4.961410
v 24.170759 -24.676460 4.526380
v 23.435360 -24.676460 3.873840
v 22.606661 -24.676460 3.822050
v 22.762060 -24.717960 3.977410
v 22.575661 -24.717960 3.801330
v 24.201761 -24.717960 4.495310
v 24.087862 -24.717960 5.085700
v 24.750761 -24.717960 5.075350
v 24.564360 -24.676460 4.868190
v 24.181059 -24.676460 4.536740
v 24.191462 -24.655760 4.536740
v 24.191462 -24.666159 4.536740
v 25.879759 -24.531460 6.660090
v 25.403261 -24.355360 6.007550
v 26.107660 -24.676460 6.970830
v 25.061460 -24.220760 5.541450
v 24.750761 -24.220760 5.106420
v 24.740358 -24.044659 5.106420
v 24.595362 -23.972160 4.899260
v 24.450361 -23.972160 4.743890
v 24.574659 -23.972160 4.598880
v 24.098261 -23.972160 4.453870
v 23.880659 -23.972160 4.226000
v 23.859961 -23.920359 4.205290
v 24.481459 -23.920359 4.826760
v 24.522860 -22.159559 4.795680
v 24.812960 -24.013559 4.619600
v 24.657560 -23.972160 4.712820
v 24.657560 -23.972160 4.733540
v 24.688662 -23.972160 4.764610
v 24.740358 -23.972160 4.837120
v 24.761160 -23.972160 4.847470
v 25.113260 -23.920359 5.479300
v 25.051161 -23.972160 5.417150
v 24.937159 -23.972160 5.303220
v 24.740358 -23.972160 5.096060
v 25.133959 -23.972160 5.531090
v 25.662260 -23.972160 6.245780
v 25.931559 -23.972160 6.732600
v 25.651861 -23.920359 6.214710
v 25.548361 -23.972160 6.100770
v 25.890162 -24.013559 5.966120
v 26.149061 -24.106760 5.717530
v 26.242262 -24.168959 5.489660
v 26.180159 -24.189659 5.261790
v 25.879759 -24.189659 4.868190
v 26.242262 -21.921259 5.489660
v 26.211260 -21.942060 5.613950
v 26.149061 -21.973059 5.717530
v 25.890162 -22.076660 5.966120
v 25.651861 -22.159559 6.214710
v 24.771460 -23.982559 4.837120
v 25.558661 -24.189659 4.484950
v 24.740358 -23.992859 4.743890
v 24.771460 -24.003260 4.671390
v 25.351561 -24.168959 4.371010
v 25.113260 -24.106760 4.422800
v 25.227259 -21.942060 4.381370
v 25.113260 -21.973059 4.422800
v 25.351561 -21.921259 4.371010
v 24.812960 -22.076660 4.619600
v 23.891062 -22.159559 4.174210
v 23.228161 -22.159559 3.594180
v 23.383560 -22.076660 3.293800
v 23.228161 -23.920359 3.594180
v 23.549261 -21.973059 2.972710
v 23.383560 -24.013559 3.293800
v 23.549261 -24.106760 2.972710
v 23.580360 -24.168959 2.734470
v 23.590660 -21.942060 2.848410
v 23.580360 -21.921259 2.734470
v 23.456060 -24.189659 2.527320
v 23.052061 -24.189659 2.247660
v 22.492760 -23.920359 3.055570
v 21.726261 -23.920359 2.579110
v 22.637760 -24.189659 1.978350
v 22.399561 -24.168959 1.926560
v 21.954161 -24.013559 2.320160
v 22.192360 -24.106760 2.040500
v 22.285561 -21.942060 1.968000
v 22.192360 -21.973059 2.040500
v 22.399561 -21.921259 1.926560
v 21.954161 -22.076660 2.320160
v 21.726261 -22.159559 2.579110
v 20.949461 -22.159559 2.164790
v 20.928761 -23.920359 2.206230
v 21.633060 -23.972160 2.527320
v 21.612360 -23.972160 2.516960
v 20.887260 -23.972160 2.185510
v 21.612360 -23.972160 2.309800
v 20.151861 -23.972160 1.822990
v 20.141560 -23.920359 1.812630
v 20.151861 -23.972160 1.812630
v 20.120861 -23.972160 1.812630
v 19.903261 -23.972160 1.532970
v 19.861860 -23.972160 1.719410
v 20.048260 -23.972160 1.781550
v 19.281860 -23.920359 1.512250
v 20.203661 -24.013559 1.470820
v 20.265860 -24.106760 1.118650
v 20.224360 -24.168959 0.880420
v 20.048260 -24.189659 0.725050
v 20.224360 -21.921259 0.880420
v 19.613260 -24.189659 0.580040
v 20.265860 -21.942060 0.994360
v 20.265860 -21.973059 1.118650
v 20.203661 -22.076660 1.470820
v 20.141560 -22.159559 1.812630
v 19.188560 -24.189659 0.455750
v 18.411760 -23.920359 1.274020
v 18.960760 -24.168959 0.476470
v 18.598160 -24.023960 0.952930
v 18.391060 -23.920359 1.325810
v 18.028561 -23.661459 1.957640
v 17.085960 -23.920359 1.097940
v 17.324160 -24.655760 1.139370
v 17.272360 -24.562559 1.129010
v 15.956961 -24.562559 1.046150
v 15.594460 -23.972160 0.994360
v 15.760160 -24.603960 1.035790
v 15.760160 -23.920359 1.025430
v 14.403261 -24.572960 1.118650
v 14.434361 -23.920359 1.097940
v 15.760160 -23.423159 2.351240
v 17.697060 -23.423159 2.527320
v 17.676361 -23.423159 2.579110
v 17.707460 -23.039959 2.579110
v 17.924961 -21.341259 2.568750
v 17.230961 -21.341259 2.454810
v 16.536961 -21.341259 2.382310
v 16.464460 -21.341259 2.371950
v 15.760160 -21.341259 2.351240
v 16.329861 -21.330860 2.320160
v 16.329861 -18.057859 2.320160
v 16.288460 -21.320560 2.258010
v 16.257360 -18.057859 2.195870
v 16.257360 -21.299860 2.195870
v 15.760160 -21.040859 1.232590
v 15.563360 -21.040859 1.232590
v 15.345860 -21.196260 1.781550
v 15.376961 -18.057859 1.709050
v 15.252661 -18.057859 2.195870
v 15.252661 -21.299860 2.195870
v 15.180161 -18.057859 2.320160
v 15.231960 -21.320560 2.258010
v 15.180161 -21.330860 2.320160
v 15.055861 -21.341259 2.371950
v 14.983360 -21.341259 2.382310
v 14.278961 -21.341259 2.454810
v 14.848660 -21.330860 2.340880
v 14.848660 -18.057859 2.340880
v 14.796860 -21.320560 2.289090
v 14.765760 -18.057859 2.226940
v 14.765760 -21.299860 2.226940
v 14.123661 -21.040859 1.346530
v 13.937160 -21.040859 1.367240
v 13.802561 -21.185860 1.947280
v 13.823259 -18.057859 1.812630
v 13.761061 -18.057859 2.371950
v 13.761061 -21.299860 2.371950
v 13.709360 -18.057859 2.496240
v 13.750761 -21.320560 2.444460
v 13.709360 -21.330860 2.506600
v 13.585060 -21.341259 2.568750
v 13.812860 -23.039959 2.579110
v 13.854361 -23.423159 2.579110
v 13.823259 -23.423159 2.527320
v 13.491760 -23.661459 1.957640
v 13.129261 -23.920359 1.325810
v 14.289360 -24.396860 1.129010
v 13.895760 -24.458960 1.191160
v 12.663160 -24.676460 1.398310
v 14.372160 -23.972160 1.077220
v 12.580259 -23.972160 1.419030
v 12.456060 -23.972160 1.460460
v 12.259260 -23.972160 1.501890
v 12.228161 -23.920359 1.512250
v 13.098160 -23.920359 1.274020
v 12.911760 -24.023960 0.952930
v 12.714960 -24.117159 0.621480
v 12.549261 -24.168959 0.476470
v 12.331760 -24.189659 0.455750
v 11.896660 -24.189659 0.580040
v 11.378759 -23.920359 1.812630
v 11.472061 -24.189659 0.725050
v 11.285561 -24.168959 0.880420
v 11.316660 -24.013559 1.470820
v 11.244160 -24.106760 1.118650
v 11.244160 -21.942060 0.994360
v 11.244160 -21.973059 1.118650
v 11.285561 -21.921259 0.880420
v 11.316660 -22.076660 1.470820
v 11.378759 -22.159559 1.812630
v 10.570860 -22.159559 2.164790
v 10.591560 -23.920359 2.206230
v 11.368460 -23.972160 1.822990
v 11.295959 -23.972160 1.854060
v 10.633060 -23.972160 2.185510
v 10.539860 -23.972160 2.237300
v 9.783661 -23.920359 2.579110
v 9.783661 -23.972160 2.579110
v 9.586861 -23.972160 2.703400
v 9.576561 -23.972160 2.496240
v 9.576561 -23.972160 2.713760
v 9.017160 -23.920359 3.055570
v 9.182961 -23.972160 2.951990
v 9.068960 -23.972160 3.024490
v 8.955061 -23.972160 3.107360
v 9.089760 -23.972160 2.806980
v 8.271460 -23.972160 3.604530
v 8.292160 -23.920359 3.594180
v 7.649961 -23.920359 4.205290
v 8.292160 -22.159559 3.594180
v 8.126461 -24.013559 3.293800
v 7.929661 -24.168959 2.734470
v 7.960760 -24.106760 2.972710
v 7.919260 -21.942060 2.848410
v 7.960760 -21.973059 2.972710
v 7.929661 -21.921259 2.734470
v 8.126461 -22.076660 3.293800
v 7.618860 -22.159559 4.174210
v 6.997460 -22.159559 4.795680
v 6.697061 -22.076660 4.619600
v 6.997460 -23.920359 4.795680
v 6.396660 -21.973059 4.422800
v 6.697061 -24.013559 4.619600
v 6.396660 -24.106760 4.422800
v 6.158461 -24.168959 4.371010
v 6.282761 -21.942060 4.381370
v 6.158461 -21.921259 4.371010
v 5.951261 -24.189659 4.484950
v 5.630160 -24.189659 4.868190
v 6.407061 -23.920359 5.479300
v 5.847760 -23.972160 6.245780
v 6.344860 -23.972160 5.572520
v 6.520960 -23.972160 5.375720
v 5.723460 -24.593660 6.566870
v 6.904261 -23.972160 4.919980
v 6.852460 -24.106760 5.013200
v 7.183860 -24.676460 4.723180
v 6.272360 -24.676460 5.665740
v 7.308160 -24.717960 4.495310
v 6.707460 -24.717960 5.127140
v 5.816660 -24.717960 6.307930
v 5.713060 -24.676460 6.587590
v 5.775160 -24.490059 6.452940
v 6.085960 -24.210360 5.966120
v 5.795960 -24.282860 6.380430
v 6.562360 -23.972160 5.313580
v 5.599160 -24.676460 6.774030
v 5.588760 -24.676460 6.794750
v 5.547360 -24.676460 6.867250
v 5.412661 -24.676460 7.095120
v 4.925860 -24.676460 7.892680
v 4.718660 -24.717960 8.369140
v 4.760160 -24.676460 8.369140
v 4.760160 -24.645460 8.369140
v 4.822260 -24.438259 8.182700
v 4.729060 -24.448660 8.410570
v 5.412661 -23.972160 6.970830
v 5.681960 -24.189659 6.556520
v 5.246961 -23.972160 6.877610
v 4.760160 -24.676460 8.389850
v 4.811960 -24.676460 9.746700
v 5.878760 -24.676460 7.240130
v 4.811960 -25.981560 9.850300
v 5.909861 -25.981560 7.260850
v 6.106660 -24.676460 6.856890
v 7.608561 -25.981560 5.013200
v 7.618860 -24.676460 4.961410
v 8.582161 -24.717960 4.122420
v 8.778961 -24.800760 3.946340
v 8.965460 -24.759359 3.790970
v 9.804359 -25.981560 3.252370
v 9.876860 -26.426960 3.521670
v 9.027561 -26.426960 4.205290
v 7.774260 -26.426960 5.220350
v 7.722460 -26.426960 5.282500
v 7.536060 -26.426960 5.531090
v 7.287460 -26.426960 5.872900
v 6.282761 -26.426960 7.198700
v 6.137760 -26.426960 7.385140
v 5.837360 -26.426960 7.219420
v 6.096260 -26.426960 7.488720
v 5.195160 -26.426960 9.508500
v 4.718660 -26.426960 9.891700
v 5.143360 -26.426960 9.715700
v 5.091560 -26.426960 9.933200
v 4.791261 -26.426960 11.207200
v 4.397660 -25.981560 12.636600
v 4.749761 -26.426960 11.797600
v 4.729060 -26.426960 12.139400
v 4.656560 -26.426960 13.330501
v 4.666961 -26.426960 13.372000
v 4.666961 -26.426960 13.392700
v 4.666961 -26.426960 13.413400
v 4.687660 -26.426960 13.599800
v 4.687660 -26.426960 13.610200
v 4.894760 -26.426960 15.257101
v 4.780860 -26.209459 15.350300
v 4.666961 -25.981560 15.433201
v 4.356160 -24.676460 12.802300
v 4.459761 -24.717960 11.497200
v 4.470160 -24.852560 11.455800
v 4.552960 -24.966560 10.937901
v 4.791261 -24.717960 9.653501
v 4.594460 -24.717960 10.730700
v 4.035060 -24.717960 10.606400
v 4.490860 -24.717960 11.207200
v 4.480460 -24.676460 11.259000
v 4.480460 -24.717960 11.310801
v 4.325060 -24.717960 12.274000
v 3.807261 -24.676460 12.947300
v 4.480460 -24.717960 14.925600
v 4.304360 -26.426960 12.750500
v 4.335461 -26.426960 12.129000
v 4.325060 -26.426960 13.558400
v 4.625461 -26.426960 15.630001
v 4.635860 -26.426960 15.505701
v 7.173560 -26.426960 13.941700
v 7.235661 -24.676460 14.086700
v 7.287460 -26.426960 13.879500
v 7.359961 -26.426960 13.838100
v 7.380660 -26.426960 13.827700
v 8.851460 -26.426960 12.978400
v 9.079361 -26.426960 12.843700
v 8.509661 -26.426960 12.367300
v 8.540760 -26.779160 12.346500
v 6.800660 -26.779160 12.356900
v 6.593460 -26.779160 11.217500
v 7.018160 -26.779160 9.684600
v 9.876860 -26.779160 13.465200
v 9.845860 -26.426960 13.475500
v 6.562360 -26.779160 12.325800
v 6.790260 -26.613359 12.377600
v 6.769560 -26.426960 12.408700
v 6.821361 -26.426960 12.388000
v 6.531361 -26.426960 12.377600
v 6.748860 -26.426960 12.222301
v 7.380660 -26.426960 12.253300
v 8.084961 -26.426960 12.325800
v 6.500260 -26.426960 11.787200
v 6.448461 -26.426960 12.066900
v 6.427760 -26.426960 12.149700
v 6.448461 -26.613359 12.129000
v 6.469160 -26.779160 12.108300
v 6.520960 -26.426960 12.346500
v 8.530361 -24.676460 14.376700
v 6.914560 -24.676460 15.868200
v 4.666961 -24.676460 15.567801
v 4.231860 -24.676460 15.909599
v 4.231860 -24.676460 15.899300
v 4.221560 -24.676460 15.868200
v 3.962561 -24.676460 14.532001
v 3.952260 -24.676460 14.418100
v 3.931561 -24.676460 14.211000
v 3.848660 -24.676460 12.874800
v 4.262960 -24.676460 9.860701
v 3.910760 -24.676460 11.963300
v 4.014360 -24.676460 11.082900
v 4.252561 -24.676460 9.871000
v 4.262960 -24.676460 9.850300
v 4.262960 -24.676460 9.840000
v 4.086861 -24.676460 10.357800
v 4.252561 -24.645460 9.860701
v 4.294061 -24.013559 9.560300
v 4.180060 -24.148260 10.150701
v 4.055760 -24.262159 10.772201
v 3.962561 -24.324360 11.248600
v 3.952260 -24.313959 11.321100
v 3.962561 -24.365759 11.269300
v 3.993660 -24.531460 11.145000
v 3.838261 -24.168959 12.325800
v 3.827960 -24.034260 12.305100
v 3.827960 -24.396860 12.905900
v 4.035060 -24.717960 15.277800
v 3.910760 -24.262159 14.159200
v 3.983260 -23.972160 15.018900
v 3.807261 -23.972160 14.967100
v 3.817560 -23.972160 15.049900
v 3.838261 -23.972160 15.132801
v 3.848660 -23.972160 15.174200
v 4.780860 -23.972160 17.670500
v 3.858960 -23.972160 15.215700
v 3.776160 -24.003260 15.329599
v 3.807261 -23.982559 15.215700
v 3.869360 -24.189659 18.074400
v 3.351460 -24.189659 16.655399
v 3.776160 -27.587059 17.307899
v 3.009661 -24.189659 15.194901
v 3.196060 -27.587059 15.153500
v 2.833560 -24.189659 13.693100
v 2.999260 -27.587059 12.947300
v 2.833560 -24.189659 12.191200
v 3.009661 -24.189659 10.689301
v 3.196060 -27.587059 10.730700
v 3.351460 -24.189659 9.228800
v 3.776160 -27.587059 8.576290
v 3.869360 -24.189659 7.809810
v 4.542661 -24.189659 6.473650
v 4.708361 -27.587059 6.566870
v 5.371261 -24.189659 5.210000
v 5.982360 -27.587059 4.743890
v 6.334560 -24.189659 4.060280
v 7.432460 -24.189659 3.024490
v 7.556760 -27.587059 3.169500
v 8.644360 -24.189659 2.123360
v 9.379761 -27.587059 1.895490
v 9.949461 -24.189659 1.367240
v 11.326960 -24.189659 0.776840
v 11.399561 -27.587059 0.952930
v 12.766760 -24.189659 0.341810
v 13.543560 -27.587059 0.383250
v 14.258261 -24.189659 0.082870
v 15.760160 -24.189659 0.000010
v 15.760160 -27.587059 0.186450
v 17.262060 -24.189659 0.082870
v 17.966360 -27.587059 0.383250
v 18.743259 -24.189659 0.341810
v 20.182961 -24.189659 0.776840
v 20.120861 -27.587059 0.952930
v 21.570860 -24.189659 1.367240
v 22.130260 -27.587059 1.895490
v 22.875959 -24.189659 2.123360
v 24.077459 -24.189659 3.024490
v 23.953260 -27.587059 3.169500
v 25.175459 -24.189659 4.060280
v 25.527559 -27.587059 4.743890
v 26.138762 -24.189659 5.210000
v 26.967360 -24.189659 6.473650
v 26.915560 -25.888359 6.504730
v 27.640562 -24.189659 7.809810
v 28.158461 -24.189659 9.228800
v 27.744162 -27.587059 8.576290
v 28.313860 -27.587059 10.730700
v 28.686762 -24.189659 12.191200
v 28.510660 -27.587059 12.947300
v 28.686762 -24.189659 13.693100
v 28.313860 -27.587059 15.153500
v 28.158461 -24.189659 16.655399
v 27.744162 -27.587059 17.307899
v 27.640562 -24.189659 18.074400
v 26.967360 -24.189659 19.410601
v 26.801661 -27.587059 19.317400
v 26.138762 -24.189659 20.674200
v 25.527559 -27.587059 21.140301
v 25.175459 -24.189659 21.823999
v 24.077459 -24.189659 22.859699
v 23.953260 -27.587059 22.714701
v 22.875959 -24.189659 23.760900
v 22.130260 -27.587059 23.988800
v 21.570860 -24.189659 24.517000
v 20.182961 -24.189659 25.107401
v 20.120861 -27.587059 24.931299
v 18.743259 -24.189659 25.542400
v 17.966360 -27.587059 25.500999
v 17.262060 -24.189659 25.801399
v 15.760160 -24.189659 25.884201
v 15.760160 -25.888359 25.822100
v 15.760160 -27.587059 25.697800
v 18.670761 -27.752760 25.231701
v 15.760160 -27.680260 25.656401
v 15.760160 -27.752760 25.573500
v 18.525660 -28.001360 24.641300
v 21.156561 -28.001360 23.688400
v 21.425859 -27.752760 24.226999
v 23.487061 -28.001360 22.155399
v 23.880659 -27.752760 22.621500
v 25.403261 -28.001360 20.125299
v 25.890162 -27.752760 20.487801
v 26.791262 -28.001360 17.701500
v 27.350561 -27.752760 17.939800
v 27.599161 -28.001360 15.029200
v 28.199961 -27.752760 15.132801
v 27.754560 -28.001360 12.243000
v 28.365660 -27.752760 12.211900
v 27.267759 -28.001360 9.498100
v 27.858160 -27.752760 9.322100
v 26.169760 -28.001360 6.929400
v 26.698061 -27.752760 6.629020
v 26.770559 -27.680260 6.587590
v 26.801661 -27.587059 6.566870
v 24.947561 -27.752760 4.277790
v 24.502161 -28.001360 4.692110
v 22.358061 -28.001360 2.900200
v 22.699961 -27.752760 2.392670
v 19.872261 -28.001360 1.646900
v 20.079361 -27.752760 1.077220
v 17.148161 -28.001360 1.004720
v 17.220661 -27.752760 0.393600
v 14.361860 -28.001360 1.004720
v 14.289360 -27.752760 0.393600
v 11.648060 -28.001360 1.646900
v 11.440960 -27.752760 1.077220
v 9.151861 -28.001360 2.900200
v 8.820459 -27.752760 2.392670
v 7.018160 -28.001360 4.692110
v 6.572761 -27.752760 4.277790
v 5.350560 -28.001360 6.929400
v 4.822260 -27.752760 6.629020
v 4.242260 -28.001360 9.498100
v 3.651860 -27.752760 9.322100
v 3.755460 -28.001360 12.243000
v 3.144361 -27.752760 12.211900
v 3.921161 -28.001360 15.029200
v 3.320360 -27.752760 15.132801
v 4.718660 -28.001360 17.701500
v 4.159360 -27.752760 17.939800
v 6.117061 -28.001360 20.125299
v 5.630160 -27.752760 20.487801
v 4.708361 -27.587059 19.317400
v 5.982360 -27.587059 21.140301
v 4.542661 -24.189659 19.410601
v 4.615160 -23.972160 17.753300
v 5.371261 -24.189659 20.674200
v 6.023760 -23.972160 20.187401
v 6.334560 -24.189659 21.823999
v 7.101060 -24.127560 21.119600
v 7.432460 -24.189659 22.859699
v 7.691360 -24.086060 22.549000
v 7.701760 -24.086060 22.580101
v 7.318561 -24.189659 22.766500
v 6.987061 -24.189659 22.466200
v 6.655661 -24.189659 22.155399
v 6.562360 -24.168959 21.958601
v 6.603860 -24.117159 21.730700
v 6.800660 -24.023960 21.399300
v 6.987061 -23.920359 21.078199
v 7.712160 -21.900560 19.814501
v 7.380660 -23.661459 20.394600
v 7.701760 -23.423159 19.824900
v 7.743160 -23.423159 19.783501
v 6.479560 -23.423159 18.064100
v 8.582161 -23.423159 18.053699
v 6.717760 -23.423159 15.930401
v 6.479560 -23.423159 15.060301
v 6.707460 -23.039959 15.920000
v 6.365561 -23.039959 14.594200
v 6.375960 -23.423159 14.594200
v 6.355260 -23.039959 14.511300
v 5.806260 -23.039959 16.437901
v 5.329861 -23.039959 14.511300
v 5.360860 -23.039959 14.718500
v 5.681960 -21.341259 16.220400
v 5.785561 -21.900560 16.469000
v 5.930560 -21.341259 16.914400
v 6.220560 -21.341259 17.556499
v 6.251660 -21.341259 17.618700
v 6.583160 -21.341259 18.240200
v 6.593460 -21.900560 18.229799
v 3.776160 -21.900560 17.856899
v 3.568960 -21.900560 16.469000
v 3.351460 -21.900560 16.396500
v 3.227160 -21.900560 16.210001
v 3.610460 -18.057859 16.696800
v 3.289360 -18.057859 15.422800
v 3.123560 -21.900560 15.775000
v 3.030360 -21.900560 15.340000
v 3.071860 -18.057859 13.682700
v 2.843960 -21.900560 13.910600
v 3.040760 -18.057859 12.947300
v 2.823260 -21.900560 12.460500
v 3.247860 -18.057859 10.689301
v 2.843960 -21.900560 11.973701
v 2.895761 -21.900560 11.486800
v 3.289360 -18.057859 10.461400
v 3.133961 -21.900560 10.057500
v 4.014360 -18.057859 8.079120
v 3.537960 -21.900560 8.669510
v 3.703660 -21.900560 8.213770
v 3.890060 -21.900560 7.758020
v 4.190460 -18.057859 7.675160
v 4.055760 -21.921259 7.581940
v 4.180060 -21.942060 7.550870
v 4.304360 -21.973059 7.561230
v 4.066160 -24.168959 7.581940
v 4.304360 -24.106760 7.561230
v 3.890060 -24.189659 7.758020
v 3.703660 -24.189659 8.213770
v 4.646160 -24.013559 7.654450
v 4.646160 -22.076660 7.654450
v 4.977660 -22.159559 7.747670
v 4.397660 -18.057859 10.689301
v 4.552960 -18.057859 9.508500
v 4.615160 -18.057859 9.322100
v 4.677260 -18.057859 9.135600
v 5.133060 -18.057859 9.104500
v 5.143360 -18.057859 7.975540
v 5.226260 -18.057859 7.809810
v 5.288361 -18.057859 7.695880
v 5.309060 -18.057859 7.633730
v 5.764860 -18.057859 7.664800
v 5.909861 -21.196260 7.685520
v 5.309060 -21.040859 7.633730
v 6.313860 -21.299860 7.778740
v 5.226260 -21.040859 7.809810
v 6.386360 -21.320560 7.789100
v 6.230960 -21.341259 8.296630
v 6.458860 -21.330860 7.768380
v 6.562360 -21.341259 7.675160
v 6.562360 -18.057859 7.675160
v 6.458860 -18.057859 7.768380
v 5.920260 -18.057859 7.685520
v 6.313860 -18.057859 7.778740
v 5.940960 -18.057859 6.556520
v 6.189560 -18.057859 6.929400
v 5.940960 -21.040859 6.556520
v 6.282761 -21.196260 7.043330
v 6.562360 -18.057859 7.354070
v 6.562360 -21.299860 7.354070
v 6.976760 -21.341259 7.022620
v 6.603860 -21.320560 7.405860
v 6.624560 -21.330860 7.478360
v 6.603860 -21.341259 7.613020
v 7.639660 -23.039959 6.204350
v 6.282761 -23.039959 8.317350
v 6.955960 -23.039959 7.861600
v 8.654661 -23.039959 5.665740
v 8.302561 -23.039959 5.479300
v 8.820459 -23.039959 5.510370
v 9.400461 -23.039959 4.526380
v 8.395760 -21.341259 5.323930
v 7.888161 -21.341259 5.852180
v 8.250761 -21.330860 5.406800
v 8.240360 -18.057859 5.406800
v 8.178261 -21.320560 5.406800
v 8.105761 -18.057859 5.375720
v 8.105761 -21.299860 5.375720
v 7.049260 -21.040859 5.106420
v 6.924960 -21.040859 5.251430
v 7.194261 -21.196260 5.779680
v 7.121760 -18.057859 5.655380
v 7.432460 -18.057859 6.121490
v 7.432460 -21.299860 6.121490
v 7.473860 -18.057859 6.256140
v 7.463560 -21.320560 6.183630
v 7.473860 -21.330860 6.256140
v 7.432460 -21.341259 6.390790
v 7.391060 -21.341259 6.452940
v 7.391060 -18.057859 6.452940
v 7.266760 -18.057859 6.525440
v 7.432460 -18.057859 6.390790
v 7.132060 -18.057859 6.515090
v 7.194261 -21.320560 6.535800
v 7.132060 -21.299860 6.515090
v 6.044560 -21.040859 6.390790
v 7.266760 -21.330860 6.525440
v 6.158461 -21.040859 6.235420
v 6.044560 -18.057859 6.390790
v 6.158461 -18.057859 6.235420
v 6.738461 -21.196260 6.370080
v 6.603860 -18.057859 6.328640
v 6.924960 -18.057859 5.251430
v 7.049260 -18.057859 5.106420
v 7.183860 -18.057859 4.961410
v 8.302561 -18.057859 4.712820
v 7.608561 -18.057859 5.116780
v 7.743160 -21.196260 5.178920
v 7.183860 -21.040859 4.961410
v 8.395760 -18.057859 5.323930
v 8.457861 -18.057859 5.033910
v 8.271460 -21.185860 4.661030
v 8.457861 -21.299860 5.033910
v 8.944660 -21.341259 4.826760
v 8.084961 -21.040859 4.091350
v 8.219660 -18.057859 4.526380
v 8.084961 -18.057859 4.091350
v 8.230061 -18.057859 3.967060
v 8.375061 -18.057859 3.842760
v 8.375061 -21.040859 3.842760
v 8.903261 -21.196260 4.132780
v 9.234760 -21.299860 4.381370
v 8.230061 -21.040859 3.967060
v 9.296860 -21.320560 4.422800
v 9.369360 -21.330860 4.433160
v 9.535061 -21.341259 4.371010
v 9.369360 -18.057859 4.433160
v 9.504061 -18.057859 4.391730
v 9.390060 -18.057859 3.107360
v 9.462561 -18.057859 3.552740
v 9.390060 -21.040859 3.107360
v 9.504061 -21.196260 3.697750
v 9.628361 -18.057859 4.091350
v 9.628361 -21.299860 4.091350
v 10.146259 -21.341259 3.956700
v 9.649061 -21.320560 4.163860
v 9.638660 -21.330860 4.236360
v 11.492760 -23.039959 3.293800
v 10.881660 -23.039959 4.018850
v 11.130159 -23.039959 4.029200
v 11.057661 -25.536160 4.132780
v 10.850561 -24.220760 4.070640
v 10.819460 -25.536160 4.132780
v 11.181961 -25.536160 4.350300
v 11.181961 -25.536160 7.302280
v 11.244160 -23.423159 4.557450
v 11.244160 -23.236759 4.547100
v 12.497459 -23.423159 3.998130
v 11.254459 -23.039959 4.547100
v 12.497459 -23.039959 3.987770
v 11.254459 -23.039959 4.236360
v 11.223461 -24.220760 4.288150
v 13.812860 -23.039959 3.614890
v 12.103861 -21.341259 3.003780
v 11.451260 -21.341259 3.262720
v 10.788361 -21.341259 3.594180
v 10.912661 -21.330860 3.469880
v 10.933361 -21.320560 3.397380
v 10.923059 -21.299860 3.324870
v 10.850561 -21.196260 2.920910
v 10.819460 -21.040859 2.320160
v 10.829861 -18.057859 2.775910
v 10.923059 -18.057859 3.324870
v 10.912661 -18.057859 3.469880
v 10.788361 -18.057859 3.594180
v 10.819460 -18.057859 2.320160
v 10.995560 -18.057859 2.237300
v 11.171659 -18.057859 2.164790
v 12.290260 -18.057859 2.185510
v 12.279961 -18.057859 2.889840
v 12.310961 -18.057859 2.744830
v 12.290260 -21.196260 2.330520
v 12.310961 -21.299860 2.744830
v 12.839260 -21.341259 2.755190
v 12.342060 -21.040859 1.740120
v 12.528561 -21.040859 1.677980
v 12.342060 -18.057859 1.740120
v 12.445660 -18.057859 1.709050
v 12.528561 -18.057859 1.677980
v 12.714960 -18.057859 1.626190
v 12.714960 -21.040859 1.626190
v 13.077459 -21.196260 2.102650
v 13.274260 -21.299860 2.465170
v 13.326059 -21.320560 2.527320
v 13.274260 -18.057859 2.465170
v 12.994659 -18.057859 1.988710
v 13.377861 -18.057859 2.568750
v 13.522860 -18.057859 2.589470
v 13.522860 -21.341259 2.589470
v 13.585060 -18.057859 2.568750
v 12.766760 -18.057859 1.698690
v 13.377861 -21.330860 2.568750
v 12.165960 -21.341259 2.972710
v 12.279961 -21.330860 2.889840
v 12.300661 -21.320560 2.817340
v 12.165960 -18.057859 2.972710
v 12.103861 -18.057859 3.003780
v 11.958860 -18.057859 3.003780
v 11.492760 -18.057859 2.475530
v 11.596361 -21.196260 2.589470
v 11.171659 -21.040859 2.164790
v 11.844860 -21.299860 2.920910
v 10.995560 -21.040859 2.237300
v 11.896660 -21.320560 2.972710
v 11.958860 -21.330860 3.003780
v 11.844860 -18.057859 2.920910
v 13.854361 -18.057859 1.688330
v 13.937160 -18.057859 1.367240
v 14.123661 -18.057859 1.346530
v 14.320459 -18.057859 1.315450
v 14.537960 -18.057859 1.698690
v 14.610460 -21.196260 1.843700
v 14.320459 -21.040859 1.315450
v 15.397661 -18.057859 1.646900
v 15.563360 -18.057859 1.232590
v 15.760160 -18.057859 1.232590
v 15.946560 -21.040859 1.232590
v 15.946560 -18.057859 1.232590
v 16.164160 -21.196260 1.781550
v 16.143360 -18.057859 1.709050
v 16.122660 -18.057859 1.646900
v 16.972061 -18.057859 1.709050
v 17.199860 -18.057859 1.315450
v 17.386360 -18.057859 1.346530
v 17.386360 -21.040859 1.346530
v 17.572760 -21.040859 1.367240
v 17.572760 -18.057859 1.367240
v 17.717760 -21.185860 1.947280
v 17.748859 -21.299860 2.371950
v 17.686760 -18.057859 1.812630
v 17.665960 -18.057859 1.688330
v 17.924961 -18.057859 2.568750
v 17.800661 -18.057859 2.496240
v 17.997459 -21.341259 2.589470
v 17.997459 -18.057859 2.589470
v 18.132061 -21.330860 2.568750
v 18.681061 -21.341259 2.755190
v 18.194260 -21.320560 2.527320
v 18.235661 -21.299860 2.465170
v 18.442860 -21.196260 2.102650
v 18.805361 -21.040859 1.626190
v 18.525660 -18.057859 1.988710
v 18.235661 -18.057859 2.465170
v 18.743259 -18.057859 1.698690
v 18.235661 -18.057859 0.476470
v 18.805361 -18.057859 1.626190
v 18.981461 -18.057859 1.677980
v 18.981461 -21.040859 1.677980
v 19.167860 -21.040859 1.740120
v 19.064260 -18.057859 1.709050
v 19.167860 -18.057859 1.740120
v 21.601961 -18.057859 1.657260
v 20.617960 -18.057859 1.201520
v 21.280861 -18.213160 1.481180
v 22.813860 -18.057859 2.371950
v 23.694260 -18.213160 2.993420
v 24.740358 -18.057859 3.956700
v 25.361860 -18.057859 4.609240
v 25.703661 -18.213160 5.002840
v 26.449461 -18.057859 6.059340
v 27.226259 -18.213160 7.416220
v 27.309160 -18.057859 7.654450
v 27.495562 -18.057859 8.079120
v 28.168859 -18.213160 10.109300
v 28.262060 -18.057859 10.637500
v 28.469259 -18.057859 12.947300
v 28.479559 -18.213160 12.947300
v 28.448561 -18.057859 13.703400
v 28.262060 -18.057859 15.226000
v 28.168859 -18.213160 15.775000
v 27.899561 -18.057859 16.717600
v 27.495562 -18.057859 17.805099
v 27.226259 -18.213160 18.468000
v 26.459860 -18.057859 19.804199
v 25.703661 -18.213160 20.881401
v 24.740358 -18.057859 21.927500
v 23.891062 -18.057859 22.704401
v 23.694260 -18.213160 22.890800
v 23.818560 -21.196260 23.046200
v 21.280861 -18.213160 24.403101
v 21.363760 -21.196260 24.589500
v 23.052061 -21.900560 23.636600
v 24.191462 -21.900560 22.756201
v 24.533258 -21.900560 22.466200
v 24.533258 -24.189659 22.466200
v 24.056761 -24.003260 21.906799
v 24.191462 -24.189659 22.766500
v 23.963560 -24.168959 22.849400
v 23.973959 -21.921259 22.849400
v 23.849661 -21.942060 22.828701
v 23.746061 -21.973059 22.756201
v 23.466360 -22.076660 22.528299
v 23.466360 -24.013559 22.528299
v 23.746061 -24.106760 22.756201
v 23.207460 -22.159559 22.300400
v 22.492760 -22.159559 22.828701
v 21.746960 -22.159559 23.294800
v 21.860960 -22.076660 23.626200
v 21.974861 -21.973059 23.957701
v 21.974861 -24.106760 23.957701
v 21.995560 -21.942060 24.082001
v 21.974861 -24.168959 24.206301
v 21.860960 -24.013559 23.626200
v 21.840260 -24.013559 23.615900
v 21.788460 -23.972160 23.450100
v 21.778061 -23.972160 23.450100
v 21.746960 -23.972160 23.470900
v 21.664160 -23.972160 23.501900
v 21.601961 -23.972160 23.543400
v 21.519159 -23.972160 23.584801
v 20.928761 -23.920359 23.677999
v 21.715960 -24.458960 23.253300
v 22.782761 -24.676460 21.927500
v 23.342060 -24.572960 22.093300
v 21.425859 -24.407160 23.408701
v 21.115160 -23.972160 23.615900
v 20.680161 -23.972160 23.781601
v 21.187660 -23.972160 23.760900
v 21.042660 -23.972160 23.833401
v 20.110460 -23.972160 24.030201
v 19.333660 -23.972160 24.299500
v 20.089760 -23.920359 24.040501
v 19.271460 -23.920359 24.330601
v 19.240360 -23.972160 24.330601
v 18.422161 -23.920359 24.548100
v 19.022860 -23.972160 24.392700
v 18.587860 -23.972160 24.548100
v 19.095360 -24.179359 24.372000
v 18.722460 -24.469360 24.475599
v 18.701759 -24.593660 24.475599
v 18.670761 -24.676460 24.475599
v 18.826059 -24.676460 24.423800
v 17.520960 -24.676460 24.703400
v 17.355261 -24.676460 24.713800
v 15.760160 -24.676460 24.848499
v 18.059561 -24.086060 24.620600
v 18.515360 -23.972160 24.568800
v 18.028561 -23.972160 24.630899
v 17.624559 -23.972160 24.703400
v 17.531361 -23.920359 24.724199
v 17.520960 -23.972160 24.724199
v 16.630260 -23.920359 24.827700
v 16.671659 -23.972160 24.817400
v 18.587860 -23.972160 24.744900
v 20.959761 -23.972160 23.874800
v 21.011560 -23.972160 23.854099
v 20.928761 -24.189659 24.817400
v 20.680161 -24.168959 24.827700
v 20.493660 -24.106760 24.682699
v 20.296860 -24.013559 24.372000
v 20.493660 -21.973059 24.682699
v 20.296860 -22.076660 24.372000
v 20.120861 -22.159559 24.082001
v 19.281860 -22.159559 24.372000
v 19.571859 -21.900560 25.314600
v 18.432461 -22.159559 24.599899
v 18.442860 -22.076660 24.952000
v 18.453159 -21.973059 25.304199
v 18.453159 -24.106760 25.304199
v 18.432461 -21.942060 25.428499
v 18.380661 -24.168959 25.532101
v 18.442860 -24.013559 24.952000
v 18.422161 -23.972160 24.765600
v 18.422161 -23.972160 24.755199
v 18.380661 -23.972160 24.765600
v 18.328859 -23.972160 24.775900
v 18.287460 -23.972160 24.775900
v 18.277161 -23.972160 24.775900
v 18.287460 -23.972160 24.786301
v 17.686760 -24.189659 25.749599
v 17.199860 -24.189659 25.811701
v 16.961660 -24.168959 25.749599
v 16.827061 -24.106760 25.552799
v 16.733761 -24.013559 25.200600
v 16.827061 -21.973059 25.552799
v 16.733761 -22.076660 25.200600
v 16.640560 -22.159559 24.869200
v 15.760160 -22.159559 24.910601
v 15.760160 -21.900560 25.894600
v 15.035160 -21.900560 25.873899
v 14.869360 -22.159559 24.869200
v 15.760160 -23.920359 24.858801
v 15.325161 -23.920359 24.848499
v 16.267660 -24.168959 24.817400
v 16.184860 -23.972160 24.838100
v 16.195160 -23.920359 24.848499
v 16.267660 -23.972160 24.838100
v 15.760160 -23.972160 24.889900
v 15.594460 -23.972160 24.889900
v 14.392960 -24.676460 24.755199
v 13.429661 -24.717960 24.662001
v 14.216860 -24.676460 24.744900
v 15.045460 -24.065359 24.827700
v 14.682961 -24.293259 24.796700
v 15.159361 -23.972160 24.838100
v 12.953159 -23.972160 24.755199
v 14.941860 -23.972160 24.827700
v 14.838360 -23.972160 24.817400
v 13.999361 -23.972160 24.724199
v 13.004961 -23.972160 24.568800
v 13.522860 -23.972160 24.630899
v 12.725361 -24.717960 24.506599
v 12.580259 -23.972160 24.465200
v 11.181961 -24.717960 23.978399
v 12.000259 -23.972160 24.237301
v 10.467260 -23.972160 23.833401
v 11.503059 -23.972160 24.071600
v 11.409861 -23.972160 24.030201
v 10.974861 -23.972160 23.843700
v 10.394760 -23.972160 23.626200
v 10.415560 -23.972160 23.812700
v 10.591560 -23.920359 23.677999
v 10.498360 -23.972160 23.854099
v 10.664061 -23.972160 23.926600
v 11.420259 -23.920359 24.040501
v 10.695160 -24.055059 24.278801
v 12.590660 -23.972160 24.651701
v 11.326960 -24.189659 25.107401
v 12.766760 -24.189659 25.542400
v 14.258261 -24.189659 25.801399
v 15.594460 -23.972160 25.076300
v 15.760160 -23.972160 25.076300
v 13.543560 -27.587059 25.500999
v 11.399561 -27.587059 24.931299
v 9.949461 -24.189659 24.517000
v 9.379761 -27.587059 23.988800
v 8.644360 -24.189659 23.760900
v 7.556760 -27.587059 22.714701
v 10.084061 -27.752760 24.226999
v 7.639660 -27.752760 22.621500
v 10.363760 -28.001360 23.688400
v 8.033260 -28.001360 22.155399
v 9.483360 -28.022060 23.015100
v 10.912661 -28.022060 23.781601
v 12.445660 -28.022060 24.340900
v 12.984261 -28.001360 24.641300
v 14.030361 -28.022060 24.682699
v 15.646259 -28.022060 24.806999
v 15.760160 -28.022060 24.817400
v 15.760160 -28.022060 24.889900
v 17.324160 -28.022060 24.703400
v 15.760160 -28.001360 24.962400
v 18.857161 -28.022060 24.403101
v 20.400461 -28.022060 23.864500
v 21.840260 -28.022060 23.129000
v 23.383560 -28.022060 22.031099
v 12.839260 -27.752760 25.231701
v 15.646259 -28.022060 24.589500
v 8.126461 -28.022060 22.031099
v 6.634860 -28.022060 20.529200
v 6.230960 -28.022060 20.032101
v 4.853360 -28.022060 17.639400
v 7.908960 -24.055059 22.580101
v 8.064260 -24.013559 22.476500
v 9.566160 -23.972160 23.377600
v 9.711161 -23.972160 23.450100
v 10.073660 -23.972160 23.646900
v 10.301559 -23.972160 23.750500
v 10.322260 -23.972160 23.760900
v 10.374060 -23.972160 23.781601
v 9.711161 -23.972160 23.460501
v 9.535061 -21.973059 23.957701
v 9.649061 -24.013559 23.626200
v 9.535061 -24.106760 23.957701
v 9.535061 -24.168959 24.206301
v 9.514360 -21.942060 24.082001
v 9.535061 -21.921259 24.206301
v 9.700861 -21.900560 24.382299
v 8.696159 -18.057859 23.512300
v 7.618860 -18.057859 22.704401
v 7.318561 -21.900560 22.756201
v 6.769560 -18.057859 21.927500
v 6.987061 -21.900560 22.466200
v 6.665960 -21.900560 22.155399
v 5.505860 -21.900560 20.860701
v 5.184760 -18.057859 20.000999
v 4.977660 -18.057859 19.679899
v 4.542661 -21.900560 19.410601
v 4.014360 -18.057859 17.805099
v 4.822260 -18.057859 17.152599
v 5.153760 -18.057859 16.831501
v 5.371261 -18.057859 16.655399
v 4.439060 -18.057859 15.961401
v 4.884460 -18.057859 16.023600
v 4.439060 -21.040859 15.961401
v 5.029460 -21.196260 16.033899
v 5.443760 -18.057859 16.033899
v 5.443760 -21.299860 16.033899
v 5.474860 -21.341259 15.505701
v 5.526660 -21.320560 16.033899
v 5.588760 -21.330860 16.065001
v 5.681960 -18.057859 16.220400
v 5.692360 -18.057859 16.396500
v 5.599160 -18.057859 16.500000
v 5.650960 -21.320560 16.448200
v 5.599160 -21.299860 16.500000
v 4.894760 -21.040859 17.328701
v 5.692360 -21.330860 16.386101
v 4.967260 -21.040859 17.504700
v 5.568060 -21.196260 17.504700
v 5.423060 -18.057859 17.504700
v 5.982360 -18.057859 17.432199
v 5.982360 -21.299860 17.432199
v 6.117061 -18.057859 17.453001
v 6.054860 -21.320560 17.432199
v 6.117061 -21.330860 17.453001
v 6.220560 -18.057859 17.556499
v 6.251660 -18.057859 17.618700
v 6.272360 -18.057859 17.763700
v 6.272360 -21.330860 17.753300
v 6.241361 -21.320560 17.825800
v 5.609460 -21.040859 18.799500
v 5.713060 -21.040859 18.965200
v 6.303460 -21.196260 18.872000
v 6.158461 -18.057859 18.903101
v 6.697061 -18.057859 18.757999
v 6.697061 -21.299860 18.757999
v 6.842060 -18.057859 18.747700
v 6.769560 -21.320560 18.737301
v 6.842060 -21.330860 18.747700
v 6.976760 -21.341259 18.861601
v 6.976760 -18.057859 18.861601
v 7.028461 -18.057859 19.037701
v 6.976760 -18.057859 19.162001
v 7.018160 -21.320560 19.099899
v 6.976760 -21.299860 19.162001
v 6.520960 -21.040859 20.156401
v 7.411760 -21.341259 19.462400
v 7.028461 -21.330860 19.027300
v 7.888161 -21.341259 20.032101
v 7.753561 -23.039959 19.814501
v 8.395760 -21.341259 20.560301
v 8.478559 -23.039959 20.570700
v 8.654661 -23.039959 19.296700
v 8.654661 -23.423159 19.275900
v 9.628361 -23.039959 20.239201
v 9.638660 -23.423159 20.239201
v 10.664061 -23.423159 18.053699
v 9.794060 -23.423159 16.551800
v 8.934361 -23.423159 15.060301
v 9.390060 -24.676460 15.868200
v 10.146259 -24.676460 17.173300
v 5.495561 -24.676460 18.975599
v 5.433360 -24.676460 18.872000
v 4.760160 -24.676460 17.494400
v 4.283660 -24.676460 16.085701
v 4.231860 -24.676460 15.920000
v 4.718660 -24.717960 17.515100
v 4.563360 -24.293259 16.976500
v 4.552960 -24.210360 16.935101
v 5.236560 -24.148260 18.488701
v 5.443760 -24.448660 18.892700
v 4.666961 -24.717960 15.567801
v 4.656560 -24.717960 15.526400
v 4.666961 -24.821459 15.557501
v 4.666961 -25.329060 15.505701
v 4.666961 -24.738659 15.557501
v 4.200860 -24.552160 15.806101
v 10.902361 -24.676460 18.488701
v 10.850561 -23.423159 18.385201
v 11.430561 -23.423159 18.053699
v 12.559561 -23.423159 17.401199
v 12.621759 -24.676460 17.494400
v 11.213060 -23.423159 15.060301
v 10.301559 -23.423159 13.475500
v 11.068060 -23.423159 13.589500
v 9.949461 -23.423159 12.066900
v 8.592560 -23.423159 14.469900
v 8.240360 -23.423159 12.066900
v 6.241361 -23.423159 13.227000
v 6.034161 -25.536160 13.278800
v 8.582161 -25.536160 11.807900
v 5.982360 -25.536160 10.388900
v 7.007760 -25.536160 7.892680
v 6.044560 -23.039959 9.922800
v 5.702661 -23.039959 11.445400
v 5.661261 -25.536160 13.061200
v 5.619861 -24.220760 13.123400
v 5.588760 -23.039959 13.185500
v 5.785561 -25.536160 13.278800
v 5.723460 -23.039959 13.392700
v 5.971960 -23.039959 13.392700
v 5.992761 -24.220760 13.340900
v 6.230960 -23.039959 13.237300
v 6.230960 -23.236759 13.227000
v 5.319460 -23.039959 11.404000
v 5.681960 -23.039959 9.819201
v 5.329861 -21.341259 11.103601
v 5.226260 -21.341259 11.839000
v 5.174460 -21.341259 12.408700
v 5.164061 -21.341259 12.947300
v 5.205561 -23.039959 12.947300
v 5.164061 -21.341259 13.113000
v 5.174460 -21.341259 13.278800
v 5.174460 -21.341259 13.351300
v 5.226260 -21.341259 14.045200
v 5.319460 -21.341259 14.749600
v 5.246961 -21.330860 14.625300
v 5.195160 -21.320560 14.583800
v 5.122661 -21.299860 14.563100
v 4.708361 -21.196260 14.511300
v 4.128360 -21.040859 14.356000
v 4.563360 -18.057859 14.480300
v 5.122661 -18.057859 14.563100
v 4.718660 -18.057859 15.319201
v 5.205561 -18.057859 15.049900
v 5.246961 -18.057859 14.625300
v 5.309060 -18.057859 14.956700
v 5.319460 -18.057859 14.749600
v 5.329861 -18.057859 14.822100
v 5.329861 -21.341259 14.822100
v 5.309060 -21.330860 14.956700
v 5.267660 -21.320560 15.008501
v 4.387260 -21.040859 15.775000
v 5.205561 -21.299860 15.049900
v 4.345860 -21.040859 15.588501
v 4.387260 -18.057859 15.775000
v 4.345860 -18.057859 15.588501
v 4.128360 -18.057859 14.356000
v 4.107560 -18.057859 14.169500
v 4.107560 -21.040859 14.169500
v 4.086861 -21.040859 13.972700
v 5.008760 -21.299860 13.558400
v 5.081261 -21.320560 13.527300
v 5.133060 -21.330860 13.485900
v 5.133060 -18.057859 13.485900
v 5.008760 -18.057859 13.558400
v 5.122661 -18.057859 13.144100
v 5.174460 -18.057859 13.278800
v 5.122661 -21.330860 13.144100
v 5.174460 -18.057859 13.351300
v 5.060560 -21.320560 13.102700
v 4.998361 -21.299860 13.071600
v 4.594460 -21.196260 12.957700
v 4.045461 -21.040859 12.729800
v 4.459761 -18.057859 12.905900
v 4.998361 -18.057859 13.071600
v 4.708361 -18.057859 13.662000
v 4.615160 -21.196260 13.703400
v 4.490860 -18.057859 13.765600
v 4.086861 -18.057859 13.972700
v 4.045461 -18.057859 12.729800
v 4.045461 -18.057859 12.533000
v 4.055760 -18.057859 12.346500
v 4.190460 -18.057859 11.093200
v 4.221560 -18.057859 10.906800
v 4.252561 -18.057859 10.720400
v 4.842960 -21.196260 10.606400
v 4.252561 -21.040859 10.720400
v 5.257360 -21.299860 10.575400
v 4.221560 -21.040859 10.906800
v 5.329861 -21.320560 10.565001
v 5.391960 -21.330860 10.533900
v 5.474860 -21.341259 10.378600
v 5.391960 -18.057859 10.533900
v 5.474860 -18.057859 10.378600
v 5.381560 -18.057859 10.098900
v 5.474860 -18.057859 10.202500
v 5.381560 -21.299860 10.098900
v 5.433360 -21.320560 10.140300
v 5.681960 -21.341259 9.663900
v 4.894760 -21.154860 9.788200
v 4.552960 -21.040859 9.508500
v 4.905160 -18.057859 9.798500
v 5.257360 -18.057859 10.575400
v 4.697960 -18.057859 10.627100
v 4.615160 -21.040859 9.322100
v 5.764860 -21.320560 9.135600
v 5.826961 -21.330860 9.114901
v 5.920260 -21.341259 9.011300
v 5.826961 -18.057859 9.114901
v 5.920260 -18.057859 9.011300
v 5.868461 -18.057859 8.679871
v 5.951261 -18.057859 8.938820
v 5.951261 -18.057859 8.793810
v 5.868461 -21.299860 8.679871
v 5.930560 -21.320560 8.731660
v 5.547360 -21.196260 8.420930
v 5.143360 -21.040859 7.975540
v 5.443760 -18.057859 8.317350
v 5.692360 -18.057859 9.135600
v 5.692360 -21.299860 9.135600
v 5.278060 -21.196260 9.104500
v 4.677260 -21.040859 9.135600
v 5.961660 -21.330860 8.804170
v 5.951261 -21.341259 8.938820
v 5.474860 -21.330860 10.202500
v 6.624560 -23.039959 8.472720
v 4.190460 -21.040859 11.093200
v 4.697960 -21.196260 11.404000
v 4.573660 -18.057859 11.341800
v 5.081261 -18.057859 11.569700
v 5.081261 -21.299860 11.569700
v 5.195160 -18.057859 11.662900
v 5.143360 -21.320560 11.611100
v 5.195160 -21.330860 11.662900
v 5.226260 -18.057859 11.839000
v 5.153760 -18.057859 11.994400
v 5.164061 -21.330860 11.994400
v 5.101960 -21.320560 12.035800
v 5.029460 -21.299860 12.066900
v 4.055760 -21.040859 12.346500
v 4.045461 -21.040859 12.533000
v 4.625461 -21.196260 12.139400
v 4.490860 -18.057859 12.180800
v 5.029460 -18.057859 12.066900
v 4.832661 -21.196260 15.246700
v 8.654661 -25.536160 5.758960
v 9.462561 -25.536160 9.311700
v 9.700861 -23.423159 9.032001
v 11.244160 -23.423159 7.323000
v 11.244160 -23.423159 6.080060
v 11.451260 -23.423159 9.073500
v 13.108561 -23.423159 9.011300
v 13.388260 -23.423159 8.845600
v 13.491760 -23.423159 7.944470
v 13.491760 -23.423159 6.080060
v 13.388260 -24.676460 6.887970
v 13.388260 -24.676460 5.966120
v 12.487061 -24.676460 6.887970
v 14.662260 -24.676460 3.894550
v 12.487061 -24.676460 5.396440
v 12.487061 -24.676460 3.894550
v 12.331760 -26.426960 3.967060
v 12.331760 -26.426960 2.371950
v 12.373159 -26.426960 2.144080
v 10.291260 -26.426960 2.879480
v 10.581261 -26.426960 3.190220
v 10.353361 -26.426960 3.293800
v 10.311960 -26.426960 3.314510
v 8.675360 -26.426960 3.946340
v 9.462561 -24.717960 3.376660
v 9.731861 -24.717960 3.200580
v 11.844860 -24.717960 2.185510
v 12.518160 -26.426960 1.957640
v 12.725361 -24.717960 1.895490
v 14.061460 -27.638859 1.615830
v 12.466360 -26.986259 1.968000
v 12.414560 -26.426960 2.030140
v 12.424961 -27.514559 1.988710
v 12.321360 -27.504160 2.061220
v 12.331760 -26.975960 2.164790
v 12.279961 -27.493860 2.175150
v 12.300661 -27.587059 2.071570
v 12.259260 -27.649160 2.081930
v 12.331760 -27.721659 2.009430
v 12.362761 -27.680260 1.999070
v 14.020060 -27.721659 1.615830
v 12.393860 -27.638859 1.999070
v 12.414560 -27.566360 1.988710
v 15.760160 -27.721659 1.491530
v 14.423960 -27.866659 1.553680
v 17.085960 -27.866659 1.553680
v 17.489960 -27.721659 1.615830
v 15.760160 -27.638859 1.491530
v 17.458860 -27.638859 1.615830
v 17.085960 -24.717960 1.564040
v 15.739460 -24.717960 1.491530
v 14.423960 -24.717960 1.564040
v 15.760160 -24.717960 0.994360
v 18.090660 -24.717960 1.222230
v 17.831760 -24.676460 1.170440
v 17.334560 -24.676460 1.139370
v 17.313860 -24.676460 1.139370
v 15.760160 -24.676460 1.035790
v 15.739460 -24.676460 1.035790
v 14.486160 -24.676460 1.118650
v 15.231960 -24.676460 1.004720
v 13.429661 -24.717960 1.222230
v 12.725361 -24.717960 1.377600
v 11.181961 -24.717960 1.905850
v 11.254459 -24.676460 1.947280
v 12.487061 -24.676460 2.019780
v 14.185760 -24.676460 1.160080
v 14.206461 -24.676460 1.160080
v 12.424961 -25.329060 2.050860
v 12.373159 -25.981560 2.092290
v 12.352461 -26.209459 2.237300
v 9.866560 -24.676460 3.179860
v 8.986160 -24.717960 3.770260
v 8.903261 -24.676460 3.822050
v 9.794060 -24.676460 2.630900
v 8.074659 -24.676460 3.790970
v 9.721560 -24.717960 2.630900
v 9.120760 -24.717960 3.003780
v 7.349560 -24.676460 4.547100
v 7.297860 -24.676460 4.598880
v 8.861860 -24.717960 3.873840
v 8.944660 -24.717960 3.801330
v 7.422060 -24.717960 5.085700
v 7.235661 -26.426960 5.292860
v 6.697061 -24.717960 5.945400
v 5.837360 -24.717960 7.219420
v 9.804359 -24.676460 2.630900
v 9.814760 -24.676460 2.620540
v 11.150961 -24.676460 1.988710
v 10.943760 -24.676460 2.071570
v 10.239460 -24.676460 2.340880
v 11.047359 -24.490059 2.009430
v 10.778061 -24.148260 2.123360
v 11.150961 -24.231060 1.936920
v 10.394760 -24.106760 2.309800
v 9.794060 -24.179359 2.599820
v 9.711161 -24.117159 2.630900
v 9.431561 -24.137859 2.817340
v 9.804359 -24.583260 2.620540
v 9.814760 -24.666159 2.620540
v 15.594460 -23.972160 0.807920
v 17.168859 -23.972160 0.890780
v 17.148161 -23.972160 1.077220
v 18.608561 -23.972160 1.336170
v 18.556761 -24.676460 1.387960
v 18.691460 -24.427860 1.398310
v 18.919260 -24.106760 1.439750
v 18.960760 -23.972160 1.439750
v 19.261160 -23.972160 1.501890
v 19.841160 -23.972160 1.709050
v 18.608561 -23.972160 1.149730
v 18.743259 -24.717960 1.367240
v 18.826059 -24.676460 1.460460
v 18.846760 -24.676460 1.470820
v 20.327961 -24.676460 1.905850
v 18.743259 -24.717960 1.885130
v 19.675461 -24.717960 2.185510
v 21.746960 -24.717960 2.599820
v 22.399561 -24.717960 3.003780
v 21.705561 -24.676460 2.661970
v 21.643459 -24.676460 3.179860
v 19.022860 -24.676460 2.019780
v 19.085060 -25.329060 2.050860
v 19.136860 -25.981560 2.092290
v 19.157560 -26.209459 2.237300
v 21.705561 -25.981560 3.252370
v 19.178261 -26.426960 2.371950
v 19.022860 -24.676460 3.894550
v 19.178261 -26.426960 5.013200
v 19.178261 -26.426960 5.075350
v 19.178261 -26.426960 5.189280
v 19.022860 -24.676460 5.396440
v 19.178261 -26.426960 5.686460
v 19.178261 -26.426960 5.707170
v 19.178261 -26.426960 5.810750
v 19.178261 -26.426960 6.597950
v 19.178261 -26.426960 7.198700
v 19.178261 -26.426960 7.209060
v 19.178261 -26.426960 8.006610
v 19.022860 -24.676460 6.887970
v 19.105761 -25.556860 7.985900
v 20.897661 -26.426960 9.829600
v 19.022860 -24.676460 7.954820
v 20.866560 -24.676460 9.871000
v 19.105761 -24.676460 9.881400
v 17.375959 -24.676460 9.850300
v 18.132061 -24.676460 7.954820
v 18.132061 -24.676460 6.887970
v 18.018160 -23.423159 7.944470
v 18.018160 -23.423159 6.080060
v 18.018160 -23.423159 5.976480
v 18.132061 -24.676460 5.966120
v 15.760160 -23.423159 5.976480
v 15.760160 -23.423159 3.086640
v 13.823259 -23.423159 3.086640
v 13.823259 -23.423159 3.625250
v 13.491760 -23.423159 5.976480
v 15.760160 -24.676460 5.966120
v 17.697060 -23.423159 3.625250
v 17.697060 -23.423159 3.086640
v 17.707460 -23.039959 3.614890
v 19.012560 -23.039959 3.987770
v 19.012560 -23.423159 3.998130
v 20.265860 -23.039959 4.547100
v 20.027561 -23.039959 3.293800
v 20.265860 -23.039959 4.236360
v 20.390160 -23.039959 4.029200
v 20.628361 -23.039959 4.018850
v 22.119860 -23.039959 4.526380
v 22.689560 -23.039959 5.510370
v 23.217760 -23.039959 5.479300
v 22.565260 -21.341259 4.826760
v 21.985260 -21.341259 4.371010
v 21.374060 -21.341259 3.956700
v 20.731960 -21.341259 3.594180
v 20.069059 -21.341259 3.262720
v 20.597260 -21.330860 3.469880
v 20.597260 -18.057859 3.469880
v 20.586861 -21.320560 3.397380
v 20.586861 -18.057859 3.324870
v 20.586861 -21.299860 3.324870
v 20.524761 -21.040859 2.237300
v 20.348660 -21.040859 2.164790
v 19.923960 -21.196260 2.589470
v 20.017260 -18.057859 2.475530
v 19.665060 -18.057859 2.920910
v 19.665060 -21.299860 2.920910
v 19.551161 -18.057859 3.003780
v 19.613260 -21.320560 2.972710
v 19.551161 -21.330860 3.003780
v 19.416460 -21.341259 3.003780
v 19.343960 -21.341259 2.972710
v 19.240360 -21.330860 2.889840
v 19.240360 -18.057859 2.889840
v 19.209360 -21.320560 2.817340
v 19.209360 -18.057859 2.744830
v 19.209360 -21.299860 2.744830
v 19.219660 -18.057859 2.185510
v 19.219660 -21.196260 2.330520
v 19.343960 -18.057859 2.972710
v 19.416460 -18.057859 3.003780
v 20.348660 -18.057859 2.164790
v 20.524761 -18.057859 2.237300
v 20.690460 -21.040859 2.320160
v 20.690460 -18.057859 2.320160
v 20.669760 -21.196260 2.920910
v 20.680161 -18.057859 2.775910
v 20.731960 -18.057859 3.594180
v 20.897661 -18.057859 3.625250
v 20.897661 -21.330860 3.625250
v 20.970160 -21.320560 3.604530
v 21.021959 -21.299860 3.563100
v 21.322361 -21.196260 3.262720
v 21.798759 -21.040859 2.910560
v 21.436260 -18.057859 3.169500
v 21.021959 -18.057859 3.563100
v 21.798759 -18.057859 2.910560
v 21.964460 -18.057859 3.003780
v 21.964460 -21.040859 3.003780
v 22.130260 -21.040859 3.107360
v 22.130260 -18.057859 3.107360
v 22.016260 -21.196260 3.697750
v 21.881660 -21.299860 4.091350
v 22.047359 -18.057859 3.563100
v 21.881660 -18.057859 4.091350
v 21.985260 -18.057859 4.371010
v 21.871260 -18.057859 4.236360
v 22.140560 -21.330860 4.433160
v 22.150961 -18.057859 4.433160
v 22.213060 -21.320560 4.422800
v 22.275261 -21.299860 4.381370
v 22.617060 -21.196260 4.132780
v 23.134960 -21.040859 3.842760
v 22.741360 -18.057859 4.060280
v 22.275261 -18.057859 4.381370
v 23.134960 -18.057859 3.842760
v 23.290260 -18.057859 3.967060
v 23.290260 -21.040859 3.967060
v 23.435360 -21.040859 4.091350
v 23.435360 -18.057859 4.091350
v 23.238560 -21.185860 4.661030
v 23.052061 -21.299860 5.033910
v 23.217760 -18.057859 4.712820
v 23.290260 -18.057859 4.526380
v 24.336462 -18.057859 4.961410
v 23.911760 -18.057859 5.116780
v 24.336462 -21.040859 4.961410
v 23.777159 -21.196260 5.178920
v 23.404261 -18.057859 5.375720
v 23.404261 -21.299860 5.375720
v 23.632160 -21.341259 5.852180
v 23.342060 -21.320560 5.406800
v 23.269560 -21.330860 5.406800
v 23.114260 -21.341259 5.323930
v 23.870359 -23.039959 6.204350
v 24.564360 -23.039959 7.861600
v 24.885462 -23.039959 8.472720
v 25.527559 -25.536160 10.388900
v 24.502161 -25.536160 7.892680
v 22.047359 -25.536160 9.311700
v 22.927761 -25.536160 11.807900
v 25.859060 -25.536160 13.061200
v 25.486158 -25.536160 13.278800
v 25.734758 -25.536160 13.278800
v 25.796862 -23.039959 13.392700
v 25.921160 -23.039959 13.185500
v 25.890162 -24.220760 13.123400
v 25.807261 -23.039959 11.445400
v 26.190462 -23.039959 11.404000
v 25.465460 -23.039959 9.922800
v 25.237558 -23.039959 8.317350
v 25.827959 -23.039959 9.819201
v 25.279058 -21.341259 8.296630
v 24.947561 -21.341259 7.675160
v 24.916460 -21.341259 7.613020
v 24.543562 -21.341259 7.022620
v 24.129259 -21.341259 6.452940
v 24.077459 -21.341259 6.390790
v 24.077459 -18.057859 6.390790
v 24.036058 -18.057859 6.256140
v 24.087862 -18.057859 6.121490
v 24.046461 -21.320560 6.183630
v 24.087862 -21.299860 6.121490
v 24.460760 -21.040859 5.106420
v 24.036058 -21.330860 6.256140
v 24.585062 -21.040859 5.251430
v 24.460760 -18.057859 5.106420
v 24.585062 -18.057859 5.251430
v 24.315760 -21.196260 5.779680
v 24.388262 -18.057859 5.655380
v 24.916460 -18.057859 6.328640
v 24.388262 -18.057859 6.515090
v 24.771460 -21.196260 6.370080
v 24.388262 -21.299860 6.515090
v 25.361860 -21.040859 6.235420
v 25.465460 -21.040859 6.390790
v 25.361860 -18.057859 6.235420
v 25.465460 -18.057859 6.390790
v 25.569059 -18.057859 6.556520
v 25.569059 -21.040859 6.556520
v 25.237558 -21.196260 7.043330
v 24.947561 -21.299860 7.354070
v 24.906160 -21.320560 7.405860
v 24.947561 -18.057859 7.354070
v 25.320459 -18.057859 6.929400
v 24.947561 -18.057859 7.675160
v 24.885462 -18.057859 7.478360
v 24.916460 -18.057859 7.613020
v 25.051161 -21.330860 7.768380
v 25.051161 -18.057859 7.768380
v 25.196161 -18.057859 7.778740
v 25.196161 -21.299860 7.778740
v 25.123659 -21.320560 7.789100
v 25.600061 -21.196260 7.685520
v 26.200861 -21.040859 7.633730
v 25.589762 -18.057859 7.685520
v 25.745161 -18.057859 7.664800
v 26.200861 -18.057859 7.633730
v 26.283762 -21.040859 7.809810
v 26.231958 -18.057859 7.695880
v 26.283762 -18.057859 7.809810
v 26.366560 -18.057859 7.975540
v 26.366560 -21.040859 7.975540
v 25.962660 -21.196260 8.420930
v 25.641562 -21.299860 8.679871
v 25.589762 -21.320560 8.731660
v 25.558661 -21.330860 8.804170
v 25.569059 -21.341259 8.938820
v 25.558661 -18.057859 8.793810
v 25.569059 -18.057859 8.938820
v 25.589762 -18.057859 9.011300
v 25.589762 -21.341259 9.011300
v 25.682959 -21.330860 9.114901
v 25.827959 -21.341259 9.663900
v 25.755461 -21.320560 9.135600
v 25.827959 -21.299860 9.135600
v 26.242262 -21.196260 9.104500
v 26.832659 -21.040859 9.135600
v 26.387259 -18.057859 9.104500
v 25.827959 -18.057859 9.135600
v 26.066160 -18.057859 8.317350
v 26.832659 -18.057859 9.135600
v 25.641562 -18.057859 8.679871
v 25.682959 -18.057859 9.114901
v 26.894861 -21.040859 9.322100
v 26.894861 -18.057859 9.322100
v 26.956961 -21.040859 9.508500
v 26.956961 -18.057859 9.508500
v 26.615160 -21.154860 9.788200
v 26.138762 -21.299860 10.098900
v 26.604860 -18.057859 9.798500
v 26.138762 -18.057859 10.098900
v 26.252661 -18.057859 10.575400
v 26.117960 -18.057859 10.533900
v 26.252661 -21.299860 10.575400
v 26.180159 -21.320560 10.565001
v 26.190462 -21.341259 11.103601
v 26.666960 -21.196260 10.606400
v 27.257360 -21.040859 10.720400
v 26.811960 -18.057859 10.627100
v 27.122660 -18.057859 10.689301
v 27.257360 -18.057859 10.720400
v 27.288462 -18.057859 10.906800
v 27.288462 -21.040859 10.906800
v 27.319460 -21.040859 11.093200
v 27.319460 -18.057859 11.093200
v 26.811960 -21.196260 11.404000
v 26.428759 -21.299860 11.569700
v 26.936262 -18.057859 11.341800
v 26.428759 -18.057859 11.569700
v 26.480558 -18.057859 12.066900
v 26.356260 -18.057859 11.994400
v 26.480558 -21.299860 12.066900
v 26.408060 -21.320560 12.035800
v 26.335562 -21.341259 12.408700
v 26.894861 -21.196260 12.139400
v 27.454161 -21.040859 12.346500
v 27.029459 -18.057859 12.180800
v 27.454161 -18.057859 12.346500
v 27.464560 -18.057859 12.533000
v 27.464560 -21.040859 12.533000
v 27.464560 -21.040859 12.729800
v 27.464560 -18.057859 12.729800
v 26.915560 -21.196260 12.957700
v 26.345861 -21.341259 12.947300
v 26.345861 -21.341259 13.113000
v 26.521959 -21.299860 13.071600
v 26.449461 -21.320560 13.102700
v 26.397661 -21.330860 13.144100
v 26.345861 -21.341259 13.278800
v 26.397661 -18.057859 13.144100
v 26.345861 -18.057859 13.278800
v 26.387259 -18.057859 13.485900
v 26.345861 -18.057859 13.351300
v 26.376959 -21.330860 13.485900
v 26.345861 -21.341259 13.351300
v 26.294062 -21.341259 14.045200
v 26.428759 -21.320560 13.527300
v 26.501261 -21.299860 13.558400
v 26.894861 -21.196260 13.703400
v 27.423059 -21.040859 13.972700
v 27.029459 -18.057859 13.765600
v 26.801661 -18.057859 13.662000
v 26.501261 -18.057859 13.558400
v 26.521959 -18.057859 13.071600
v 27.050161 -18.057859 12.916200
v 27.423059 -18.057859 13.972700
v 27.402361 -21.040859 14.169500
v 27.402361 -18.057859 14.169500
v 27.381659 -21.040859 14.356000
v 27.381659 -18.057859 14.356000
v 26.811960 -21.196260 14.511300
v 26.397661 -21.299860 14.563100
v 26.946661 -18.057859 14.480300
v 26.397661 -18.057859 14.563100
v 26.801661 -18.057859 15.319201
v 26.304461 -18.057859 15.049900
v 26.677359 -21.196260 15.246700
v 26.304461 -21.299860 15.049900
v 26.035162 -21.341259 15.505701
v 27.164160 -21.040859 15.588501
v 27.122660 -21.040859 15.775000
v 27.164160 -18.057859 15.588501
v 27.122660 -18.057859 15.775000
v 27.070959 -21.040859 15.961401
v 27.070959 -18.057859 15.961401
v 26.615160 -21.154860 16.023600
v 26.066160 -21.299860 16.033899
v 26.625559 -18.057859 16.023600
v 26.066160 -18.057859 16.033899
v 26.149061 -18.057859 16.655399
v 25.931559 -18.057859 16.065001
v 25.910860 -18.057859 16.500000
v 26.252661 -21.196260 16.738300
v 25.910860 -21.299860 16.500000
v 26.687662 -21.040859 17.152599
v 26.366560 -18.057859 16.841801
v 26.687662 -18.057859 17.152599
v 26.615160 -18.057859 17.328701
v 26.542662 -18.057859 17.504700
v 26.542662 -21.040859 17.504700
v 25.941961 -21.196260 17.504700
v 25.537962 -21.299860 17.432199
v 26.615160 -21.040859 17.328701
v 25.465460 -21.320560 17.432199
v 25.392962 -21.330860 17.453001
v 25.392962 -18.057859 17.453001
v 25.537962 -18.057859 17.432199
v 25.714060 -18.057859 18.271200
v 25.320459 -18.057859 17.877600
v 25.620859 -21.196260 18.167601
v 25.320459 -21.299860 17.877600
v 25.993662 -21.040859 18.633801
v 25.900461 -21.040859 18.799500
v 25.993662 -18.057859 18.633801
v 25.900461 -18.057859 18.799500
v 25.807261 -21.040859 18.965200
v 25.807261 -18.057859 18.965200
v 25.216860 -21.196260 18.872000
v 24.812960 -21.299860 18.757999
v 25.351561 -18.057859 18.903101
v 24.812960 -18.057859 18.757999
v 24.926859 -18.057859 19.679899
v 25.102961 -18.057859 20.000999
v 24.988958 -18.057859 20.156401
v 24.988958 -21.040859 20.156401
v 24.864660 -21.040859 20.301399
v 24.864660 -18.057859 20.301399
v 24.295061 -21.196260 20.135601
v 23.911760 -21.299860 19.959600
v 24.429659 -18.057859 20.177099
v 23.911760 -18.057859 19.959600
v 24.025759 -18.057859 21.233601
v 23.891062 -18.057859 21.368200
v 23.891062 -21.040859 21.368200
v 24.025759 -21.040859 21.233601
v 23.797861 -21.196260 20.684601
v 23.859961 -18.057859 20.819300
v 23.590660 -18.057859 20.322100
v 23.590660 -21.299860 20.322100
v 23.549261 -18.057859 20.187401
v 23.559660 -21.320560 20.259901
v 23.549261 -21.330860 20.187401
v 23.632160 -18.057859 20.032101
v 23.777159 -18.057859 19.938801
v 23.849661 -21.320560 19.938801
v 23.777159 -21.330860 19.938801
v 25.102961 -21.040859 20.000999
v 24.906160 -21.144459 19.648800
v 24.875059 -18.057859 19.607401
v 24.543562 -18.057859 19.162001
v 24.543562 -21.299860 19.162001
v 24.481459 -18.057859 19.037701
v 24.502161 -21.320560 19.099899
v 24.481459 -21.330860 19.027300
v 24.543562 -18.057859 18.861601
v 24.667860 -18.057859 18.747700
v 24.740358 -21.320560 18.737301
v 24.667860 -21.330860 18.747700
v 22.793159 -21.320560 20.995300
v 22.720661 -21.330860 20.985001
v 22.720661 -18.057859 20.985001
v 22.865660 -18.057859 21.026400
v 22.865660 -21.299860 21.026400
v 23.342060 -18.057859 21.316401
v 23.207460 -21.196260 21.254301
v 23.756460 -21.040859 21.502901
v 23.756460 -18.057859 21.502901
v 22.793159 -18.057859 22.300400
v 22.637760 -18.057859 22.414400
v 22.482361 -18.057859 22.528299
v 21.363760 -18.057859 22.652599
v 22.813860 -18.057859 23.512300
v 21.384460 -18.057859 22.745800
v 21.425859 -18.057859 23.191200
v 21.260160 -18.057859 23.284401
v 21.084061 -18.057859 23.377600
v 20.617960 -18.057859 24.682699
v 18.587860 -18.213160 25.345600
v 18.235661 -18.057859 25.407801
v 15.760160 -18.057859 25.656401
v 15.760160 -18.213160 25.666700
v 18.629261 -21.196260 25.542400
v 21.374060 -21.900560 24.610201
v 21.809160 -21.900560 24.382299
v 21.819460 -24.189659 24.382299
v 21.974861 -21.921259 24.206301
v 21.767660 -24.034260 23.719400
v 21.488060 -24.137859 24.351299
v 21.695160 -24.034260 23.781601
v 21.840260 -24.034260 23.698700
v 21.374060 -24.189659 24.610201
v 21.446661 -24.137859 24.330601
v 21.053061 -24.003260 23.947300
v 20.928761 -21.900560 24.817400
v 20.690460 -21.921259 24.827700
v 20.576561 -21.942060 24.765600
v 18.173561 -21.900560 25.666700
v 18.380661 -21.921259 25.542400
v 18.173561 -24.189659 25.666700
v 18.370359 -23.982559 24.806999
v 18.411760 -24.003260 24.858801
v 17.686760 -21.900560 25.749599
v 15.760160 -21.196260 25.863501
v 17.199860 -21.900560 25.811701
v 16.474861 -21.900560 25.873899
v 13.274260 -18.057859 25.407801
v 15.760160 -19.974060 25.811701
v 16.961660 -21.921259 25.749599
v 16.878759 -21.942060 25.666700
v 13.326059 -18.057859 24.403101
v 13.129261 -18.057859 24.361601
v 13.129261 -21.040859 24.361601
v 13.326059 -21.040859 24.403101
v 13.025660 -21.299860 23.356899
v 13.015360 -21.320560 23.274099
v 13.553961 -21.341259 23.305099
v 12.984261 -21.330860 23.211901
v 12.839260 -21.341259 23.129000
v 12.984261 -18.057859 23.211901
v 12.839260 -18.057859 23.129000
v 13.056761 -18.057859 23.905901
v 13.025660 -18.057859 23.356899
v 13.036060 -21.196260 23.771200
v 12.663160 -18.057859 23.118700
v 12.663160 -21.330860 23.118700
v 12.601061 -21.320560 23.160101
v 12.134960 -21.341259 22.890800
v 12.559561 -21.299860 23.211901
v 12.321360 -21.196260 23.564100
v 11.927761 -21.040859 24.009501
v 12.238461 -18.057859 23.677999
v 12.559561 -18.057859 23.211901
v 11.927761 -18.057859 24.009501
v 11.751659 -18.057859 23.947300
v 11.751659 -21.040859 23.947300
v 11.575560 -21.040859 23.885201
v 11.575560 -18.057859 23.885201
v 11.554861 -21.144459 23.470900
v 11.606661 -21.299860 22.870100
v 11.554861 -18.057859 23.429399
v 11.606661 -18.057859 22.870100
v 11.585960 -18.057859 22.735500
v 11.606661 -21.320560 22.797600
v 11.585960 -21.330860 22.725100
v 11.482361 -21.341259 22.631901
v 11.482361 -18.057859 22.631901
v 11.409861 -21.341259 22.600800
v 11.409861 -18.057859 22.600800
v 11.275261 -18.057859 22.590401
v 11.275261 -21.330860 22.590401
v 11.213060 -21.320560 22.621500
v 10.788361 -21.341259 22.290100
v 11.150961 -21.299860 22.673300
v 10.881660 -21.196260 22.983999
v 10.425859 -21.040859 23.377600
v 10.778061 -18.057859 23.087601
v 11.161261 -18.057859 22.663000
v 10.891960 -18.057859 24.682699
v 10.425859 -18.057859 23.377600
v 10.260160 -18.057859 23.284401
v 10.260160 -21.040859 23.284401
v 10.084061 -21.040859 23.191200
v 10.084061 -18.057859 23.191200
v 10.156561 -21.196260 22.600800
v 10.260160 -21.299860 22.196800
v 10.146259 -18.057859 22.652599
v 10.135860 -18.057859 22.735500
v 9.027561 -18.057859 22.528299
v 9.410761 -18.057859 22.290100
v 9.027561 -21.040859 22.528299
v 9.535061 -21.196260 22.207201
v 9.845860 -18.057859 21.937901
v 9.845860 -21.299860 21.937901
v 9.535061 -21.341259 21.513201
v 9.907961 -21.320560 21.896500
v 9.980461 -21.330860 21.875799
v 10.146259 -21.341259 21.927500
v 10.021959 -23.039959 21.792900
v 11.347761 -23.039959 22.528299
v 10.467260 -23.039959 21.627201
v 10.353361 -23.039959 21.409700
v 10.477661 -25.536160 21.409700
v 10.529461 -24.220760 21.627201
v 13.015360 -23.039959 22.725100
v 10.601961 -25.536160 21.627201
v 13.149960 -25.536160 19.721300
v 10.601961 -25.536160 21.192101
v 10.757360 -23.423159 21.047100
v 10.746960 -23.236759 21.047100
v 10.736660 -23.039959 21.047100
v 9.970160 -23.039959 20.518900
v 10.477661 -23.039959 21.192101
v 10.529461 -24.220760 21.192101
v 13.149960 -23.423159 19.659201
v 12.766760 -23.039959 23.056499
v 14.247961 -23.039959 23.377600
v 14.278961 -21.341259 23.429399
v 15.014360 -21.341259 23.512300
v 15.718760 -21.341259 23.533001
v 15.791260 -21.341259 23.533001
v 15.760160 -23.039959 23.491600
v 16.495560 -21.341259 23.512300
v 17.230961 -21.341259 23.429399
v 17.262060 -23.039959 23.377600
v 17.956060 -21.341259 23.305099
v 18.681061 -21.341259 23.129000
v 18.743259 -23.039959 23.056499
v 20.069059 -21.341259 22.621500
v 20.731960 -21.341259 22.290100
v 21.343060 -21.341259 21.948299
v 21.249861 -21.330860 22.051800
v 21.239460 -21.320560 22.124300
v 21.249861 -21.299860 22.196800
v 21.353361 -21.196260 22.600800
v 21.425859 -21.040859 23.191200
v 21.249861 -18.057859 22.196800
v 21.249861 -18.057859 22.051800
v 21.374060 -18.057859 21.927500
v 21.260160 -21.040859 23.284401
v 20.307261 -21.320560 22.621500
v 20.234760 -21.330860 22.590401
v 20.234760 -18.057859 22.590401
v 20.348660 -18.057859 22.663000
v 20.359060 -21.299860 22.673300
v 20.731960 -18.057859 23.077301
v 20.628361 -21.196260 22.983999
v 21.084061 -21.040859 23.377600
v 19.996561 -18.057859 22.652599
v 20.069059 -18.057859 22.621500
v 19.934361 -21.330860 22.725100
v 19.375061 -21.341259 22.890800
v 19.903261 -21.320560 22.797600
v 19.903261 -21.299860 22.870100
v 19.965460 -21.144459 23.470900
v 19.944759 -21.040859 23.885201
v 19.965460 -18.057859 23.429399
v 19.903261 -18.057859 22.870100
v 19.923960 -18.057859 22.735500
v 19.944759 -18.057859 23.885201
v 19.758261 -18.057859 23.947300
v 19.582161 -18.057859 24.009501
v 18.484261 -18.057859 23.356899
v 18.525660 -18.057859 23.211901
v 18.484261 -21.299860 23.356899
v 18.494659 -21.320560 23.274099
v 18.473961 -21.196260 23.771200
v 18.380661 -21.040859 24.361601
v 18.463560 -18.057859 23.916201
v 18.380661 -18.057859 24.361601
v 18.194260 -21.040859 24.403101
v 18.194260 -18.057859 24.403101
v 18.007860 -18.057859 24.434099
v 17.748859 -18.057859 24.061300
v 17.769560 -21.144459 24.102699
v 18.007860 -21.040859 24.434099
v 17.500259 -21.299860 23.564100
v 17.458860 -21.320560 23.501900
v 17.407061 -21.330860 23.450100
v 17.407061 -18.057859 23.450100
v 17.500259 -18.057859 23.564100
v 17.230961 -18.057859 23.429399
v 17.065260 -21.330860 23.501900
v 17.065260 -18.057859 23.501900
v 17.034161 -21.320560 23.564100
v 17.013460 -21.299860 23.626200
v 16.940960 -21.196260 24.040501
v 16.764860 -21.040859 24.610201
v 16.909861 -18.057859 24.185600
v 17.013460 -18.057859 23.626200
v 16.764860 -18.057859 24.610201
v 16.578461 -18.057859 24.630899
v 16.381660 -18.057859 24.641300
v 16.381660 -21.040859 24.641300
v 16.578461 -21.040859 24.630899
v 15.998360 -21.299860 23.698700
v 15.977661 -21.320560 23.636600
v 15.925859 -21.330860 23.584801
v 15.925859 -18.057859 23.584801
v 15.998360 -18.057859 23.698700
v 16.184860 -18.057859 24.226999
v 16.122660 -21.196260 24.102699
v 15.791260 -18.057859 23.533001
v 15.718760 -18.057859 23.533001
v 15.584061 -21.330860 23.584801
v 15.584061 -18.057859 23.584801
v 15.542660 -21.320560 23.636600
v 15.511560 -21.299860 23.698700
v 15.387260 -21.196260 24.102699
v 15.128361 -21.040859 24.641300
v 15.335461 -18.057859 24.237301
v 15.511560 -18.057859 23.698700
v 15.128361 -18.057859 24.641300
v 14.941860 -18.057859 24.630899
v 14.941860 -21.040859 24.630899
v 14.745060 -21.040859 24.610201
v 14.745060 -18.057859 24.610201
v 14.568960 -21.196260 24.040501
v 14.506861 -21.299860 23.626200
v 14.610460 -18.057859 24.175200
v 14.506861 -18.057859 23.626200
v 14.444759 -18.057859 23.501900
v 14.486160 -21.320560 23.564100
v 14.444759 -21.330860 23.501900
v 14.278961 -18.057859 23.429399
v 14.113260 -21.330860 23.450100
v 14.102859 -18.057859 23.450100
v 14.020060 -18.057859 23.564100
v 13.761061 -18.057859 24.061300
v 13.512560 -18.057859 24.434099
v 13.512560 -21.040859 24.434099
v 13.740360 -21.144459 24.102699
v 14.020060 -21.299860 23.564100
v 14.051161 -21.320560 23.501900
v 18.525660 -21.330860 23.211901
v 18.681061 -18.057859 23.129000
v 18.857161 -18.057859 23.118700
v 19.271460 -18.057859 23.677999
v 19.188560 -21.196260 23.564100
v 19.582161 -21.040859 24.009501
v 18.960760 -21.299860 23.211901
v 19.758261 -21.040859 23.947300
v 18.908960 -21.320560 23.160101
v 18.846760 -21.330860 23.118700
v 18.960760 -18.057859 23.211901
v 21.539860 -18.057859 21.875799
v 22.099161 -18.057859 22.290100
v 21.985260 -21.196260 22.207201
v 22.482361 -21.040859 22.528299
v 21.664160 -21.299860 21.937901
v 22.637760 -21.040859 22.414400
v 21.601961 -21.320560 21.896500
v 21.539860 -21.330860 21.875799
v 21.664160 -18.057859 21.937901
v 22.793159 -21.040859 22.300400
v 22.648161 -21.196260 21.730700
v 22.689560 -18.057859 21.865400
v 22.482361 -18.057859 21.337101
v 22.482361 -21.299860 21.337101
v 22.461660 -18.057859 21.202499
v 22.461660 -21.320560 21.275000
v 22.461660 -21.330860 21.202499
v 22.534161 -18.057859 21.078199
v 22.596361 -18.057859 21.036800
v 10.260160 -21.330860 22.051800
v 10.260160 -18.057859 22.051800
v 10.270460 -21.320560 22.124300
v 10.260160 -18.057859 22.196800
v 10.146259 -18.057859 21.927500
v 9.970160 -18.057859 21.875799
v 8.975760 -21.341259 21.078199
v 9.048260 -21.330860 21.202499
v 9.048260 -18.057859 21.202499
v 9.048260 -21.320560 21.275000
v 9.027561 -18.057859 21.337101
v 9.027561 -21.299860 21.337101
v 8.872160 -21.040859 22.414400
v 8.716860 -21.040859 22.300400
v 8.872160 -18.057859 22.414400
v 8.716860 -18.057859 22.300400
v 7.753561 -18.057859 21.502901
v 8.167860 -18.057859 21.316401
v 7.753561 -21.040859 21.502901
v 8.302561 -21.196260 21.254301
v 8.654661 -18.057859 21.026400
v 8.654661 -21.299860 21.026400
v 8.716860 -21.320560 20.995300
v 8.789360 -21.330860 20.985001
v 8.923960 -21.341259 21.036800
v 8.923960 -18.057859 21.036800
v 8.975760 -18.057859 21.078199
v 8.830761 -18.057859 21.865400
v 8.789360 -18.057859 20.985001
v 8.872160 -21.196260 21.730700
v 7.618860 -21.040859 21.368200
v 7.960760 -21.320560 20.259901
v 7.960760 -21.330860 20.187401
v 7.960760 -18.057859 20.187401
v 7.929661 -18.057859 20.322100
v 7.929661 -21.299860 20.322100
v 7.649961 -18.057859 20.808901
v 7.712160 -21.196260 20.684601
v 7.484261 -21.040859 21.233601
v 7.618860 -18.057859 21.368200
v 7.484261 -18.057859 21.233601
v 7.080260 -18.057859 20.177099
v 7.598160 -18.057859 19.959600
v 7.214960 -21.196260 20.135601
v 7.598160 -21.299860 19.959600
v 6.645260 -21.040859 20.301399
v 7.670660 -21.320560 19.938801
v 7.743160 -21.330860 19.938801
v 7.732861 -18.057859 19.938801
v 7.888161 -18.057859 20.032101
v 6.645260 -18.057859 20.301399
v 6.520960 -18.057859 20.156401
v 6.407061 -21.040859 20.000999
v 6.407061 -18.057859 20.000999
v 6.717760 -21.196260 19.483101
v 6.634860 -18.057859 19.607401
v 6.593460 -18.057859 19.679899
v 5.713060 -18.057859 18.965200
v 5.609460 -18.057859 18.799500
v 5.516260 -21.040859 18.633801
v 6.189560 -21.299860 17.877600
v 5.889160 -21.196260 18.167601
v 5.516260 -18.057859 18.633801
v 5.795960 -18.057859 18.271200
v 4.967260 -18.057859 17.504700
v 4.894760 -18.057859 17.328701
v 4.822260 -21.040859 17.152599
v 5.257360 -21.196260 16.738300
v 6.189560 -18.057859 17.877600
v 10.581261 -21.900560 24.817400
v 10.135860 -21.900560 24.610201
v 10.591560 -24.189659 24.817400
v 10.135860 -24.189659 24.610201
v 10.829861 -24.168959 24.827700
v 11.213060 -24.013559 24.372000
v 11.016260 -24.106760 24.682699
v 10.933361 -21.942060 24.765600
v 11.016260 -21.973059 24.682699
v 11.938160 -21.900560 25.314600
v 10.829861 -21.921259 24.827700
v 11.213060 -22.076660 24.372000
v 11.399561 -22.159559 24.082001
v 12.228161 -22.159559 24.372000
v 12.248859 -23.920359 24.330601
v 11.668859 -24.075760 24.123400
v 12.673561 -24.676460 24.444500
v 13.087860 -23.920359 24.548100
v 14.123661 -24.624659 24.734501
v 14.123661 -24.479660 24.734501
v 13.978661 -23.920359 24.724199
v 13.067160 -24.013559 24.952000
v 13.056761 -24.106760 25.304199
v 13.129261 -24.168959 25.532101
v 13.336460 -24.189659 25.666700
v 13.823259 -24.189659 25.749599
v 14.890060 -23.920359 24.827700
v 14.320459 -24.189659 25.811701
v 14.548260 -24.168959 25.749599
v 14.786560 -24.013559 25.200600
v 14.693260 -24.106760 25.552799
v 14.641560 -21.942060 25.666700
v 14.693260 -21.973059 25.552799
v 14.548260 -21.921259 25.749599
v 14.310061 -21.900560 25.811701
v 13.823259 -21.900560 25.749599
v 13.346760 -21.900560 25.666700
v 13.139660 -21.921259 25.542400
v 13.077459 -21.942060 25.428499
v 13.056761 -21.973059 25.304199
v 13.067160 -22.076660 24.952000
v 13.087860 -22.159559 24.599899
v 14.786560 -22.076660 25.200600
v 14.133961 -24.676460 24.734501
v 14.185760 -24.676460 24.734501
v 11.202761 -24.676460 23.947300
v 11.337360 -24.210360 23.999100
v 9.700861 -24.189659 24.382299
v 10.353361 -24.065359 24.164801
v 10.084061 -24.106760 24.237301
v 9.876860 -24.086060 24.040501
v 10.042660 -24.086060 24.113001
v 9.845860 -24.055059 23.874800
v 9.700861 -23.982559 23.491600
v 9.928659 -23.992859 23.636600
v 26.086962 -18.057859 17.504700
v 25.268660 -21.320560 17.825800
v 25.247961 -21.330860 17.753300
v 25.247961 -18.057859 17.763700
v 25.258261 -18.057859 17.618700
v 25.289362 -18.057859 17.556499
v 25.859060 -21.320560 16.448200
v 25.817659 -21.330860 16.386101
v 25.817659 -21.341259 16.251400
v 25.827959 -18.057859 16.220400
v 25.838362 -21.341259 16.178900
v 25.703661 -23.039959 16.437901
v 26.180159 -21.341259 14.822100
v 26.190462 -21.341259 14.749600
v 26.159460 -23.039959 14.718500
v 26.190462 -23.039959 14.511300
v 25.154760 -23.039959 14.511300
v 25.279058 -23.039959 13.237300
v 25.133959 -23.423159 14.594200
v 25.144361 -23.039959 14.594200
v 25.040762 -23.423159 15.060301
v 24.812960 -23.039959 15.920000
v 25.693361 -23.423159 16.448200
v 25.745161 -23.423159 16.469000
v 26.408060 -23.661459 16.469000
v 27.133059 -23.920359 16.469000
v 25.030458 -23.423159 18.064100
v 24.926859 -23.423159 18.240200
v 26.076559 -23.920359 18.903101
v 23.808161 -23.423159 19.824900
v 24.139662 -23.661459 20.394600
v 26.066160 -23.972160 18.903101
v 26.117960 -23.972160 18.809799
v 26.905161 -23.972160 17.753300
v 26.252661 -23.972160 18.499100
v 26.977659 -23.972160 16.841801
v 26.273359 -24.148260 18.488701
v 26.760160 -24.676460 17.494400
v 26.066160 -24.448660 18.892700
v 26.729158 -23.972160 17.670500
v 27.557760 -23.972160 15.681801
v 27.112360 -23.972160 16.541500
v 27.143461 -23.972160 16.437901
v 27.350561 -23.920359 15.899300
v 27.184862 -23.920359 16.469000
v 27.557760 -24.023960 16.469000
v 27.951361 -24.117159 16.469000
v 27.350561 -23.972160 15.899300
v 27.360960 -23.972160 15.795700
v 27.381659 -23.972160 15.516001
v 27.568060 -23.972160 15.630001
v 27.599161 -23.972160 15.443501
v 27.402361 -23.972160 15.443501
v 27.526659 -23.972160 15.018900
v 27.402361 -24.023960 15.433201
v 27.537062 -24.572960 14.594200
v 27.537062 -24.572960 14.646000
v 27.474859 -24.676460 15.277800
v 27.526659 -24.676460 14.666700
v 27.309160 -24.676460 15.785299
v 27.661261 -24.676460 12.874800
v 27.298761 -24.676460 15.826799
v 26.853361 -24.676460 15.567801
v 27.153761 -24.676460 12.802300
v 26.853361 -24.717960 15.567801
v 26.853361 -24.717960 15.526400
v 27.029459 -24.717960 14.925600
v 27.702761 -24.717960 12.947300
v 27.184862 -24.717960 12.274000
v 27.474859 -24.717960 10.606400
v 27.050161 -24.717960 11.497200
v 27.153761 -26.426960 11.880400
v 27.195261 -26.426960 13.475500
v 27.153761 -26.426960 14.024500
v 26.729158 -26.426960 14.014200
v 26.615160 -26.426960 15.257101
v 26.791262 -26.426960 15.412500
v 24.263960 -26.426960 13.952000
v 25.247961 -26.426960 14.469900
v 24.357161 -26.426960 13.952000
v 24.305361 -26.426960 13.920900
v 24.181059 -26.426960 13.858800
v 24.160360 -26.426960 13.838100
v 24.139662 -26.426960 13.827700
v 23.870359 -26.426960 13.672300
v 26.729158 -26.209459 15.350300
v 27.122660 -25.981560 12.636600
v 26.843061 -25.981560 15.433201
v 26.853361 -25.329060 15.505701
v 26.843061 -24.717960 15.567801
v 26.273359 -24.717960 17.473700
v 26.418360 -27.638859 17.131901
v 25.672560 -27.638859 18.664801
v 24.937159 -24.717960 19.783501
v 26.801661 -24.717960 17.515100
v 27.433462 -24.210360 15.340000
v 27.619860 -23.972160 15.360701
v 27.692362 -23.972160 14.936000
v 27.702761 -23.972160 14.904901
v 27.723459 -23.972160 14.822100
v 27.723459 -23.972160 14.801400
v 28.003160 -24.013559 12.408700
v 28.117060 -24.044659 12.367300
v 28.210260 -24.065359 12.274000
v 27.775259 -23.992859 14.842800
v 27.816660 -24.003260 14.822100
v 27.909861 -24.013559 14.832400
v 27.858160 -24.013559 14.832400
v 28.034159 -24.055059 14.925600
v 28.251760 -24.106760 14.946400
v 27.371260 -23.920359 15.588501
v 27.412760 -24.075760 15.391800
v 27.205561 -24.676460 16.106400
v 27.267759 -24.676460 15.920000
v 27.278059 -24.676460 15.909599
v 24.740358 -24.717960 20.042400
v 24.709360 -27.638859 20.073500
v 23.114260 -24.717960 21.710001
v 24.636862 -24.717960 20.871000
v 24.750761 -24.717960 20.726000
v 25.289362 -24.676460 20.063101
v 23.580360 -24.676460 21.233601
v 24.698961 -27.721659 20.104601
v 25.672560 -27.721659 18.664801
v 24.957960 -27.866659 19.793800
v 23.279961 -27.856359 21.596100
v 23.404261 -27.825260 21.482201
v 23.507860 -27.721659 21.378601
v 23.528561 -27.680260 21.347500
v 23.559660 -27.638859 21.326799
v 23.569960 -27.566360 21.316401
v 23.124559 -27.866659 21.730700
v 26.283762 -27.866659 17.483999
v 26.428759 -27.721659 17.100800
v 26.936262 -27.721659 15.433201
v 26.977659 -27.825260 15.298500
v 27.019159 -27.856359 15.122400
v 27.050161 -27.866659 14.936000
v 27.226259 -27.856359 13.092300
v 27.205561 -27.866659 12.274000
v 27.070959 -27.856359 11.051800
v 26.739462 -27.866659 9.653501
v 26.553061 -27.856359 9.063100
v 25.693361 -27.866659 7.209060
v 25.631159 -27.732059 7.240130
v 24.004961 -27.732059 5.064990
v 24.305361 -27.680260 5.603600
v 22.927761 -27.680260 4.246720
v 22.461660 -27.680260 3.884190
v 21.912760 -27.732059 3.345590
v 21.011560 -27.680260 2.972710
v 19.426861 -27.680260 2.289090
v 19.468260 -27.732059 2.164790
v 21.374060 -27.856359 2.941630
v 23.062460 -27.856359 4.101710
v 22.057760 -27.866659 3.355940
v 19.675461 -27.866659 2.164790
v 19.488960 -27.856359 2.102650
v 24.098261 -27.866659 5.075350
v 24.512560 -27.856359 5.541450
v 19.323259 -27.825260 2.050860
v 19.188560 -27.721659 2.009430
v 19.147160 -27.680260 1.999070
v 19.116060 -27.638859 1.999070
v 19.209360 -27.587059 2.071570
v 19.261160 -27.649160 2.081930
v 19.261160 -27.587059 2.195870
v 19.188560 -27.504160 2.061220
v 19.230061 -27.524860 2.175150
v 19.095360 -26.426960 2.030140
v 19.085060 -27.514559 1.988710
v 19.043560 -26.986259 1.968000
v 18.991760 -26.426960 1.957640
v 21.011560 -26.426960 2.765550
v 19.136860 -26.426960 2.144080
v 20.773361 -26.426960 3.055570
v 21.135860 -26.426960 2.838050
v 21.736660 -24.717960 3.179860
v 22.844961 -26.426960 3.946340
v 22.047359 -24.717960 3.376660
v 22.606661 -24.676460 3.148790
v 21.902361 -24.676460 2.765550
v 21.746960 -24.676460 2.682690
v 23.228161 -24.676460 3.687400
v 23.373159 -24.676460 3.822050
v 23.124559 -24.479660 3.594180
v 22.710260 -24.179359 3.262720
v 22.358061 -24.055059 2.983060
v 22.347761 -24.044659 2.972710
v 21.985260 -24.407160 2.775910
v 21.902361 -24.572960 2.755190
v 21.902361 -24.179359 2.713760
v 22.544559 -24.759359 3.790970
v 22.523861 -24.717960 3.770260
v 21.135860 -26.426960 3.242010
v 22.534161 -26.426960 4.174210
v 22.741360 -26.426960 4.308870
v 23.901461 -25.981560 5.013200
v 23.652861 -26.426960 5.168570
v 24.150061 -26.426960 5.147850
v 23.891062 -26.426960 5.396440
v 24.004961 -26.426960 5.510370
v 25.600061 -25.981560 7.260850
v 24.139662 -26.426960 5.686460
v 24.326059 -26.426960 5.935050
v 24.408960 -26.426960 5.448230
v 24.771460 -24.717960 5.883260
v 25.672560 -26.426960 7.219420
v 25.672560 -24.717960 7.219420
v 25.693361 -24.717960 6.307930
v 26.801661 -24.717960 8.369140
v 26.729158 -24.717960 9.653501
v 26.915560 -24.717960 10.730700
v 27.019159 -24.717960 11.207200
v 27.029459 -24.676460 11.259000
v 27.246962 -24.676460 9.850300
v 27.267759 -24.676460 9.891700
v 27.547361 -24.676460 11.321100
v 27.257360 -24.645460 9.881400
v 27.557760 -24.635059 11.331500
v 27.557760 -24.624659 11.383300
v 27.630259 -23.972160 11.559401
v 27.350561 -24.023960 10.233500
v 27.215960 -24.013559 9.570601
v 27.257360 -24.624659 9.871000
v 27.682062 -23.972160 12.243000
v 27.671659 -24.272560 12.885201
v 27.671659 -23.972160 12.874800
v 27.671659 -23.972160 12.895500
v 27.671659 -23.972160 12.905900
v 27.568060 -24.676460 11.445400
v 27.847761 -23.972160 12.263700
v 27.847761 -23.972160 12.243000
v 27.837358 -23.972160 12.180800
v 27.837358 -23.972160 12.149700
v 27.837358 -23.972160 12.129000
v 27.837358 -23.972160 12.035800
v 27.754560 -23.972160 11.300400
v 27.650961 -24.676460 13.164800
v 27.557760 -24.676460 11.352201
v 27.557760 -24.676460 11.341800
v 27.039862 -24.717960 11.310801
v 27.246962 -24.676460 9.840000
v 27.205561 -24.676460 9.694901
v 26.698061 -25.981560 9.850300
v 26.967360 -24.945759 10.969000
v 26.853361 -26.426960 12.564100
v 26.791262 -26.426960 12.139400
v 26.791262 -26.426960 12.118700
v 26.760160 -26.426960 11.963300
v 26.760160 -26.426960 11.932200
v 26.687662 -26.426960 11.476501
v 27.091661 -26.426960 11.310801
v 26.625559 -26.426960 11.082900
v 26.573759 -26.426960 9.197800
v 26.428759 -26.426960 9.881400
v 26.221560 -26.426960 9.373800
v 26.107660 -26.426960 9.125300
v 25.424059 -26.426960 7.488720
v 25.372259 -26.426960 7.385140
v 25.206461 -26.426960 7.157270
v 27.050161 -24.852560 11.445400
v 27.122660 -24.117159 9.301300
v 27.008760 -24.251860 8.980200
v 26.801661 -24.324360 8.483070
v 21.094460 -26.426960 3.221290
v 20.970160 -26.426960 3.138430
v 20.897661 -26.426960 3.107360
v 19.188560 -26.975960 2.164790
v 19.230061 -27.493860 2.537680
v 19.240360 -27.597359 2.817340
v 19.261160 -27.845959 2.962350
v 19.219660 -27.410959 5.064990
v 19.136860 -26.426960 5.064990
v 18.929661 -27.410959 5.769320
v 18.950359 -27.587059 5.831470
v 19.240360 -27.587059 5.127140
v 18.960760 -27.690660 5.976480
v 18.246059 -27.690660 6.266500
v 18.246059 -27.587059 6.121490
v 13.274260 -27.587059 6.121490
v 15.760160 -27.690660 6.266500
v 13.263960 -27.690660 6.266500
v 12.559561 -27.690660 5.976480
v 12.787460 -28.011759 7.167630
v 13.232861 -28.022060 7.312640
v 12.342060 -28.022060 6.867250
v 12.414560 -28.001360 6.815460
v 12.176361 -28.022060 6.535800
v 12.269560 -27.959959 6.339000
v 12.248859 -27.845959 5.748610
v 12.269560 -27.690660 5.272140
v 12.569960 -27.587059 5.831470
v 12.279961 -27.587059 5.127140
v 12.580259 -27.410959 5.769320
v 12.290260 -27.410959 5.064990
v 12.673561 -26.426960 5.769320
v 13.377861 -26.426960 6.059340
v 13.284660 -27.410959 6.059340
v 15.760160 -23.443859 6.059340
v 15.760160 -27.410959 6.059340
v 18.225361 -27.410959 6.059340
v 18.846760 -26.426960 5.769320
v 18.142460 -26.426960 6.059340
v 18.007860 -24.935459 6.059340
v 18.142460 -26.426960 7.561230
v 17.914560 -23.816759 7.333350
v 13.377861 -26.426960 7.561230
v 13.605761 -23.816759 7.333350
v 13.263960 -26.426960 7.561230
v 13.263960 -26.779160 7.592300
v 12.331760 -26.426960 7.209060
v 11.637760 -26.426960 6.950110
v 10.011560 -26.426960 6.887970
v 12.331760 -26.426960 8.058400
v 10.591560 -26.426960 9.964200
v 10.591560 -24.676460 9.964200
v 10.653761 -24.676460 9.871000
v 12.404261 -25.556860 8.006610
v 12.487061 -24.676460 7.954820
v 12.414560 -24.676460 9.881400
v 13.388260 -24.676460 7.954820
v 14.144360 -24.676460 9.850300
v 14.009661 -24.676460 9.922800
v 14.009661 -24.293259 9.922800
v 13.408960 -24.293259 10.368200
v 12.735661 -24.293259 11.196800
v 12.735661 -24.676460 11.196800
v 12.310961 -24.293259 13.465200
v 13.698959 -24.293259 11.756200
v 13.439960 -24.293259 13.454801
v 12.735661 -24.293259 14.687400
v 13.698959 -24.293259 14.128100
v 15.760160 -24.293259 15.319201
v 15.760160 -21.299860 15.371000
v 14.040760 -21.299860 14.656301
v 15.760160 -18.306459 15.422800
v 17.510660 -18.306459 14.697800
v 17.541660 -15.312960 14.728800
v 18.287460 -15.312960 12.947300
v 18.235661 -18.306459 12.947300
v 17.541660 -15.312960 11.155400
v 17.510660 -18.306459 11.186501
v 15.760160 -15.312960 10.409600
v 15.760160 -18.306459 10.461400
v 17.469160 -21.299860 11.227901
v 15.760160 -21.299860 10.513200
v 17.811060 -24.293259 11.756200
v 18.183861 -21.299860 12.947300
v 18.069960 -24.293259 13.454801
v 17.811060 -24.293259 14.128100
v 17.469160 -21.299860 14.656301
v 17.500259 -24.293259 15.961401
v 19.209360 -24.293259 13.465200
v 18.774260 -24.293259 11.196800
v 19.240360 -24.676460 12.874800
v 18.774260 -24.676460 11.196800
v 18.111361 -24.293259 10.368200
v 17.500259 -24.293259 9.922800
v 17.500259 -24.676460 9.922800
v 15.760160 -24.293259 9.456700
v 15.760160 -24.676460 9.456700
v 15.760160 -24.293259 10.451100
v 15.760160 -24.293259 10.565001
v 14.040760 -21.299860 11.227901
v 14.009661 -18.306459 11.186501
v 13.284660 -18.306459 12.947300
v 13.336460 -21.299860 12.947300
v 14.009661 -18.306459 14.697800
v 13.968260 -15.312960 14.728800
v 15.760160 -15.312960 15.474600
v 15.760160 -15.064459 15.474600
v 13.564260 -15.064459 14.211000
v 13.222460 -15.312960 12.947300
v 13.564260 -15.064459 11.673300
v 13.968260 -15.312960 11.155400
v 15.760160 -15.064459 10.409600
v 13.118959 -14.567259 11.424700
v 12.828859 -14.567259 13.765600
v 13.118959 -14.567259 14.459500
v 12.062460 -14.567259 13.765600
v 13.864660 -14.567259 16.220400
v 15.760160 -14.567259 16.727900
v 13.512560 -17.053160 16.023600
v 12.476761 -14.567259 14.832400
v 12.134960 -17.053160 14.117701
v 13.502161 -20.056860 16.044300
v 13.823259 -23.039959 16.282499
v 12.414560 -23.039959 14.873900
v 13.398560 -23.039959 17.038601
v 11.378759 -23.039959 14.718500
v 12.310961 -23.039959 14.687400
v 11.907061 -23.039959 13.195900
v 12.103861 -20.056860 14.128100
v 12.103861 -20.056860 11.756200
v 12.114161 -23.039959 11.652600
v 11.213060 -23.039959 11.642200
v 11.668859 -23.039959 10.575400
v 11.109461 -23.423159 12.025500
v 11.036961 -23.039959 13.195900
v 11.534161 -23.423159 15.080999
v 11.658461 -23.423159 15.308901
v 11.668859 -23.039959 15.308901
v 13.388260 -23.423159 17.038601
v 11.658461 -23.423159 10.575400
v 9.514360 -23.423159 9.342800
v 8.633961 -23.423159 11.839000
v 13.398560 -23.039959 8.845600
v 12.414560 -23.039959 11.010400
v 13.823259 -23.039959 9.601700
v 13.957861 -23.039959 8.576290
v 15.760160 -23.039959 8.213770
v 15.760160 -23.423159 8.203410
v 17.552061 -23.039959 8.576290
v 15.760160 -23.039959 8.690230
v 18.121759 -23.039959 8.845600
v 18.121759 -23.423159 8.845600
v 15.760160 -23.423159 7.944470
v 15.760160 -24.676460 7.954820
v 19.851460 -23.039959 10.575400
v 20.296860 -23.039959 11.642200
v 19.861860 -23.423159 10.575400
v 18.401461 -23.423159 9.011300
v 20.058661 -23.423159 9.073500
v 20.276161 -23.423159 7.323000
v 20.276161 -23.423159 6.080060
v 20.327961 -25.536160 7.302280
v 20.327961 -25.536160 4.350300
v 22.855261 -25.536160 5.758960
v 20.700861 -25.536160 4.132780
v 20.452261 -25.536160 4.132780
v 20.296860 -24.220760 4.288150
v 20.265860 -23.236759 4.547100
v 20.276161 -23.423159 4.557450
v 20.659460 -24.220760 4.070640
v 22.855261 -23.039959 5.665740
v 21.819460 -23.423159 9.032001
v 21.995560 -23.423159 9.342800
v 22.875959 -23.423159 11.839000
v 21.560560 -23.423159 12.066900
v 23.269560 -23.423159 12.066900
v 20.400461 -23.423159 12.025500
v 25.268660 -23.423159 13.227000
v 25.279058 -23.236759 13.227000
v 25.517260 -24.220760 13.340900
v 25.548361 -23.039959 13.392700
v 20.472960 -23.039959 13.195900
v 13.502161 -20.056860 9.840000
v 13.512560 -17.053160 9.860701
v 12.134960 -17.053160 11.766500
v 12.714960 -14.567259 10.689301
v 13.864660 -14.567259 9.663900
v 15.760160 -14.567259 9.156301
v 15.760160 -14.567259 9.902101
v 14.082161 -14.567259 10.399301
v 17.956060 -15.064459 11.673300
v 17.427761 -14.567259 10.399301
v 18.391060 -14.567259 11.424700
v 18.681061 -14.567259 13.765600
v 17.956060 -15.064459 14.211000
v 18.391060 -14.567259 14.459500
v 17.655661 -14.567259 16.220400
v 15.760160 -14.567259 15.982100
v 12.476761 -14.567259 11.051800
v 12.331760 -26.426960 5.551810
v 12.331760 -26.426960 5.707170
v 12.373159 -26.426960 5.064990
v 12.331760 -26.426960 5.075350
v 12.331760 -26.426960 5.023560
v 12.331760 -26.426960 6.152560
v 12.331760 -26.426960 6.597950
v 11.213060 -26.426960 6.193990
v 10.788361 -26.603060 5.448230
v 10.778061 -26.779160 5.479300
v 11.627359 -26.779160 6.991540
v 10.622660 -26.779160 5.292860
v 10.653761 -26.426960 5.241070
v 10.384460 -26.779160 5.313580
v 10.394760 -26.603060 5.282500
v 10.415560 -26.426960 5.261790
v 9.959761 -26.426960 5.655380
v 9.224360 -26.426960 6.297570
v 8.861860 -26.426960 6.608300
v 7.691360 -26.426960 8.213770
v 7.681060 -26.426960 8.224130
v 7.670660 -26.426960 8.234480
v 10.798759 -26.426960 5.427510
v 13.067160 -26.779160 8.255200
v 15.760160 -26.779160 8.255200
v 14.506861 -26.779160 11.259000
v 15.998360 -26.779160 12.284400
v 16.360960 -26.779160 12.595100
v 16.060560 -26.830959 12.771200
v 15.760160 -26.841259 12.947300
v 15.521959 -26.779160 12.284400
v 15.149061 -26.779160 12.595100
v 15.066160 -26.779160 13.061200
v 15.304461 -26.779160 13.475500
v 15.760160 -26.779160 13.641300
v 15.760160 -26.830959 13.289100
v 16.360960 -26.779160 13.289100
v 15.760160 -26.779160 14.252400
v 16.992760 -26.779160 17.245800
v 16.930561 -26.779160 20.239201
v 17.769560 -26.779160 22.051800
v 15.760160 -26.779160 22.269400
v 15.760160 -26.426960 22.300400
v 15.729061 -26.426960 22.300400
v 13.750761 -26.779160 22.051800
v 15.698061 -26.426960 22.290100
v 13.719660 -26.426960 22.072500
v 11.834560 -26.779160 21.409700
v 11.782761 -26.779160 20.985001
v 11.689560 -26.779160 21.212900
v 11.637760 -26.426960 21.212900
v 11.803461 -26.603060 21.409700
v 12.342060 -26.426960 21.606501
v 11.782761 -26.426960 21.409700
v 13.274260 -26.426960 21.927500
v 11.730961 -26.426960 20.995300
v 11.751659 -26.603060 20.995300
v 15.760160 -26.779160 7.592300
v 18.246059 -26.426960 7.561230
v 18.246059 -26.779160 7.592300
v 13.502161 -24.935459 6.059340
v 13.636761 -23.443859 6.059340
v 15.760160 -23.060659 5.510370
v 17.842060 -23.060659 5.510370
v 17.873159 -23.443859 6.059340
v 17.790260 -22.408159 5.510370
v 17.686760 -21.196260 6.349360
v 17.686760 -21.196260 7.105480
v 15.760160 -21.196260 6.349360
v 15.760160 -22.408159 5.510370
v 13.730061 -22.408159 5.510370
v 13.833561 -21.196260 6.349360
v 15.760160 -21.196260 7.105480
v 13.833561 -21.196260 7.105480
v 13.667860 -23.060659 5.510370
v 12.248859 -27.845959 2.962350
v 12.279961 -27.597359 2.817340
v 12.279961 -27.493860 2.537680
v 12.165960 -27.866659 2.806980
v 12.228161 -27.856359 2.879480
v 12.155661 -27.949560 2.838050
v 12.186661 -27.980659 2.962350
v 12.031361 -28.011759 2.900200
v 10.394760 -28.022060 3.749540
v 12.052061 -28.022060 2.962350
v 10.135860 -28.022060 5.624310
v 12.052061 -28.022060 5.624310
v 12.052061 -28.022060 5.748610
v 12.186661 -27.970259 5.748610
v 12.124559 -28.022060 6.380430
v 11.730961 -28.022060 8.617730
v 9.048260 -28.022060 8.617730
v 8.116060 -28.022060 5.541450
v 6.065260 -28.022060 8.545220
v 6.541660 -28.022060 7.623370
v 11.503059 -28.022060 11.611100
v 8.892960 -28.022060 4.816400
v 14.413660 -28.022060 8.617730
v 17.096361 -28.022060 8.617730
v 15.760160 -28.022060 7.343710
v 18.277161 -28.022060 7.343710
v 19.167860 -28.022060 6.867250
v 19.778961 -28.022060 8.617730
v 19.333660 -28.022060 6.535800
v 19.385361 -28.022060 6.380430
v 19.457960 -28.022060 5.748610
v 21.384460 -28.022060 5.624310
v 22.472061 -28.022060 8.617730
v 23.404261 -28.022060 5.541450
v 24.968260 -28.022060 7.623370
v 25.444761 -28.022060 8.545220
v 22.855261 -28.022060 11.611100
v 26.304461 -28.022060 11.517900
v 23.248859 -28.022060 13.082000
v 23.839262 -28.022060 13.330501
v 26.045462 -28.022060 14.604600
v 26.397661 -28.022060 13.061200
v 26.262960 -28.022060 14.604600
v 26.242262 -28.022060 14.718500
v 26.314760 -28.011759 14.739201
v 26.376959 -27.980659 14.749600
v 26.304461 -27.949560 14.873900
v 26.408060 -27.866659 14.842800
v 26.325159 -27.866659 14.904901
v 26.242262 -27.856359 14.915300
v 26.149061 -27.845959 14.894600
v 26.180159 -27.980659 14.832400
v 23.777159 -27.970259 13.454801
v 26.262960 -27.597359 14.987801
v 26.511560 -27.493860 15.132801
v 26.811960 -27.524860 15.308901
v 26.801661 -26.975960 15.360701
v 26.894861 -27.504160 15.412500
v 26.905161 -27.587059 15.381401
v 26.915560 -27.514559 15.536800
v 26.874159 -26.426960 15.505701
v 26.894861 -26.986259 15.578199
v 26.884459 -26.426960 15.630001
v 26.853361 -24.873259 15.547100
v 26.915560 -27.566360 15.526400
v 26.915560 -27.638859 15.505701
v 26.925859 -27.680260 15.474600
v 26.915560 -27.649160 15.340000
v 26.946661 -27.732059 15.112101
v 26.811960 -27.587059 15.277800
v 26.822359 -27.680260 15.091400
v 27.008760 -27.680260 12.419100
v 27.143461 -27.732059 12.408700
v 26.573759 -27.680260 9.777801
v 26.698061 -27.732059 9.736401
v 25.517260 -27.680260 7.312640
v 25.434359 -27.680260 7.167630
v 25.434359 -27.680260 7.644090
v 25.310061 -27.680260 7.426570
v 24.191462 -27.680260 5.831470
v 25.196161 -27.732059 7.488720
v 23.683861 -27.732059 5.458590
v 23.652861 -27.856359 5.520730
v 25.144361 -27.856359 7.519800
v 26.200861 -27.732059 9.819201
v 26.128359 -27.856359 9.808900
v 26.573759 -27.856359 12.263700
v 26.646261 -27.732059 12.315500
v 26.439062 -27.856359 14.759900
v 26.470160 -27.980659 11.776900
v 26.490862 -27.732059 14.842800
v 26.387259 -27.700960 14.967100
v 26.542662 -27.628460 15.080999
v 26.604860 -27.680260 14.967100
v 26.822359 -27.659559 15.184601
v 26.780859 -27.680260 12.377600
v 26.335562 -27.680260 9.808900
v 25.734758 -27.980659 8.897390
v 25.983358 -28.022060 9.995300
v 24.253561 -27.980659 6.318280
v 22.119860 -27.980659 4.246720
v 22.627359 -28.022060 4.816400
v 21.125561 -28.022060 3.749540
v 19.457960 -28.022060 2.962350
v 19.478661 -28.011759 2.900200
v 19.509661 -27.980659 2.848410
v 21.746960 -27.856359 3.915270
v 19.530460 -27.856359 2.775910
v 21.746960 -27.732059 3.832400
v 22.813860 -27.680260 4.453870
v 22.461660 -27.680260 4.174210
v 21.011560 -27.680260 3.231650
v 19.478661 -27.721659 2.693040
v 19.426861 -27.680260 2.537680
v 19.323259 -27.700960 2.724120
v 19.437160 -27.866659 2.775910
v 19.343960 -27.866659 2.806980
v 19.281860 -27.856359 2.879480
v 19.364660 -27.949560 2.838050
v 19.323259 -27.970259 2.962350
v 19.261160 -27.845959 5.748610
v 19.323259 -27.970259 5.748610
v 19.240360 -27.959959 6.339000
v 19.250761 -27.690660 5.272140
v 19.095360 -28.001360 6.815460
v 18.722460 -28.011759 7.167630
v 18.277161 -28.022060 7.281560
v 15.760160 -28.022060 7.281560
v 19.457960 -28.022060 5.624310
v 19.292160 -27.628460 2.537680
v 19.343960 -27.659559 2.237300
v 21.270559 -28.022060 14.604600
v 21.871260 -28.022060 13.558400
v 19.095360 -27.566360 1.988710
v 27.547361 -23.972160 15.712801
v 27.547361 -23.972160 15.754301
v 27.785559 -24.044659 15.899300
v 25.496561 -23.972160 20.187401
v 23.756460 -23.423159 19.793800
v 24.802561 -23.423159 15.930401
v 26.262960 -21.330860 14.625300
v 26.262960 -18.057859 14.625300
v 26.325159 -21.320560 14.583800
v 26.190462 -18.057859 14.749600
v 26.200861 -18.057859 14.956700
v 26.180159 -18.057859 14.822100
v 26.200861 -21.330860 14.956700
v 26.242262 -21.320560 15.008501
v 25.921160 -21.330860 16.065001
v 25.993662 -21.320560 16.033899
v 25.817659 -18.057859 16.396500
v 26.304461 -23.039959 12.947300
v 26.294062 -21.341259 11.839000
v 26.035162 -21.341259 10.378600
v 26.117960 -21.330860 10.533900
v 26.035162 -18.057859 10.378600
v 26.035162 -18.057859 10.202500
v 26.035162 -21.330860 10.202500
v 26.076559 -21.320560 10.140300
v 26.314760 -21.330860 11.662900
v 26.314760 -18.057859 11.662900
v 26.366560 -21.320560 11.611100
v 26.294062 -18.057859 11.839000
v 26.356260 -21.330860 11.994400
v 24.885462 -21.330860 7.478360
v 24.315760 -21.320560 6.535800
v 24.243261 -21.330860 6.525440
v 24.243261 -18.057859 6.525440
v 24.129259 -18.057859 6.452940
v 23.114260 -18.057859 5.323930
v 23.020960 -18.057859 5.168570
v 23.052061 -18.057859 5.033910
v 23.031361 -21.320560 5.096060
v 23.020960 -21.330860 5.168570
v 23.269560 -18.057859 5.406800
v 21.871260 -21.330860 4.236360
v 21.860960 -21.320560 4.163860
v 16.847761 -24.676460 3.894550
v 20.918360 -24.676460 9.964200
v 21.705561 -24.676460 12.605500
v 21.746960 -26.426960 12.450100
v 20.959761 -26.426960 9.933200
v 23.870359 -26.426960 10.989700
v 23.870359 -26.426960 12.274000
v 23.870359 -26.426960 8.306990
v 24.771460 -26.426960 10.606400
v 24.968260 -26.426960 11.569700
v 12.580259 -23.972160 1.232590
v 14.351460 -23.972160 0.890780
v 12.186661 -27.825260 2.050860
v 5.588760 -18.057859 16.065001
v 6.603860 -21.900560 21.730700
v 6.562360 -21.900560 21.958601
v 7.546360 -21.921259 22.849400
v 9.649061 -22.076660 23.626200
v 9.762960 -22.159559 23.294800
v 9.721560 -24.717960 23.253300
v 17.966360 -24.168959 24.630899
v 21.809160 -23.992859 23.522600
v 18.587860 -18.213160 0.538610
v 18.132061 -18.057859 2.568750
v 17.800661 -21.330860 2.506600
v 17.769560 -21.320560 2.444460
v 17.199860 -21.040859 1.315450
v 16.909861 -21.196260 1.843700
v 16.754560 -18.057859 2.226940
v 16.754560 -21.299860 2.226940
v 16.671659 -18.057859 2.340880
v 16.723461 -21.320560 2.289090
v 16.671659 -21.330860 2.340880
v 16.536961 -18.057859 2.382310
v 16.464460 -18.057859 2.371950
v 17.748859 -18.057859 2.371950
v 10.612360 -18.057859 3.625250
v 10.612360 -21.330860 3.625250
v 10.550159 -21.320560 3.604530
v 9.545460 -21.040859 3.003780
v 10.488060 -21.299860 3.563100
v 9.711161 -21.040859 2.910560
v 9.545460 -18.057859 3.003780
v 9.711161 -18.057859 2.910560
v 10.187660 -21.196260 3.262720
v 10.084061 -18.057859 3.169500
v 10.488060 -18.057859 3.563100
v 9.555861 -18.057859 4.350300
v 9.638660 -18.057859 4.236360
v 9.234760 -18.057859 4.381370
v 8.778961 -18.057859 4.060280
v 8.488960 -21.320560 5.096060
v 8.488960 -21.330860 5.168570
v 8.488960 -18.057859 5.168570
v 6.603860 -18.057859 7.613020
v 6.624560 -18.057859 7.478360
v 3.527560 -24.189659 8.679871
v 3.537960 -24.168959 8.918100
v 4.014360 -24.013559 9.259900
v 3.703660 -24.106760 9.094200
v 3.600060 -21.942060 9.021700
v 3.703660 -21.973059 9.094200
v 3.537960 -21.921259 8.907750
v 4.014360 -22.076660 9.259900
v 4.325060 -22.159559 9.425600
v 4.097260 -22.159559 10.275001
v 3.931561 -22.159559 11.145000
v 3.579360 -22.076660 11.165800
v 3.227160 -21.973059 11.176100
v 3.579360 -24.013559 11.165800
v 3.227160 -24.106760 11.176100
v 2.999260 -24.168959 11.269300
v 3.102860 -21.942060 11.207200
v 2.999260 -21.921259 11.269300
v 2.895761 -24.189659 11.476501
v 2.843960 -24.189659 11.973701
v 2.823260 -24.189659 12.470800
v 2.895761 -24.168959 12.698700
v 3.102860 -24.106760 12.823000
v 2.988960 -21.942060 12.771200
v 3.102860 -21.973059 12.823000
v 2.895761 -21.921259 12.698700
v 3.455060 -22.076660 12.885201
v 3.796861 -22.159559 12.947300
v 3.827960 -22.159559 13.838100
v 3.921161 -22.159559 14.718500
v 3.600060 -22.076660 14.832400
v 3.258261 -21.973059 14.946400
v 3.600060 -24.013559 14.832400
v 3.258261 -24.106760 14.946400
v 3.071860 -24.168959 15.101700
v 3.154660 -21.942060 15.008501
v 3.071860 -21.921259 15.101700
v 3.030360 -24.189659 15.340000
v 3.123560 -24.189659 15.775000
v 3.693260 -24.034260 15.453899
v 3.745060 -24.013559 15.412500
v 3.434361 -24.086060 15.267500
v 3.351460 -24.096460 15.132801
v 3.641460 -23.972160 12.232600
v 3.455060 -24.075760 15.091400
v 3.734760 -23.992859 15.018900
v 3.796861 -23.972160 14.925600
v 3.455060 -24.013559 12.885201
v 3.227160 -24.189659 16.210001
v 4.325060 -23.920359 16.469000
v 3.351460 -24.168959 16.396500
v 3.952260 -24.023960 16.469000
v 3.568960 -24.117159 16.469000
v 5.112260 -23.661459 16.469000
v 5.764860 -23.423159 16.469000
v 5.826961 -23.423159 16.458601
v 6.583160 -23.423159 18.240200
v 4.066160 -28.022060 15.008501
v 3.910760 -28.022060 12.253300
v 4.387260 -28.022060 9.539600
v 5.474860 -28.022060 7.001900
v 6.531361 -28.022060 5.468940
v 8.126461 -28.022060 3.853120
v 9.576561 -28.022060 2.806980
v 11.699860 -28.022060 1.791910
v 12.632061 -28.022060 1.491530
v 14.133961 -28.022060 1.180800
v 15.656561 -28.022060 1.077220
v 17.179161 -28.022060 1.160080
v 18.681061 -28.022060 1.439750
v 19.820459 -28.022060 1.791910
v 21.736660 -28.022060 2.682690
v 23.383560 -28.022060 3.853120
v 24.771460 -28.022060 5.220350
v 26.107660 -28.022060 6.970830
v 26.035162 -28.022060 7.001900
v 27.133059 -28.022060 9.539600
v 27.609560 -28.022060 12.253300
v 27.443762 -28.022060 15.008501
v 26.656561 -28.022060 17.639400
v 25.279058 -28.022060 20.032101
v 24.688662 -28.022060 20.757101
v 24.636862 -23.972160 21.223200
v 26.604860 -23.972160 7.944470
v 26.542662 -23.972160 7.789100
v 26.843061 -23.972160 8.576290
v 22.430561 -23.972160 2.806980
v 23.238560 -23.972160 3.614890
v 23.300661 -23.972160 3.677040
v 23.828959 -23.972160 4.184570
v 23.124559 -23.972160 3.532030
v 22.440960 -23.972160 3.024490
v 22.327061 -23.972160 2.951990
v 21.726261 -23.972160 2.579110
v 21.643459 -23.972160 2.537680
v 11.606661 -23.972160 1.532970
v 6.924960 -23.972160 4.609240
v 8.188560 -23.972160 3.687400
v 7.681060 -23.972160 4.184570
v 7.629260 -23.972160 4.226000
v 7.059560 -23.972160 4.743890
v 7.049260 -23.972160 4.754250
v 7.018160 -23.972160 4.774970
v 6.572761 -23.972160 5.013200
v 4.128360 -23.972160 9.456700
v 4.615160 -26.986259 15.578199
v 4.604760 -27.514559 15.536800
v 4.615160 -27.504160 15.412500
v 4.604760 -27.566360 15.526400
v 8.064260 -24.189659 2.527320
v 8.468260 -24.189659 2.247660
v 8.882561 -24.189659 1.978350
v 9.110460 -24.168959 1.926560
v 9.327961 -24.106760 2.040500
v 9.555861 -24.013559 2.320160
v 9.327961 -21.973059 2.040500
v 9.555861 -22.076660 2.320160
v 9.783661 -22.159559 2.579110
v 9.224360 -21.942060 1.968000
v 9.110460 -21.921259 1.926560
v 11.668859 -23.972160 1.709050
v 12.155661 -23.972160 1.543320
v 12.549261 -21.900560 0.476470
v 12.714960 -21.900560 0.621480
v 14.983360 -18.057859 2.382310
v 15.055861 -18.057859 2.371950
v 18.794960 -24.117159 0.621480
v 24.191462 -24.635059 4.536740
v 24.036058 -24.127560 4.391730
v 27.972059 -21.921259 8.907750
v 27.909861 -21.942060 9.021700
v 27.816660 -21.973059 9.094200
v 27.495562 -22.076660 9.259900
v 27.195261 -22.159559 9.425600
v 28.054960 -22.076660 12.885201
v 27.723459 -22.159559 12.947300
v 22.865660 -23.039959 19.296700
v 21.881660 -23.039959 20.239201
v 20.980461 -24.220760 21.627201
v 4.532260 -27.825260 15.298500
v 4.739460 -27.680260 12.377600
v 5.174460 -27.680260 9.808900
v 6.075561 -27.680260 7.644090
v 8.281761 -23.060659 14.842800
v 8.312860 -22.408159 14.894600
v 9.089760 -21.196260 14.573500
v 9.327961 -22.408159 16.655399
v 10.052959 -21.196260 16.241100
v 10.343060 -22.408159 18.416201
v 11.016260 -21.196260 17.908701
v 10.363760 -23.060659 18.468000
v 9.327961 -23.060659 16.655399
v 7.898560 -26.986259 21.275000
v 8.198959 -27.587059 21.347500
v 8.281761 -27.659559 21.399300
v 8.582161 -27.680260 21.326799
v 8.364660 -27.680260 21.451099
v 9.970160 -27.680260 22.341900
v 10.612360 -27.866659 23.191200
v 13.108561 -27.866659 24.102699
v 5.536961 -28.022060 9.995300
v 10.249760 -28.022060 14.604600
v 8.789360 -27.866659 21.212900
v 20.928761 -27.680260 22.953001
v 21.943760 -26.426960 22.580101
v 20.897661 -24.717960 23.170500
v 23.331760 -26.209459 21.243900
v 21.011560 -24.676460 19.752399
v 20.939060 -26.426960 19.887001
v 20.825161 -26.426960 19.824900
v 20.762960 -26.426960 19.721300
v 20.752661 -26.426960 19.783501
v 20.731960 -26.426960 19.773100
v 20.711161 -26.426960 19.752399
v 19.240360 -26.426960 18.903101
v 19.230061 -26.426960 17.701500
v 19.540760 -23.816759 17.618700
v 20.586861 -24.935459 18.333401
v 20.649061 -23.443859 18.219400
v 21.146259 -23.060659 18.468000
v 21.177259 -22.408159 18.416201
v 20.504061 -21.196260 17.908701
v 19.851460 -21.196260 17.525499
v 21.695160 -23.816759 13.879500
v 20.814760 -21.196260 15.857901
v 21.778061 -21.196260 14.190200
v 22.772461 -23.443859 14.542400
v 22.844961 -24.935459 14.428500
v 21.715960 -23.443859 16.386101
v 22.948460 -27.410959 14.242001
v 21.715960 -27.410959 16.386101
v 20.483360 -27.410959 18.519800
v 20.524761 -26.426960 18.447300
v 20.421160 -26.426960 19.203400
v 22.192360 -23.060659 16.655399
v 23.228161 -23.060659 14.842800
v 22.192360 -22.408159 16.655399
v 23.207460 -22.408159 14.894600
v 22.430561 -21.196260 14.573500
v 21.467360 -21.196260 16.241100
v 23.518160 -25.329060 21.264601
v 23.466360 -25.981560 21.295700
v 18.743259 -24.717960 23.999100
v 21.550159 -24.717960 23.325901
v 21.664160 -24.717960 23.274099
v 20.327961 -24.717960 23.978399
v 5.619861 -24.013559 5.966120
v 24.046461 -23.972160 21.761801

f 1 2 3
f 1 3 4
f 5 1 4
f 5 4 6
f 5 6 7
f 8 5 7
f 7 9 8
f 8 9 10
f 11 8 10
f 12 11 10
f 13 12 10
f 13 10 14
f 14 15 13
f 15 16 13
f 17 13 16
f 17 16 18
f 17 18 19
f 17 19 20
f 21 17 20
f 21 20 22
f 23 21 22
f 23 22 24
f 23 24 25
f 26 23 25
f 26 25 27
f 26 27 28
f 26 28 29
f 26 29 30
f 26 30 31
f 31 30 21
f 30 12 21
f 30 29 11
f 29 32 11
f 11 32 33
f 11 33 34
f 1 34 33
f 1 33 35
f 36 35 33
f 36 37 35
f 35 37 38
f 35 38 2
f 38 37 39
f 40 38 39
f 39 41 40
f 42 40 41
f 41 43 42
f 43 44 42
f 44 45 42
f 45 46 42
f 42 46 47
f 47 48 42
f 48 47 49
f 49 50 48
f 51 48 50
f 50 52 51
f 52 53 51
f 51 53 54
f 54 40 51
f 53 55 54
f 38 54 55
f 38 55 56
f 56 57 38
f 3 38 57
f 57 56 58
f 57 58 4
f 59 4 58
f 59 58 60
f 61 59 60
f 62 61 60
f 62 60 56
f 62 56 63
f 62 63 64
f 64 63 65
f 64 65 66
f 64 66 61
f 66 67 61
f 61 67 68
f 69 61 68
f 69 68 70
f 71 69 70
f 71 70 72
f 71 72 73
f 71 73 74
f 75 71 74
f 76 75 74
f 74 77 76
f 78 76 77
f 77 79 78
f 78 79 80
f 80 81 78
f 82 81 80
f 83 81 82
f 83 82 84
f 84 85 83
f 86 83 85
f 87 86 85
f 85 88 87
f 89 87 88
f 90 89 88
f 88 91 90
f 91 88 92
f 91 92 93
f 91 93 94
f 94 95 91
f 91 95 87
f 96 87 95
f 96 95 94
f 96 94 97
f 98 96 97
f 97 99 98
f 99 100 98
f 100 101 98
f 101 102 98
f 102 103 98
f 104 98 103
f 103 105 104
f 106 104 105
f 105 107 106
f 107 108 106
f 109 108 107
f 107 110 109
f 111 109 110
f 110 112 111
f 113 111 112
f 114 113 112
f 112 115 114
f 116 114 115
f 107 116 115
f 115 117 107
f 117 118 107
f 112 118 117
f 107 119 116
f 114 116 119
f 114 119 120
f 120 121 114
f 120 122 121
f 122 123 121
f 121 123 113
f 122 124 123
f 109 123 124
f 124 122 125
f 108 124 125
f 108 125 126
f 126 127 108
f 86 108 127
f 86 104 108
f 104 86 96
f 127 126 128
f 128 129 127
f 130 127 129
f 129 131 130
f 132 130 131
f 132 131 133
f 132 133 134
f 135 132 134
f 136 135 134
f 134 137 136
f 138 136 137
f 139 138 137
f 137 140 139
f 140 141 139
f 142 139 141
f 143 142 141
f 143 141 144
f 145 143 144
f 144 146 145
f 146 147 145
f 148 145 147
f 149 148 147
f 149 147 150
f 151 149 150
f 151 150 152
f 153 151 152
f 153 152 154
f 153 154 155
f 153 155 156
f 153 156 157
f 158 153 157
f 157 159 158
f 159 160 158
f 160 161 158
f 158 161 162
f 163 162 161
f 161 164 163
f 163 164 165
f 165 164 166
f 166 167 165
f 168 165 167
f 168 167 169
f 168 169 170
f 171 168 170
f 170 172 171
f 173 171 172
f 172 174 173
f 173 174 175
f 176 173 175
f 177 176 175
f 178 177 175
f 179 178 175
f 180 179 175
f 181 180 175
f 182 181 175
f 175 183 182
f 182 183 184
f 185 182 184
f 186 185 184
f 184 187 186
f 188 186 187
f 187 189 188
f 188 189 190
f 188 190 191
f 190 192 191
f 191 192 193
f 191 193 194
f 191 194 184
f 184 195 191
f 191 195 196
f 196 197 191
f 191 197 198
f 198 199 191
f 199 200 191
f 200 201 191
f 191 201 202
f 202 203 191
f 204 191 203
f 205 204 203
f 206 205 203
f 203 207 206
f 208 206 207
f 207 209 208
f 186 208 209
f 209 210 186
f 211 186 210
f 212 211 210
f 212 210 213
f 212 213 214
f 214 184 212
f 212 184 215
f 215 216 212
f 217 212 216
f 218 217 216
f 219 218 216
f 220 219 216
f 221 220 216
f 222 221 216
f 222 223 221
f 224 223 222
f 224 222 225
f 226 224 225
f 227 226 225
f 227 225 228
f 229 227 228
f 229 228 230
f 229 230 231
f 232 229 231
f 232 231 233
f 232 233 234
f 232 234 235
f 236 232 235
f 236 235 237
f 236 237 238
f 236 238 239
f 236 239 240
f 241 236 240
f 241 240 242
f 241 242 243
f 241 243 244
f 245 241 244
f 245 244 246
f 245 246 247
f 245 247 248
f 249 245 248
f 249 248 250
f 249 250 251
f 252 249 251
f 252 251 253
f 252 253 254
f 252 254 255
f 252 255 256
f 257 252 256
f 257 256 258
f 257 258 259
f 257 259 260
f 261 257 260
f 262 261 260
f 262 260 263
f 262 263 264
f 262 264 265
f 265 266 262
f 267 262 266
f 267 266 268
f 268 269 267
f 270 267 269
f 271 270 269
f 272 271 269
f 273 272 269
f 274 273 269
f 274 269 275
f 274 275 276
f 274 276 277
f 278 274 277
f 278 277 279
f 280 278 279
f 280 279 281
f 282 280 281
f 282 281 283
f 282 283 284
f 282 284 285
f 286 282 285
f 286 285 287
f 288 286 287
f 288 287 289
f 288 289 290
f 291 288 290
f 292 291 290
f 293 292 290
f 293 290 294
f 293 294 295
f 293 295 296
f 296 295 297
f 296 297 298
f 296 298 292
f 292 298 299
f 299 300 292
f 301 292 300
f 302 301 300
f 302 300 303
f 302 303 304
f 302 304 305
f 302 305 306
f 306 307 302
f 307 308 302
f 308 309 302
f 310 302 309
f 309 311 310
f 311 312 310
f 313 310 312
f 312 314 313
f 314 315 313
f 316 313 315
f 315 317 316
f 317 318 316
f 318 319 316
f 320 316 319
f 319 321 320
f 321 322 320
f 323 320 322
f 322 324 323
f 325 323 324
f 324 326 325
f 326 327 325
f 327 328 325
f 329 325 328
f 328 330 329
f 330 331 329
f 331 332 329
f 333 329 332
f 332 334 333
f 335 333 334
f 335 334 336
f 335 336 337
f 337 338 335
f 338 339 335
f 340 335 339
f 339 341 340
f 342 340 341
f 341 343 342
f 344 342 343
f 343 345 344
f 345 346 344
f 346 347 344
f 347 348 344
f 349 344 348
f 348 350 349
f 350 351 349
f 351 352 349
f 353 349 352
f 353 352 354
f 354 355 353
f 355 356 353
f 356 357 353
f 358 353 357
f 357 359 358
f 360 358 359
f 359 361 360
f 362 360 361
f 362 361 363
f 364 362 363
f 364 363 365
f 364 365 366
f 364 366 359
f 367 364 359
f 367 368 364
f 369 364 368
f 369 368 370
f 371 369 370
f 370 360 371
f 371 360 372
f 371 372 373
f 373 374 371
f 375 371 374
f 375 374 376
f 375 376 377
f 375 377 378
f 377 379 378
f 380 378 379
f 379 381 380
f 380 381 382
f 383 382 381
f 383 384 382
f 384 385 382
f 378 382 385
f 378 385 371
f 385 386 371
f 386 387 371
f 387 388 371
f 388 389 371
f 390 389 388
f 390 364 389
f 364 390 391
f 373 364 391
f 363 373 391
f 363 391 392
f 392 393 363
f 394 393 392
f 395 394 392
f 396 395 392
f 396 392 397
f 398 396 397
f 398 397 399
f 400 398 399
f 400 399 401
f 400 401 402
f 403 400 402
f 403 402 404
f 405 403 404
f 406 405 404
f 407 406 404
f 408 407 404
f 404 409 408
f 408 409 410
f 198 408 410
f 410 411 198
f 412 198 411
f 411 413 412
f 414 412 413
f 415 414 413
f 415 413 416
f 417 415 416
f 417 416 418
f 419 417 418
f 420 419 418
f 420 418 421
f 420 421 422
f 420 422 423
f 420 423 424
f 420 424 425
f 420 425 426
f 420 426 427
f 420 427 428
f 428 429 420
f 429 428 398
f 398 430 429
f 429 430 419
f 431 419 430
f 430 403 431
f 431 403 432
f 432 403 433
f 433 419 432
f 434 419 433
f 433 405 434
f 435 419 434
f 434 406 435
f 406 436 435
f 435 436 417
f 437 417 436
f 438 437 436
f 438 439 437
f 438 440 439
f 440 417 439
f 438 441 440
f 442 440 441
f 442 441 443
f 443 444 442
f 444 415 442
f 443 445 444
f 414 444 445
f 414 445 446
f 446 447 414
f 448 414 447
f 448 447 449
f 449 450 448
f 449 451 450
f 451 414 450
f 452 414 451
f 453 414 452
f 453 452 10
f 449 10 452
f 10 449 454
f 449 455 454
f 454 455 456
f 456 457 454
f 458 454 457
f 458 457 459
f 458 459 16
f 459 460 16
f 460 19 16
f 460 461 19
f 462 19 461
f 462 461 463
f 462 463 464
f 465 462 464
f 465 464 466
f 465 466 467
f 468 465 467
f 468 467 469
f 470 468 469
f 470 469 471
f 472 470 471
f 472 471 473
f 472 473 474
f 472 474 475
f 472 475 476
f 472 476 477
f 472 477 478
f 478 477 479
f 479 480 478
f 481 478 480
f 480 482 481
f 483 481 482
f 482 484 483
f 483 484 485
f 486 483 485
f 486 485 487
f 468 486 487
f 488 487 485
f 489 488 485
f 489 490 488
f 490 491 488
f 490 22 491
f 492 490 489
f 493 492 489
f 493 489 494
f 495 493 494
f 495 494 496
f 497 495 496
f 498 497 496
f 498 496 499
f 500 498 499
f 500 499 501
f 502 500 501
f 502 501 503
f 502 503 504
f 502 504 505
f 506 502 505
f 507 506 505
f 507 505 508
f 509 507 508
f 509 508 510
f 511 509 510
f 511 510 512
f 511 512 513
f 511 513 514
f 515 514 513
f 515 513 516
f 515 516 517
f 515 517 497
f 517 516 518
f 517 518 519
f 517 519 495
f 519 518 520
f 519 520 521
f 519 521 493
f 521 520 522
f 521 522 28
f 523 28 522
f 39 523 522
f 523 39 524
f 525 523 524
f 525 524 526
f 525 526 527
f 525 527 32
f 36 32 527
f 527 526 39
f 526 524 39
f 525 28 523
f 39 522 520
f 39 520 518
f 518 516 41
f 516 513 43
f 528 43 513
f 43 528 529
f 43 529 530
f 43 530 531
f 532 531 530
f 532 533 531
f 534 531 533
f 534 533 535
f 536 534 535
f 536 535 537
f 536 537 45
f 45 537 538
f 539 45 538
f 539 538 540
f 539 540 541
f 542 539 541
f 542 541 543
f 544 542 543
f 545 544 543
f 545 546 544
f 547 544 546
f 547 546 548
f 547 548 549
f 547 549 550
f 551 550 549
f 551 549 552
f 551 552 553
f 554 551 553
f 554 553 555
f 555 556 554
f 556 557 554
f 558 554 557
f 559 554 558
f 559 558 560
f 559 560 561
f 562 559 561
f 562 561 563
f 564 562 563
f 564 563 565
f 564 565 566
f 567 564 566
f 568 567 566
f 569 568 566
f 569 566 570
f 571 569 570
f 571 570 572
f 573 571 572
f 573 572 574
f 573 574 575
f 576 575 574
f 576 574 577
f 578 576 577
f 578 577 579
f 578 579 580
f 578 580 581
f 578 581 582
f 578 582 583
f 584 583 582
f 585 584 582
f 585 582 586
f 587 585 586
f 587 586 588
f 589 587 588
f 589 588 590
f 589 590 591
f 589 591 592
f 589 592 593
f 594 589 593
f 594 593 595
f 596 594 595
f 596 595 597
f 596 597 598
f 599 596 598
f 599 598 600
f 599 600 601
f 602 599 601
f 602 601 603
f 602 603 604
f 605 602 604
f 605 604 606
f 605 606 607
f 608 605 607
f 608 607 609
f 610 608 609
f 610 609 611
f 610 611 612
f 613 610 612
f 613 612 614
f 615 613 614
f 616 615 614
f 616 614 617
f 618 616 617
f 618 617 619
f 620 618 619
f 620 619 621
f 622 620 621
f 622 621 623
f 622 623 624
f 625 622 624
f 625 624 626
f 625 626 627
f 628 625 627
f 628 627 629
f 628 629 630
f 631 628 630
f 631 630 632
f 631 632 633
f 631 633 634
f 631 634 635
f 631 635 636
f 636 635 464
f 635 634 467
f 637 467 634
f 637 634 638
f 637 638 639
f 637 639 640
f 641 637 640
f 641 640 642
f 641 642 643
f 644 641 643
f 644 643 645
f 644 645 646
f 647 644 646
f 647 646 648
f 649 647 648
f 649 648 650
f 651 649 650
f 651 650 652
f 653 651 652
f 653 652 654
f 590 653 654
f 590 655 653
f 653 655 656
f 656 655 657
f 656 657 658
f 659 656 658
f 659 658 660
f 661 659 660
f 661 660 662
f 661 662 663
f 664 661 663
f 664 663 665
f 664 665 666
f 664 666 667
f 664 667 474
f 668 664 474
f 644 664 668
f 475 667 666
f 669 475 666
f 670 669 666
f 670 666 671
f 670 671 672
f 670 672 673
f 670 673 674
f 675 670 674
f 675 674 676
f 675 676 677
f 675 677 678
f 675 678 679
f 679 678 680
f 504 679 680
f 678 677 680
f 680 677 425
f 680 425 681
f 680 681 682
f 680 682 683
f 680 683 684
f 684 685 680
f 686 680 685
f 686 685 687
f 686 687 688
f 688 689 686
f 690 686 689
f 690 689 691
f 691 692 690
f 693 690 692
f 693 692 694
f 693 694 695
f 693 695 696
f 697 693 696
f 697 696 698
f 697 698 699
f 697 699 700
f 697 700 701
f 697 701 702
f 697 702 690
f 690 702 703
f 704 690 703
f 705 704 703
f 705 703 706
f 705 706 707
f 705 707 708
f 705 708 709
f 705 709 710
f 711 710 709
f 711 709 712
f 711 712 713
f 711 713 714
f 711 714 715
f 716 711 715
f 716 715 717
f 716 717 545
f 716 545 540
f 716 540 710
f 718 710 540
f 718 704 710
f 719 704 718
f 718 535 719
f 719 535 720
f 719 720 721
f 722 719 721
f 722 721 723
f 722 723 686
f 723 721 508
f 723 508 680
f 721 720 508
f 720 724 508
f 508 724 532
f 535 724 720
f 722 704 719
f 725 717 715
f 725 715 726
f 727 725 726
f 728 727 726
f 728 726 729
f 729 730 728
f 730 731 728
f 732 728 731
f 732 731 733
f 732 733 734
f 732 734 735
f 736 732 735
f 736 735 737
f 738 736 737
f 738 737 739
f 738 739 740
f 741 738 740
f 741 740 742
f 741 742 743
f 741 743 744
f 741 744 745
f 741 745 746
f 746 745 736
f 745 727 736
f 745 744 725
f 744 548 725
f 747 548 744
f 747 744 743
f 747 743 555
f 742 558 743
f 558 556 743
f 742 740 558
f 558 740 748
f 741 746 738
f 740 739 748
f 748 739 749
f 748 749 750
f 560 748 750
f 560 750 751
f 751 750 752
f 751 752 753
f 754 751 753
f 754 753 755
f 754 755 756
f 757 754 756
f 757 756 758
f 570 757 758
f 756 579 758
f 565 754 757
f 755 580 756
f 580 755 759
f 753 759 755
f 759 753 760
f 581 759 760
f 581 760 761
f 581 761 762
f 581 762 586
f 762 761 763
f 762 763 764
f 762 764 588
f 764 657 588
f 764 765 657
f 764 763 765
f 765 763 766
f 765 766 734
f 765 734 767
f 765 767 658
f 768 767 734
f 768 734 731
f 769 768 731
f 769 770 768
f 769 771 770
f 772 770 771
f 772 771 662
f 662 771 773
f 662 773 774
f 774 773 775
f 774 775 776
f 774 776 393
f 776 365 393
f 777 365 776
f 778 365 777
f 779 778 777
f 779 777 352
f 352 777 780
f 780 777 781
f 780 781 354
f 782 354 781
f 354 782 783
f 784 354 783
f 783 785 784
f 786 784 785
f 787 786 785
f 422 787 785
f 422 785 788
f 788 785 789
f 423 788 789
f 790 789 785
f 790 791 789
f 791 685 789
f 685 791 792
f 685 792 793
f 793 792 794
f 793 794 795
f 691 793 795
f 796 691 795
f 159 796 795
f 159 797 796
f 797 798 796
f 799 796 798
f 799 798 800
f 800 801 799
f 799 801 694
f 802 694 801
f 801 803 802
f 804 802 803
f 803 805 804
f 806 804 805
f 805 807 806
f 808 806 807
f 807 809 808
f 809 810 808
f 811 808 810
f 811 810 812
f 813 811 812
f 814 813 812
f 815 814 812
f 812 816 815
f 817 815 816
f 817 816 818
f 819 817 818
f 819 818 820
f 818 821 820
f 822 820 821
f 821 823 822
f 824 822 823
f 823 825 824
f 826 824 825
f 826 825 827
f 828 826 827
f 828 827 829
f 829 830 828
f 828 830 794
f 794 830 831
f 161 831 830
f 161 830 832
f 161 832 833
f 832 834 833
f 833 834 835
f 835 836 833
f 166 833 836
f 166 836 837
f 166 837 838
f 166 838 839
f 838 840 839
f 840 841 839
f 167 839 841
f 841 840 842
f 841 842 843
f 841 843 844
f 844 845 841
f 169 841 845
f 844 846 845
f 170 845 846
f 170 846 847
f 170 847 848
f 170 848 849
f 850 849 848
f 848 851 850
f 852 850 851
f 852 851 836
f 851 853 836
f 851 854 853
f 853 854 855
f 855 856 853
f 857 853 856
f 858 857 856
f 858 856 859
f 860 858 859
f 859 861 860
f 862 860 861
f 863 862 861
f 863 861 864
f 863 864 865
f 866 863 865
f 866 865 867
f 866 867 868
f 866 868 869
f 870 866 869
f 870 869 871
f 870 871 872
f 870 872 873
f 870 873 874
f 870 874 875
f 875 874 876
f 875 876 877
f 877 863 875
f 877 876 878
f 877 878 879
f 877 879 862
f 879 880 862
f 879 881 880
f 880 881 882
f 880 882 883
f 880 883 884
f 880 884 860
f 885 884 883
f 885 883 886
f 886 887 885
f 887 888 885
f 885 888 857
f 837 857 888
f 887 889 888
f 890 888 889
f 890 889 891
f 891 892 890
f 890 892 893
f 890 893 838
f 894 893 892
f 894 892 895
f 896 894 895
f 896 895 897
f 897 898 896
f 896 898 899
f 896 899 900
f 900 899 901
f 902 900 901
f 902 901 903
f 904 902 903
f 904 903 905
f 904 905 906
f 905 907 906
f 908 906 907
f 908 907 840
f 908 840 902
f 902 840 894
f 908 902 906
f 909 907 905
f 909 905 910
f 909 910 911
f 911 912 909
f 912 913 909
f 909 913 914
f 909 914 915
f 909 915 916
f 909 916 917
f 917 916 918
f 917 918 919
f 920 917 919
f 921 920 919
f 921 919 922
f 921 922 923
f 921 923 924
f 925 921 924
f 925 924 926
f 925 926 927
f 925 927 928
f 925 928 929
f 929 230 925
f 929 930 230
f 230 930 931
f 930 932 931
f 931 932 933
f 931 933 231
f 231 933 934
f 933 935 934
f 936 934 935
f 935 937 936
f 936 937 938
f 938 937 939
f 939 940 938
f 934 938 940
f 233 934 940
f 940 939 941
f 940 941 942
f 940 942 943
f 944 940 943
f 944 943 945
f 944 945 235
f 945 946 235
f 235 946 947
f 947 948 235
f 949 235 948
f 950 949 948
f 950 948 951
f 951 952 950
f 950 952 953
f 954 950 953
f 954 953 955
f 955 956 954
f 955 957 956
f 956 957 958
f 958 959 956
f 950 956 959
f 959 958 960
f 961 959 960
f 961 960 962
f 962 963 961
f 963 964 961
f 965 961 964
f 965 964 966
f 967 965 966
f 967 966 968
f 967 968 235
f 968 966 969
f 968 969 237
f 237 969 970
f 969 971 970
f 971 972 970
f 973 970 972
f 972 974 973
f 973 974 975
f 975 974 976
f 977 975 976
f 977 976 978
f 979 977 978
f 979 978 980
f 979 980 981
f 982 979 981
f 982 981 983
f 982 983 240
f 984 982 240
f 240 983 985
f 985 986 240
f 987 240 986
f 988 987 986
f 988 986 978
f 978 989 988
f 990 988 989
f 990 989 991
f 991 992 990
f 992 993 990
f 994 993 992
f 992 995 994
f 996 994 995
f 995 997 996
f 997 993 996
f 993 997 998
f 999 993 998
f 1000 999 998
f 1001 1000 998
f 1002 1001 998
f 1003 1002 998
f 1003 998 1004
f 1005 1003 1004
f 1006 1005 1004
f 1006 1004 1007
f 1006 1007 1008
f 1009 1006 1008
f 1009 1008 1010
f 1009 1010 246
f 1011 1009 246
f 246 1010 1012
f 1012 1013 246
f 1014 246 1013
f 1015 1014 1013
f 1015 1013 1004
f 1004 1016 1015
f 1017 1015 1016
f 1016 1018 1017
f 1017 1018 1019
f 1017 1019 1020
f 1020 1019 1021
f 1022 1020 1021
f 1022 1021 1023
f 1022 1023 1024
f 1022 1024 1025
f 1022 1025 1026
f 1022 1026 1027
f 1027 1028 1022
f 1028 1029 1022
f 1030 1022 1029
f 1029 1031 1030
f 1032 1030 1031
f 1033 1032 1031
f 1034 1033 1031
f 1031 1035 1034
f 1036 1034 1035
f 1037 1036 1035
f 1035 1038 1037
f 1037 1038 1039
f 1037 1039 1040
f 1040 1041 1037
f 1041 1030 1037
f 1041 1040 1042
f 1041 1042 1043
f 1041 1043 1022
f 1044 1022 1043
f 1043 1045 1044
f 1046 1044 1045
f 1040 1046 1045
f 1040 1045 1047
f 1040 1047 1048
f 1040 1048 1049
f 1040 1049 1050
f 1050 1051 1040
f 1050 1052 1051
f 1053 1051 1052
f 1052 1054 1053
f 1053 1054 1055
f 1056 1053 1055
f 1055 1057 1056
f 1057 1058 1056
f 1058 1059 1056
f 1059 1060 1056
f 1060 1061 1056
f 1062 1056 1061
f 1056 1062 1063
f 1056 1063 1064
f 1064 1065 1056
f 1066 1056 1065
f 1065 1063 1066
f 1066 1063 1050
f 1066 1050 1067
f 1068 1063 1065
f 1018 1063 1068
f 1018 1068 1069
f 1018 1069 1070
f 1069 1071 1070
f 1015 1070 1071
f 1015 1022 1070
f 1072 1071 1069
f 1071 1072 1064
f 1073 1071 1064
f 1074 1073 1064
f 1075 1074 1064
f 1076 1075 1064
f 1077 1076 1064
f 247 1076 1077
f 1078 1076 247
f 1078 1075 1076
f 1079 1075 1078
f 1079 1078 246
f 1079 246 1080
f 1080 246 1081
f 1071 1080 1081
f 1071 1081 1082
f 1014 1071 1082
f 1081 246 1082
f 1079 1080 1075
f 1080 1074 1075
f 1074 1080 1073
f 1073 1080 1071
f 1068 1064 1072
f 1069 1068 1072
f 1018 1083 1063
f 1077 1063 1083
f 1077 1083 1084
f 248 1077 1084
f 1083 1085 1084
f 1085 1086 1084
f 1087 1084 1086
f 1086 1058 1087
f 1087 1058 1088
f 1089 1087 1088
f 1089 1088 1090
f 1089 1090 251
f 1091 1089 251
f 251 1090 1092
f 1092 1057 251
f 1093 251 1057
f 1093 1094 251
f 1095 251 1094
f 1095 1094 1096
f 1097 1095 1096
f 1097 1096 1098
f 1097 1098 1099
f 1097 1099 1100
f 1101 1097 1100
f 1101 1100 1102
f 1101 1102 251
f 1102 1100 1103
f 1102 1103 253
f 253 1103 1104
f 1104 1103 1105
f 1104 1105 1106
f 1107 1104 1106
f 1108 1107 1106
f 1108 1106 1109
f 1108 1109 1110
f 1111 1108 1110
f 1111 1110 1112
f 1111 1112 256
f 1113 1111 256
f 256 1112 1114
f 1114 1115 256
f 1116 256 1115
f 1117 1116 1115
f 1117 1115 1106
f 1106 1118 1117
f 1118 1119 1117
f 1120 1117 1119
f 1120 1119 1121
f 1121 1122 1120
f 1120 1122 1123
f 1122 1124 1123
f 1125 1123 1124
f 1124 1126 1125
f 1125 1126 1127
f 1125 1127 1128
f 1128 1127 1129
f 1123 1128 1129
f 1130 1123 1129
f 1131 1130 1129
f 1132 1131 1129
f 1132 1129 1133
f 1134 1132 1133
f 1134 1133 258
f 258 1133 1135
f 1136 1132 1134
f 1136 1134 256
f 1136 256 1137
f 1137 256 1138
f 1137 1138 1123
f 1138 1139 1123
f 1116 1123 1139
f 1138 256 1139
f 1136 1137 1132
f 1135 1133 1129
f 1140 1135 1129
f 1140 1129 1141
f 1142 1140 1141
f 1143 1142 1141
f 264 1143 1141
f 264 1141 1144
f 1145 264 1144
f 1146 1145 1144
f 1144 1147 1146
f 1147 1148 1146
f 1149 1146 1148
f 1148 1150 1149
f 1149 1150 1151
f 1151 1152 1149
f 1152 1151 1153
f 1153 1154 1152
f 1152 1154 1155
f 1152 1155 1156
f 1146 1152 1156
f 1155 1157 1156
f 265 1156 1157
f 265 1157 1158
f 265 1158 1159
f 265 1159 1160
f 265 1160 1161
f 265 1161 1162
f 265 1162 1163
f 1164 1163 1162
f 1164 1162 1165
f 1164 1165 1166
f 1166 1165 1167
f 1166 1167 1168
f 1166 1168 1169
f 1166 1169 1163
f 1163 1169 1170
f 1171 1163 1170
f 1171 1170 1172
f 1171 1172 1173
f 1171 1173 1174
f 1174 1173 1175
f 1174 1175 1176
f 1174 1176 1163
f 1176 1177 1163
f 1177 1178 1163
f 266 1163 1178
f 266 1178 1179
f 266 1179 1180
f 1181 1180 1179
f 1181 1179 1182
f 1181 1182 1183
f 1183 1182 1184
f 1183 1184 1185
f 1183 1185 1186
f 1183 1186 1180
f 1180 1186 1187
f 1188 1180 1187
f 1188 1187 1189
f 1188 1189 1190
f 1188 1190 1191
f 1191 1190 1192
f 1191 1192 1193
f 1191 1193 1180
f 1193 1194 1180
f 1194 1195 1180
f 268 1180 1195
f 268 1195 1196
f 268 1196 1197
f 268 1197 1198
f 1199 268 1198
f 1199 1198 1200
f 1154 1200 1198
f 1154 1201 1200
f 1201 1202 1200
f 1203 1200 1202
f 1204 1203 1202
f 1204 1205 1203
f 1206 1203 1205
f 1205 1207 1206
f 1206 1207 1208
f 1200 1206 1208
f 1209 1200 1208
f 1210 1209 1208
f 1211 1210 1208
f 1212 1211 1208
f 1213 1212 1208
f 1214 1213 1208
f 1214 1208 1215
f 1216 1214 1215
f 1217 1216 1215
f 1217 1215 1218
f 1217 1218 1219
f 1220 1217 1219
f 1220 1219 1221
f 1220 1221 279
f 1222 1220 279
f 279 1221 1223
f 1223 1224 279
f 1225 279 1224
f 1226 1225 1224
f 1226 1224 1215
f 1215 1227 1226
f 1227 1228 1226
f 1228 1229 1226
f 1230 1226 1229
f 1226 1230 1231
f 1230 1232 1231
f 1233 1231 1232
f 1234 1233 1232
f 1234 1235 1233
f 1233 1235 1236
f 1235 1237 1236
f 1237 1238 1236
f 1239 1236 1238
f 1240 1239 1238
f 1240 1241 1239
f 1241 1242 1239
f 1242 1241 1243
f 1243 1244 1242
f 1244 1245 1242
f 1246 1242 1245
f 1246 1245 1247
f 1248 1246 1247
f 1248 1247 1249
f 1248 1249 285
f 1250 1248 285
f 285 1249 1251
f 1251 1244 285
f 1252 285 1244
f 1252 1253 285
f 1254 285 1253
f 1254 1253 1255
f 1256 1254 1255
f 1256 1255 1257
f 1256 1257 1258
f 1256 1258 1259
f 1260 1256 1259
f 1260 1259 1261
f 1260 1261 285
f 1261 1259 1262
f 1261 1262 287
f 1263 287 1262
f 1263 1262 1264
f 1263 1264 303
f 294 1263 303
f 294 289 1263
f 303 1264 1265
f 1266 1265 1264
f 1264 1255 1266
f 1267 1266 1255
f 1268 1267 1255
f 1255 1269 1268
f 1269 1270 1268
f 1271 1268 1270
f 1271 1270 1272
f 1273 1271 1272
f 1274 1273 1272
f 1275 1274 1272
f 1276 1275 1272
f 1272 1268 1276
f 1272 1277 1268
f 1268 1277 1278
f 1277 1279 1278
f 1272 1278 1279
f 1272 1280 1278
f 1267 1278 1280
f 1272 1279 1277
f 1275 1276 1281
f 1275 1281 1282
f 1275 1282 1283
f 1275 1283 1284
f 1275 1284 1285
f 1286 1275 1285
f 1287 1286 1285
f 1285 306 1287
f 1284 1287 306
f 1285 1288 306
f 306 1288 1289
f 1288 1290 1289
f 1285 1289 1290
f 1285 1291 1289
f 307 1289 1291
f 1291 1285 1292
f 1291 1292 304
f 1291 304 1293
f 1293 308 1291
f 1265 1293 304
f 1292 1285 305
f 1285 1290 1288
f 1294 1286 1287
f 1294 1287 1283
f 1295 1294 1283
f 1283 1296 1295
f 1297 1295 1296
f 1298 1297 1296
f 1298 1296 1299
f 1300 1298 1299
f 1300 1299 1301
f 1300 1301 1302
f 1300 1302 1303
f 1300 1303 1304
f 1300 1304 1305
f 1300 1305 1306
f 1306 1307 1300
f 1307 1308 1300
f 1308 1309 1300
f 1309 1310 1300
f 1310 1311 1300
f 1311 1312 1300
f 1312 1313 1300
f 1313 1312 1314
f 1314 1315 1313
f 1313 1315 1298
f 1315 1316 1298
f 1314 1316 1315
f 1314 1317 1316
f 1316 1317 1318
f 1316 1318 1297
f 1318 1319 1297
f 1319 1320 1297
f 1321 1297 1320
f 1320 1322 1321
f 1322 1323 1321
f 1323 1324 1321
f 1324 1325 1321
f 1325 1326 1321
f 1326 1327 1321
f 1327 1328 1321
f 1328 1329 1321
f 1329 1330 1321
f 1330 1331 1321
f 1321 1331 1332
f 1321 1332 1333
f 1333 1334 1321
f 1334 1335 1321
f 1335 1336 1321
f 1335 1317 1336
f 1317 1337 1336
f 1338 1336 1337
f 1338 1337 1339
f 1339 1340 1338
f 1338 1340 1295
f 1341 1295 1340
f 1340 1342 1341
f 1342 1334 1341
f 1339 1334 1342
f 1339 1343 1334
f 1339 1344 1343
f 1344 1345 1343
f 1343 1345 1346
f 1343 1346 1347
f 1343 1347 1317
f 1317 1347 1322
f 1348 1347 1346
f 1347 1348 1324
f 1345 1348 1346
f 1345 1349 1348
f 1348 1349 1350
f 1348 1350 726
f 1348 726 1330
f 726 714 1330
f 1351 1330 714
f 1352 1330 1351
f 1351 1353 1352
f 1354 1352 1353
f 713 1354 1353
f 713 1355 1354
f 820 1354 1355
f 820 1355 1356
f 820 1356 1357
f 1357 817 820
f 1358 817 1357
f 1357 1359 1358
f 1360 1358 1359
f 1361 1360 1359
f 1361 1359 806
f 806 1362 1361
f 1362 813 1361
f 1363 806 1359
f 1359 1364 1363
f 1363 1364 804
f 1360 1361 1365
f 1366 1360 1365
f 1365 1367 1366
f 1368 1366 1367
f 1369 1368 1367
f 1368 1369 1370
f 1370 1371 1368
f 1371 1370 815
f 1372 1371 815
f 1358 1372 815
f 1360 1371 1372
f 1370 1373 815
f 1370 1374 1373
f 1374 1361 1373
f 1373 1361 814
f 1375 1361 1374
f 1361 1375 1376
f 1376 1377 1361
f 1369 1377 1376
f 1369 1376 1378
f 1377 1369 1365
f 1378 1376 1375
f 1375 1370 1378
f 1370 1375 1374
f 1369 1378 1370
f 1366 1368 1371
f 1367 1365 1369
f 1371 1360 1366
f 1365 1361 1377
f 1360 1372 1358
f 1359 1357 1364
f 1364 1357 1356
f 1356 1355 1364
f 713 1364 1355
f 1364 713 695
f 820 1352 1354
f 1379 1352 820
f 1352 1379 1380
f 1380 1381 1352
f 1381 1380 1382
f 1382 1383 1381
f 1333 1381 1383
f 1383 1384 1333
f 1384 1385 1333
f 1385 1386 1333
f 1386 1387 1333
f 1387 1388 1333
f 1341 1333 1388
f 1389 1341 1388
f 1388 1390 1389
f 1390 1391 1389
f 1391 1392 1389
f 1392 1286 1389
f 1389 1286 1393
f 1393 1286 1394
f 1393 1394 1295
f 1395 1286 1392
f 1392 1396 1395
f 1397 1395 1396
f 1396 1398 1397
f 1396 1399 1398
f 1395 1398 1399
f 1395 1399 1400
f 1401 1395 1400
f 1401 1400 1402
f 1403 1402 1400
f 1395 1402 1403
f 1395 1403 1391
f 1391 1339 1395
f 1403 1396 1391
f 1395 1401 1402
f 1403 1400 1399
f 1396 1403 1399
f 1395 1397 1398
f 1339 1286 1395
f 1392 1391 1396
f 1390 1339 1391
f 1390 1388 1404
f 1390 1404 1344
f 1405 1344 1404
f 1405 1404 1406
f 1344 1405 1406
f 1388 1344 1406
f 1388 1406 1404
f 1341 1389 1393
f 1387 1344 1388
f 1387 1407 1344
f 1386 1407 1387
f 1385 1407 1386
f 336 1407 1385
f 1408 1407 336
f 1409 1407 1408
f 1409 1408 334
f 1409 334 1410
f 1410 1411 1409
f 1412 1409 1411
f 1412 1411 335
f 1413 1412 335
f 1412 1413 1414
f 1412 1414 345
f 1415 1414 1413
f 340 1415 1413
f 340 1416 1415
f 1417 1415 1416
f 1418 1417 1416
f 1418 1416 1419
f 1420 1418 1419
f 1420 1419 1421
f 1422 1420 1421
f 1422 1421 1423
f 1424 1422 1423
f 1424 1423 1425
f 1424 1425 1426
f 1427 1424 1426
f 1427 1426 1428
f 1429 1427 1428
f 1429 1428 1430
f 1429 1430 1431
f 1432 1429 1431
f 1432 1431 1433
f 1434 1432 1433
f 1434 1433 1435
f 1434 1435 1436
f 1437 1434 1436
f 1437 1436 1438
f 1439 1437 1438
f 1439 1438 1440
f 1439 1440 1441
f 1442 1439 1441
f 1442 1441 1443
f 1444 1442 1443
f 1444 1443 1445
f 1444 1445 1446
f 1447 1444 1446
f 1447 1446 1448
f 1449 1447 1448
f 1449 1448 1450
f 1449 1450 1451
f 1452 1449 1451
f 1452 1451 1453
f 1454 1452 1453
f 1454 1453 1455
f 1454 1455 1456
f 1457 1454 1456
f 1457 1456 1458
f 1459 1457 1458
f 1459 1458 1460
f 1459 1460 1461
f 1462 1459 1461
f 1463 1462 1461
f 1463 1461 995
f 1464 1463 995
f 1464 995 991
f 974 1464 991
f 1465 1464 974
f 1466 1465 974
f 1466 974 1467
f 1468 1466 1467
f 1468 1467 1469
f 1468 1469 937
f 1470 1468 937
f 1470 937 1471
f 1472 1470 1471
f 1472 1471 1473
f 1472 1473 1474
f 1475 1472 1474
f 1475 1474 1476
f 1477 1475 1476
f 1477 1476 1478
f 1477 1478 1479
f 1480 1477 1479
f 1480 1479 1481
f 1482 1480 1481
f 1482 1481 1483
f 1482 1483 1484
f 1485 1482 1484
f 1485 1484 1486
f 1487 1485 1486
f 1487 1486 1488
f 1487 1488 1489
f 1487 1489 1490
f 1487 1490 1491
f 1492 1487 1491
f 1492 1491 1493
f 1492 1493 1494
f 1492 1494 1495
f 1492 1495 1496
f 1497 1492 1496
f 1497 1496 1498
f 1499 1497 1498
f 1499 1498 1500
f 1501 1499 1500
f 1501 1500 1502
f 1503 1501 1502
f 1503 1502 1504
f 1505 1503 1504
f 1505 1504 1506
f 1507 1505 1506
f 1507 1506 1508
f 1509 1507 1508
f 1509 1508 1510
f 1509 1510 1511
f 1509 1511 1465
f 1465 1511 1512
f 1465 1512 1513
f 1465 1513 1463
f 1512 1514 1513
f 1514 1459 1513
f 1512 1511 1514
f 1515 1514 1511
f 1515 1516 1514
f 1516 1517 1514
f 1517 1457 1514
f 1516 1518 1517
f 1518 1519 1517
f 1519 1454 1517
f 1518 1520 1519
f 1520 1521 1519
f 1521 1452 1519
f 1520 1522 1521
f 1523 1521 1522
f 1522 1524 1523
f 1524 1525 1523
f 1525 1444 1523
f 1524 1526 1525
f 1526 1527 1525
f 1527 1442 1525
f 1526 1528 1527
f 1528 1529 1527
f 1529 1437 1527
f 1528 1530 1529
f 1530 1531 1529
f 1531 1434 1529
f 1530 1532 1531
f 1532 1533 1531
f 1533 1432 1531
f 1532 1534 1533
f 1534 1535 1533
f 1535 1427 1533
f 1534 1536 1535
f 1536 1537 1535
f 1537 1424 1535
f 1536 1538 1537
f 1538 1539 1537
f 1539 1422 1537
f 1538 1540 1539
f 1540 1541 1539
f 1541 1542 1539
f 1539 1542 1420
f 1541 1543 1542
f 1542 1543 1544
f 1542 1544 1418
f 1418 1544 1545
f 1544 1546 1545
f 1546 1547 1545
f 1545 1547 779
f 1545 779 351
f 1546 1548 1547
f 1548 367 1547
f 1547 367 778
f 355 778 367
f 355 1549 778
f 1548 1550 367
f 367 1550 1551
f 1551 1550 1552
f 1551 1552 1553
f 370 1551 1553
f 1553 1554 370
f 1554 358 370
f 1554 1555 358
f 1555 1556 358
f 1556 1557 358
f 1557 1558 358
f 1558 1559 358
f 1560 1559 1558
f 1560 353 1559
f 1561 353 1560
f 1561 1560 1562
f 1560 1563 1562
f 1564 1562 1563
f 1563 1565 1564
f 1566 1564 1565
f 1565 1567 1566
f 1568 1566 1567
f 1569 1568 1567
f 1569 1567 1570
f 1569 1570 1571
f 1571 1572 1569
f 1572 1571 1573
f 1572 1573 1574
f 1574 1575 1572
f 1576 1572 1575
f 1576 1575 1577
f 1576 1577 1578
f 1576 1578 1579
f 1576 1579 1580
f 1576 1580 1581
f 1581 1582 1576
f 1583 1576 1582
f 1584 1583 1582
f 1585 1584 1582
f 1585 1582 1586
f 1585 1586 1587
f 1588 1585 1587
f 1589 1588 1587
f 1589 1587 1590
f 1591 1589 1590
f 1591 1590 1592
f 1593 1591 1592
f 1593 1592 1594
f 1595 1593 1594
f 1596 1595 1594
f 1596 1594 1597
f 1598 1596 1597
f 1598 1597 1599
f 1600 1598 1599
f 1601 1600 1599
f 1602 1601 1599
f 1602 1599 1603
f 292 1602 1603
f 1604 1602 292
f 1605 1604 292
f 1605 292 1606
f 1605 1606 1607
f 1606 1608 1607
f 1607 1608 313
f 1609 1607 313
f 1610 1609 313
f 1610 1602 1609
f 1604 1607 1609
f 1608 1611 313
f 1606 1611 1608
f 1606 310 1611
f 1606 1612 310
f 1612 1613 310
f 301 310 1613
f 1612 292 1613
f 1606 292 1612
f 1605 1607 1604
f 1604 1609 1602
f 1614 1603 1599
f 1603 1614 1615
f 1603 1615 1616
f 1603 1616 1617
f 1603 1617 1618
f 1603 1618 1619
f 1603 1619 1620
f 1603 1620 1621
f 1621 291 1603
f 291 1621 1622
f 1623 291 1622
f 1624 1623 1622
f 1624 1622 1625
f 1626 1624 1625
f 1626 1625 1627
f 1628 1626 1627
f 1628 1627 1629
f 1630 1628 1629
f 1630 1629 1631
f 1630 1631 1632
f 1630 1632 1633
f 1633 1632 1634
f 1634 1635 1633
f 1628 1633 1635
f 1626 1635 1634
f 1636 1634 1632
f 1636 1632 1637
f 1638 1636 1637
f 1639 1638 1637
f 1639 1637 1640
f 1639 1640 1641
f 1639 1641 1642
f 1641 1643 1642
f 1643 1644 1642
f 1644 1645 1642
f 1646 1642 1645
f 1646 1645 1631
f 1646 1631 1647
f 1646 1647 1648
f 1648 1649 1646
f 1650 1646 1649
f 1650 1649 1651
f 1651 1652 1650
f 1652 1653 1650
f 1650 1653 1654
f 1655 1654 1653
f 1655 1653 1656
f 1655 1656 1657
f 1657 1656 1658
f 1657 1658 1659
f 1657 1659 1660
f 1657 1660 1654
f 1654 1660 1661
f 1662 1654 1661
f 1662 1661 1663
f 1662 1663 1664
f 1662 1664 1665
f 1665 1664 1666
f 1665 1666 1667
f 1665 1667 1654
f 1667 1668 1654
f 1668 1669 1654
f 1646 1654 1669
f 1646 1669 1670
f 1669 1671 1670
f 1672 1670 1671
f 1663 1672 1671
f 1663 1671 1673
f 1672 1663 1674
f 1675 1672 1674
f 1675 1674 1676
f 1675 1676 1677
f 1675 1677 1642
f 1678 1675 1642
f 1678 1642 1670
f 1642 1677 1638
f 1676 1679 1677
f 1679 1680 1677
f 1636 1677 1680
f 291 1636 1680
f 291 1680 1681
f 1680 1679 1681
f 1682 1681 1679
f 1682 1683 1681
f 1683 288 1681
f 288 1683 1684
f 288 1684 1685
f 288 1685 1686
f 288 1686 1687
f 1688 1687 1686
f 1689 1688 1686
f 1689 1686 1690
f 1659 1689 1690
f 1659 1688 1689
f 1656 1687 1688
f 1687 1656 1691
f 1687 1691 1692
f 1693 1687 1692
f 1693 1692 1694
f 1693 1694 1695
f 1693 1695 1696
f 1693 1696 1697
f 1696 1698 1697
f 286 1697 1698
f 286 1698 1699
f 1699 1700 286
f 1700 1699 1701
f 1702 1700 1701
f 1703 1702 1701
f 1703 1701 1704
f 1705 1703 1704
f 1705 1704 1695
f 1706 1705 1695
f 1706 1695 1707
f 1706 1707 1708
f 1708 1707 1709
f 1710 1708 1709
f 1710 1709 1711
f 1712 1710 1711
f 1713 1712 1711
f 1713 1711 1714
f 1713 1714 1715
f 1713 1715 1716
f 1715 1717 1716
f 1717 1718 1716
f 1718 1707 1716
f 1719 1716 1707
f 1719 1707 1652
f 1719 1652 1720
f 1721 1719 1720
f 1722 1721 1720
f 1723 1722 1720
f 1723 1720 1651
f 1723 1651 1724
f 1723 1724 1722
f 1724 1725 1722
f 1724 1726 1725
f 1725 1726 1727
f 1728 1725 1727
f 1728 1727 1729
f 1728 1729 1730
f 1730 1729 1731
f 1730 1731 1732
f 1730 1732 1733
f 1733 1725 1730
f 1733 1721 1725
f 1733 1732 1721
f 1719 1732 1731
f 1719 1731 1734
f 1734 1196 1719
f 1196 1735 1719
f 1719 1735 1736
f 1719 1736 1737
f 1738 1737 1736
f 1739 1738 1736
f 1740 1739 1736
f 1741 1740 1736
f 1741 1736 1742
f 1741 1742 1743
f 1741 1743 1744
f 1743 1745 1744
f 1740 1744 1745
f 1743 1746 1745
f 1738 1745 1746
f 1747 1746 1743
f 280 1746 1747
f 280 1747 1748
f 280 1748 1749
f 1750 280 1749
f 1749 1751 1750
f 1750 1751 1752
f 1753 1750 1752
f 1753 1752 1754
f 1753 1754 1755
f 1753 1755 1756
f 1755 1757 1756
f 1756 1757 1758
f 1756 1758 1750
f 1757 1759 1758
f 280 1758 1759
f 1757 1760 1759
f 278 1759 1760
f 278 1760 1761
f 1761 1760 1762
f 1763 1761 1762
f 1764 1763 1762
f 1764 1762 1757
f 1765 1764 1757
f 1765 1766 1764
f 1764 1766 1767
f 1768 1767 1766
f 1769 1767 1768
f 1768 1770 1769
f 1770 1195 1769
f 1771 1769 1195
f 1772 1769 1771
f 1772 1771 1192
f 1194 1192 1771
f 1773 1770 1768
f 1773 1768 1765
f 1773 1765 1755
f 1773 1755 1770
f 1196 1770 1755
f 1196 1755 1774
f 1775 1774 1755
f 1776 1775 1755
f 1776 1751 1775
f 1775 1751 1777
f 1754 1751 1776
f 1775 1777 1774
f 1777 1778 1774
f 1735 1774 1778
f 1779 1735 1778
f 1780 1779 1778
f 1778 1749 1780
f 1781 1780 1749
f 1781 1749 1782
f 1783 1781 1782
f 1783 1782 1784
f 1785 1783 1784
f 1785 1784 1736
f 1786 1785 1736
f 1786 1779 1785
f 1785 1779 1787
f 1785 1787 1783
f 1783 1787 1780
f 1784 1782 1748
f 1783 1780 1781
f 1779 1780 1787
f 1786 1735 1779
f 1749 1778 1777
f 1769 1772 1767
f 1763 1767 1772
f 1765 1768 1766
f 1764 1767 1763
f 1763 1772 1761
f 1772 274 1761
f 274 1772 1788
f 274 1788 1789
f 274 1789 1790
f 274 1790 1791
f 1172 274 1791
f 1172 1791 1792
f 1793 1792 1791
f 1793 1791 1794
f 1185 1793 1794
f 1185 1792 1793
f 274 1172 1795
f 274 1795 1796
f 274 1796 1797
f 1797 1796 1169
f 1169 1798 1797
f 1799 1797 1798
f 1800 1799 1798
f 1168 1800 1798
f 1168 1801 1800
f 1800 1801 1802
f 1801 273 1802
f 1802 273 1799
f 273 1801 1803
f 273 1803 1804
f 1805 273 1804
f 1805 1804 1806
f 1806 1807 1805
f 1808 1805 1807
f 1809 1808 1807
f 1810 1809 1807
f 1810 1811 1809
f 1809 1811 1812
f 1813 1812 1811
f 1813 1811 1814
f 1814 1159 1813
f 1159 1815 1813
f 1816 1813 1815
f 1817 1816 1815
f 1817 1815 1818
f 1819 1817 1818
f 1820 1819 1818
f 1821 1820 1818
f 1821 1818 1822
f 1821 1822 1823
f 1821 1823 1824
f 1812 1824 1823
f 1812 1823 1825
f 1825 1826 1812
f 1812 1826 1808
f 273 1808 1826
f 1826 1825 1827
f 1828 1826 1827
f 1828 1827 1829
f 1829 1830 1828
f 1830 1831 1828
f 1830 1832 1831
f 1832 1833 1831
f 1834 1831 1833
f 1835 1834 1833
f 1835 1833 1836
f 1835 1836 1837
f 1835 1837 257
f 1837 1836 1838
f 1837 1838 1839
f 1837 1839 1840
f 1837 1840 252
f 1840 1839 1841
f 1840 1841 1842
f 1840 1842 249
f 1842 1841 1843
f 1842 1843 1844
f 1842 1844 1845
f 1842 1845 245
f 1845 1844 1846
f 1845 1846 1847
f 1845 1847 1848
f 1845 1848 241
f 1848 1847 1849
f 1848 1849 1850
f 1848 1850 1851
f 1848 1851 236
f 1851 1850 1852
f 1851 1852 1853
f 1851 1853 1854
f 1851 1854 232
f 1854 1853 1855
f 1854 1855 1856
f 1854 1856 229
f 1856 1855 1857
f 1856 1857 1858
f 1856 1858 1859
f 1856 1859 227
f 1859 1860 227
f 1859 1861 1860
f 1861 1862 1860
f 1860 1862 1863
f 1860 1863 1864
f 1860 1864 1865
f 1860 1865 226
f 1865 219 226
f 1865 1866 219
f 1867 219 1866
f 213 1867 1866
f 1866 1868 213
f 1869 213 1868
f 1870 1869 1868
f 1870 1868 1864
f 1871 1869 1870
f 1871 1870 1863
f 1871 1863 1872
f 1872 1863 1873
f 1872 1873 189
f 1872 189 1874
f 1872 1874 1875
f 1872 1875 1869
f 1875 1874 213
f 1874 189 213
f 1873 1876 189
f 1877 189 1876
f 1877 1876 1863
f 1877 1863 1878
f 206 1877 1878
f 1879 1878 1863
f 1863 1880 1879
f 1879 1880 1881
f 1882 1881 1880
f 1882 1883 1881
f 1883 1884 1881
f 1878 1881 1884
f 1878 1884 205
f 1884 1885 205
f 1885 1886 205
f 1886 1887 205
f 205 1887 1888
f 205 1888 1889
f 205 1889 1890
f 205 1890 1891
f 205 1891 1892
f 205 1892 1893
f 1893 201 205
f 192 205 201
f 1894 192 201
f 1895 205 192
f 205 1895 190
f 1893 1892 1896
f 1896 202 1893
f 202 1896 198
f 1897 202 198
f 198 1898 1897
f 1897 1898 1899
f 1899 1891 1897
f 1900 1899 1898
f 1898 1901 1900
f 1902 1900 1901
f 1902 1901 1903
f 1903 1904 1902
f 1905 1902 1904
f 1904 1906 1905
f 1905 1906 1907
f 1908 1905 1907
f 1908 1907 1909
f 1909 1910 1908
f 1910 1911 1908
f 1911 1912 1908
f 410 1908 1912
f 410 1912 1913
f 413 1913 1912
f 413 1912 1914
f 413 1914 1915
f 413 1915 1916
f 1916 1915 410
f 1915 1914 410
f 1914 1917 410
f 1918 410 1917
f 1918 1917 1919
f 1920 1918 1919
f 1919 1921 1920
f 1922 1920 1921
f 1921 1923 1922
f 1922 1923 1924
f 1922 1924 1925
f 1925 1918 1922
f 1925 1908 1918
f 1925 1926 1908
f 1900 1908 1926
f 1900 1926 1927
f 1892 1900 1927
f 1892 1927 1926
f 1892 1926 1928
f 1928 1929 1892
f 1929 1930 1892
f 1930 1931 1892
f 1931 1903 1892
f 1892 1903 1898
f 1932 1903 1931
f 1932 1933 1903
f 1933 1934 1903
f 1935 1903 1934
f 1935 1934 1936
f 1935 1936 1937
f 1904 1935 1937
f 1938 1937 1936
f 1936 1939 1938
f 1938 1939 1940
f 1941 1940 1939
f 1941 1942 1940
f 1942 1943 1940
f 1937 1940 1943
f 1937 1943 1906
f 1943 1944 1906
f 1944 1945 1906
f 1906 1945 1946
f 1906 1946 1947
f 1906 1947 1948
f 1948 1921 1906
f 1921 1948 1949
f 1921 1949 1950
f 1921 1950 1951
f 1951 1952 1921
f 1952 1953 1921
f 1953 1954 1921
f 1954 1955 1921
f 1956 1955 1954
f 1956 1923 1955
f 1956 1957 1923
f 1957 1958 1923
f 1959 1923 1958
f 1959 1958 1960
f 1959 1960 1961
f 1959 1961 1962
f 1963 1959 1962
f 1963 1962 1964
f 1963 1964 1916
f 1916 1965 1963
f 1963 1965 1966
f 1967 1963 1966
f 1966 1968 1967
f 1923 1967 1968
f 1969 1968 1966
f 1916 1969 1966
f 1969 1916 409
f 1970 1969 409
f 1971 1970 409
f 1972 1971 409
f 1972 1973 1971
f 1971 1973 416
f 1916 1971 416
f 1971 1916 1974
f 1971 1974 1975
f 1975 1974 1970
f 1974 1976 1970
f 1977 1970 1976
f 1977 1976 1978
f 1977 1978 1979
f 1979 1980 1977
f 1981 1977 1980
f 1981 1980 1982
f 1982 1972 1981
f 1981 1972 1983
f 1984 1981 1983
f 1984 1983 1985
f 1985 1986 1984
f 1987 1984 1986
f 1987 1986 1988
f 1987 1988 1989
f 1987 1989 1990
f 1990 1991 1987
f 1987 1991 1992
f 1987 1992 1993
f 1994 1987 1993
f 1995 1994 1993
f 1996 1995 1993
f 1996 1993 1989
f 1995 1996 1997
f 1998 1995 1997
f 1997 1999 1998
f 1999 2000 1998
f 2000 1977 1998
f 2000 2001 1977
f 2001 2002 1977
f 2001 1489 2002
f 1489 2003 2002
f 2003 1949 2002
f 2004 2001 2000
f 2004 1491 2001
f 2004 2000 1999
f 2005 2004 1999
f 2005 1999 2006
f 2007 2005 2006
f 2007 2006 2008
f 2007 2008 1550
f 2009 2007 1550
f 2010 2007 2009
f 2010 2009 2011
f 2012 2010 2011
f 2013 2012 2011
f 2013 2011 1541
f 2013 2014 2012
f 2012 2014 2015
f 2012 2015 2016
f 2012 2016 2017
f 2017 2016 2018
f 2017 2018 2019
f 2017 2019 2020
f 2021 2017 2020
f 2021 2020 2022
f 2021 2022 2023
f 1495 2023 2022
f 1495 2022 2024
f 1495 2024 2025
f 629 2025 2024
f 2025 629 2026
f 1496 2025 2026
f 1496 2026 2027
f 2026 627 2027
f 2022 632 2024
f 2021 2023 2017
f 2017 2023 2028
f 2017 2028 2010
f 2028 2005 2010
f 2023 1494 2028
f 1494 2004 2028
f 2020 2019 2022
f 633 2022 2019
f 2029 633 2019
f 2019 2018 2029
f 638 2029 2018
f 2016 638 2018
f 2016 2015 640
f 2014 640 2015
f 2013 2030 2014
f 2030 642 2014
f 2013 2031 2030
f 2031 643 2030
f 1540 2031 2013
f 1540 2032 2031
f 2032 645 2031
f 1540 2033 2032
f 2033 646 2032
f 2012 2017 2010
f 2011 2009 1543
f 1543 2009 1548
f 2008 2034 1550
f 2008 2035 2034
f 2035 385 2034
f 2035 2008 2036
f 2036 386 2035
f 386 2036 390
f 1991 390 2036
f 1991 2036 2037
f 2037 2038 1991
f 2039 1991 2038
f 2038 1993 2039
f 2040 2039 1993
f 2041 2040 1993
f 2041 1991 2040
f 1993 2038 376
f 2040 1991 2039
f 2038 2037 376
f 2037 2042 376
f 2043 376 2042
f 2043 2042 2044
f 2043 2044 2045
f 2043 2045 2046
f 2047 2043 2046
f 2047 2046 2048
f 2047 2048 379
f 2048 2049 379
f 379 2049 2050
f 379 2050 2051
f 2052 379 2051
f 2052 2051 2053
f 2054 2052 2053
f 2055 2054 2053
f 2056 2055 2053
f 2056 2053 2057
f 2056 2057 2058
f 2059 2056 2058
f 2059 2058 2060
f 1582 2059 2060
f 2058 2061 2060
f 1586 2060 2061
f 1586 2061 2062
f 2062 2063 1586
f 2064 1586 2063
f 2064 2063 2065
f 2066 2064 2065
f 2067 2066 2065
f 2067 2065 2068
f 2067 2068 2069
f 2067 2069 2070
f 2069 2071 2070
f 2071 2072 2070
f 2072 1575 2070
f 2072 2073 1575
f 2074 1575 2073
f 2073 2075 2074
f 2076 2074 2075
f 2076 2075 2077
f 2076 2077 2078
f 2076 2078 1577
f 2079 2076 1577
f 1577 2078 2080
f 2081 1577 2080
f 2081 2080 2082
f 2081 2082 2083
f 2081 2083 2084
f 2084 2083 2085
f 2084 2085 2086
f 2084 2086 1577
f 2086 2087 1577
f 2086 2085 2087
f 2087 2085 2088
f 2087 2088 1578
f 2089 1578 2088
f 2088 2090 2089
f 2090 1579 2089
f 2091 1579 2090
f 2091 2090 2092
f 2091 2092 1580
f 2092 2093 1580
f 1580 2093 2094
f 2095 1580 2094
f 2095 2094 2096
f 2095 2096 2097
f 2095 2097 2098
f 2098 2097 2099
f 2098 2099 2100
f 2098 2100 1580
f 2100 2101 1580
f 2101 2102 1580
f 2101 2103 2102
f 2104 2102 2103
f 2103 2105 2104
f 2106 2104 2105
f 2106 2105 2107
f 2106 2107 2108
f 2106 2108 2109
f 2110 2106 2109
f 2110 2109 2102
f 1581 2102 2109
f 1581 2109 1560
f 1560 2059 1581
f 1560 2109 2111
f 1560 2111 2112
f 2112 2111 2113
f 2112 2113 2114
f 2114 2115 2112
f 2115 1563 2112
f 2115 2116 1563
f 2117 2116 2115
f 2117 2118 2116
f 2118 1565 2116
f 1565 2118 2119
f 2119 2120 1565
f 2121 1565 2120
f 2122 2121 2120
f 2122 2120 2123
f 2122 2123 790
f 790 783 2122
f 1380 2122 783
f 1380 783 2124
f 2124 2125 1380
f 2125 2126 1380
f 2126 2127 1380
f 2127 2128 1380
f 2127 2129 2128
f 2128 2129 1382
f 2130 2129 2127
f 2131 2129 2130
f 2131 2130 2126
f 2132 2131 2126
f 2126 2133 2132
f 2133 1414 2132
f 347 2132 1414
f 347 1414 1545
f 2129 1414 2133
f 2129 2133 2125
f 2129 2125 777
f 777 775 2129
f 1407 2129 775
f 1407 775 2134
f 1407 2134 2135
f 2135 1345 1407
f 2135 2136 1345
f 2137 2136 2135
f 2137 2135 1333
f 2138 2136 2137
f 2137 1331 2138
f 2138 1331 2134
f 2134 1349 2138
f 2138 1349 2136
f 2135 2134 1333
f 775 1349 2134
f 1407 1384 2129
f 1407 337 1384
f 1407 2139 337
f 2131 2132 346
f 1414 2131 346
f 1414 2129 2131
f 2127 2126 2130
f 2126 2125 2133
f 2124 777 2125
f 782 777 2124
f 2123 2140 790
f 2123 2141 2140
f 2140 2141 2142
f 2140 2142 2143
f 2140 2143 2144
f 791 2140 2144
f 2144 2143 824
f 824 2143 2145
f 824 2145 2146
f 2146 2145 2147
f 2147 2148 2146
f 2148 2149 2146
f 822 2146 2149
f 822 2149 1379
f 1379 2149 2121
f 2149 1567 2121
f 2150 1567 2149
f 1567 2150 2151
f 2152 2151 2150
f 2152 2150 2153
f 2154 2152 2153
f 2153 2155 2154
f 2155 2156 2154
f 2154 2156 2157
f 2154 2157 2158
f 2159 2158 2157
f 2157 2160 2159
f 2159 2160 2161
f 2161 2160 2162
f 2161 2162 2163
f 2164 2161 2163
f 2164 2163 2165
f 2164 2165 2152
f 2166 2152 2165
f 2166 2165 1571
f 2166 1571 2151
f 1571 2165 2163
f 2164 2152 2161
f 2158 2161 2152
f 1571 2163 2162
f 2160 1571 2162
f 2167 2160 2157
f 2157 2168 2167
f 2168 2169 2167
f 2167 2169 2170
f 2167 2170 2171
f 2167 2171 2172
f 2173 2167 2172
f 2173 2172 2174
f 2173 2174 2175
f 2173 2175 2176
f 2173 2176 2177
f 2173 2177 1573
f 2173 1573 2160
f 1573 2177 2178
f 2179 2178 2177
f 2180 2179 2177
f 2181 2180 2177
f 2182 2181 2177
f 2182 2177 2183
f 2182 2183 2184
f 2182 2184 2185
f 2184 2186 2185
f 2185 2186 2187
f 2185 2187 2188
f 2181 2185 2188
f 2188 2187 2189
f 2188 2189 2190
f 2179 2188 2190
f 2190 2189 2191
f 2191 2178 2190
f 2178 2191 2192
f 1574 2178 2192
f 1574 2192 2070
f 2193 2070 2192
f 2193 2192 2189
f 2193 2189 2194
f 2193 2194 2070
f 2194 2195 2070
f 2070 2195 2066
f 2194 2196 2195
f 2196 2197 2195
f 2197 2198 2195
f 2064 2195 2198
f 2198 2197 2199
f 2199 1586 2198
f 2200 1586 2199
f 2200 2199 2184
f 2201 1586 2200
f 2200 2202 2201
f 2203 2201 2202
f 2204 2203 2202
f 2205 2204 2202
f 2205 2202 2177
f 2206 2205 2177
f 2206 2207 2205
f 2205 2207 2208
f 2209 2208 2207
f 2209 2207 2210
f 2211 2209 2210
f 2211 2210 2175
f 2212 2175 2210
f 2213 2209 2211
f 2213 2211 2174
f 2214 2209 2213
f 2214 2213 2172
f 2215 2214 2172
f 2215 2172 2216
f 2215 2216 2217
f 2215 2217 2218
f 2217 2219 2218
f 2218 2219 2208
f 2204 2208 2219
f 2204 2219 2220
f 2220 2219 2221
f 2220 2221 2222
f 2220 2222 2203
f 1590 2222 2221
f 1590 1586 2222
f 2221 2219 1590
f 2223 1590 2219
f 1594 1590 2223
f 1594 2223 2224
f 1594 2224 2225
f 1594 2225 2226
f 1594 2226 2227
f 1594 2227 2228
f 1594 2228 1614
f 2229 1614 2228
f 2229 2228 2230
f 2231 2229 2230
f 2231 2230 2232
f 2233 2231 2232
f 2233 2232 2169
f 2234 2233 2169
f 2234 2169 2235
f 2234 2235 2236
f 2236 2235 2237
f 2238 2236 2237
f 2238 2237 2239
f 2240 2238 2239
f 2240 2239 2241
f 2240 2241 2242
f 2243 2240 2242
f 2243 2242 2244
f 2243 2244 2245
f 2243 2245 2238
f 2245 2246 2238
f 2245 2247 2246
f 2231 2246 2247
f 1615 2247 2245
f 2244 1615 2245
f 2248 1615 2244
f 2242 2248 2244
f 2249 2248 2242
f 2250 2249 2242
f 2250 2242 2251
f 2250 2251 2252
f 2252 2251 2253
f 2254 2252 2253
f 2254 2253 2255
f 2254 2255 2256
f 2257 2254 2256
f 2257 2256 2258
f 2257 2258 1629
f 2259 2257 1629
f 2259 1629 2260
f 2259 2260 2261
f 2259 2261 2254
f 2260 1619 2261
f 1619 2262 2261
f 2261 2262 2252
f 2249 2252 2262
f 2249 2262 2263
f 2263 2262 1618
f 2263 1618 2264
f 2263 2264 2265
f 2263 2265 2248
f 2265 1616 2248
f 2264 1617 2265
f 1627 1619 2260
f 2258 2266 1629
f 2266 2267 1629
f 1647 1629 2267
f 1647 2267 2251
f 2266 2255 2267
f 2258 2256 2266
f 2259 2254 2257
f 2266 2256 2255
f 2253 2267 2255
f 2261 2252 2254
f 2267 2253 2251
f 1647 2251 2242
f 2168 1647 2242
f 2168 2242 2235
f 2268 2235 2242
f 1647 2168 2269
f 2156 2269 2168
f 2250 2252 2249
f 2249 2263 2248
f 2241 2268 2242
f 2241 2239 2268
f 2243 2238 2240
f 2268 2239 2237
f 2238 2246 2236
f 2233 2236 2246
f 2268 2237 2235
f 2234 2236 2233
f 2169 2232 2270
f 2271 2169 2270
f 2271 2270 2272
f 2271 2272 2273
f 2271 2273 2274
f 2274 2273 2275
f 2274 2275 2276
f 2274 2276 2169
f 2276 2277 2169
f 2276 2275 2277
f 2277 2275 2278
f 2277 2278 2170
f 2279 2170 2278
f 2280 2170 2279
f 2280 2279 2281
f 2171 2280 2281
f 2171 2281 2282
f 2171 2282 2283
f 2171 2283 2284
f 2171 2284 2216
f 2284 2223 2216
f 2283 2224 2284
f 2282 2285 2283
f 2285 2225 2283
f 2285 2286 2225
f 2282 2286 2285
f 2282 2287 2286
f 2272 2286 2287
f 2226 2286 2272
f 2281 2287 2282
f 2281 2279 2287
f 2273 2287 2279
f 2275 2279 2278
f 2273 2279 2275
f 2272 2287 2273
f 2270 2226 2272
f 2271 2274 2169
f 2232 2226 2270
f 2233 2246 2231
f 2230 2227 2232
f 2231 2247 2229
f 2229 2247 1614
f 2227 2230 2228
f 2226 2232 2227
f 2226 2225 2286
f 2224 2283 2225
f 2223 2284 2224
f 2223 2219 2217
f 2216 2223 2217
f 2215 2218 2214
f 2214 2218 2209
f 2210 2207 2212
f 2207 2176 2212
f 2218 2208 2209
f 2206 2176 2207
f 2205 2208 2204
f 2204 2220 2203
f 2201 2203 2222
f 2202 2200 2183
f 2222 1586 2201
f 2288 2199 2197
f 2288 2186 2199
f 2196 2186 2288
f 2196 2288 2197
f 2194 2187 2196
f 2189 2192 2191
f 2194 2189 2187
f 2196 2187 2186
f 2184 2199 2186
f 2183 2200 2184
f 2177 2202 2183
f 2182 2185 2181
f 2181 2188 2180
f 2180 2188 2179
f 2179 2190 2178
f 2206 2177 2176
f 2175 2212 2176
f 2211 2175 2174
f 2213 2174 2172
f 2171 2216 2172
f 2171 2170 2280
f 2277 2170 2169
f 2168 2235 2169
f 2160 2167 2173
f 2159 2161 2158
f 2168 2157 2156
f 2155 2269 2156
f 2155 1648 2269
f 2289 1648 2155
f 2290 2289 2155
f 2289 2290 1726
f 2290 2291 1726
f 1726 2291 2292
f 2292 2293 1726
f 2294 2293 2292
f 2293 2294 2295
f 2293 2295 2296
f 2293 2296 2297
f 2293 2297 2298
f 2298 1727 2293
f 2297 2299 2298
f 2300 2298 2299
f 2299 2301 2300
f 2302 2300 2301
f 2301 2303 2302
f 2304 2302 2303
f 2303 2305 2304
f 2306 2304 2305
f 2305 2307 2306
f 2307 2308 2306
f 2309 2306 2308
f 2308 2310 2309
f 2309 2310 1305
f 2310 2311 1305
f 2308 2311 2310
f 2308 1306 2311
f 2308 2312 1306
f 2313 2312 2308
f 2314 2313 2308
f 2315 2314 2308
f 2315 2308 2316
f 2317 2315 2316
f 2318 2317 2316
f 2319 2318 2316
f 2319 2316 2320
f 2319 2320 2321
f 2322 2321 2320
f 2322 2320 2307
f 2322 2307 2323
f 2322 2323 2324
f 2325 2322 2324
f 2325 2324 575
f 2326 2325 575
f 2326 2327 2325
f 2328 2325 2327
f 2328 2327 2329
f 2328 2329 2330
f 2329 2318 2330
f 2331 2330 2318
f 2321 2331 2318
f 2325 2331 2321
f 2325 2330 2331
f 2332 2318 2329
f 2333 2332 2329
f 2333 2334 2332
f 2334 2335 2332
f 2335 2336 2332
f 2335 2337 2336
f 2336 2337 2338
f 2336 2338 2339
f 2336 2339 2340
f 2318 2336 2340
f 2341 2340 2339
f 2341 2339 2342
f 2341 2342 2343
f 2341 2343 2344
f 2341 2344 2345
f 2341 2345 2346
f 2347 2341 2346
f 2347 2346 2348
f 2347 2348 1153
f 2348 1204 1153
f 1201 1153 1204
f 2349 1204 2348
f 2349 2348 2350
f 2350 2341 2349
f 2351 2341 2350
f 2351 2350 1203
f 2352 2351 1203
f 2353 2352 1203
f 2354 2353 1203
f 2304 2354 1203
f 2304 1203 2355
f 2304 2355 2356
f 2356 2355 2350
f 2357 2354 2304
f 2358 2357 2304
f 2359 2358 2304
f 1305 2358 2359
f 2359 2306 1305
f 1305 2360 2358
f 2360 1305 2361
f 2360 2361 2362
f 2363 2360 2362
f 2362 2364 2363
f 2365 2363 2364
f 2366 2365 2364
f 1273 2366 2364
f 2367 1273 2364
f 1301 2367 2364
f 1301 2368 2367
f 1273 2367 2368
f 2366 1273 2313
f 2313 1273 2369
f 2313 2369 2370
f 2313 2370 2361
f 2369 2362 2370
f 2362 2369 1301
f 2369 1273 1302
f 2371 1302 1273
f 2371 2312 1302
f 2371 2372 2312
f 2312 2372 1309
f 2371 2373 2372
f 2373 2374 2372
f 2374 1314 2372
f 2374 1337 1314
f 1337 2374 1286
f 2374 2373 1275
f 2373 2371 1274
f 2314 2365 2366
f 2365 2375 2363
f 2375 2365 2376
f 2375 2376 2377
f 2360 2375 2377
f 2377 2354 2360
f 2376 2378 2377
f 2352 2377 2378
f 2352 2378 2379
f 2365 2352 2379
f 2365 2317 2352
f 2380 2379 2378
f 2380 2378 2381
f 2382 2380 2381
f 2379 2382 2381
f 2379 2381 2383
f 2383 2384 2379
f 2385 2379 2384
f 2386 2385 2384
f 2386 2384 2387
f 2379 2386 2387
f 2379 2387 2376
f 2376 2387 2388
f 2383 2376 2388
f 2388 2387 2384
f 2386 2379 2385
f 2383 2388 2384
f 2376 2383 2381
f 2382 2379 2380
f 2376 2381 2378
f 2379 2376 2365
f 2364 2362 1301
f 2360 2363 2375
f 2361 2370 2362
f 2357 2358 2360
f 2360 2354 2357
f 2354 2377 2353
f 2352 2353 2377
f 2351 2352 2317
f 2351 2317 2340
f 1203 2350 2355
f 2348 2356 2350
f 1150 1204 2349
f 2349 2347 1150
f 2389 1204 1150
f 2389 1150 2390
f 1446 2389 2390
f 2391 2390 1150
f 2391 1150 2343
f 2392 2391 2343
f 2392 2343 2393
f 2393 2394 2392
f 2395 2392 2394
f 2395 2394 1144
f 2396 2395 1144
f 2397 2396 1144
f 1129 2397 1144
f 2397 1129 2398
f 2397 2398 1126
f 1126 2392 2397
f 1126 2399 2392
f 1450 2399 1126
f 2397 2392 2396
f 2396 2392 2395
f 2394 2393 1144
f 2344 1144 2393
f 2343 2400 2393
f 2401 2393 2400
f 2402 2401 2400
f 2403 2402 2400
f 2400 2404 2403
f 2403 2404 2405
f 2403 2405 2406
f 2406 2407 2403
f 2403 2407 2408
f 2403 2408 2409
f 2409 2410 2403
f 2411 2410 2409
f 2411 2409 2412
f 2411 2412 2413
f 2414 2413 2412
f 2414 2415 2413
f 2410 2413 2415
f 2416 2410 2415
f 2415 2417 2416
f 2417 2418 2416
f 2418 2419 2416
f 2420 2416 2419
f 2419 2421 2420
f 2421 2422 2420
f 2422 2423 2420
f 2423 2424 2420
f 2424 2425 2420
f 2425 2426 2420
f 2426 2427 2420
f 2428 2420 2427
f 2429 2428 2427
f 2429 2427 2430
f 2430 2431 2429
f 2430 2432 2431
f 2431 2432 2433
f 2433 2434 2431
f 2428 2431 2434
f 2434 2435 2428
f 2436 2428 2435
f 2436 2435 2437
f 2437 2438 2436
f 2438 2439 2436
f 2440 2436 2439
f 2441 2440 2439
f 2439 2442 2441
f 2443 2441 2442
f 2442 1197 2443
f 1734 2443 1197
f 1734 2444 2443
f 2441 2443 2444
f 2441 2444 2445
f 2441 2445 2446
f 2300 2446 2445
f 2445 2444 1729
f 1729 2298 2445
f 2442 2439 2447
f 2442 2447 2448
f 2448 1155 2442
f 2442 1155 1198
f 2448 2447 2449
f 2449 1158 2448
f 2450 1158 2449
f 2449 2451 2450
f 2450 2451 2452
f 2452 2453 2450
f 2453 2452 2454
f 2453 2454 2455
f 2453 2455 2456
f 2457 2453 2456
f 2456 2458 2457
f 2457 2458 2459
f 2457 2459 2460
f 2457 2460 2461
f 2457 2461 2462
f 2457 2462 2463
f 2457 2463 2464
f 2465 2464 2463
f 2465 2463 2466
f 2465 2466 2467
f 2467 2466 2468
f 2467 2468 2469
f 2467 2469 2470
f 2467 2470 2464
f 2464 2470 2471
f 2472 2464 2471
f 2472 2471 2473
f 2472 2473 2474
f 2472 2474 2475
f 2475 2474 2476
f 2475 2476 2477
f 2475 2477 2464
f 2477 2478 2464
f 2478 2479 2464
f 2453 2464 2479
f 2453 2479 2480
f 2453 2480 1818
f 2481 1818 2480
f 2481 2480 2482
f 2481 2482 2483
f 2483 2482 2484
f 2483 2484 2485
f 2483 2485 1829
f 2483 1829 1818
f 2485 2484 2486
f 2485 2486 2487
f 2485 2487 1830
f 2487 2486 1832
f 2488 1832 2486
f 2488 2486 2482
f 2489 1832 2488
f 2489 2488 2479
f 2476 1832 2489
f 2478 2476 2489
f 2482 2486 2484
f 2482 2480 2488
f 2481 2483 1818
f 2480 2479 2488
f 2478 2489 2479
f 2477 2476 2478
f 1832 2476 2474
f 1832 2474 2473
f 1832 2473 2490
f 2471 2490 2473
f 2472 2475 2464
f 2471 2470 2490
f 2491 2490 2470
f 2470 2492 2491
f 2493 2491 2492
f 2494 2493 2492
f 2469 2494 2492
f 2469 2495 2494
f 2494 2495 2493
f 2496 2493 2495
f 2496 2495 2466
f 2497 2493 2496
f 2498 2497 2496
f 2498 2496 2463
f 2499 2497 2498
f 2499 2498 2462
f 2500 2499 2462
f 2501 2500 2462
f 2501 2462 2502
f 2501 2502 2503
f 2501 2503 2504
f 2493 2504 2503
f 2503 1833 2493
f 1833 2503 2505
f 2506 1833 2505
f 2506 2505 2507
f 2507 2508 2506
f 2509 2506 2508
f 2510 2509 2508
f 2511 2510 2508
f 2511 2512 2510
f 2511 2513 2512
f 2514 2512 2513
f 2514 2513 2515
f 2515 2461 2514
f 2516 2514 2461
f 2516 2517 2514
f 2518 2517 2516
f 2518 2516 2460
f 2519 2518 2460
f 2520 2519 2460
f 2520 2460 2521
f 2520 2521 2522
f 2520 2522 2523
f 2509 2523 2522
f 2522 1833 2509
f 2509 2517 2523
f 2519 2523 2517
f 2517 2509 2512
f 2521 2524 2522
f 1836 2522 2524
f 2525 1836 2524
f 2525 2524 2526
f 2526 2527 2525
f 2528 2525 2527
f 2529 2528 2527
f 2530 2529 2527
f 2530 2531 2529
f 2529 2531 2532
f 2532 2531 1839
f 1839 2528 2532
f 2533 1839 2531
f 2531 2534 2533
f 2535 2533 2534
f 2536 2535 2534
f 2536 2534 2537
f 2536 2537 2538
f 2536 2538 2539
f 2538 2540 2539
f 2540 2541 2539
f 2541 2542 2539
f 2459 2539 2542
f 2543 2539 2459
f 2459 2544 2543
f 2545 2543 2544
f 2546 2545 2544
f 2546 2544 2547
f 2546 2547 2548
f 2548 2549 2546
f 2550 2546 2549
f 2549 2551 2550
f 2552 2550 2551
f 2552 2551 2553
f 2552 2553 2554
f 2555 2552 2554
f 2555 2554 2556
f 2555 2556 2550
f 2554 2557 2556
f 2558 2556 2557
f 2557 2545 2558
f 2557 2559 2545
f 2559 2557 2560
f 2560 2561 2559
f 2559 2561 2562
f 2559 2562 2563
f 2559 2563 2564
f 2559 2564 2565
f 2559 2565 2566
f 2543 2559 2566
f 2566 2565 2567
f 2568 2566 2567
f 2567 2569 2568
f 2570 2568 2569
f 2570 2569 2571
f 2570 2571 2572
f 2570 2572 2539
f 2573 2570 2539
f 2573 2539 2566
f 2539 2572 2535
f 2571 2574 2572
f 2572 2574 2575
f 2575 2533 2572
f 2576 2575 2574
f 2577 2576 2574
f 2577 2578 2576
f 2579 2576 2578
f 2578 2580 2579
f 2581 2579 2580
f 2581 2580 2582
f 2581 2582 2564
f 2581 2564 2583
f 2564 2584 2583
f 2583 2584 2585
f 2583 2585 2579
f 1839 2579 2585
f 2586 1839 2585
f 2587 1839 2586
f 2587 2586 2588
f 2589 2587 2588
f 2590 2589 2588
f 2590 2588 2584
f 2591 2590 2584
f 2591 2592 2590
f 2590 2592 2593
f 2594 2593 2592
f 2594 2592 2595
f 2594 2595 2596
f 2594 2596 2562
f 2597 2594 2562
f 2597 2598 2594
f 2599 2594 2598
f 2600 2599 2598
f 2600 2598 2601
f 2600 2601 2561
f 2602 2600 2561
f 2602 2561 2603
f 2602 2603 2604
f 2602 2604 2599
f 2603 2605 2604
f 2587 2604 2605
f 2587 2605 2606
f 2604 2587 2593
f 2603 2606 2605
f 2603 2607 2606
f 2607 2608 2606
f 2608 1839 2606
f 2607 2609 2608
f 2609 1843 2608
f 2610 1843 2609
f 2610 2609 2611
f 2612 2610 2611
f 2613 2612 2611
f 2613 2611 2607
f 2614 2613 2607
f 2614 2607 2561
f 2615 2614 2561
f 2615 2561 2616
f 2615 2616 2617
f 2617 2616 2618
f 2619 2617 2618
f 2619 2618 2620
f 2621 2619 2620
f 2621 2620 2622
f 2623 2621 2622
f 2624 2623 2622
f 2625 2624 2622
f 2625 2622 2626
f 2625 2626 2627
f 2625 2627 2628
f 2629 2628 2627
f 2627 2610 2629
f 2630 2610 2627
f 2628 2629 2631
f 2628 2631 2632
f 2624 2628 2632
f 2632 2631 2619
f 2613 2631 2629
f 2626 2630 2627
f 2626 2633 2630
f 2634 2630 2633
f 2633 2635 2634
f 2636 2634 2635
f 2637 2636 2635
f 2638 2637 2635
f 2638 2639 2637
f 2638 2640 2639
f 2641 2639 2640
f 2641 2640 2642
f 2643 2641 2642
f 2643 2642 2644
f 2643 2644 2645
f 2646 2643 2645
f 2646 2645 2647
f 2646 2647 2648
f 2646 2648 2641
f 2647 2649 2648
f 2649 2636 2648
f 2648 2636 2639
f 2649 1843 2636
f 1843 2649 1846
f 2650 1846 2649
f 2651 1846 2650
f 2651 2650 2652
f 2652 2653 2651
f 2654 2651 2653
f 2655 2654 2653
f 2656 2655 2653
f 2656 2657 2655
f 2656 2658 2657
f 2659 2657 2658
f 2659 2658 2660
f 2661 2659 2660
f 2661 2660 2662
f 2661 2662 2663
f 2664 2661 2663
f 2664 2663 2665
f 2664 2665 2666
f 2664 2666 2659
f 2665 2667 2666
f 2667 2654 2666
f 2666 2654 2657
f 2667 1846 2654
f 2668 1846 2667
f 2668 2667 2669
f 2669 2670 2668
f 2671 2668 2670
f 2672 2671 2670
f 2672 2670 2673
f 2672 2673 2674
f 2675 2672 2674
f 2676 2675 2674
f 2677 2676 2674
f 2677 2674 2678
f 2677 2678 2679
f 2679 2678 2680
f 2681 2679 2680
f 2681 2680 2682
f 2683 2681 2682
f 2683 2682 2684
f 2683 2684 2685
f 2686 2683 2685
f 2687 2686 2685
f 2688 2687 2685
f 2688 2685 2689
f 2688 2689 2690
f 2688 2690 2691
f 2688 2691 2692
f 2691 2693 2692
f 2692 2693 2679
f 2676 2679 2693
f 2691 2694 2693
f 2675 2693 2694
f 1849 2694 2691
f 1849 2671 2694
f 1849 1846 2671
f 2691 2690 1849
f 2695 1849 2690
f 2689 2695 2690
f 2689 2696 2695
f 2697 2695 2696
f 2696 2698 2697
f 2699 2697 2698
f 2700 2699 2698
f 2701 2700 2698
f 2701 2702 2700
f 2701 2703 2702
f 2704 2702 2703
f 2704 2703 2705
f 2706 2704 2705
f 2706 2705 2707
f 2706 2707 2708
f 2706 2708 2709
f 2708 2710 2709
f 2709 2710 2711
f 2709 2711 2704
f 2712 2711 2710
f 2710 2713 2712
f 2714 2712 2713
f 2715 2714 2713
f 2716 2715 2713
f 2716 2717 2715
f 2716 2718 2717
f 2719 2717 2718
f 2719 2718 2720
f 2719 2720 2721
f 2722 2719 2721
f 2722 2721 2723
f 2722 2723 928
f 2722 928 2724
f 2722 2724 2725
f 2724 2726 2725
f 1853 2725 2726
f 1853 2726 2727
f 1853 2727 2728
f 2728 2727 2729
f 2730 2728 2729
f 2731 2730 2729
f 2731 2729 2732
f 2733 2731 2732
f 2733 2732 928
f 2734 2733 928
f 2734 2735 2733
f 2733 2735 2736
f 2737 2736 2735
f 2737 2735 2738
f 2739 2737 2738
f 2739 2738 2740
f 2739 2740 924
f 2739 924 2741
f 924 2742 2741
f 2741 2742 2743
f 2741 2743 2737
f 2744 2743 2742
f 2742 2745 2744
f 2746 2744 2745
f 2747 2746 2745
f 2748 2747 2745
f 2748 2749 2747
f 2748 2750 2749
f 2750 2751 2749
f 1855 2749 2751
f 2751 2752 1855
f 2753 1855 2752
f 2753 2752 2754
f 2754 2755 2753
f 2756 2753 2755
f 2757 2756 2755
f 2758 2757 2755
f 2758 2759 2757
f 2758 2760 2759
f 2760 2761 2759
f 1857 2759 2761
f 1857 2761 2762
f 2763 2762 2761
f 2761 2764 2763
f 918 2763 2764
f 2765 918 2764
f 2765 2764 2766
f 2765 2766 2767
f 2765 2767 2768
f 2768 2767 2769
f 2768 2769 2770
f 2768 2770 918
f 2770 2771 918
f 2770 2769 2771
f 2771 2769 2772
f 2771 2772 919
f 2773 919 2772
f 2766 2773 2772
f 2773 2766 2760
f 2774 2773 2760
f 2775 2773 2774
f 2775 2774 922
f 2774 2754 922
f 922 2754 2776
f 2777 922 2776
f 2777 2776 2751
f 2777 2751 2778
f 2777 2778 2779
f 2777 2779 2780
f 2780 2779 2781
f 2780 2781 2782
f 2780 2782 922
f 2782 2783 922
f 2782 2781 2783
f 2783 2781 2784
f 2783 2784 923
f 2785 923 2784
f 2778 2785 2784
f 2785 2778 2750
f 2786 2785 2750
f 2787 2785 2786
f 2787 2786 924
f 2787 923 2785
f 2779 2784 2781
f 2778 2784 2779
f 2777 2780 922
f 2774 2758 2754
f 2775 919 2773
f 2767 2772 2769
f 2766 2772 2767
f 2765 2768 918
f 2788 2763 918
f 2789 2788 918
f 2789 2790 2788
f 2788 2790 2791
f 2788 2791 2792
f 2792 2791 2793
f 2792 2793 2794
f 2792 2794 2795
f 2792 2795 2763
f 2794 2796 2795
f 2795 2796 2762
f 1858 2762 2796
f 2793 1858 2796
f 2794 2793 2796
f 2791 1858 2793
f 1858 2791 2797
f 1858 2797 2798
f 1858 2798 2799
f 1858 2799 2800
f 2800 2801 1858
f 2801 2800 2802
f 2801 2802 2803
f 2801 2803 2804
f 2801 2804 2805
f 2805 2806 2801
f 1861 2801 2806
f 1861 2806 2807
f 2807 2806 2808
f 2807 2808 2809
f 2807 2809 2810
f 2807 2810 2811
f 2807 2811 1862
f 1862 2811 2812
f 1862 2812 2813
f 2812 2814 2813
f 2815 2813 2814
f 2815 2814 1883
f 2816 1883 2814
f 2814 2817 2816
f 2817 2818 2816
f 2816 2818 1481
f 1481 2819 2816
f 1481 1885 2819
f 2817 1481 2818
f 2817 2814 2820
f 2821 2817 2820
f 2822 2821 2820
f 1926 2822 2820
f 1926 2821 2822
f 1926 1483 2821
f 2821 1483 2817
f 1883 2816 2819
f 2815 1863 2813
f 2815 1882 1863
f 2812 2820 2814
f 2823 2820 2812
f 2823 1928 2820
f 2824 1928 2823
f 2824 2823 1936
f 2825 2824 1936
f 2825 1936 1932
f 2825 1932 1929
f 2825 1929 2824
f 2811 1936 2823
f 2811 2826 1936
f 2827 1936 2826
f 2827 2826 2828
f 2827 2828 1942
f 2829 1942 2828
f 1950 2829 2828
f 1950 2830 2829
f 1950 2003 2830
f 1486 2830 2003
f 1486 1925 2830
f 2830 1925 1944
f 2829 2830 1942
f 2831 2828 2826
f 2831 2826 2832
f 2833 2831 2832
f 2834 2833 2832
f 2834 2832 1960
f 1960 2832 2835
f 2832 2836 2835
f 2836 2810 2835
f 2811 2836 2832
f 2837 2833 2834
f 2838 2837 2834
f 2838 2834 1956
f 2838 1956 1953
f 2838 1953 2837
f 2837 1952 2833
f 2831 2833 1951
f 2831 1951 2828
f 2827 1941 1936
f 2811 2832 2826
f 2811 2823 2812
f 2811 2810 2836
f 2810 2809 2835
f 2809 2839 2835
f 2840 2835 2839
f 2841 2840 2839
f 2839 2842 2841
f 2843 2841 2842
f 2844 2843 2842
f 2844 2842 2845
f 2846 2844 2845
f 2846 2845 2847
f 2846 2847 2848
f 2848 2847 2849
f 2849 2850 2848
f 2848 2850 2851
f 2844 2848 2851
f 2843 2851 2850
f 2843 2850 2852
f 2852 2850 2840
f 2849 2835 2850
f 2853 2835 2849
f 2854 2853 2849
f 2855 2853 2854
f 2855 2854 2856
f 2857 2855 2856
f 2858 2857 2856
f 2858 2856 2859
f 2858 2859 2860
f 2858 2860 2861
f 2835 2861 2860
f 2835 2860 2862
f 2863 2835 2862
f 2864 2863 2862
f 2862 2859 2864
f 2863 2864 2865
f 2865 2866 2863
f 2867 2866 2865
f 2868 2867 2865
f 2868 2869 2867
f 2868 2870 2869
f 2871 2869 2870
f 2872 2871 2870
f 2873 2871 2872
f 2873 2872 2856
f 2873 2856 2874
f 2873 2874 2875
f 2875 2874 2876
f 2876 2877 2875
f 2878 2875 2877
f 2879 2878 2877
f 2880 2878 2879
f 2880 2879 2881
f 2882 2880 2881
f 2883 2882 2881
f 2883 2881 2884
f 2883 2884 2885
f 2883 2885 2886
f 2887 2886 2885
f 2887 2885 2888
f 2889 2887 2888
f 2890 2889 2888
f 2888 2884 2890
f 2889 2890 2891
f 2891 2892 2889
f 2893 2892 2891
f 2894 2893 2891
f 2894 2895 2893
f 2893 2895 2896
f 2896 2895 2051
f 2051 2892 2896
f 2897 2051 2895
f 2895 2898 2897
f 2899 2897 2898
f 2900 2899 2898
f 2900 2898 2901
f 2900 2901 2902
f 2900 2902 2903
f 2902 2904 2903
f 2904 2905 2903
f 2905 2906 2903
f 2907 2903 2906
f 2907 2906 2881
f 2907 2881 2908
f 2908 2909 2907
f 2910 2907 2909
f 2911 2910 2909
f 2912 2911 2909
f 2912 2909 2913
f 2912 2913 2914
f 2914 2913 897
f 897 2915 2914
f 2914 2915 2916
f 2914 2916 2911
f 2915 2917 2916
f 2918 2916 2917
f 2918 2917 2118
f 2918 2118 2919
f 2920 2919 2118
f 2920 2921 2919
f 2919 2921 2922
f 2922 2916 2919
f 2922 2910 2916
f 2922 2921 2910
f 2920 2910 2921
f 2918 2919 2916
f 2915 2923 2917
f 2141 2917 2923
f 2119 2917 2141
f 895 2923 2915
f 2909 2924 2913
f 2925 2913 2924
f 2924 2845 2925
f 2925 2845 2926
f 2925 2926 2927
f 2925 2927 2928
f 2925 2928 2929
f 2925 2929 2930
f 2930 2929 2931
f 2930 2931 2932
f 2930 2932 2933
f 898 2930 2933
f 2913 2930 898
f 2933 2932 2934
f 2933 2934 2935
f 2933 2935 2936
f 899 2933 2936
f 2936 912 899
f 2936 2937 912
f 912 2937 2938
f 912 2938 2939
f 2940 2939 2938
f 2941 2940 2938
f 2942 2941 2938
f 2943 2942 2938
f 2943 2938 2944
f 2943 2944 2800
f 2943 2800 2945
f 2800 2946 2945
f 2942 2945 2946
f 2800 2947 2946
f 2940 2946 2947
f 2938 2948 2944
f 2803 2944 2948
f 2949 2948 2938
f 2950 2949 2938
f 2950 2951 2949
f 2949 2951 2952
f 2949 2952 2953
f 2953 2952 2954
f 2953 2954 2955
f 2953 2955 2956
f 2953 2956 2948
f 2804 2948 2956
f 2955 2805 2956
f 2955 2954 2805
f 2952 2806 2954
f 2957 2806 2952
f 2952 2958 2957
f 2959 2957 2958
f 2959 2958 2937
f 2959 2937 2960
f 2961 2959 2960
f 2962 2961 2960
f 2963 2962 2960
f 2963 2960 2964
f 2963 2964 2965
f 2963 2965 2966
f 2965 2967 2966
f 2962 2966 2967
f 2965 2957 2967
f 2964 2968 2965
f 2806 2965 2968
f 2806 2968 2969
f 2806 2969 2970
f 2971 2806 2970
f 2970 2972 2971
f 2973 2971 2972
f 2973 2972 2974
f 2973 2974 2934
f 2975 2973 2934
f 2975 2934 2976
f 2975 2976 2977
f 2975 2977 2971
f 2976 2978 2977
f 2806 2977 2978
f 2978 2976 2979
f 2979 2980 2978
f 2808 2978 2980
f 2808 2980 2981
f 2982 2808 2981
f 2983 2982 2981
f 2983 2981 2984
f 2985 2983 2984
f 2985 2984 2979
f 2986 2985 2979
f 2986 2979 2934
f 2987 2986 2934
f 2987 2988 2986
f 2986 2988 2989
f 2988 2808 2989
f 2990 2808 2988
f 2988 2932 2990
f 2991 2990 2932
f 2991 2992 2990
f 2993 2992 2991
f 2993 2991 2931
f 2994 2993 2931
f 2995 2994 2931
f 2995 2931 2996
f 2995 2996 2997
f 2995 2997 2998
f 2808 2998 2997
f 2808 2997 2999
f 2808 2999 3000
f 2808 3000 3001
f 3002 3001 3000
f 3000 3003 3002
f 3004 3002 3003
f 3005 3004 3003
f 3005 3003 2931
f 3006 3005 2931
f 3006 3007 3005
f 3005 3007 3008
f 3007 3009 3008
f 3004 3008 3009
f 3004 3009 3010
f 3010 3009 3001
f 3011 3001 3009
f 3011 2809 3001
f 3012 2809 3011
f 2928 3012 3011
f 3013 3012 2928
f 3013 3014 3012
f 3015 3014 3013
f 3015 3013 2927
f 3016 3015 2927
f 3017 3016 2927
f 3017 2927 3018
f 3017 3018 3019
f 3017 3019 3020
f 2809 3020 3019
f 2809 3019 3021
f 3022 2809 3021
f 3023 3022 3021
f 3021 3018 3023
f 3022 3023 3024
f 3024 3025 3022
f 3026 3025 3024
f 3027 3026 3024
f 3027 3028 3026
f 3027 3029 3028
f 3030 3028 3029
f 3031 3030 3029
f 3032 3030 3031
f 3032 3031 2927
f 3031 3023 2927
f 3031 3027 3023
f 3032 2926 3030
f 3030 2926 3033
f 3034 3033 2926
f 3034 3035 3033
f 3025 3033 3035
f 3025 3035 3036
f 3025 3036 3037
f 3037 2809 3025
f 2809 3037 3038
f 3039 3038 3037
f 3040 3039 3037
f 3040 2845 3039
f 3040 3041 2845
f 3041 3042 2845
f 3042 3034 2845
f 3041 3035 3042
f 3040 3036 3041
f 3038 3039 2842
f 3040 3037 3036
f 3041 3036 3035
f 3033 3025 3028
f 3042 3035 3034
f 3033 3028 3030
f 3031 3029 3027
f 3026 3028 3025
f 3027 3024 3023
f 3025 2809 3022
f 2809 3014 3020
f 3016 3020 3014
f 3018 3021 3019
f 2927 3023 3018
f 3017 3020 3016
f 3016 3014 3015
f 2809 3012 3014
f 3011 3009 3007
f 3007 2929 3011
f 3006 2929 3007
f 3005 3008 3004
f 3004 3010 3002
f 3010 3001 3002
f 3003 3000 2999
f 2999 2996 3003
f 2808 2992 2998
f 2994 2998 2992
f 2996 2999 2997
f 2931 3003 2996
f 2995 2998 2994
f 2994 2992 2993
f 2808 2990 2992
f 2987 2932 2988
f 2986 2989 2985
f 2985 2989 2982
f 2985 2982 2983
f 2989 2808 2982
f 2984 2981 2980
f 2980 2979 2984
f 2934 2979 2976
f 2974 3043 2934
f 2974 2972 3043
f 3043 2972 3044
f 3043 3044 2935
f 3045 2935 3044
f 3046 3045 3044
f 3044 2970 3046
f 3047 3046 2970
f 3047 2970 3048
f 3049 3047 3048
f 3049 3048 3050
f 3051 3049 3050
f 3051 3050 2960
f 3052 3051 2960
f 3052 2960 2935
f 3052 3045 3051
f 3051 3045 3053
f 3051 3053 3049
f 3049 3053 3046
f 2969 3050 3048
f 3049 3046 3047
f 3045 3046 3053
f 3052 2935 3045
f 2975 2971 2973
f 2970 3044 2972
f 2806 2971 2977
f 3048 2970 2969
f 3050 2969 2968
f 2968 2964 3050
f 2960 3050 2964
f 2963 2966 2962
f 2962 2967 2961
f 2961 2967 2959
f 2951 2937 2958
f 2959 2967 2957
f 2806 2957 2965
f 2952 2951 2958
f 2950 2937 2951
f 2949 2953 2948
f 2943 2945 2942
f 2942 2946 2941
f 2941 2946 2940
f 2940 2947 2939
f 2947 913 2939
f 3054 913 2947
f 3055 3054 2947
f 2947 2799 3055
f 3056 3055 2799
f 3056 2799 3057
f 3058 3056 3057
f 3058 3057 3059
f 3060 3058 3059
f 3060 3059 914
f 3061 3060 914
f 3061 3054 3060
f 3060 3054 3062
f 914 3059 3063
f 3064 914 3063
f 3064 3063 3065
f 3064 3065 3066
f 3064 3066 3067
f 3067 3066 3068
f 3067 3068 3069
f 3067 3069 914
f 3069 3070 914
f 3069 3068 3070
f 3070 3068 3071
f 3070 3071 915
f 915 3071 3072
f 3065 3072 3071
f 3065 2790 3072
f 2790 916 3072
f 2797 2790 3065
f 3066 3071 3068
f 3065 3071 3066
f 3063 2797 3065
f 3064 3067 914
f 2797 3063 3059
f 3060 3062 3058
f 3058 3062 3055
f 2798 3059 3057
f 3058 3055 3056
f 3054 3055 3062
f 3061 913 3054
f 2950 2938 2937
f 2936 2960 2937
f 2936 2935 2960
f 3043 2935 2934
f 2987 2934 2932
f 2991 2932 2931
f 3006 2931 2929
f 3011 2929 2928
f 3013 2928 2927
f 3032 2927 2926
f 3034 2926 2845
f 2930 2913 2925
f 2912 2914 2911
f 2911 2916 2910
f 2920 2907 2910
f 2907 2920 2114
f 2117 2114 2920
f 2924 2909 2908
f 2908 2856 2924
f 2924 2856 2847
f 2908 2881 2876
f 3073 2881 2906
f 3073 2906 3074
f 3073 3074 3075
f 3075 3074 3076
f 3075 3076 2894
f 3075 2894 2890
f 3075 2890 2881
f 3077 3076 3074
f 3077 2895 3076
f 3078 2895 3077
f 2905 3078 3077
f 2895 3078 2901
f 3074 2906 3077
f 3073 3075 2881
f 2114 2903 2907
f 2114 3079 2903
f 3080 2903 3079
f 3080 3079 3081
f 3080 3081 3082
f 3082 3081 3083
f 3082 3083 3084
f 3082 3084 3085
f 3082 3085 2903
f 2903 3085 2899
f 3084 3086 3085
f 3087 3085 3086
f 3086 3088 3087
f 3088 2051 3087
f 3089 2051 3088
f 3088 3090 3089
f 3091 3089 3090
f 3092 3091 3090
f 3092 3090 3093
f 3092 3093 3094
f 3092 3094 2113
f 3094 3095 2113
f 3095 3096 2113
f 3096 3097 2113
f 3096 3098 3097
f 3097 3098 3099
f 3099 3079 3097
f 3098 3083 3099
f 3098 3100 3083
f 3101 3100 3098
f 3101 3088 3100
f 3102 3100 3088
f 3084 3100 3102
f 3088 3101 3093
f 3096 3101 3098
f 3095 3101 3096
f 3094 3101 3095
f 3094 3093 3101
f 3092 2113 3091
f 2113 3103 3091
f 3104 3103 2113
f 3105 3104 2113
f 3105 3106 3104
f 3104 3106 3107
f 3104 3107 3108
f 3108 3107 3109
f 3108 3109 3110
f 3108 3110 3111
f 3108 3111 3103
f 3112 3103 3111
f 3111 3113 3112
f 3113 2051 3112
f 3114 2051 3113
f 3113 3115 3114
f 3116 3114 3115
f 3116 3115 3117
f 3116 3117 2109
f 3116 2109 3118
f 3117 3119 2109
f 3119 3120 2109
f 3119 3121 3120
f 3120 3121 3122
f 3120 3122 2111
f 3106 2111 3122
f 3121 3107 3122
f 3117 3121 3119
f 3117 3115 3121
f 3109 3121 3115
f 3116 3118 3114
f 3118 3123 3114
f 2053 3114 3123
f 3124 2053 3123
f 3123 2108 3124
f 3125 3124 2108
f 3124 3125 3126
f 3127 3126 3125
f 2107 3127 3125
f 2107 3128 3127
f 3127 3128 3129
f 2096 3129 3128
f 3129 2096 3130
f 3130 2058 3129
f 3126 3129 2058
f 3131 2058 3130
f 3130 2093 3131
f 3132 3131 2093
f 3133 3132 2093
f 3133 3134 3132
f 3134 3135 3132
f 3134 3136 3135
f 2082 3135 3136
f 2082 2058 3135
f 3137 2058 2082
f 3138 2058 3137
f 3137 2078 3138
f 3139 3138 2078
f 3138 3139 2061
f 3140 2061 3139
f 2077 3140 3139
f 2077 2063 3140
f 3133 3136 3134
f 3133 3141 3136
f 2083 3136 3141
f 2092 3141 3133
f 3131 3132 3135
f 3135 2058 3131
f 3127 3129 3126
f 3126 2053 3124
f 2108 3123 3118
f 3115 3113 3109
f 3103 3112 3089
f 3110 3113 3111
f 3110 3109 3113
f 3121 3109 3107
f 3122 3107 3106
f 3105 2111 3106
f 3104 3108 3103
f 3089 3091 3103
f 3088 3093 3090
f 3112 2051 3089
f 3102 3088 3086
f 3085 3087 2897
f 3084 3102 3086
f 3084 3083 3100
f 3099 3083 3081
f 3081 3079 3099
f 3080 3082 2903
f 2114 3097 3079
f 2905 3077 2906
f 2904 3078 2905
f 2902 3078 2904
f 2902 2901 3078
f 2900 2903 2899
f 2897 2899 3085
f 2895 2901 2898
f 3087 2051 2897
f 2894 3076 2895
f 2893 2896 2892
f 2894 2891 2890
f 2892 2887 2889
f 2887 2892 2050
f 3142 2887 2050
f 3143 3142 2050
f 3144 3142 3143
f 3144 3143 3145
f 3144 3145 1996
f 3146 3144 1996
f 3146 1996 3147
f 3146 3147 3148
f 3149 3146 3148
f 3149 3148 3150
f 3149 3150 3151
f 3152 3149 3151
f 3152 3151 3142
f 3151 3150 3153
f 3153 3154 3151
f 3155 3151 3154
f 3156 3155 3154
f 3156 3154 1996
f 3156 1996 1986
f 3157 3156 1986
f 3157 3158 3156
f 3156 3158 3159
f 3158 3160 3159
f 3159 3160 3161
f 3159 3161 1982
f 3162 3159 1982
f 3163 3159 3162
f 3164 3163 3162
f 3165 3164 3162
f 3166 3165 3162
f 3167 3166 3162
f 3167 3162 3168
f 3169 3167 3168
f 3170 3169 3168
f 3170 3168 3171
f 3170 3171 3172
f 3173 3170 3172
f 3173 3172 3174
f 3173 3174 1961
f 3175 3173 1961
f 3175 1961 3176
f 3175 3176 3169
f 3169 3176 3177
f 3177 3176 2835
f 3178 3177 2835
f 3151 3178 2835
f 3151 2835 2887
f 2835 2866 2887
f 3179 3178 3151
f 3180 3179 3151
f 3180 3151 3181
f 3180 3181 3165
f 3181 3151 3182
f 3181 3182 3159
f 3182 3183 3159
f 3155 3159 3183
f 3182 3151 3183
f 3180 3165 3179
f 3179 3166 3178
f 3167 3177 3178
f 3176 1961 2835
f 1961 3174 3184
f 3184 3174 3172
f 1962 3184 3172
f 3175 3170 3173
f 1962 3172 3171
f 1962 3171 3168
f 3175 3169 3170
f 3169 3177 3167
f 3168 3162 1979
f 3167 3178 3166
f 3179 3165 3166
f 3181 3164 3165
f 3181 3163 3164
f 3181 3159 3163
f 1972 3161 3160
f 1972 3160 3185
f 1972 3185 3186
f 3186 3185 418
f 3185 3158 418
f 3187 418 3158
f 3158 3185 3160
f 3187 3158 3157
f 3187 3157 3188
f 3188 1990 3187
f 1993 3187 1990
f 1993 374 3187
f 3187 374 421
f 3188 1985 1990
f 1985 3188 3157
f 3156 3159 3155
f 3155 3183 3151
f 3154 3153 3148
f 3153 3150 3148
f 3152 3146 3149
f 3154 3148 3147
f 3154 3147 1996
f 3152 3144 3146
f 3145 3143 2049
f 3145 2049 3189
f 3145 3189 3190
f 3190 1997 3145
f 1997 3190 3191
f 3191 2006 1997
f 3192 2006 3191
f 3192 3191 3193
f 3192 3193 2046
f 3189 2046 3193
f 3193 3191 3189
f 2036 2006 3192
f 2036 3192 3194
f 2036 3194 3195
f 2036 3195 2042
f 3195 3194 3196
f 3196 2044 3195
f 2044 3196 3194
f 3192 2045 3194
f 3189 3191 3190
f 3152 3142 3144
f 3142 3151 2887
f 2886 2887 2866
f 2866 2875 2886
f 2875 2866 2869
f 2884 2888 2885
f 2881 2890 2884
f 2883 2886 2882
f 2882 2886 2880
f 2879 2876 2881
f 2880 2886 2878
f 2878 2886 2875
f 2879 2877 2876
f 2908 2876 2874
f 2908 2874 2856
f 2872 2864 2856
f 2872 2868 2864
f 2873 2875 2871
f 2875 2869 2871
f 2872 2870 2868
f 2867 2869 2866
f 2868 2865 2864
f 2866 2835 2863
f 2859 2862 2860
f 2856 2864 2859
f 2858 2861 2857
f 2857 2861 2853
f 2854 2847 2856
f 2857 2853 2855
f 2835 2853 2861
f 2854 2849 2847
f 2924 2847 2845
f 2846 2848 2844
f 2845 2842 3039
f 2844 2851 2843
f 2843 2852 2841
f 2842 2839 3038
f 2852 2840 2841
f 2850 2835 2840
f 2839 2809 3038
f 3001 2809 2808
f 2978 2808 2806
f 2954 2806 2805
f 2956 2805 2804
f 2948 2804 2803
f 2944 2803 2802
f 2944 2802 2800
f 2947 2800 2799
f 3057 2799 2798
f 3059 2798 2797
f 2790 2797 2791
f 2789 916 2790
f 2788 2792 2763
f 2764 2761 2766
f 2762 2763 2795
f 2759 1857 2756
f 2761 2760 2766
f 2774 2760 2758
f 2757 2759 2756
f 2758 2755 2754
f 2776 2754 2752
f 2756 1855 2753
f 2776 2752 2751
f 2749 1855 2746
f 2751 2750 2778
f 2786 2750 2748
f 2786 2748 2742
f 2747 2749 2746
f 1855 2744 2746
f 2748 2745 2742
f 1855 2743 2744
f 1855 3197 2743
f 2736 2743 3197
f 2731 2736 3197
f 1855 2728 3197
f 2786 2742 924
f 2740 3198 924
f 3198 3199 924
f 3198 3200 3199
f 3199 3200 3201
f 3199 3201 926
f 3201 3202 926
f 2738 3202 3201
f 2738 3201 3200
f 2740 3200 3198
f 2740 2738 3200
f 2739 2741 2737
f 2738 2735 3202
f 2735 927 3202
f 2743 2736 2737
f 2734 927 2735
f 2733 2736 2731
f 2731 3197 2730
f 2730 3197 2728
f 2732 2729 2727
f 2727 2726 2732
f 2724 2732 2726
f 928 2732 2724
f 2723 3203 928
f 3203 3204 928
f 3204 3205 928
f 3204 3206 3205
f 3206 3207 3205
f 3208 3205 3207
f 3208 3207 2708
f 3208 2708 3209
f 3208 3209 3210
f 3211 3208 3210
f 3211 3210 2685
f 3211 2685 3212
f 3213 3211 3212
f 3212 3214 3213
f 3214 3215 3213
f 3216 3213 3215
f 3216 3215 3217
f 3216 3217 3218
f 3208 3216 3218
f 3218 3219 3208
f 929 3208 3219
f 929 3219 3220
f 3221 929 3220
f 3220 3222 3221
f 3222 3220 3223
f 3222 3223 3224
f 3225 3222 3224
f 3225 3224 3226
f 3225 3226 3227
f 3225 3227 215
f 215 181 3225
f 3228 3225 181
f 3229 3225 3228
f 3228 3230 3229
f 3229 3230 3231
f 3231 3222 3229
f 3232 3222 3231
f 3231 3233 3232
f 3234 3232 3233
f 3234 3233 3235
f 3234 3235 3236
f 3235 3233 3236
f 3236 3232 3234
f 3236 3237 3232
f 3232 3237 3238
f 3238 3237 3239
f 3239 3222 3238
f 3222 3239 3240
f 3241 3222 3240
f 3242 3241 3240
f 3243 3242 3240
f 932 3243 3240
f 3243 929 3242
f 3242 929 3241
f 3241 929 3222
f 3244 3240 3239
f 3245 3240 3244
f 3244 3237 3245
f 3246 3245 3237
f 3246 3237 3247
f 3247 3248 3246
f 3249 3246 3248
f 3248 3250 3249
f 3249 3250 3251
f 952 3249 3251
f 3251 3252 952
f 3252 3253 952
f 952 3253 3254
f 3255 3254 3253
f 3255 3253 3256
f 3257 3255 3256
f 3257 3256 3258
f 3258 3259 3257
f 3260 3257 3259
f 3259 3261 3260
f 3262 3260 3261
f 3261 3254 3262
f 3263 3262 3254
f 3263 3254 3264
f 3265 3263 3264
f 3264 3266 3265
f 3265 3266 3267
f 3265 3267 3268
f 3265 3268 3269
f 3265 3269 3270
f 3268 3270 3269
f 3270 3268 3271
f 3271 3272 3270
f 3273 3270 3272
f 3274 3273 3272
f 3274 3272 3275
f 3274 3275 3276
f 3276 3277 3274
f 73 3274 3277
f 3277 3278 73
f 3279 73 3278
f 849 3279 3278
f 849 3280 3279
f 849 3281 3280
f 3281 74 3280
f 3280 73 3279
f 3278 3277 849
f 3276 849 3277
f 3275 849 3276
f 3272 849 3275
f 3282 849 3272
f 3272 3283 3282
f 3283 3284 3282
f 3283 3260 3284
f 3285 3284 3260
f 3284 3285 849
f 849 3285 3286
f 3261 849 3286
f 3286 3287 3261
f 3287 3286 3288
f 3288 3289 3287
f 3289 3290 3287
f 3287 3290 3291
f 3287 3291 3254
f 3256 3254 3291
f 3254 3256 3292
f 3254 3292 3250
f 3250 955 3254
f 3293 955 3250
f 955 3293 3294
f 955 3294 3295
f 955 3295 3296
f 955 3296 3297
f 3297 963 955
f 3297 3298 963
f 3297 1467 3298
f 3298 1467 3299
f 966 3298 3299
f 3299 1467 3300
f 969 3299 3300
f 3300 1467 971
f 3301 1467 3297
f 3297 3302 3301
f 3302 3297 951
f 3303 3302 951
f 3302 3303 3304
f 3304 1469 3302
f 3305 1469 3304
f 942 1469 3305
f 3305 3304 3303
f 943 3305 3303
f 943 3303 3306
f 948 3306 3303
f 1467 3301 3302
f 951 3297 3296
f 951 3296 3295
f 951 3295 3294
f 951 3294 3293
f 951 3293 3248
f 951 3248 3307
f 3307 3246 951
f 3292 3308 3250
f 3252 3308 3292
f 3291 3290 175
f 3234 3291 175
f 3234 3309 3291
f 3309 3310 3291
f 3310 3311 3291
f 3311 3258 3291
f 172 3311 3310
f 3311 172 3259
f 849 3259 172
f 172 3310 3309
f 3309 3234 174
f 3312 175 3290
f 3313 3312 3290
f 3313 455 3312
f 3314 3312 455
f 3312 3314 3315
f 3312 3315 3316
f 3316 3315 184
f 175 3316 184
f 184 3317 175
f 177 3317 184
f 171 177 184
f 184 3318 171
f 3315 3314 195
f 3316 175 3312
f 3289 3313 3290
f 3319 3313 3289
f 3319 3289 3320
f 3319 3320 3321
f 3319 3321 3322
f 3323 3319 3322
f 3323 3322 461
f 3323 461 3324
f 3323 3324 3319
f 3325 3319 3324
f 3325 3324 3326
f 459 3326 3324
f 459 3327 3326
f 3313 3326 3327
f 3313 3327 457
f 3325 3326 3319
f 3321 3328 3322
f 3328 463 3322
f 3328 636 463
f 628 636 3328
f 625 3328 3321
f 3320 3329 3321
f 622 3321 3329
f 3320 3330 3329
f 3330 3331 3329
f 3331 3332 3329
f 3332 3333 3329
f 3334 3329 3333
f 3334 3333 3335
f 3336 3334 3335
f 3336 3335 3337
f 3338 3336 3337
f 3338 3337 3339
f 3338 3339 3340
f 615 3338 3340
f 3339 3341 3340
f 3342 3340 3341
f 3342 3341 3343
f 3342 3343 3344
f 3342 3344 3345
f 3346 3342 3345
f 3346 3345 3347
f 3346 3347 3348
f 3346 3348 3349
f 3346 3349 3350
f 3346 3350 3351
f 3352 3351 3350
f 3353 3352 3350
f 3353 3350 3354
f 2334 3353 3354
f 605 3353 2334
f 608 3352 3353
f 3352 3355 3351
f 3355 3356 3351
f 3342 3351 3356
f 3355 3340 3356
f 613 3340 3355
f 610 3355 3352
f 3349 3354 3350
f 3349 3357 3354
f 3354 3357 2335
f 3357 3358 2335
f 3359 2335 3358
f 3359 3358 3360
f 3361 3360 3358
f 3361 3358 3362
f 3361 3362 3363
f 3364 3361 3363
f 3364 3363 3365
f 3364 3365 3366
f 3364 3366 3367
f 3368 3367 3366
f 3366 3369 3368
f 3368 3369 2404
f 3370 3369 3366
f 3370 3366 3371
f 3370 3371 2415
f 2415 3372 3370
f 3370 3372 3373
f 3370 3373 2405
f 3373 3374 2405
f 3373 3375 3374
f 3375 3376 3374
f 3376 2407 3374
f 1037 2407 3376
f 2407 1037 3377
f 3377 3378 2407
f 3379 2407 3378
f 3379 3378 3380
f 3379 3380 3381
f 3379 3381 1034
f 1034 2409 3379
f 1037 3381 3380
f 1037 1033 3381
f 3378 3382 3380
f 3377 3380 3382
f 3377 3382 3383
f 3383 3384 3377
f 3385 3377 3384
f 3386 3385 3384
f 3387 3386 3384
f 3378 3386 3387
f 3378 3387 3383
f 3385 3386 3388
f 3377 3388 3386
f 3388 3377 3385
f 3387 3384 3383
f 3378 3383 3382
f 3378 3377 3386
f 1037 3380 3377
f 3376 3375 3389
f 3376 3389 3390
f 1036 3376 3390
f 1036 3390 2409
f 3390 2414 2409
f 2414 3390 3389
f 2414 3389 1035
f 3389 3375 1035
f 3375 3373 3391
f 3391 3392 3375
f 3393 3375 3392
f 3393 3392 2414
f 3394 3393 2414
f 3394 2414 1031
f 3394 3395 3393
f 3393 3395 3396
f 3397 3396 3395
f 3398 3396 3397
f 3397 3394 3398
f 3399 3398 3394
f 3399 3394 1028
f 3398 3399 3400
f 3400 3399 3401
f 3401 3402 3400
f 3396 3400 3402
f 3396 3402 1038
f 3375 3396 1038
f 3402 3403 1038
f 3402 3404 3403
f 3404 3405 3403
f 3403 3405 3406
f 3406 1039 3403
f 3407 3406 3405
f 3405 3408 3407
f 3266 3407 3408
f 3408 3409 3266
f 3410 3266 3409
f 3409 1027 3410
f 3411 3410 1027
f 1027 3412 3411
f 3412 3413 3411
f 3414 3411 3413
f 3413 3415 3414
f 3416 3414 3415
f 3415 978 3416
f 3416 978 3417
f 3266 3416 3417
f 3266 3417 3418
f 3418 989 3266
f 989 3419 3266
f 3266 3419 3420
f 3420 3421 3266
f 3421 3415 3266
f 3419 3415 3421
f 3421 3420 3419
f 989 3415 3419
f 3418 3417 3264
f 3422 3418 3264
f 3422 3264 954
f 954 3423 3422
f 3424 3422 3423
f 3257 3424 3423
f 3257 962 3424
f 3424 962 3425
f 3425 957 3424
f 3426 957 3425
f 3425 960 3426
f 962 3257 3417
f 3427 3417 3257
f 3422 3424 957
f 3422 957 3428
f 3428 3429 3422
f 962 3429 3428
f 962 3430 3429
f 3418 3429 3430
f 3418 3430 3431
f 3418 3431 3432
f 3418 3432 3433
f 3433 3434 3418
f 991 3418 3434
f 991 3434 976
f 978 3434 3433
f 978 3433 962
f 3432 962 3433
f 962 3432 3431
f 962 3431 3430
f 962 3428 957
f 3257 3423 954
f 3257 954 3435
f 3435 954 3264
f 3255 3435 3264
f 3418 3422 3429
f 3417 3427 3264
f 3427 3436 3264
f 3436 3437 3264
f 3437 3414 3264
f 3411 3437 3436
f 3411 3436 3260
f 3260 3267 3411
f 3438 3411 3267
f 3436 3427 3260
f 962 3417 978
f 3266 3414 3416
f 3415 3413 3266
f 3411 3414 3437
f 3413 3412 3266
f 3412 3439 3266
f 3439 3440 3266
f 3439 1027 3440
f 1027 3439 3412
f 3410 3411 3438
f 3441 1027 3409
f 3441 3409 3442
f 3441 3442 3283
f 3283 3443 3441
f 3444 3441 3443
f 3443 3268 3444
f 3444 3268 3445
f 3445 3268 3446
f 3446 3441 3445
f 3447 3441 3446
f 3448 3441 3447
f 3448 3447 3268
f 3268 3449 3448
f 3450 3448 3449
f 3449 3451 3450
f 3450 3451 3452
f 3452 3441 3450
f 3453 3441 3452
f 3454 3441 3453
f 3454 3453 3451
f 3451 3404 3454
f 3454 3404 3455
f 3455 3404 3456
f 3456 3441 3455
f 3441 3456 3399
f 3457 3399 3456
f 3457 3456 3404
f 3455 3441 3454
f 3452 3451 3453
f 3408 3451 3449
f 3408 3449 3268
f 3268 3442 3408
f 3458 3442 3268
f 3450 3441 3448
f 3446 3268 3447
f 3445 3441 3444
f 3443 3283 3271
f 3458 3283 3442
f 3267 3283 3458
f 3441 3399 1027
f 3438 3266 3410
f 3409 3408 3442
f 3407 3266 3440
f 3407 3440 3459
f 3459 3460 3407
f 3460 3461 3407
f 3461 1025 3407
f 3460 1026 3461
f 1026 3460 3440
f 3459 3440 3460
f 3408 3405 3451
f 3406 3407 1046
f 1024 1046 3407
f 3451 3405 3404
f 3404 3402 3457
f 3457 3402 3401
f 3401 3399 3457
f 3400 3396 3398
f 3394 3397 3395
f 3396 3375 3393
f 3391 2414 3392
f 2414 3391 3462
f 2414 3462 3463
f 2414 3463 3464
f 2414 3464 3372
f 3463 3373 3464
f 3462 3373 3463
f 3391 3373 3462
f 3464 3373 3372
f 3465 3371 3366
f 3466 3371 3465
f 3465 3365 3466
f 3466 3467 3371
f 3467 3468 3371
f 3468 3469 3371
f 3469 3470 3371
f 3371 3470 2417
f 3471 3470 3469
f 3472 3471 3469
f 3472 3469 3473
f 3472 3473 3474
f 3472 3474 3475
f 3472 3475 3476
f 3477 3476 3475
f 3475 3478 3477
f 3478 3479 3477
f 3480 3477 3479
f 3481 3480 3479
f 3481 3479 3482
f 3481 3482 3483
f 3481 3483 3484
f 3484 3483 3485
f 3484 3485 3486
f 3484 3486 3480
f 3486 3487 3480
f 3480 3487 3488
f 3489 3480 3488
f 3489 3488 3490
f 3491 3489 3490
f 3491 3490 3492
f 3491 3492 3493
f 3491 3493 3494
f 3491 3494 3495
f 3495 3494 3496
f 3496 3497 3495
f 3495 3497 3476
f 3497 3498 3476
f 3471 3476 3498
f 3471 3498 3499
f 3499 3498 3500
f 3499 3500 2423
f 3497 3500 3498
f 3497 3501 3500
f 3502 3500 3501
f 3502 3501 3503
f 3504 3502 3503
f 3504 3503 3505
f 3505 3494 3504
f 3504 3494 3506
f 3507 3504 3506
f 3506 3508 3507
f 3509 3507 3508
f 3510 3509 3508
f 3510 3508 3511
f 3510 3511 3512
f 3510 3512 816
f 3512 3511 3513
f 3512 3513 818
f 818 3513 3514
f 3511 3514 3513
f 3511 3515 3514
f 3515 3516 3514
f 3517 3514 3516
f 3517 3516 2299
f 2299 3518 3517
f 3518 3519 3517
f 3520 3517 3519
f 3520 3519 3521
f 3520 3521 3522
f 3520 3522 3523
f 3524 3520 3523
f 3524 3523 3525
f 821 3524 3525
f 3517 3524 821
f 3525 3523 3522
f 3522 3526 3525
f 3526 3527 3525
f 3528 3525 3527
f 3527 3529 3528
f 827 3528 3529
f 3529 3530 827
f 3531 3530 3529
f 3531 3529 3532
f 3531 3532 3533
f 3534 3531 3533
f 3534 3533 3535
f 3534 3535 3536
f 3537 3534 3536
f 3537 3536 3538
f 3539 3537 3538
f 3539 3538 3540
f 3539 3540 3541
f 3542 3539 3541
f 3542 3541 3543
f 3542 3543 3544
f 3542 3544 3545
f 3545 3544 3546
f 3545 3546 3547
f 3545 3547 3548
f 3545 3548 3537
f 3548 3547 3530
f 829 3530 3547
f 3547 3549 829
f 3549 3547 3550
f 3550 834 3549
f 3546 3550 3547
f 3550 3546 3551
f 3552 3550 3551
f 3553 3552 3551
f 3553 3551 3554
f 3553 3554 3555
f 3553 3555 3556
f 3553 3556 2433
f 3556 3555 3557
f 3556 3557 2434
f 2434 3557 3558
f 3558 3557 3521
f 3557 3555 3559
f 3559 3522 3557
f 3555 3554 3559
f 3560 3559 3554
f 3544 3560 3554
f 3559 3560 3526
f 3561 3526 3560
f 3561 3560 3543
f 3561 3543 3562
f 3561 3562 3563
f 3564 3561 3563
f 3564 3563 3565
f 3532 3564 3565
f 3532 3527 3564
f 3565 3563 3566
f 3565 3566 3567
f 3533 3565 3567
f 3568 3567 3566
f 3569 3568 3566
f 3569 3566 3570
f 3571 3569 3570
f 3571 3570 3572
f 3571 3572 3540
f 3571 3540 3573
f 3571 3573 3574
f 3571 3574 3575
f 3571 3575 3576
f 3576 3575 3577
f 3577 3578 3576
f 3579 3576 3578
f 881 3579 3578
f 881 3578 3580
f 3580 3578 3581
f 3580 3581 3582
f 3580 3582 3583
f 3580 3583 882
f 882 3583 886
f 3583 3584 886
f 3583 3585 3584
f 3585 3586 3584
f 887 3584 3586
f 3587 3586 3585
f 3585 3588 3587
f 3589 3587 3588
f 3590 3589 3588
f 3590 3591 3589
f 3591 3592 3589
f 3593 3589 3592
f 3592 3594 3593
f 3594 3595 3593
f 3596 3593 3595
f 3596 3595 2147
f 3587 3596 2147
f 3587 2147 3597
f 3587 3597 3598
f 3599 3587 3598
f 3598 3600 3599
f 3586 3599 3600
f 3586 3600 889
f 3598 2143 3600
f 891 3600 2143
f 2145 3598 3597
f 3587 3593 3596
f 3594 3601 3595
f 2294 3595 3601
f 2294 2148 3595
f 2291 2148 2294
f 2148 2291 3602
f 2148 3602 3603
f 2148 3603 2150
f 2153 3603 3602
f 2153 3602 2290
f 3594 3604 3601
f 3604 2295 3601
f 3605 3604 3594
f 3604 3605 3606
f 3606 3607 3604
f 3604 3607 2296
f 3607 3608 2296
f 3608 3609 2296
f 3610 3609 3608
f 3608 3611 3610
f 867 3610 3611
f 3610 867 3612
f 3612 3609 3610
f 3612 3613 3609
f 3613 3614 3609
f 2297 3609 3614
f 3518 2297 3614
f 3614 3615 3518
f 3615 3614 2437
f 3614 3613 2437
f 3616 3613 3612
f 3612 3617 3616
f 3617 3618 3616
f 3616 3618 3619
f 3619 3618 3620
f 3620 2438 3619
f 3619 2438 3613
f 2438 3620 3621
f 2438 3621 3622
f 3621 3623 3622
f 3624 3622 3623
f 3624 3623 3625
f 3625 3626 3624
f 3624 3626 3627
f 3628 3624 3627
f 3628 3627 2454
f 3628 2452 3624
f 3629 3624 2452
f 3629 3630 3624
f 3629 2451 3630
f 2451 3622 3630
f 3622 2451 2439
f 3631 3627 3626
f 3631 3626 2458
f 3631 2456 3627
f 3625 2458 3626
f 3625 3632 2458
f 2547 3632 3625
f 2547 3625 3623
f 3622 3624 3630
f 3623 3621 3633
f 3623 3633 3634
f 3623 3634 2548
f 2548 3634 3635
f 3633 3635 3634
f 3633 3636 3635
f 3637 3635 3636
f 3636 847 3637
f 3217 3637 847
f 847 3636 854
f 3638 854 3636
f 3636 3618 3638
f 2549 3635 3637
f 2549 3637 3639
f 3637 3215 3639
f 3640 3639 3215
f 3640 2551 3639
f 3640 3214 2551
f 3641 2551 3214
f 3214 3642 3641
f 3641 3642 2553
f 3642 3212 2553
f 3636 3633 3620
f 3621 3620 3633
f 3636 3620 3618
f 3617 3638 3618
f 3643 3638 3617
f 3617 859 3643
f 3643 859 855
f 3643 855 3638
f 3617 3612 865
f 3616 3619 3613
f 3611 3608 3607
f 3607 868 3611
f 3607 3606 868
f 3644 3606 3605
f 3644 3605 3592
f 3644 869 3606
f 3594 3592 3605
f 3591 3644 3592
f 3645 3644 3591
f 3646 3645 3591
f 3646 3647 3645
f 3645 3647 3648
f 3645 3648 3649
f 3645 3649 871
f 3650 3649 3648
f 3648 3651 3650
f 3573 3650 3651
f 3652 3650 3573
f 3652 3573 3538
f 3652 3653 3650
f 3652 3654 3653
f 3653 3654 873
f 876 873 3654
f 876 3654 3655
f 3656 3655 3654
f 3656 3657 3655
f 878 3655 3657
f 3657 3658 878
f 3658 3657 3659
f 3659 3579 3658
f 879 3658 3579
f 3568 3659 3657
f 3656 3568 3657
f 3656 3654 3652
f 3656 3652 3536
f 3653 3649 3650
f 3649 3653 872
f 3648 3647 3651
f 3574 3651 3647
f 3646 3660 3647
f 3575 3647 3660
f 3646 3577 3660
f 3582 3577 3646
f 3582 3646 3590
f 3645 871 3644
f 3591 3590 3646
f 3593 3587 3589
f 3590 3588 3585
f 3586 3587 3599
f 3583 3590 3585
f 3582 3590 3583
f 3582 3581 3577
f 3576 3579 3659
f 3569 3576 3659
f 3578 3577 3581
f 3660 3577 3575
f 3647 3575 3574
f 3573 3651 3574
f 3562 3572 3570
f 3562 3541 3572
f 3571 3576 3569
f 3569 3659 3568
f 3656 3567 3568
f 3656 3535 3567
f 3563 3570 3566
f 3563 3562 3570
f 3564 3526 3561
f 3552 3553 2433
f 852 3552 2433
f 3552 852 835
f 835 3550 3552
f 3554 3551 3546
f 3546 3544 3554
f 3543 3560 3544
f 3543 3541 3562
f 3542 3545 3539
f 3541 3540 3572
f 3538 3573 3540
f 3545 3537 3539
f 3652 3538 3536
f 3548 3534 3537
f 3656 3536 3535
f 3535 3533 3567
f 3548 3531 3534
f 3532 3565 3533
f 3548 3530 3531
f 3532 3529 3527
f 823 3525 3528
f 3564 3527 3526
f 3522 3559 3526
f 3522 3521 3557
f 3519 3558 3521
f 3615 3558 3519
f 3615 2435 3558
f 3517 3520 3524
f 3518 3615 3519
f 3514 3517 821
f 3661 3516 3515
f 3661 3515 3662
f 3662 3663 3661
f 3661 3663 3664
f 3664 2303 3661
f 3665 2303 3664
f 3665 3664 3663
f 3663 2307 3665
f 3493 3663 3662
f 3662 3666 3493
f 3662 3515 3666
f 3666 3515 3667
f 3667 3494 3666
f 3508 3494 3667
f 3667 3515 3508
f 3516 3661 2301
f 3508 3515 3511
f 3509 3510 3668
f 3509 3668 3669
f 3509 3669 3670
f 3670 3671 3509
f 3672 3671 3670
f 3672 3670 3673
f 3673 3674 3672
f 3674 3673 3675
f 3676 3674 3675
f 3676 3677 3674
f 3678 3674 3677
f 3510 3678 3677
f 3510 3679 3678
f 3679 3510 3680
f 3680 809 3679
f 3674 3679 809
f 3681 809 3680
f 812 3681 3680
f 3681 812 3682
f 3682 809 3681
f 812 3680 3510
f 3679 3674 3678
f 3676 3683 3677
f 3668 3677 3683
f 3683 3676 3673
f 3683 3673 3669
f 3675 3673 3676
f 3671 3672 3674
f 3674 807 3671
f 3684 3671 807
f 3671 3684 3507
f 3685 3507 3684
f 3684 3686 3685
f 128 3685 3686
f 3686 3687 128
f 3688 128 3687
f 3689 3688 3687
f 3689 3687 3690
f 3687 3691 3690
f 3691 3692 3690
f 3692 3693 3690
f 3693 3694 3690
f 3694 3695 3690
f 3695 3696 3690
f 3697 3690 3696
f 3697 3688 3690
f 129 3688 3697
f 129 3697 3695
f 129 3695 3698
f 3698 3699 129
f 3699 3698 801
f 801 3700 3699
f 137 3699 3700
f 3700 3701 137
f 137 3701 146
f 3701 155 146
f 3700 3702 3701
f 3702 156 3701
f 3702 3703 156
f 3703 3704 156
f 3705 3704 3703
f 3705 157 3704
f 3705 3706 157
f 3707 157 3706
f 3706 3705 3707
f 3708 3707 3705
f 3705 798 3708
f 3708 798 3709
f 3708 3709 3710
f 3710 3711 3708
f 3708 3711 3712
f 3713 3708 3712
f 3713 3712 3714
f 3713 3714 159
f 3715 3713 159
f 3707 3715 159
f 3714 3711 159
f 3711 3716 159
f 3711 3717 3716
f 798 3716 3717
f 3711 3709 3717
f 3708 3713 3715
f 3714 3712 3711
f 3709 3711 3710
f 3717 3709 798
f 3708 3715 3707
f 3703 3702 3705
f 3702 800 3705
f 800 3702 3700
f 3697 3696 3695
f 3694 3698 3695
f 3698 3694 803
f 3693 803 3694
f 3686 803 3693
f 3686 3693 3692
f 3686 3692 3691
f 3689 3690 3688
f 3687 3686 3691
f 3686 3684 805
f 3507 3685 3718
f 3719 3507 3718
f 3719 3718 3720
f 125 3719 3720
f 3719 125 2426
f 3719 2426 3502
f 3507 3719 3502
f 3718 3685 3720
f 126 3720 3685
f 3670 3669 3673
f 3668 3683 3669
f 3677 3668 3510
f 3671 3507 3509
f 3506 3494 3508
f 3721 3494 3505
f 3721 3505 3722
f 3721 3722 3496
f 3496 3722 3723
f 3723 3724 3496
f 3725 3496 3724
f 3503 3725 3724
f 3503 3724 3726
f 3503 3726 3727
f 3503 3727 3728
f 3729 3728 3727
f 3730 3729 3727
f 3729 3730 3731
f 3731 3732 3729
f 3732 3733 3729
f 3733 3732 3734
f 3505 3733 3734
f 3505 3728 3733
f 3734 3732 3731
f 3734 3731 3735
f 3734 3735 3722
f 3735 3731 3730
f 3730 3723 3735
f 3723 3730 3726
f 3728 3729 3733
f 3730 3727 3726
f 3723 3726 3724
f 3735 3723 3722
f 3505 3734 3722
f 3505 3503 3728
f 3507 3502 3504
f 3503 3501 3725
f 3500 3502 2425
f 3497 3725 3501
f 3497 3496 3725
f 3494 3721 3496
f 3493 3666 3494
f 3492 3663 3493
f 3492 3736 3663
f 3736 3737 3663
f 3737 3738 3663
f 3738 2324 3663
f 571 2324 3738
f 569 3738 3737
f 569 3737 3739
f 3739 3737 3740
f 3741 3739 3740
f 3741 3740 3736
f 3741 3736 3742
f 3741 3742 3743
f 3741 3743 567
f 567 3743 3744
f 3743 3745 3744
f 3746 3744 3745
f 3747 3746 3745
f 3745 3742 3747
f 3748 3747 3742
f 3742 3749 3748
f 3749 3750 3748
f 3748 3750 3751
f 3750 3485 3751
f 3749 3485 3750
f 3747 3748 3751
f 3746 3747 3751
f 3751 3752 3746
f 3753 3746 3752
f 3752 3754 3753
f 3754 3755 3753
f 562 3753 3755
f 562 3755 3754
f 3754 3752 551
f 3756 551 3752
f 3746 3753 3757
f 564 3757 3753
f 564 3744 3757
f 3752 3751 3756
f 49 3756 3751
f 3751 3758 49
f 3758 3759 49
f 3759 3758 3760
f 3760 3761 3759
f 3759 3761 3762
f 3763 3759 3762
f 3763 3762 3764
f 3763 3764 3765
f 3763 3765 3766
f 3763 3766 3767
f 3768 3763 3767
f 3768 3767 3769
f 3769 3770 3768
f 3770 3771 3768
f 3772 3768 3771
f 3771 3773 3772
f 65 3772 3773
f 3774 65 3773
f 3775 3774 3773
f 3776 3775 3773
f 3773 3777 3776
f 3777 3778 3776
f 3779 3776 3778
f 3780 3779 3778
f 3781 3780 3778
f 3782 3780 3781
f 3782 3781 3783
f 3782 3783 3784
f 3782 3784 3785
f 3782 3785 3786
f 3782 3786 3787
f 3787 3786 3788
f 3787 3788 3775
f 3788 3786 67
f 3785 3789 3786
f 3786 3789 3274
f 72 3786 3274
f 3789 3790 3274
f 3790 3791 3274
f 3791 3792 3274
f 3793 3792 3791
f 3793 3791 3794
f 3793 3794 3795
f 3793 3795 3796
f 3793 3796 3273
f 3797 3796 3795
f 3797 3795 3288
f 3797 3288 3798
f 3288 3263 3798
f 3263 3270 3798
f 3798 3270 3796
f 3288 3799 3263
f 3795 3800 3288
f 3800 3801 3288
f 3330 3288 3801
f 3802 3330 3801
f 3794 3802 3801
f 3794 3331 3802
f 3794 3803 3331
f 3803 3804 3331
f 3803 3805 3804
f 3805 3806 3804
f 3804 3806 3807
f 3808 3804 3807
f 3808 3807 3809
f 3810 3808 3809
f 3810 3809 3811
f 3341 3810 3811
f 3341 3811 3812
f 3812 3811 3813
f 3813 3814 3812
f 3815 3812 3814
f 3816 3815 3814
f 3817 3815 3816
f 3818 3817 3816
f 3819 3818 3816
f 3819 3816 3820
f 3821 3819 3820
f 3822 3821 3820
f 3822 3820 3823
f 3822 3823 3824
f 3825 3822 3824
f 3825 3824 3781
f 3825 3781 3777
f 3823 3826 3824
f 3827 3824 3826
f 3827 3826 3828
f 3827 3828 3790
f 3828 3826 3829
f 3830 3828 3829
f 3830 3829 3806
f 3830 3805 3828
f 3805 3791 3828
f 3826 3831 3829
f 3831 3807 3829
f 3807 3831 3832
f 3823 3832 3831
f 3783 3824 3827
f 3823 3831 3826
f 3820 3832 3823
f 3820 3813 3832
f 3813 3809 3832
f 3825 3821 3822
f 3833 3821 3825
f 3833 3825 3834
f 3833 3834 3771
f 3825 3773 3834
f 3833 3819 3821
f 3835 3819 3833
f 3835 3833 3770
f 3816 3813 3820
f 3835 3818 3819
f 3836 3818 3835
f 3836 3835 3837
f 3836 3837 3838
f 3836 3838 3839
f 3836 3839 3840
f 3836 3840 3841
f 3836 3841 3842
f 3841 3843 3842
f 3842 3843 3844
f 3842 3844 3817
f 3844 3845 3817
f 3844 3846 3845
f 3846 3344 3845
f 3844 3847 3846
f 3847 3345 3846
f 3848 3847 3844
f 3848 3849 3847
f 3849 3347 3847
f 3850 3849 3848
f 3851 3850 3848
f 3851 3848 3843
f 3851 3852 3850
f 3852 3853 3850
f 3853 3467 3850
f 3854 3853 3852
f 3854 3855 3853
f 3853 3855 3468
f 3856 3468 3855
f 3855 3857 3856
f 3857 3764 3856
f 3858 3856 3764
f 3858 3859 3856
f 3858 3860 3859
f 3474 3859 3860
f 3474 3860 3861
f 3474 3861 3862
f 3862 3861 3761
f 3862 3761 3482
f 3862 3482 3863
f 3862 3863 3475
f 3863 3482 3478
f 3860 3761 3861
f 3858 3762 3860
f 3855 3839 3857
f 3839 3864 3857
f 3766 3857 3864
f 3468 3856 3859
f 3468 3859 3473
f 3854 3839 3855
f 3854 3852 3851
f 3841 3854 3851
f 3850 3865 3849
f 3865 3348 3849
f 3865 3866 3348
f 3363 3348 3866
f 3865 3363 3866
f 3865 3466 3363
f 3850 3466 3865
f 3843 3848 3844
f 3841 3851 3843
f 3841 3840 3854
f 3840 3839 3854
f 3839 3838 3864
f 3767 3864 3838
f 3838 3837 3767
f 3835 3769 3837
f 3836 3842 3818
f 3818 3842 3817
f 3817 3845 3815
f 3845 3343 3815
f 3812 3815 3343
f 3816 3814 3813
f 3809 3813 3811
f 3337 3808 3810
f 3807 3832 3809
f 3333 3804 3808
f 3806 3829 3807
f 3830 3806 3805
f 3794 3805 3803
f 3794 3801 3800
f 3797 3798 3796
f 3794 3800 3795
f 3794 3791 3805
f 3793 3273 3792
f 3828 3791 3790
f 3827 3790 3789
f 3784 3827 3789
f 3785 3784 3789
f 3784 3783 3827
f 3783 3781 3824
f 3782 3787 3780
f 3787 3779 3780
f 3787 3776 3779
f 3781 3778 3777
f 3825 3777 3773
f 3787 3775 3776
f 3788 3774 3775
f 3788 65 3774
f 3771 3834 3773
f 3772 52 3768
f 52 3772 3867
f 3772 3868 3867
f 53 3867 3868
f 3868 56 53
f 3772 63 3868
f 3833 3771 3770
f 3835 3770 3769
f 3837 3769 3767
f 3763 3768 52
f 3864 3767 3766
f 3857 3766 3765
f 3857 3765 3764
f 3858 3764 3762
f 3759 3763 50
f 3860 3762 3761
f 3482 3761 3760
f 3758 3482 3760
f 3758 3751 3482
f 3746 3757 3744
f 3743 3742 3745
f 3742 3736 3749
f 3749 3736 3487
f 3741 568 3739
f 3740 3737 3736
f 3492 3490 3736
f 3491 3495 3489
f 3489 3495 3477
f 3490 3488 3736
f 3488 3487 3736
f 3749 3487 3486
f 3749 3486 3485
f 3485 3483 3751
f 3751 3483 3482
f 3481 3484 3480
f 3489 3477 3480
f 3482 3479 3478
f 3478 3475 3863
f 3477 3495 3476
f 3474 3862 3475
f 3474 3473 3859
f 3472 3476 3471
f 3471 3499 3470
f 3470 3499 2421
f 3468 3473 3469
f 3853 3468 3467
f 3850 3467 3466
f 3369 3370 2405
f 3367 3368 2404
f 2337 3367 2404
f 2337 3869 3367
f 3361 3367 3869
f 2337 3360 3869
f 3465 3366 3365
f 3365 3363 3466
f 3364 3367 3361
f 3362 3348 3363
f 3349 3362 3358
f 3361 3869 3360
f 3359 3360 2335
f 3349 3358 3357
f 3349 3348 3362
f 3347 3849 3348
f 3345 3847 3347
f 3346 3351 3342
f 3344 3846 3345
f 3343 3845 3344
f 3341 3812 3343
f 3342 3356 3340
f 3339 3810 3341
f 3339 3337 3810
f 616 3336 3338
f 3337 3335 3808
f 618 3334 3336
f 3335 3333 3808
f 620 3329 3334
f 3332 3804 3333
f 3331 3804 3332
f 3802 3331 3330
f 3320 3288 3330
f 3319 3326 3313
f 3320 3289 3288
f 3286 3799 3288
f 3799 3286 3285
f 3285 3262 3799
f 3260 3283 3267
f 3282 3284 849
f 3792 3273 3274
f 3796 3270 3273
f 3271 3283 3272
f 3271 3268 3443
f 3267 3458 3268
f 3267 3266 3438
f 3266 3264 3414
f 3263 3265 3270
f 3262 3263 3799
f 3287 3254 3261
f 3285 3260 3262
f 3259 849 3261
f 3257 3260 3427
f 3259 3258 3311
f 3258 3256 3291
f 3257 3435 3255
f 3292 3256 3253
f 3254 3255 3264
f 3252 3292 3253
f 3252 3251 3308
f 3308 3251 3250
f 3250 3248 3293
f 3249 951 3246
f 3247 3307 3248
f 3307 3247 3237
f 3307 3237 3870
f 3307 3870 3871
f 3307 3871 3240
f 3872 3240 3871
f 3871 1471 3872
f 3872 1471 935
f 3871 3230 1471
f 3230 3871 3236
f 3240 3872 935
f 3870 3236 3871
f 3246 3307 3245
f 3240 3245 3307
f 3239 3237 3244
f 3237 3236 3870
f 3231 3236 3233
f 3238 3222 3232
f 3236 3231 3230
f 182 3230 3228
f 3873 3230 182
f 1473 3230 3873
f 215 179 181
f 179 215 183
f 183 3317 179
f 3227 222 215
f 3227 3226 222
f 222 3226 921
f 921 3226 3874
f 3226 844 3874
f 844 3226 3224
f 3225 3229 3222
f 844 3224 3223
f 3223 3875 844
f 3875 3223 3219
f 3222 929 3221
f 3219 3223 3220
f 3218 3875 3219
f 3218 3217 3875
f 846 3875 3217
f 3637 3217 3215
f 3208 3213 3216
f 3640 3215 3214
f 3214 3212 3642
f 3876 2685 3210
f 3876 3210 3877
f 3876 3877 3878
f 3878 3877 2703
f 3877 3210 3879
f 3880 3877 3879
f 3880 3879 3881
f 3882 3880 3881
f 3882 3881 3209
f 3883 3880 3882
f 3883 3882 2708
f 2707 3880 3883
f 3881 3879 3209
f 2705 3877 3880
f 3876 3878 2685
f 3878 2696 2685
f 3878 2701 2696
f 3213 3208 3211
f 3210 3209 3879
f 3882 3209 2708
f 3884 2708 3207
f 3884 3207 2720
f 3884 2720 3885
f 3884 3885 2708
f 929 3205 3208
f 2720 3207 3206
f 3204 3886 3206
f 2721 3206 3886
f 3203 3886 3204
f 2723 3886 3203
f 2723 2721 3886
f 2722 2725 2719
f 2719 2725 1852
f 2721 2720 3206
f 3885 2720 2718
f 1852 2717 2719
f 1852 2714 2717
f 3885 2718 2716
f 3885 2716 2710
f 2715 2717 2714
f 1852 2712 2714
f 2716 2713 2710
f 1852 2711 2712
f 1852 2699 2711
f 2711 2699 2702
f 3885 2710 2708
f 2707 3883 2708
f 2707 2705 3880
f 2706 2709 2704
f 2705 2703 3877
f 2711 2702 2704
f 3878 2703 2701
f 2700 2702 2699
f 1852 2697 2699
f 2701 2698 2696
f 1852 2695 2697
f 2685 2696 2689
f 2688 2692 2687
f 2687 2692 2681
f 2687 2681 2686
f 3212 2685 2684
f 3212 2684 2678
f 2686 2681 2683
f 2682 2680 2684
f 2692 2679 2681
f 2678 2684 2680
f 3212 2678 2674
f 2677 2679 2676
f 2676 2693 2675
f 2675 2694 2672
f 3212 2674 2673
f 3212 2673 3887
f 2557 3212 3887
f 3887 3888 2557
f 2557 3888 2645
f 2557 2645 3889
f 3890 3889 2645
f 3890 3891 3889
f 3892 3889 3891
f 2642 3892 3891
f 3893 3889 3892
f 3893 3892 3894
f 3893 3894 2622
f 3894 2633 2622
f 3894 2638 2633
f 3894 3892 2640
f 3893 2622 3889
f 2560 3889 2622
f 3890 2642 3891
f 3895 2645 3888
f 3895 3888 3896
f 3895 3896 3897
f 3897 3896 2658
f 3896 3888 3898
f 2660 3896 3898
f 3899 2660 3898
f 3899 3898 3888
f 3899 3888 2663
f 3895 3897 2645
f 3897 2652 2645
f 3897 2656 2652
f 3887 2663 3888
f 3887 2673 2663
f 2663 2673 2669
f 2672 2694 2671
f 2673 2670 2669
f 2671 1846 2668
f 2665 2669 2667
f 2663 2669 2665
f 2662 3899 2663
f 2662 2660 3899
f 2664 2659 2661
f 2660 2658 3896
f 2666 2657 2659
f 3897 2658 2656
f 2655 2657 2654
f 2656 2653 2652
f 2647 2652 2650
f 2654 1846 2651
f 2647 2650 2649
f 2645 2652 2647
f 2644 3890 2645
f 2644 2642 3890
f 2646 2641 2643
f 2642 2640 3892
f 2648 2639 2641
f 3894 2640 2638
f 2637 2639 2636
f 2636 1843 2634
f 2638 2635 2633
f 2634 1843 2630
f 2622 2633 2626
f 2625 2628 2624
f 2624 2632 2623
f 2623 2632 2621
f 2560 2622 2620
f 2560 2620 2616
f 2621 2632 2619
f 2619 2631 2617
f 2614 2617 2631
f 2616 2620 2618
f 2615 2617 2614
f 2614 2631 2613
f 2613 2629 2612
f 2612 2629 2610
f 2630 1843 2610
f 2607 2611 2609
f 2561 2607 2603
f 2601 2597 2561
f 2602 2599 2600
f 2594 2599 2604
f 2601 2598 2597
f 2595 2563 2596
f 3900 2563 2595
f 3900 2595 2591
f 3900 2591 2564
f 2604 2593 2594
f 2591 2595 2592
f 2590 2593 2589
f 2589 2593 2587
f 2584 2588 2586
f 2606 1839 2587
f 2586 2585 2584
f 2591 2584 2564
f 2582 3901 2564
f 3901 3902 2564
f 3901 3903 3902
f 3902 3903 3904
f 3902 3904 2565
f 3903 2569 3904
f 2569 3903 2580
f 2582 3903 3901
f 2582 2580 3903
f 2581 2583 2579
f 2580 2578 2569
f 2579 1839 2576
f 2571 2578 2577
f 2576 1839 2575
f 2571 2577 2574
f 2571 2569 2578
f 2573 2568 2570
f 3904 2569 2567
f 2573 2566 2568
f 3904 2567 2565
f 3902 2565 2564
f 3900 2564 2563
f 2563 2562 2596
f 2597 2562 2561
f 2560 2616 2561
f 2560 2557 3889
f 2546 2556 2558
f 3212 2557 2554
f 3212 2554 2553
f 3641 2553 2551
f 2555 2550 2552
f 2549 3639 2551
f 2550 2556 2546
f 2548 3635 2549
f 3623 2548 2547
f 2547 2544 3632
f 2546 2558 2545
f 2543 2545 2559
f 2544 2459 3632
f 2543 2566 2539
f 2541 3905 2542
f 3906 2542 3905
f 3905 3907 3906
f 3908 3906 3907
f 3908 3907 2530
f 3908 2530 2526
f 3908 2526 2460
f 3909 3908 2460
f 3909 2460 2542
f 3909 3906 3908
f 3905 2531 3907
f 3910 2531 3905
f 2531 3910 2537
f 3909 2542 3906
f 2541 3910 3905
f 2540 3910 2541
f 2538 3910 2540
f 2538 2537 3910
f 2536 2539 2535
f 2535 2572 2533
f 2531 2537 2534
f 2575 1839 2533
f 2530 3907 2531
f 2529 2532 2528
f 2530 2527 2526
f 2528 1836 2525
f 2521 2526 2524
f 2460 2526 2521
f 2520 2523 2519
f 2519 2517 2518
f 3911 2461 2515
f 3911 2515 3912
f 3911 3912 2462
f 3912 2507 2462
f 3912 2511 2507
f 3912 2515 2513
f 2517 2512 2514
f 3912 2513 2511
f 2510 2512 2509
f 2511 2508 2507
f 2502 2507 2505
f 2509 1833 2506
f 2502 2505 2503
f 2462 2507 2502
f 2501 2504 2500
f 2500 2504 2497
f 2500 2497 2499
f 2493 2497 2504
f 2493 1833 2491
f 2491 1833 2490
f 2469 2492 2470
f 2469 2468 2495
f 2466 2495 2468
f 2466 2463 2496
f 2465 2467 2464
f 2498 2463 2462
f 3911 2462 2461
f 2516 2461 2460
f 2459 2542 2460
f 3632 2459 2458
f 2458 2456 3631
f 2457 2464 2453
f 3627 2456 2455
f 3627 2455 2454
f 3628 2454 2452
f 3629 2452 2451
f 1158 2450 2453
f 2449 2447 2451
f 2447 2439 2451
f 2446 2440 2441
f 2440 2446 3913
f 3913 2416 2440
f 2302 3913 2446
f 3913 2302 2346
f 2302 2356 2346
f 2436 2440 2416
f 3622 2439 2438
f 3613 2438 2437
f 3615 2437 2435
f 2434 3558 2435
f 2434 2433 3556
f 852 2433 2432
f 2432 3914 852
f 3914 3915 852
f 79 3915 3914
f 79 3914 3916
f 82 79 3916
f 3916 3914 3917
f 3917 3918 3916
f 3918 84 3916
f 3918 3919 84
f 3918 88 3919
f 3918 3917 2430
f 3918 2430 3920
f 3920 3921 3918
f 3922 3918 3921
f 3922 3921 93
f 3921 97 93
f 3918 3922 92
f 3920 97 3921
f 120 3920 2430
f 120 102 3920
f 3281 3915 79
f 3915 3281 850
f 3917 3914 2432
f 3917 2432 2430
f 2430 2427 120
f 2429 2431 2428
f 2428 2436 2420
f 2426 120 2427
f 2425 3502 2426
f 3500 2425 2424
f 2424 2423 3500
f 2423 2422 3499
f 2421 3499 2422
f 3470 2421 2419
f 2416 2420 2436
f 3470 2419 2418
f 2418 2417 3470
f 3371 2417 2415
f 2416 3913 2410
f 2401 2410 3913
f 2345 2401 3913
f 2414 3372 2415
f 2414 2412 2409
f 2413 2410 2411
f 2408 3379 2409
f 2408 2407 3379
f 2406 3374 2407
f 2405 3374 2406
f 3369 2405 2404
f 2404 2400 2338
f 2402 2403 2410
f 2401 2402 2410
f 2345 2393 2401
f 2391 2392 2399
f 2399 2390 2391
f 1448 2390 2399
f 2389 3923 1204
f 3923 2389 3924
f 1443 3923 3924
f 1445 3924 2389
f 2356 2348 2346
f 2349 2341 2347
f 2346 2345 3913
f 2345 2344 2393
f 2343 1147 2344
f 2342 2400 2343
f 2342 2339 2400
f 2340 2341 2351
f 2338 2400 2339
f 2337 2404 2338
f 2335 3360 2337
f 2334 3354 2335
f 602 2334 2333
f 2332 2336 2318
f 2333 2329 2327
f 2333 2327 3925
f 2333 3925 583
f 576 583 3925
f 576 3925 2327
f 2328 2330 2325
f 576 2327 2326
f 575 2324 571
f 2324 2323 3663
f 2323 2307 3663
f 2325 2321 2322
f 2319 2321 2318
f 2318 2340 2317
f 2317 2365 2315
f 2316 2308 2320
f 2314 2315 2365
f 2366 2313 2314
f 2312 2313 2361
f 2312 2361 1304
f 2306 2309 1305
f 2320 2308 2307
f 3665 2307 2305
f 2304 2306 2359
f 2305 2303 3665
f 2302 2304 2356
f 2301 3661 2303
f 2446 2300 2302
f 2301 2299 3516
f 2298 2300 2445
f 2299 2297 3518
f 2297 2296 3609
f 3604 2296 2295
f 3601 2295 2294
f 2294 2292 2291
f 2290 3602 2291
f 2155 2153 2290
f 2152 2154 2158
f 2153 2150 3603
f 2166 2151 2152
f 2150 2149 2148
f 2147 3595 2148
f 3597 2147 2145
f 2145 2143 3598
f 891 2143 2142
f 2142 2923 891
f 2923 2142 2141
f 2123 2119 2141
f 1379 2121 2122
f 2123 2120 2119
f 2917 2119 2118
f 2117 2920 2118
f 2115 2114 2117
f 2114 2113 3097
f 3105 2113 2111
f 3120 2111 2109
f 2109 2108 3118
f 2107 3125 2108
f 2107 2105 3128
f 2097 3128 2105
f 2110 2104 2106
f 2099 2105 2103
f 2110 2102 2104
f 2101 2099 2103
f 2100 2099 2101
f 2105 2099 2097
f 3128 2097 2096
f 2094 3130 2096
f 2095 2098 1580
f 2093 3130 2094
f 2092 3133 2093
f 2092 2090 3141
f 2088 3141 2090
f 2085 3141 2088
f 2083 3141 2085
f 3136 2083 2082
f 2080 3137 2082
f 2081 2084 1577
f 2078 3137 2080
f 2077 3139 2078
f 2077 2075 2063
f 2068 2063 2075
f 2068 2075 3926
f 2079 2074 2076
f 3926 2075 2073
f 2079 1575 2074
f 2072 3926 2073
f 2071 3926 2072
f 2069 3926 2071
f 2069 2068 3926
f 2067 2070 2066
f 2195 2064 2066
f 2065 2063 2068
f 2198 1586 2064
f 3140 2063 2062
f 3140 2062 2061
f 2061 2058 3138
f 2059 1560 2056
f 3927 2056 1560
f 1560 1557 3927
f 2056 3927 3928
f 3927 1556 3928
f 2058 2057 3126
f 2053 3126 2057
f 2056 3928 2055
f 3928 1555 2055
f 1554 2054 2055
f 1553 2052 2054
f 3929 2052 1553
f 3929 1553 384
f 384 1553 2034
f 2051 3114 2053
f 3929 379 2052
f 3929 383 379
f 2051 2050 2892
f 2049 3143 2050
f 2048 3189 2049
f 2048 2046 3189
f 2047 379 2043
f 2043 379 3930
f 3930 379 3931
f 3930 3931 376
f 2045 3192 2046
f 2044 3194 2045
f 2042 3195 2044
f 2043 3930 376
f 2036 2042 2037
f 390 1991 3932
f 1991 1985 3932
f 401 3932 1985
f 2008 2006 2036
f 2010 2005 2007
f 2028 2004 2005
f 1999 1997 2006
f 1995 1998 1984
f 3145 1997 1996
f 1995 1987 1994
f 1992 2041 1993
f 1992 1991 2041
f 1991 1990 1985
f 1989 1993 1990
f 1989 1988 1996
f 1986 1996 1988
f 1984 1987 1995
f 1985 3157 1986
f 1985 1983 401
f 1984 1998 1981
f 1972 404 1983
f 1972 1982 3161
f 1982 1980 3162
f 1977 1981 1998
f 1979 3162 1980
f 1979 1978 3168
f 1976 3168 1978
f 1964 3168 1976
f 1977 2002 1970
f 1974 1964 1976
f 1973 3186 416
f 1972 3186 1973
f 1971 1975 1970
f 1970 2002 1969
f 2002 1947 1969
f 1945 1969 1947
f 1925 1969 1945
f 1969 1925 1968
f 1916 1966 1965
f 1974 1916 1964
f 1964 1962 3168
f 1967 1959 1963
f 3184 1962 1961
f 1961 1960 2835
f 1958 2834 1960
f 1967 1923 1959
f 1957 2834 1958
f 1956 2834 1957
f 1956 1954 1953
f 2837 1953 1952
f 1952 1951 2833
f 1950 2828 1951
f 1949 2003 1950
f 1948 2002 1949
f 1947 2002 1948
f 1945 1947 1946
f 1944 1925 1945
f 1943 2830 1944
f 2830 1943 1942
f 2827 1942 1941
f 1941 1939 1936
f 1937 1938 1940
f 1933 1936 1934
f 1932 1936 1933
f 1932 1931 1930
f 1932 1930 1929
f 2824 1929 1928
f 1926 2820 1928
f 1926 1925 1483
f 1968 1925 1924
f 1968 1924 1923
f 1955 1923 1921
f 1906 1921 1919
f 1922 1918 1920
f 1906 1919 1917
f 3933 1906 1917
f 3933 1911 1906
f 1914 3933 1917
f 1914 1912 3933
f 1918 1908 410
f 1911 3933 1912
f 1910 1906 1911
f 1910 1909 1907
f 1908 1900 1905
f 1907 1906 1910
f 1904 1937 1906
f 1904 1903 1935
f 1905 1900 1902
f 1898 1903 1901
f 1892 1899 1900
f 198 1892 1898
f 202 1897 1891
f 198 1896 1892
f 1899 1892 1891
f 202 1891 1890
f 202 1890 1889
f 202 1889 1888
f 202 1888 1887
f 1887 209 202
f 1886 209 1887
f 209 1886 1479
f 3934 1479 1886
f 1885 1479 3934
f 1885 3934 1886
f 1885 1884 2819
f 1883 2819 1884
f 2815 1883 1882
f 1882 1880 1863
f 1878 1879 1881
f 206 189 1877
f 1873 1863 1876
f 1871 1872 1869
f 1869 1875 213
f 1864 1868 1866
f 1864 1866 1865
f 1870 1864 1863
f 1862 2813 1863
f 1861 2807 1862
f 1859 2801 1861
f 1859 1858 2801
f 2762 1858 1857
f 1857 1855 2756
f 2728 1855 1853
f 1853 1852 2725
f 2695 1852 1850
f 1850 1849 2695
f 1846 1849 1847
f 1843 1846 1844
f 1841 2608 1843
f 1839 2608 1841
f 1839 1838 2528
f 1836 2528 1838
f 1833 2522 1836
f 3935 1834 1835
f 3935 1835 261
f 3935 261 270
f 3935 1826 1834
f 3935 272 1826
f 1826 1831 1834
f 2490 1833 1832
f 2487 1832 1830
f 2485 1830 1829
f 1822 1829 1827
f 1831 1826 1828
f 1822 1827 1825
f 1812 3936 1824
f 1820 1824 3936
f 1812 1816 3936
f 1822 1825 1823
f 1818 1829 1822
f 1821 1824 1820
f 1820 3936 1819
f 1819 3936 1817
f 2453 1818 1815
f 1817 3936 1816
f 2453 1815 1159
f 3937 1159 1814
f 3937 1814 3938
f 3937 3938 1160
f 3938 1806 1160
f 1160 1806 3939
f 3940 1160 3939
f 3940 3939 1803
f 3940 1803 3941
f 3940 3941 3942
f 3942 3941 3943
f 3942 3943 3944
f 3942 3944 1160
f 3944 3945 1160
f 3944 3943 3945
f 3945 3943 3946
f 3945 3946 1161
f 3946 3947 1161
f 3946 1801 3947
f 3947 1801 1165
f 1801 3946 3943
f 1801 3943 3941
f 3940 3942 1160
f 3938 1810 1806
f 3938 3948 1810
f 3938 1814 3948
f 1814 1811 3948
f 1816 1812 1813
f 1810 3948 1811
f 1809 1812 1808
f 1810 1807 1806
f 3939 1806 1804
f 1808 273 1805
f 3939 1804 1803
f 3941 1803 1801
f 1800 1802 1799
f 1799 273 1797
f 1170 1796 1795
f 1791 1790 1794
f 1186 1794 1790
f 1790 1789 1186
f 1187 1789 1788
f 1189 1788 1772
f 1757 1762 1760
f 1765 1757 1755
f 1754 1776 1755
f 1753 1756 1750
f 1754 1752 1751
f 1749 1777 1751
f 280 1750 1758
f 1749 1748 1782
f 1748 1747 1784
f 1742 1784 1747
f 280 3949 1746
f 3949 1737 1746
f 3950 1737 3949
f 3950 3949 3951
f 3950 3951 1716
f 3951 3952 1716
f 1716 3952 1712
f 3951 3953 3952
f 3953 3954 3952
f 3952 3954 3955
f 3955 1710 3952
f 282 1710 3955
f 282 3955 3956
f 3956 3955 3954
f 3957 3956 3954
f 3957 3958 3956
f 3958 280 3956
f 3959 280 3958
f 3953 3959 3958
f 3953 3958 3957
f 3953 3957 3954
f 3951 3959 3953
f 3951 3949 3959
f 3950 1716 1737
f 3949 280 3959
f 1742 1747 1743
f 1736 1784 1742
f 1741 1744 1740
f 1740 1745 1739
f 1739 1745 1738
f 1738 1746 1737
f 1786 1736 1735
f 1196 1774 1735
f 1731 2444 1734
f 1731 1729 2444
f 2298 1729 1727
f 1728 1730 1725
f 2293 1727 1726
f 1726 1724 2289
f 1724 1649 2289
f 1722 1725 1721
f 1732 1719 1721
f 1719 1737 1716
f 1718 3960 1707
f 1718 3961 3960
f 1714 3960 3961
f 1717 3961 1718
f 1715 3961 1717
f 1715 1714 3961
f 1711 3960 1714
f 1713 1716 1712
f 1712 3952 1710
f 1711 1709 3960
f 282 1708 1710
f 1708 282 3962
f 1705 1708 3962
f 3962 282 3963
f 1703 3962 3963
f 3963 282 1700
f 3960 1709 1707
f 1652 1707 1695
f 1706 1708 1705
f 1705 3962 1703
f 1703 3963 1702
f 1702 3963 1700
f 1704 1701 1699
f 1699 1698 1704
f 286 1687 1697
f 1696 1704 1698
f 1695 1704 1696
f 1694 3964 1695
f 3964 3965 1695
f 3965 1653 1695
f 3965 1691 1653
f 3965 3966 1691
f 3964 3966 3965
f 1694 3966 3964
f 1694 1692 3966
f 1693 1697 1687
f 1692 1691 3966
f 1685 1690 1686
f 1690 1685 1660
f 1684 1660 1685
f 1674 1684 1683
f 1676 1683 1682
f 1676 1682 1679
f 1676 1674 1683
f 1678 1672 1675
f 1684 1674 1663
f 1678 1670 1672
f 1671 1669 1673
f 1668 1673 1669
f 1668 1666 1673
f 1667 1666 1668
f 1664 1673 1666
f 1663 1673 1664
f 1661 1684 1663
f 1662 1665 1654
f 1660 1684 1661
f 1659 1690 1660
f 1659 1658 1688
f 1656 1688 1658
f 1656 1653 1691
f 1655 1657 1654
f 1652 1695 1653
f 1651 1720 1652
f 1724 1651 1649
f 1646 1650 1654
f 2289 1649 1648
f 2269 1648 1647
f 1646 1670 1642
f 1644 3967 1645
f 1632 1645 3967
f 1640 1632 3967
f 1640 3967 3968
f 1644 3968 3967
f 1643 3968 1644
f 1641 3968 1643
f 1641 1640 3968
f 1639 1642 1638
f 1677 1636 1638
f 1637 1632 1640
f 291 1634 1636
f 1645 1632 1631
f 1647 1631 1629
f 1630 1633 1628
f 1629 1627 2260
f 1628 1635 1626
f 1627 1625 1620
f 1626 1634 1624
f 1624 1634 1623
f 1634 291 1623
f 1625 1622 1621
f 1625 1621 1620
f 1619 1627 1620
f 2262 1619 1618
f 2264 1618 1617
f 1616 2265 1617
f 1615 2248 1616
f 1615 1614 2247
f 1610 1601 1602
f 3969 1601 1610
f 3969 1610 316
f 3970 3969 316
f 3970 316 3971
f 3970 3971 3972
f 3973 3970 3972
f 3973 3972 3974
f 3973 3974 1598
f 3975 3973 1598
f 1598 3974 3976
f 3976 3977 1598
f 3978 1598 3977
f 320 3978 3977
f 3978 3979 1598
f 3980 1598 3979
f 3980 3979 323
f 3981 3980 323
f 3981 323 3982
f 3981 3982 3983
f 3981 3983 3984
f 3985 3981 3984
f 3985 3984 3986
f 3985 3986 1598
f 3986 3984 3987
f 3986 3987 1596
f 3988 1596 3987
f 3988 3987 325
f 3987 3984 325
f 3985 1598 3981
f 3984 3983 325
f 3983 3982 325
f 3981 1598 3980
f 3978 323 3979
f 3977 3976 3972
f 3976 3974 3972
f 3975 3970 3973
f 3977 3972 3971
f 3977 3971 316
f 3975 3969 3970
f 3975 1600 3969
f 3969 1600 1601
f 3975 1598 1600
f 1614 1599 1597
f 3986 1596 1598
f 1614 1597 1594
f 3988 1595 1596
f 3989 1595 3988
f 3989 3988 329
f 3990 3989 329
f 3990 329 3991
f 3992 3990 3991
f 3992 3991 3993
f 3992 3993 1591
f 3994 3992 1591
f 1591 3993 3995
f 3995 3996 1591
f 3997 1591 3996
f 333 3997 3996
f 3997 3998 1591
f 3999 1591 3998
f 3999 3998 335
f 4000 3999 335
f 4000 335 4001
f 4000 4001 4002
f 4000 4002 4003
f 4004 4000 4003
f 4004 4003 4005
f 4004 4005 1591
f 4005 4003 4006
f 4005 4006 1589
f 4007 1589 4006
f 4007 4006 340
f 4006 4008 340
f 340 4008 4009
f 1419 4009 4008
f 4008 4006 4010
f 1421 4008 4010
f 4010 4011 1421
f 4012 1421 4011
f 4012 4011 4013
f 4012 4013 4014
f 4012 4014 4015
f 4012 4015 331
f 1410 331 4015
f 1410 4015 335
f 4001 4015 4014
f 4002 4014 4013
f 4011 4003 4013
f 4003 4011 4010
f 4003 4010 4006
f 4004 1591 4000
f 4002 4013 4003
f 4014 4002 4001
f 4015 4001 335
f 4000 1591 3999
f 3997 335 3998
f 3996 3995 3991
f 3996 3991 4016
f 3996 4016 329
f 3995 3993 3991
f 3994 3990 3992
f 4016 3991 329
f 3994 3989 3990
f 3994 1593 3989
f 3989 1593 1595
f 3994 1591 1593
f 1590 1594 1592
f 4005 1589 1591
f 4007 1588 1589
f 4007 4017 1588
f 4017 4007 342
f 4017 342 4018
f 4019 4017 4018
f 4020 4019 4018
f 4018 1583 4020
f 4021 4020 1583
f 344 1583 4018
f 4022 1583 344
f 4023 1583 4022
f 349 4023 4022
f 349 1564 4023
f 1564 4024 4023
f 1576 4023 4024
f 349 4025 1564
f 4020 4021 4019
f 1584 4019 4021
f 1584 4017 4019
f 1585 1588 4017
f 1586 1590 1587
f 1582 2060 1586
f 1584 1585 4017
f 1584 4021 1583
f 1576 1583 4023
f 1582 1581 2059
f 1581 1580 2102
f 2091 1580 1579
f 1578 2089 1579
f 2087 1578 1577
f 2079 1577 1575
f 1576 4024 1572
f 1572 4024 1568
f 1574 2070 1575
f 1574 1573 2178
f 2160 1573 1571
f 1571 1570 2151
f 1567 2151 1570
f 1569 1572 1568
f 1568 4024 1566
f 1565 2121 1567
f 1564 1566 4024
f 1565 1563 2116
f 1562 1564 4025
f 353 1562 4025
f 1560 2112 1563
f 1561 1562 353
f 1560 1558 1557
f 3927 1557 1556
f 3928 1556 1555
f 1554 2055 1555
f 1553 2054 1554
f 1552 2034 1553
f 1552 1550 2034
f 2009 1550 1548
f 1543 1548 1546
f 1543 1546 1544
f 2011 1543 1541
f 1540 2013 1541
f 1538 2033 1540
f 1538 4026 2033
f 4026 648 2033
f 1536 4026 1538
f 1536 4027 4026
f 4027 650 4026
f 1534 4027 1536
f 1534 4028 4027
f 4028 654 4027
f 654 4028 591
f 4029 591 4028
f 1530 4029 4028
f 1532 4028 1534
f 1530 4028 1532
f 1528 4029 1530
f 1528 4030 4029
f 4030 592 4029
f 1528 4031 4030
f 4031 593 4030
f 1526 4031 1528
f 1526 4032 4031
f 4032 595 4031
f 1524 4032 1526
f 1524 4033 4032
f 4033 597 4032
f 597 4033 4034
f 1522 4034 4033
f 1522 4035 4034
f 4035 600 4034
f 600 4035 4036
f 1522 4036 4035
f 1522 4033 1524
f 1523 1447 1521
f 1520 4036 1522
f 1520 4037 4036
f 4036 4037 603
f 4038 603 4037
f 1518 4038 4037
f 1518 4039 4038
f 4039 604 4038
f 1518 4037 1520
f 1516 4039 1518
f 1516 4040 4039
f 4040 606 4039
f 1516 4041 4040
f 4041 607 4040
f 1515 4041 1516
f 1515 4042 4041
f 4042 609 4041
f 1510 4042 1515
f 4043 4042 1510
f 4043 4044 4042
f 4044 611 4042
f 1508 4044 4043
f 1508 4045 4044
f 4045 612 4044
f 1510 1515 1511
f 1508 4043 1510
f 1509 1466 1507
f 1506 4045 1508
f 1506 4046 4045
f 4046 614 4045
f 1507 1470 1505
f 1504 4046 1506
f 1504 4047 4046
f 4047 617 4046
f 1505 1472 1503
f 1502 4047 1504
f 1502 4048 4047
f 4048 621 4047
f 1503 1475 1501
f 1500 4048 1502
f 1500 4049 4048
f 4049 623 4048
f 1501 1480 1499
f 1498 4049 1500
f 1498 4050 4049
f 4050 624 4049
f 1498 2027 4050
f 2027 626 4050
f 1499 1482 1497
f 1496 2027 1498
f 1497 1485 1492
f 1495 2025 1496
f 1495 1494 2023
f 1493 2004 1494
f 1493 1491 2004
f 1490 2001 1491
f 1490 1489 2001
f 1488 2003 1489
f 1488 1486 2003
f 1492 1485 1487
f 1486 1484 1925
f 1497 1482 1485
f 1484 1483 1925
f 1483 1481 2817
f 1499 1480 1482
f 1481 1479 1885
f 1501 1477 1480
f 1479 1478 209
f 209 1478 1867
f 218 1867 1478
f 1478 4051 218
f 1478 1476 4051
f 1476 3873 4051
f 4051 3873 185
f 1501 1475 1477
f 1476 1474 3873
f 1503 1472 1475
f 1474 1473 3873
f 1473 1471 3230
f 1505 1470 1472
f 1507 1468 1470
f 937 1469 941
f 1467 3302 1469
f 1507 1466 1468
f 1509 1465 1466
f 1465 1463 1464
f 995 1461 1018
f 995 1018 4052
f 4052 1018 4053
f 4053 1004 4052
f 4052 1004 4054
f 997 4052 4054
f 1463 1513 1462
f 1462 1513 1459
f 1461 1460 1018
f 1460 1458 1018
f 1514 1457 1459
f 1458 1456 1052
f 1086 1458 1052
f 1052 1059 1086
f 1517 1454 1457
f 1456 1455 1052
f 1455 4055 1052
f 4055 4056 1052
f 4057 1052 4056
f 4057 4056 1096
f 4058 4057 1096
f 1055 4058 1096
f 1055 1096 1093
f 1054 4057 4058
f 4059 1096 4056
f 1096 4059 1105
f 4060 1105 4059
f 4059 4055 4060
f 4060 4055 4061
f 4060 4061 1106
f 4062 1106 4061
f 1106 4062 4063
f 4055 4063 4062
f 4055 1121 4063
f 4063 1121 1118
f 1453 1121 4055
f 4062 4061 4055
f 4056 4055 4059
f 1455 1453 4055
f 1519 1452 1454
f 1453 1451 1121
f 1451 1126 1121
f 1521 1449 1452
f 1451 1450 1126
f 1450 1448 2399
f 1521 1447 1449
f 1448 1446 2390
f 1523 1444 1447
f 1446 1445 2389
f 1445 1443 3924
f 1525 1442 1444
f 1443 1441 3923
f 1441 4064 3923
f 3923 4064 1205
f 1527 1439 1442
f 1441 1440 4064
f 1440 1234 4064
f 4064 1234 1228
f 1228 1234 1230
f 1440 1438 1234
f 1438 1240 1234
f 1527 1437 1439
f 1438 1436 1240
f 1529 1434 1437
f 1436 1435 1240
f 1435 4065 1240
f 1240 4065 4066
f 4066 4065 4067
f 4066 4067 1243
f 4068 1243 4067
f 1243 4068 1255
f 1243 1255 1252
f 4068 4069 1255
f 4069 4070 1255
f 4070 4071 1255
f 4070 4072 4071
f 4071 4072 1269
f 1280 1269 4072
f 4072 1293 1280
f 1280 1293 1266
f 1431 1293 4072
f 4065 4072 4070
f 1433 4072 4065
f 4065 4070 4069
f 4069 4068 4065
f 4067 4065 4068
f 1435 1433 4065
f 1531 1432 1434
f 1433 1431 4072
f 1533 1429 1432
f 1431 1430 1293
f 1430 1428 1293
f 1428 4073 1293
f 1293 4073 311
f 1533 1427 1429
f 1428 1426 4073
f 1535 1424 1427
f 1426 1425 4073
f 1425 4012 4073
f 4073 4012 318
f 1425 1423 4012
f 1537 1422 1424
f 1423 1421 4012
f 1539 1420 1422
f 1421 1419 4008
f 1420 1542 1418
f 1419 1416 4009
f 1417 1418 1545
f 1417 1545 1415
f 340 4009 1416
f 1415 1545 1414
f 338 1409 1412
f 338 2139 1409
f 1411 1410 335
f 1407 1409 2139
f 1385 1384 337
f 1383 2129 1384
f 1381 1333 2134
f 1330 1381 2134
f 1382 2129 1383
f 2128 1382 1380
f 2122 1380 1379
f 1353 1351 713
f 1352 1381 1330
f 1350 1349 4074
f 4074 4075 1350
f 4076 1350 4075
f 4076 4075 769
f 4076 769 730
f 769 4075 4077
f 773 4077 4075
f 4076 730 1350
f 773 4075 4074
f 773 4074 1349
f 1349 1345 2136
f 1407 1345 1344
f 1344 1339 1390
f 1341 1393 1295
f 1339 1342 1340
f 1286 1339 1337
f 1297 1336 1338
f 1343 1317 1335
f 1343 1335 1334
f 1333 1341 1334
f 2137 1333 1332
f 2137 1332 1331
f 1330 2134 1331
f 1348 1330 1329
f 1348 1329 1328
f 1328 1327 1348
f 1326 1348 1327
f 1325 1348 1326
f 1324 1348 1325
f 1347 1324 1323
f 1323 1322 1347
f 1317 1322 1320
f 1297 1321 1336
f 1317 1320 1319
f 1319 1318 1317
f 1337 1317 1314
f 2372 1314 1312
f 2372 1312 1311
f 2372 1311 1310
f 1310 1309 2372
f 2312 1309 1308
f 2312 1308 1307
f 1307 1306 2312
f 2311 1306 1305
f 1304 2361 1305
f 2312 1304 1303
f 1303 1302 2312
f 2369 1302 1301
f 2368 1301 1299
f 1299 1281 2368
f 1298 1300 1313
f 1282 1299 1296
f 1297 1298 1316
f 1297 1338 1295
f 1294 1295 1394
f 1394 1286 1294
f 1275 1286 2374
f 1284 305 1285
f 1287 1284 1283
f 1296 1283 1282
f 1299 1282 1281
f 1281 1276 2368
f 1276 1271 2368
f 1274 1275 2373
f 1273 1274 2371
f 1273 2368 1271
f 1280 1272 1270
f 1271 1276 1268
f 1280 1270 1269
f 4071 1269 1255
f 1268 1278 1267
f 1280 1266 1267
f 1266 1293 1265
f 1262 1259 1264
f 1260 285 1256
f 1259 1258 1264
f 1258 1257 1264
f 1257 1255 1264
f 1256 285 1254
f 1252 1255 1253
f 1244 1251 1247
f 1251 1249 1247
f 1250 1246 1248
f 1250 4078 1246
f 1250 284 4078
f 1246 4078 1242
f 4078 4079 1242
f 4079 1236 1242
f 4079 4080 1236
f 4080 4081 1236
f 4081 4082 1236
f 4082 4083 1236
f 4083 1231 1236
f 4084 1231 4083
f 4084 4085 1231
f 4085 4086 1231
f 1225 1231 4086
f 4085 279 4086
f 4084 279 4085
f 4087 279 4084
f 4087 4084 4081
f 4087 4081 4088
f 4087 4088 279
f 4084 4083 4082
f 4084 4082 4081
f 4088 4081 4080
f 4088 4080 281
f 4079 281 4080
f 283 4079 4078
f 1244 1247 1245
f 1243 1252 1244
f 1241 4066 1243
f 1240 4066 1241
f 1236 1239 1242
f 1240 1238 1237
f 1237 1235 1240
f 1234 1240 1235
f 1231 1233 1236
f 1232 1230 1234
f 1228 1230 1229
f 4064 1228 1227
f 4064 1227 4089
f 4064 4089 4090
f 4090 1207 4064
f 4090 4089 1215
f 1227 1215 4089
f 1226 1231 1225
f 1225 4086 279
f 1224 1223 1219
f 1223 1221 1219
f 1222 1217 1220
f 1224 1219 1218
f 1224 1218 1215
f 1222 1216 1217
f 1222 277 1216
f 1216 276 1214
f 1208 4090 1215
f 1214 275 1213
f 4091 1213 275
f 4091 1212 1213
f 4092 1212 4091
f 4092 4091 269
f 4092 1211 1212
f 268 1211 4092
f 268 1210 1211
f 268 1209 1210
f 268 1200 1209
f 4090 1208 1207
f 1205 4064 1207
f 1205 1204 3923
f 1200 1203 1206
f 1204 1202 1201
f 1199 1200 268
f 2442 1198 1197
f 1734 1197 1196
f 1196 1195 1770
f 1194 1771 1195
f 1193 1192 1194
f 1772 1192 1190
f 1772 1190 1189
f 1187 1788 1189
f 1188 1191 1180
f 1187 1186 1789
f 1185 1794 1186
f 1185 1184 1792
f 1182 1792 1184
f 4093 1792 1182
f 1792 4093 4094
f 1792 4094 1175
f 1177 1175 4094
f 4094 4093 1178
f 1182 1179 4093
f 1181 1183 1180
f 1179 1178 4093
f 1177 4094 1178
f 1176 1175 1177
f 1792 1175 1173
f 1792 1173 1172
f 1170 1795 1172
f 1171 1174 1163
f 1170 1169 1796
f 1168 1798 1169
f 1168 1167 1801
f 1165 1801 1167
f 1165 1162 3947
f 1164 1166 1163
f 1162 1161 3947
f 3945 1161 1160
f 3937 1160 1159
f 2453 1159 1158
f 1158 1157 2448
f 1155 2448 1157
f 1154 1198 1155
f 1154 1153 1201
f 1151 2347 1153
f 1151 1150 2347
f 2343 1150 1148
f 1146 1149 1152
f 2343 1148 1147
f 1144 2344 1147
f 1146 1156 1145
f 1145 1156 264
f 264 4095 1143
f 1143 4095 1142
f 263 1142 4095
f 263 1140 1142
f 1129 1144 1141
f 259 1135 1140
f 1137 1131 1132
f 1137 1130 1131
f 1137 1123 1130
f 1127 2398 1129
f 1127 1126 2398
f 1123 1125 1128
f 1122 1126 1124
f 1121 1126 1122
f 1117 1120 1123
f 1118 1121 1119
f 1106 4063 1118
f 1117 1123 1116
f 1116 1139 256
f 1115 1114 1110
f 1114 1112 1110
f 1113 1108 1111
f 1115 1110 1109
f 1115 1109 1106
f 1113 1107 1108
f 1113 255 1107
f 254 1104 1107
f 1105 4060 1106
f 1103 1100 1105
f 1101 251 1097
f 1100 1099 1105
f 1099 1098 1105
f 1098 1096 1105
f 1097 251 1095
f 1093 1096 1094
f 1057 1092 1088
f 1092 1090 1088
f 1091 1087 1089
f 1091 1084 1087
f 1091 250 1084
f 1085 1458 1086
f 1083 1458 1085
f 1018 1458 1083
f 1067 1056 1066
f 4096 1056 1067
f 4096 1067 1049
f 1065 1064 1068
f 1063 1077 1064
f 1062 1050 1063
f 1060 1050 1062
f 1060 1062 1061
f 1052 1060 1059
f 1058 1086 1059
f 1057 1088 1058
f 1055 1093 1057
f 1056 4096 1053
f 4097 1053 4096
f 1051 4097 4096
f 1051 4096 1042
f 1048 1042 4096
f 4058 1055 1054
f 1052 4057 1054
f 4097 1051 1053
f 1052 1050 1060
f 1067 1050 1049
f 4096 1049 1048
f 1042 1048 1047
f 3406 1046 1040
f 1070 1044 1046
f 1019 1070 1046
f 1043 1047 1045
f 1070 1022 1044
f 1047 1043 1042
f 1042 1040 1051
f 1039 3406 1040
f 3403 1039 1038
f 1038 1035 3375
f 1037 3376 1036
f 1034 1036 2409
f 2414 1035 1031
f 1033 1034 3381
f 1033 1037 1032
f 1030 1032 1037
f 3394 1031 1029
f 1030 1041 1022
f 3394 1029 1028
f 3399 1028 1027
f 1026 3440 1027
f 3461 1026 1025
f 3407 1025 1024
f 1046 1024 1023
f 1046 1023 1021
f 1022 1015 1020
f 1046 1021 1019
f 1070 1019 1018
f 4053 1018 1016
f 1020 1015 1017
f 1016 1004 4053
f 1015 1071 1014
f 1014 1082 246
f 1013 1012 1008
f 1012 1010 1008
f 1011 1006 1009
f 1013 1008 1007
f 1013 1007 1004
f 1011 1005 1006
f 1011 244 1005
f 243 1003 1005
f 998 4054 1004
f 1003 242 1002
f 4098 1002 242
f 4098 1001 1002
f 4099 1001 4098
f 4099 4098 240
f 4099 240 4100
f 4100 240 4101
f 4100 4101 993
f 4101 4102 993
f 987 993 4102
f 4101 240 4102
f 4099 4100 1001
f 4100 1000 1001
f 4100 999 1000
f 4100 993 999
f 4054 998 997
f 995 4052 997
f 996 993 994
f 991 995 992
f 3418 991 989
f 988 990 993
f 978 3415 989
f 988 993 987
f 987 4102 240
f 986 985 981
f 985 983 981
f 984 979 982
f 986 981 980
f 986 980 978
f 984 977 979
f 984 239 977
f 978 976 3434
f 975 977 970
f 238 970 977
f 991 976 974
f 1467 974 972
f 970 973 975
f 972 971 1467
f 969 3300 971
f 3299 969 966
f 967 235 965
f 965 235 4103
f 965 4103 959
f 4103 4104 959
f 949 959 4104
f 4103 235 4104
f 3298 966 964
f 964 963 3298
f 962 957 963
f 960 3425 962
f 965 959 961
f 3426 960 958
f 958 957 3426
f 957 955 963
f 955 953 3254
f 950 954 956
f 953 952 3254
f 952 951 3249
f 948 3303 951
f 950 959 949
f 949 4104 235
f 948 947 3306
f 947 946 3306
f 945 3306 946
f 945 943 3306
f 944 234 940
f 3305 943 942
f 941 1469 942
f 941 939 937
f 1471 937 935
f 934 936 938
f 3240 935 933
f 933 932 3240
f 930 3243 932
f 930 929 3243
f 929 928 3205
f 2734 928 927
f 927 926 3202
f 3199 926 924
f 225 921 925
f 2787 924 923
f 2783 923 922
f 2775 922 919
f 921 3874 920
f 920 3874 4105
f 4105 3874 843
f 4105 917 920
f 917 4105 4106
f 917 4106 907
f 4106 842 907
f 4106 4105 842
f 2771 919 918
f 2789 918 916
f 3072 916 915
f 3070 915 914
f 3061 914 913
f 912 2939 913
f 911 899 912
f 899 911 4107
f 4107 911 903
f 903 911 910
f 907 909 917
f 903 910 905
f 904 906 902
f 4107 903 901
f 894 900 902
f 4107 901 899
f 2933 899 898
f 897 2913 898
f 2915 897 895
f 894 896 900
f 895 892 2923
f 894 840 893
f 892 891 2923
f 3600 891 889
f 838 888 890
f 3586 889 887
f 3584 887 886
f 884 885 858
f 882 886 883
f 881 3580 882
f 879 3579 881
f 879 878 3658
f 3655 878 876
f 873 876 874
f 873 872 3653
f 871 3649 872
f 871 869 3644
f 870 875 866
f 869 868 3606
f 867 3611 868
f 865 3612 867
f 875 863 866
f 865 864 3617
f 861 3617 864
f 863 877 862
f 862 880 860
f 859 3617 861
f 858 860 884
f 885 857 858
f 837 853 857
f 859 856 855
f 3638 855 854
f 850 852 3915
f 848 854 851
f 849 850 3281
f 848 847 854
f 3217 847 846
f 846 844 3875
f 3874 844 843
f 4105 843 842
f 907 842 840
f 840 838 893
f 888 838 837
f 836 853 837
f 836 835 852
f 835 834 3550
f 832 3549 834
f 3549 832 830
f 830 829 3549
f 829 827 3530
f 826 828 792
f 792 2144 826
f 825 3528 827
f 824 826 2144
f 825 823 3528
f 822 824 2146
f 823 821 3525
f 820 822 1379
f 821 818 3514
f 819 820 817
f 816 3512 818
f 817 1358 815
f 816 812 3510
f 814 815 1373
f 814 1361 813
f 813 1362 811
f 810 3682 812
f 808 811 1362
f 810 809 3682
f 807 3674 809
f 806 808 1362
f 807 805 3684
f 804 806 1363
f 805 803 3686
f 802 804 1364
f 803 801 3698
f 694 802 1364
f 3700 801 800
f 3705 800 798
f 694 796 799
f 3716 798 797
f 797 159 3716
f 796 694 691
f 795 794 831
f 795 831 160
f 794 792 828
f 2144 792 791
f 791 790 2140
f 787 422 373
f 363 786 787
f 784 786 359
f 783 790 785
f 354 784 1549
f 366 1549 784
f 782 2124 783
f 781 777 782
f 778 779 1547
f 365 778 1549
f 776 775 777
f 773 1349 775
f 773 771 4077
f 772 662 770
f 4108 770 662
f 767 770 4108
f 767 4108 660
f 769 4077 771
f 768 770 767
f 763 4109 766
f 735 766 4109
f 763 4110 4109
f 749 4109 4110
f 749 737 4109
f 4110 763 4111
f 750 4110 4111
f 761 4111 763
f 4111 761 760
f 760 752 4111
f 561 751 754
f 752 760 753
f 750 4111 752
f 750 749 4110
f 739 737 749
f 738 746 736
f 737 735 4109
f 766 735 734
f 731 734 733
f 736 728 732
f 769 731 730
f 729 1350 730
f 729 726 1350
f 736 727 728
f 745 725 727
f 725 546 717
f 715 714 726
f 714 713 1351
f 695 713 712
f 708 695 712
f 716 710 711
f 708 712 709
f 707 695 708
f 696 707 706
f 696 706 4112
f 696 4112 4113
f 696 4113 4114
f 4114 4113 4115
f 4116 4114 4115
f 4116 4115 4117
f 4118 4116 4117
f 700 4118 4117
f 700 4117 4119
f 4118 699 4116
f 4117 4115 4119
f 4115 4120 4119
f 4119 4120 701
f 4120 703 701
f 4120 4112 703
f 4116 698 4114
f 4115 4113 4120
f 4113 4112 4120
f 4112 706 703
f 704 705 710
f 722 690 704
f 702 701 703
f 700 4119 701
f 699 4118 700
f 698 4116 699
f 696 4114 698
f 696 695 707
f 694 1364 695
f 697 690 693
f 691 694 692
f 793 691 689
f 722 686 690
f 793 689 688
f 793 688 687
f 793 687 685
f 680 686 723
f 685 684 789
f 684 683 789
f 683 682 789
f 681 789 682
f 789 681 425
f 396 677 676
f 676 674 4121
f 676 4121 395
f 4121 674 394
f 675 679 670
f 670 679 4122
f 4122 679 503
f 4123 4122 503
f 4123 503 4124
f 4123 4124 4125
f 476 4125 4124
f 4124 4126 476
f 501 4126 4124
f 4123 4125 4122
f 475 4122 4125
f 674 673 394
f 673 672 394
f 665 394 672
f 671 665 672
f 670 4122 669
f 669 4122 475
f 671 666 665
f 663 394 665
f 663 774 394
f 647 661 664
f 662 774 663
f 660 4108 662
f 649 659 661
f 767 660 658
f 651 656 659
f 765 658 657
f 655 588 657
f 652 4027 654
f 653 656 651
f 4027 652 650
f 651 659 649
f 648 4026 650
f 649 661 647
f 646 2033 648
f 647 664 644
f 645 2032 646
f 643 2031 645
f 644 668 641
f 641 668 4127
f 4127 668 473
f 642 2030 643
f 640 2014 642
f 641 4127 637
f 637 4127 4128
f 4128 4127 471
f 640 639 2016
f 638 2016 639
f 634 2029 638
f 637 4128 467
f 634 633 2029
f 2022 633 632
f 630 2024 632
f 631 636 628
f 2024 630 629
f 627 2026 629
f 628 3328 625
f 626 2027 627
f 624 4050 626
f 625 3321 622
f 623 4049 624
f 621 4048 623
f 622 3329 620
f 619 4047 621
f 620 3334 618
f 4047 619 617
f 618 3336 616
f 614 4046 617
f 616 3338 615
f 615 3340 613
f 612 4045 614
f 613 3355 610
f 611 4044 612
f 609 4042 611
f 610 3352 608
f 607 4041 609
f 608 3353 605
f 606 4040 607
f 604 4039 606
f 605 2334 602
f 603 4038 604
f 603 601 4036
f 602 2333 599
f 599 2333 584
f 4036 601 600
f 598 4034 600
f 599 584 596
f 4034 598 597
f 595 4032 597
f 596 585 594
f 593 4031 595
f 592 4030 593
f 591 4029 592
f 590 654 591
f 590 588 655
f 594 587 589
f 762 588 586
f 594 585 587
f 596 584 585
f 584 2333 583
f 581 586 582
f 581 580 759
f 579 756 580
f 577 758 579
f 758 577 572
f 578 583 576
f 576 2326 575
f 574 572 577
f 573 575 571
f 570 758 572
f 571 3738 569
f 566 757 570
f 569 3739 568
f 3741 567 568
f 567 3744 564
f 566 565 757
f 565 563 754
f 564 3753 562
f 563 561 754
f 562 3754 559
f 559 3754 4129
f 554 4129 3754
f 561 560 751
f 558 748 560
f 559 4129 554
f 558 557 556
f 556 555 743
f 747 555 553
f 551 554 3754
f 747 553 552
f 747 552 549
f 551 3756 550
f 542 550 3756
f 4130 542 3756
f 47 4130 3756
f 45 542 4130
f 747 549 548
f 725 548 546
f 547 550 544
f 545 717 546
f 544 550 542
f 545 543 541
f 545 541 540
f 718 540 538
f 542 45 539
f 718 538 537
f 535 718 537
f 536 44 534
f 533 724 535
f 534 44 531
f 532 724 533
f 532 530 529
f 510 532 529
f 510 529 528
f 515 500 514
f 514 500 4131
f 514 4131 509
f 509 4131 506
f 513 512 528
f 510 528 512
f 511 514 509
f 532 510 508
f 508 505 680
f 509 506 507
f 506 4131 502
f 505 504 680
f 503 679 504
f 501 4124 503
f 4131 500 502
f 501 499 4126
f 499 479 4126
f 515 498 500
f 499 496 479
f 515 497 498
f 517 495 497
f 496 494 482
f 519 493 495
f 494 489 484
f 521 492 493
f 521 25 492
f 492 24 490
f 487 488 491
f 491 4132 487
f 462 487 4132
f 4132 491 20
f 470 483 486
f 489 485 484
f 494 484 482
f 470 481 483
f 496 482 480
f 470 478 481
f 496 480 479
f 4126 479 477
f 477 476 4126
f 475 4125 476
f 475 474 667
f 668 474 473
f 4127 473 471
f 472 478 470
f 4128 471 469
f 470 486 468
f 4128 469 467
f 468 487 465
f 635 467 466
f 635 466 464
f 465 487 462
f 636 464 463
f 461 3322 463
f 462 4132 19
f 460 3324 461
f 459 3324 460
f 459 457 3327
f 458 15 454
f 3313 457 456
f 3313 456 455
f 3314 455 449
f 3314 449 4133
f 196 3314 4133
f 196 4133 443
f 4134 196 443
f 449 443 4133
f 443 449 446
f 4135 414 453
f 3318 4135 453
f 3318 453 4136
f 3318 4136 168
f 4137 4136 453
f 453 9 4137
f 4137 9 4138
f 4139 4138 9
f 4138 4139 4140
f 4136 4138 4140
f 4136 4140 165
f 4140 4141 165
f 4141 4142 165
f 4143 165 4142
f 4143 4142 4139
f 4139 132 4143
f 4139 4144 132
f 4144 83 132
f 4144 76 83
f 4145 76 4144
f 4145 4144 4146
f 4145 4146 4147
f 4145 4147 4148
f 4145 4148 4149
f 4145 4149 4150
f 4145 4150 4151
f 4152 4145 4151
f 4151 4153 4152
f 4153 4154 4152
f 4152 4154 4155
f 4152 4155 4156
f 4152 4156 75
f 4156 4157 75
f 4158 75 4157
f 4159 4158 4157
f 4159 4157 4147
f 4159 6 4158
f 59 4158 6
f 69 4158 59
f 4160 6 4159
f 4159 4161 4160
f 4162 4160 4161
f 4144 4162 4161
f 4160 4162 7
f 7 4162 4139
f 4159 4146 4161
f 4156 4155 4157
f 4163 4157 4155
f 4164 4163 4155
f 4165 4163 4164
f 4166 4165 4164
f 4154 4166 4164
f 4154 4167 4166
f 4167 4168 4166
f 4168 4167 4153
f 4168 4165 4166
f 4168 4150 4165
f 4165 4149 4163
f 4163 4148 4157
f 4154 4164 4155
f 4154 4153 4167
f 4153 4151 4168
f 4150 4168 4151
f 4150 4149 4165
f 4149 4148 4163
f 4148 4147 4157
f 4159 4147 4146
f 4146 4144 4161
f 4152 76 4145
f 4144 4139 4162
f 165 4143 135
f 165 135 162
f 4141 4139 4142
f 4140 4139 4141
f 4136 4137 4138
f 4135 3318 4169
f 4169 4170 4135
f 4169 1894 4170
f 4170 1894 412
f 200 412 1894
f 4169 3318 1894
f 3318 193 1894
f 414 4135 4170
f 449 452 451
f 450 414 448
f 446 449 447
f 443 446 445
f 4134 443 441
f 4171 4134 441
f 4134 4171 4172
f 4134 4172 4173
f 4134 4173 197
f 4173 4172 198
f 4172 4174 198
f 4172 4171 4174
f 408 4174 4171
f 440 442 415
f 4171 441 438
f 407 4171 438
f 439 417 437
f 436 406 438
f 432 419 431
f 398 403 430
f 427 398 428
f 426 398 427
f 677 398 426
f 426 425 677
f 789 425 424
f 424 423 789
f 788 423 422
f 422 421 374
f 418 3187 421
f 419 420 429
f 417 419 435
f 418 416 3186
f 415 417 440
f 1916 416 413
f 414 415 444
f 414 4170 412
f 413 411 1913
f 410 1913 411
f 198 4174 408
f 1916 410 409
f 409 404 1972
f 408 4171 407
f 407 438 406
f 406 434 405
f 405 433 403
f 402 1983 404
f 401 1983 402
f 401 399 3932
f 403 398 400
f 397 3932 399
f 3932 397 391
f 398 677 396
f 395 396 676
f 395 4121 394
f 394 774 393
f 392 391 397
f 363 787 373
f 390 3932 391
f 390 388 387
f 390 387 386
f 385 2035 386
f 384 2034 385
f 3929 384 383
f 383 381 379
f 378 380 382
f 377 3931 379
f 377 376 3931
f 376 374 1993
f 375 378 371
f 374 373 422
f 364 373 372
f 369 371 389
f 370 368 1551
f 389 364 369
f 367 1551 368
f 784 359 366
f 366 365 1549
f 363 393 365
f 364 372 362
f 361 786 363
f 372 360 362
f 361 359 786
f 360 370 358
f 367 359 357
f 358 1559 353
f 367 357 356
f 367 356 355
f 354 1549 355
f 352 780 354
f 349 353 4025
f 351 779 352
f 1545 351 350
f 1545 350 348
f 349 4022 344
f 1545 348 347
f 347 346 2132
f 345 1414 346
f 1412 345 343
f 344 4018 342
f 1412 343 341
f 4007 340 342
f 1412 341 339
f 340 1413 335
f 1412 339 338
f 337 2139 338
f 1385 337 336
f 334 1408 336
f 333 335 3997
f 332 1410 334
f 333 3996 329
f 331 1410 332
f 4012 331 330
f 4012 330 328
f 3988 325 329
f 4012 328 327
f 327 326 4012
f 324 4012 326
f 3982 323 325
f 322 4012 324
f 320 323 3978
f 321 4012 322
f 319 4012 321
f 320 3977 316
f 318 4012 319
f 4073 318 317
f 317 315 4073
f 312 4073 315
f 1610 313 316
f 312 315 314
f 1611 310 313
f 311 4073 312
f 1293 311 309
f 1293 309 308
f 1291 308 307
f 306 1289 307
f 1284 306 305
f 304 1292 305
f 1265 304 303
f 300 4175 303
f 295 303 4175
f 300 297 4175
f 302 310 301
f 301 1613 292
f 300 299 297
f 299 298 297
f 295 4175 297
f 295 294 303
f 293 296 292
f 292 1603 291
f 1681 288 291
f 294 290 289
f 1263 289 287
f 1687 286 288
f 1261 287 285
f 282 286 1700
f 1250 285 284
f 4078 284 283
f 4079 283 281
f 3956 280 282
f 4088 281 279
f 1759 278 280
f 1222 279 277
f 1761 274 278
f 1216 277 276
f 1214 276 275
f 4091 275 269
f 1797 273 274
f 1826 272 273
f 3935 271 272
f 3935 270 271
f 261 267 270
f 268 4092 269
f 266 1180 268
f 265 1163 266
f 264 1156 265
f 263 4095 264
f 263 260 1140
f 262 267 261
f 1835 257 261
f 259 1140 260
f 258 1135 259
f 1134 258 256
f 1837 252 257
f 1113 256 255
f 254 1107 255
f 1104 254 253
f 1102 253 251
f 1840 249 252
f 1091 251 250
f 248 1084 250
f 1842 245 249
f 247 1077 248
f 1078 247 246
f 1011 246 244
f 1845 241 245
f 243 1005 244
f 242 1003 243
f 4098 242 240
f 1848 236 241
f 984 240 239
f 238 977 239
f 237 970 238
f 968 237 235
f 1851 232 236
f 944 235 234
f 233 940 234
f 231 934 233
f 1854 229 232
f 230 931 231
f 228 925 230
f 1856 227 229
f 925 228 225
f 227 1860 226
f 224 226 219
f 921 225 222
f 224 220 223
f 221 223 220
f 224 219 220
f 219 1867 218
f 218 4051 217
f 4051 4176 217
f 4051 211 4176
f 212 217 4176
f 222 216 215
f 189 214 213
f 1867 213 210
f 212 4176 211
f 4051 186 211
f 210 209 1867
f 191 208 186
f 189 206 208
f 204 189 208
f 203 209 207
f 206 1878 205
f 205 190 204
f 191 204 208
f 202 209 203
f 201 1893 202
f 1894 201 200
f 412 200 199
f 412 199 198
f 197 4173 198
f 197 196 4134
f 196 195 3314
f 195 184 3315
f 3318 184 194
f 3318 194 193
f 192 1894 193
f 192 190 1895
f 204 190 189
f 214 189 187
f 186 188 191
f 187 184 214
f 185 186 4051
f 182 185 3873
f 215 184 183
f 175 3317 183
f 182 3228 181
f 181 179 180
f 178 179 3317
f 177 178 3317
f 171 176 177
f 174 3234 175
f 172 3309 174
f 171 173 176
f 172 170 849
f 168 171 3318
f 169 845 170
f 167 841 169
f 165 168 4136
f 167 166 839
f 833 166 164
f 833 164 161
f 163 165 162
f 160 831 161
f 795 160 159
f 157 3707 159
f 153 158 162
f 162 138 153
f 3704 157 156
f 155 3701 156
f 155 154 147
f 154 152 147
f 153 142 151
f 152 150 147
f 151 148 149
f 151 145 148
f 147 146 155
f 140 146 144
f 145 151 143
f 142 143 151
f 153 139 142
f 141 140 144
f 137 146 140
f 139 153 138
f 162 136 138
f 3699 137 134
f 162 135 136
f 4143 132 135
f 3699 134 133
f 3699 133 131
f 132 83 130
f 131 129 3699
f 127 130 83
f 129 128 3688
f 3685 128 126
f 126 125 3720
f 2426 125 122
f 120 2426 122
f 119 105 120
f 112 117 115
f 113 114 121
f 113 123 111
f 110 118 112
f 109 111 123
f 110 107 118
f 108 109 124
f 107 105 119
f 106 108 104
f 103 120 105
f 120 103 102
f 102 101 3920
f 100 3920 101
f 3920 100 99
f 3920 99 97
f 104 96 98
f 94 93 97
f 92 3922 93
f 3918 92 88
f 89 90 91
f 87 89 91
f 85 3919 88
f 87 96 86
f 127 83 86
f 85 84 3919
f 82 3916 84
f 83 76 81
f 80 79 82
f 3281 79 77
f 76 78 81
f 77 74 3281
f 4152 75 76
f 71 75 4158
f 73 3280 74
f 72 3274 73
f 72 70 3786
f 71 4158 69
f 70 68 3786
f 68 67 3786
f 3788 67 66
f 3788 66 65
f 65 63 3772
f 3868 63 56
f 62 64 61
f 69 59 61
f 56 60 58
f 55 53 56
f 52 3867 53
f 52 50 3763
f 48 51 40
f 50 49 3759
f 3756 49 47
f 4130 47 46
f 45 4130 46
f 536 45 44
f 43 531 44
f 43 41 516
f 40 42 48
f 41 39 518
f 40 54 38
f 37 527 39
f 36 527 37
f 36 33 32
f 525 32 29
f 525 29 28
f 27 521 28
f 27 25 521
f 26 31 23
f 25 24 492
f 24 22 490
f 23 31 21
f 22 20 491
f 20 19 4132
f 16 19 18
f 21 13 17
f 458 16 15
f 14 454 15
f 14 10 454
f 21 12 13
f 30 11 12
f 11 34 8
f 10 9 453
f 7 4139 9
f 5 8 34
f 7 6 4160
f 59 6 4
f 34 1 5
f 57 4 3
f 38 3 2
f 1 35 2

