# Exported from 3D Builder
o Object.1
v 34.110298 -24.202101 35.868698
v 34.210300 -24.102100 35.948700
v 32.930298 -20.762100 34.828701
v 33.990303 -24.242100 35.748699
v 31.350300 -24.442101 36.348701
v 31.350300 -24.542101 36.108700
v 28.370300 -24.582100 36.168701
v 30.870300 -24.582100 36.108700
v 29.090300 -24.662100 36.008701
v 28.470301 -24.682100 35.948700
v 26.490299 -24.682100 35.848701
v 26.410301 -24.602100 35.948700
v 26.350300 -24.362101 36.028702
v 28.430302 -24.342100 36.268700
v 27.970301 -20.942101 36.268700
v 29.650301 -20.922100 36.448700
v 29.030300 -24.322100 36.328701
v 30.910301 -24.222099 36.448700
v 31.710300 -20.862101 36.488701
v 31.330301 -24.202101 36.448700
v 32.610298 -24.082100 36.368698
v 33.010300 -20.802099 36.368698
v 34.290298 -23.862101 36.008701
v 34.330299 -22.282101 36.028702
v 34.370300 -20.702101 36.028702
v 33.890301 -20.682100 34.588699
v 35.350300 -20.662100 37.288700
v 35.230301 -20.602100 35.708698
v 37.210300 -20.442101 36.388699
v 35.510300 -20.582100 35.588699
v 35.810303 -20.542101 35.448700
v 35.950302 -20.422100 33.788700
v 36.650299 -20.422100 34.988701
v 38.970299 -20.162100 35.268700
v 38.050301 -20.182100 34.068699
v 39.330299 -19.902100 33.128700
v 40.690300 -19.782101 33.928699
v 40.610298 -19.542101 32.048702
v 42.410301 -19.302099 32.448700
v 41.950302 -19.102100 30.848700
v 43.230301 -19.022100 31.688700
v 41.410301 -19.042101 29.868700
v 42.630302 -18.842100 30.208700
v 44.070301 -18.682100 30.868700
v 42.830299 -18.782101 30.028700
v 43.010300 -18.702101 29.848700
v 43.770302 -18.682100 30.548700
v 45.070301 -18.322100 29.868700
v 45.790302 -18.062099 28.588699
v 46.090302 -18.062099 28.848700
v 48.070301 -17.862101 26.788700
v 47.830299 -17.862101 26.568701
v 45.450302 -17.982100 27.428699
v 43.850300 -18.382099 29.048700
v 43.110298 -18.662100 29.748699
v 42.910301 -18.302099 27.608700
v 43.650299 -18.122101 26.888700
v 42.890301 -18.262100 27.248699
v 42.890301 -20.542101 27.568701
v 43.050301 -21.022100 29.308701
v 43.070301 -21.022100 29.508699
v 42.390301 -21.422100 30.108700
v 42.510300 -21.302099 30.148701
v 43.070301 -20.922100 29.668699
v 42.610298 -21.022100 30.168699
v 42.850300 -20.902100 29.948700
v 43.090302 -20.762100 29.728701
v 43.110298 -19.142099 29.748699
v 43.010300 -19.142099 29.848700
v 42.230301 -21.482100 30.068701
v 42.630302 -21.262100 29.688700
v 40.910301 -21.102100 27.488699
v 41.630302 -20.702101 26.848700
v 42.730301 -19.902100 25.648701
v 42.750298 -20.002100 25.828699
v 42.710300 -18.062099 25.348700
v 42.710300 -19.782101 25.508699
v 42.710300 -18.602100 25.368700
v 42.710300 -19.142099 25.368700
v 42.710300 -19.482100 25.388700
v 42.590302 -19.562099 25.488699
v 41.590302 -19.142099 26.408699
v 40.590302 -20.802099 27.348700
v 40.750298 -21.002100 27.328699
v 38.610298 -22.062099 29.108700
v 38.850300 -22.122101 29.168699
v 40.610298 -21.282101 27.728701
v 40.410301 -21.922100 29.588699
v 40.390301 -19.182100 29.608700
v 40.690300 -19.282101 30.508699
v 38.430298 -19.482100 29.068701
v 39.630302 -19.442101 30.228701
v 37.610298 -19.742100 29.688700
v 36.250298 -20.062099 30.308701
v 37.350300 -19.822100 29.868700
v 37.090302 -19.882099 30.048700
v 36.230301 -20.102100 30.588699
v 33.970299 -20.522100 31.428699
v 34.890301 -20.382099 31.328699
v 33.650299 -20.582100 31.828699
v 31.530300 -20.802099 32.068703
v 32.450302 -20.722099 32.148701
v 31.210300 -20.842100 32.348701
v 28.930300 -20.942101 32.168701
v 30.010300 -20.902100 32.388702
v 32.270302 -20.802099 34.288700
v 33.210300 -20.722099 34.028702
v 31.250299 -22.122101 32.368702
v 31.290300 -23.402100 32.388702
v 31.330301 -23.562099 32.428699
v 31.470301 -23.702101 32.548702
v 36.190300 -22.862101 30.748699
v 36.190300 -22.942101 30.828699
v 36.210300 -22.642099 30.668699
v 36.170300 -23.022100 30.968700
v 36.030300 -20.342100 32.908699
v 36.870300 -20.182100 32.428699
v 36.790298 -20.282101 33.368702
v 36.890301 -23.402100 32.488701
v 36.730301 -23.702101 34.528702
v 37.290298 -23.542101 34.168701
v 37.070301 -22.782101 30.428699
v 38.810303 -23.042101 33.048702
v 37.510300 -22.642099 30.128700
v 37.990303 -22.482100 29.808701
v 39.630302 -22.742100 32.408699
v 40.070301 -22.562099 32.028702
v 39.710300 -22.282101 30.268700
v 41.510300 -21.862101 30.748699
v 41.670300 -21.802099 30.788700
v 41.790298 -21.682100 30.828699
v 41.890301 -21.422100 30.848700
v 40.310303 -22.182100 32.248699
v 39.730301 -22.422100 32.728703
v 39.770302 -22.622101 32.588699
v 38.950302 -22.722099 33.368702
v 37.750298 -23.122101 34.228699
v 37.450302 -23.202101 34.428699
v 36.690300 -23.402100 34.908699
v 36.690300 -23.622101 34.808701
v 37.450302 -23.422100 34.308701
v 37.750298 -22.402100 29.748699
v 37.650299 -22.182100 29.708700
v 37.090302 -22.602100 30.168699
v 37.090302 -22.702101 30.288700
v 37.110298 -22.382099 30.088699
v 37.370300 -22.282101 29.908699
v 35.990303 -23.682100 33.128700
v 35.810303 -23.922100 35.028702
v 35.810303 -23.882099 35.168701
v 35.050301 -24.042101 35.528702
v 35.130302 -23.962099 35.608700
v 35.790298 -23.822100 35.288700
v 35.790298 -23.602100 35.388699
v 35.790298 -22.062099 35.428699
v 35.490303 -23.662100 35.548698
v 35.210300 -23.722099 35.668701
v 34.930298 -24.082100 35.428699
v 35.370300 -24.002100 35.248699
v 33.650299 -23.482100 32.088699
v 34.890301 -23.282101 31.608700
v 33.130302 -24.162100 33.928699
v 34.850300 -22.962099 31.388700
v 32.430298 -23.302099 32.208702
v 33.550301 -23.162100 31.908699
v 32.110298 -24.302099 34.188702
v 30.230301 -23.762100 32.608700
v 30.150301 -23.722099 32.528702
v 30.090300 -23.642099 32.488701
v 30.030300 -23.482100 32.428699
v 29.710300 -23.502100 32.428699
v 29.370300 -20.962099 32.368702
v 29.370300 -22.242100 32.388702
v 29.370300 -23.522100 32.408699
v 29.290300 -23.742100 32.508701
v 28.830301 -20.962099 33.028702
v 29.230301 -23.822100 32.568703
v 29.750299 -23.802099 32.588699
v 27.910301 -24.582100 34.168701
v 27.810301 -20.962099 34.228699
v 26.590302 -24.702101 35.728699
v 26.310301 -20.962099 36.008701
v 26.850300 -20.962099 34.128700
v 27.790300 -20.962099 33.028702
v 26.930302 -24.582100 33.988701
v 28.210300 -23.842100 32.488701
v 27.170300 -23.842100 32.348701
v 26.230301 -23.842100 32.228703
v 25.530300 -24.702101 35.628700
v 25.690300 -24.682100 34.388699
v 25.030300 -24.722099 35.548698
v 24.130301 -23.842100 31.888700
v 24.430302 -24.722099 35.468700
v 22.990299 -24.582100 33.388702
v 21.650261 -23.842100 31.488699
v 22.690300 -20.962099 33.028702
v 23.070301 -20.962099 33.568699
v 23.610300 -20.962099 35.748699
v 24.690300 -20.962099 35.868698
v 25.510300 -20.962099 36.008701
v 25.330299 -20.962099 35.948700
v 25.030300 -24.382099 35.868698
v 25.330299 -24.382099 35.888699
v 25.390301 -24.582100 35.828701
v 24.610300 -24.582100 35.728699
v 24.530300 -24.682100 35.608700
v 24.670300 -24.382099 35.808701
v 25.790300 -20.962099 36.008701
v 25.390301 -20.962099 36.708698
v 25.250301 -20.962099 37.448700
v 23.110300 -20.962099 36.008701
v 23.130301 -20.962099 37.188702
v 23.910301 -24.722099 37.228699
v 22.270260 -24.722099 37.028702
v 21.090260 -20.962099 36.948700
v 20.410259 -24.722099 36.788700
v 19.130260 -20.962099 36.708698
v 18.410259 -24.722099 36.548698
v 17.330261 -20.962099 36.488701
v 16.550261 -24.722099 36.328701
v 15.710260 -20.962099 36.288700
v 14.910260 -24.722099 36.108700
v 14.290260 -20.962099 36.108700
v 13.510261 -20.962099 36.008701
v 13.450260 -24.722099 35.948700
v 13.030260 -20.962099 35.948700
v 12.170260 -24.722099 35.788700
v 11.890261 -20.962099 35.808701
v 11.070260 -24.722099 35.648701
v 10.850261 -20.962099 35.688702
v 10.090261 -24.722099 35.528702
v 9.950260 -20.962099 35.568699
v 9.210260 -24.722099 35.428699
v 9.130260 -20.962099 35.468700
v 8.450260 -24.722099 35.328701
v 8.390261 -20.962099 35.388699
v 7.770260 -24.722099 35.248699
v 7.750260 -20.962099 35.308701
v 7.170260 -20.962099 35.228699
v 7.170260 -24.722099 35.168701
v 6.650260 -20.962099 35.168701
v 6.610260 -24.722099 35.108700
v 6.210260 -20.962099 35.108700
v 6.070261 -24.722099 35.028702
v 5.790260 -20.962099 35.068699
v 5.530261 -24.722099 34.968700
v 5.370260 -20.962099 35.028702
v 4.970261 -24.722099 34.908699
v 4.950260 -20.962099 34.968700
v 4.530260 -20.962099 34.948700
v 4.350261 -24.722099 34.868698
v 4.110260 -20.962099 34.908699
v 3.710260 -24.722099 34.828701
v 3.690260 -20.962099 34.888699
v 3.250260 -20.962099 34.888699
v 3.130260 -24.722099 34.808701
v 2.770261 -20.962099 34.888699
v 2.630301 -24.722099 34.828701
v 2.250300 -20.962099 34.908699
v 2.190300 -24.722099 34.848701
v 1.690300 -20.962099 34.928699
v 1.770300 -24.722099 34.868698
v 1.350301 -24.722099 34.888699
v 1.090301 -20.962099 34.968700
v 0.910300 -24.722099 34.908699
v 0.450300 -20.962099 35.028702
v 0.430301 -24.722099 34.948700
v -0.209700 -20.962099 35.068699
v -0.069699 -24.722099 34.988701
v -0.589700 -24.722099 35.048698
v -0.889700 -20.962099 35.128700
v -1.149699 -24.722099 35.088699
v -1.569699 -20.962099 35.188702
v -1.749700 -24.722099 35.148701
v -2.229700 -20.962099 35.248699
v -2.389700 -24.722099 35.208698
v -2.909699 -20.962099 35.308701
v -3.069699 -24.722099 35.268700
v -3.629700 -20.962099 35.388699
v -3.769699 -24.722099 35.328701
v -4.449699 -20.962099 35.468700
v -4.529699 -24.722099 35.408699
v -5.389700 -20.962099 35.548698
v -5.309700 -24.722099 35.468700
v -6.129700 -24.722099 35.548698
v -6.489700 -20.962099 35.648701
v -6.989700 -24.722099 35.628700
v -7.829700 -20.962099 35.788700
v -7.829700 -21.102100 35.788700
v -7.869699 -22.842100 35.748699
v -7.889700 -24.102100 35.728699
v -7.909700 -24.722099 35.728699
v -7.809700 -25.262100 35.548698
v -8.689699 -27.082100 36.588699
v -7.389700 -27.082100 34.648701
v -7.569700 -25.622101 35.088699
v -6.149700 -25.622101 34.968700
v -5.029699 -25.262100 35.288700
v -4.949699 -25.622101 34.848701
v -3.909700 -25.622101 34.748699
v -3.049700 -25.622101 34.668701
v -2.249700 -25.262100 35.028702
v -2.269700 -25.622101 34.588699
v -1.609699 -25.622101 34.528702
v -1.029699 -25.622101 34.488701
v -0.369699 -25.622101 34.428699
v 0.410300 -25.622101 34.368698
v 0.530300 -25.262100 34.788700
v 1.110300 -25.622101 34.308701
v 1.710300 -25.622101 34.268700
v 2.210300 -25.622101 34.248699
v 2.630301 -25.622101 34.228699
v 3.010261 -25.622101 34.228699
v 3.270261 -25.262100 34.648701
v 3.450260 -25.622101 34.228699
v 3.950260 -25.622101 34.248699
v 4.350261 -25.622101 34.268700
v 4.770260 -25.622101 34.308701
v 5.270260 -25.622101 34.348701
v 5.850260 -25.622101 34.408699
v 6.010261 -25.262100 34.868698
v 6.550261 -25.622101 34.488701
v 7.350260 -25.622101 34.588699
v 8.050261 -25.622101 34.688702
v 8.670260 -25.622101 34.748699
v 8.790260 -25.262100 35.188702
v 9.390261 -25.622101 34.848701
v 10.210260 -25.622101 34.948700
v 11.050261 -25.622101 35.048698
v 11.550261 -25.262100 35.528702
v 11.990260 -25.622101 35.168701
v 13.110260 -25.622101 35.308701
v 14.370260 -25.622101 35.448700
v 14.310261 -25.262100 35.868698
v 15.530260 -25.622101 35.588699
v 16.630260 -25.622101 35.728699
v 17.090260 -25.262100 36.208698
v 17.790260 -25.622101 35.868698
v 19.070261 -25.622101 36.028702
v 19.850260 -25.262100 36.548698
v 20.450260 -25.622101 36.208698
v 21.950260 -25.622101 36.388699
v 22.630260 -25.262100 36.888699
v 23.570301 -25.622101 36.588699
v 25.450300 -25.622101 36.808701
v 25.390301 -25.262100 37.228699
v 25.370300 -24.722099 37.408699
v 28.110300 -25.242100 37.568699
v 27.750301 -25.602100 37.108700
v 30.170300 -25.502100 37.328701
v 30.870300 -25.122101 37.768700
v 33.070301 -25.262100 37.268700
v 33.650299 -24.902100 37.548698
v 35.270302 -24.982100 36.708698
v 36.290298 -24.542101 36.648701
v 37.730301 -24.502100 35.488701
v 38.650299 -24.022100 35.268700
v 39.290298 -24.042101 34.448700
v 40.770302 -23.322100 33.648701
v 41.030300 -23.402100 33.088699
v 42.750298 -22.462099 31.948700
v 42.750298 -22.602100 31.608700
v 44.510300 -21.622101 29.968700
v 44.610298 -21.442101 30.188700
v 43.270302 -21.902100 31.588699
v 41.990303 -22.502100 32.748699
v 43.990303 -19.302099 30.968700
v 44.590302 -21.182100 30.348700
v 45.630299 -19.302099 29.348700
v 46.190300 -20.482100 28.748699
v 47.330299 -19.302099 27.608700
v 47.850300 -20.262100 27.048700
v 48.750301 -20.262100 26.108700
v 49.110302 -19.302099 25.748699
v 49.250301 -17.862101 25.548700
v 50.970299 -19.302099 23.768700
v 49.770302 -17.862101 25.008699
v 50.430302 -17.862101 24.288700
v 51.650299 -17.862101 23.008699
v 52.930302 -19.302099 21.688700
v 52.770302 -17.862101 21.828699
v 52.910301 -18.582100 21.688700
v 52.890301 -17.862101 21.668699
v 53.090302 -17.862101 21.348700
v 53.170300 -17.862101 20.988699
v 53.190300 -18.582100 20.988699
v 53.210300 -19.302099 18.888700
v 53.170300 -17.862101 18.888700
v 52.770302 -17.862101 19.948700
v 52.650299 -17.062099 20.068701
v 51.730301 -17.862101 20.548700
v 51.730301 -17.862101 20.808701
v 51.730301 -18.322100 20.548700
v 51.710300 -18.802099 20.568701
v 51.710300 -18.802099 20.808701
v 50.530300 -18.802099 22.088699
v 51.710300 -18.942101 20.768700
v 51.710300 -18.942101 20.588699
v 51.710300 -19.042101 20.668699
v 49.230301 -18.962099 23.408699
v 49.070301 -19.102100 23.408699
v 49.310299 -17.862101 23.408699
v 48.810299 -19.142099 23.408699
v 48.170300 -19.142099 23.408699
v 47.030300 -17.862101 23.408699
v 46.770302 -17.862101 24.188700
v 48.550301 -17.862101 24.188700
v 48.530300 -18.802099 24.188700
v 47.870300 -18.802099 24.908699
v 48.490299 -18.962099 24.188700
v 47.170300 -18.802099 25.628700
v 47.870300 -17.862101 24.928699
v 47.170300 -18.322100 25.648701
v 47.170300 -17.862101 25.648701
v 46.570301 -18.802099 26.248699
v 47.070301 -17.862101 25.768700
v 47.530300 -17.862101 26.268700
v 45.570301 -19.142099 27.268700
v 44.710300 -19.142099 28.148701
v 43.850300 -19.142099 29.008699
v 43.850300 -20.282101 28.988699
v 44.790302 -19.682100 28.068701
v 43.850300 -20.442101 28.928699
v 45.590302 -19.362101 27.128700
v 46.030300 -19.042101 26.668699
v 45.430302 -19.462099 26.928699
v 43.830299 -20.542101 28.768700
v 43.830299 -20.542101 28.548700
v 44.690300 -19.962099 27.668699
v 43.670300 -20.022100 26.788700
v 43.510300 -19.482100 25.088699
v 43.630302 -18.082100 26.528700
v 43.490303 -19.402100 24.908699
v 43.830299 -19.042101 24.468700
v 43.750298 -19.322100 24.868700
v 44.010300 -19.142099 24.628700
v 44.170300 -19.102100 24.188700
v 44.010300 -18.962099 24.188700
v 43.950302 -18.802099 24.188700
v 43.830299 -18.802099 24.308701
v 43.710300 -18.802099 24.428699
v 43.490303 -19.262100 24.768700
v 43.590302 -18.902100 24.548700
v 43.470299 -18.982100 24.668699
v 43.450302 -17.942101 24.648701
v 41.530300 -18.102100 24.488699
v 41.570301 -18.342100 26.408699
v 40.410301 -18.402100 25.488699
v 40.430298 -18.762100 27.428699
v 40.430298 -19.142099 27.448700
v 40.370300 -20.922100 27.528700
v 39.430298 -19.142099 28.288700
v 38.510300 -21.842100 29.068701
v 38.350300 -19.462099 28.848700
v 40.230301 -18.762100 27.268700
v 38.030300 -19.302099 27.488699
v 36.290298 -19.882099 28.788700
v 34.510300 -20.322100 29.848700
v 35.370300 -23.442101 29.448700
v 33.830299 -23.682100 30.228701
v 32.650299 -20.642099 30.568701
v 32.490303 -23.842100 30.668699
v 31.150301 -20.802099 30.848700
v 31.110300 -23.942101 30.908699
v 29.630301 -20.902100 30.888700
v 29.390301 -24.002100 30.928699
v 28.090302 -20.942101 30.768700
v 26.470301 -24.022100 30.588699
v 26.470301 -20.962099 30.528700
v 25.450300 -24.022100 30.428699
v 24.490299 -20.962099 30.228701
v 24.330299 -24.022100 30.248699
v 23.250301 -20.962099 30.028700
v 23.150299 -24.002100 30.068701
v 22.510262 -20.962099 29.908699
v 21.870260 -24.002100 29.868700
v 20.490261 -24.002100 29.648701
v 19.970261 -20.962099 29.508699
v 19.010262 -24.002100 29.408699
v 18.410259 -20.962099 29.268700
v 17.530260 -24.002100 29.168699
v 16.810261 -20.962099 29.008699
v 16.150261 -24.002100 28.948700
v 14.910260 -24.002100 28.768700
v 13.890261 -20.962099 28.548700
v 13.790260 -24.002100 28.588699
v 12.770261 -23.982100 28.428699
v 11.830260 -23.982100 28.268700
v 11.730261 -20.962099 28.208700
v 10.950260 -23.982100 28.128700
v 10.170260 -23.982100 28.008699
v 10.070260 -20.962099 27.948700
v 9.430261 -23.982100 27.888700
v 8.750260 -23.982100 27.788700
v 8.530260 -20.962099 27.708700
v 8.110260 -23.982100 27.688700
v 7.510261 -23.982100 27.588699
v 7.090261 -20.962099 27.468700
v 6.970261 -23.982100 27.508699
v 6.470261 -23.982100 27.428699
v 6.010261 -23.982100 27.348700
v 5.870260 -20.962099 27.288700
v 5.590261 -23.982100 27.288700
v 5.210260 -23.982100 27.248699
v 5.030261 -20.962099 27.168699
v 4.850260 -23.982100 27.188700
v 4.490260 -23.982100 27.148701
v 4.190260 -20.962099 27.068701
v 4.130260 -23.982100 27.128700
v 3.770261 -23.982100 27.108700
v 3.450260 -20.962099 27.048700
v 3.410260 -23.982100 27.088699
v 3.030260 -23.982100 27.088699
v 2.630301 -23.982100 27.088699
v 2.370300 -20.962099 27.048700
v 2.190300 -23.982100 27.108700
v 1.690300 -23.982100 27.128700
v 1.230300 -20.962099 27.108700
v 1.150300 -23.982100 27.168699
v 0.570300 -23.982100 27.208700
v -0.069699 -23.982100 27.268700
v -0.769700 -23.982100 27.328699
v -1.049700 -20.962099 27.288700
v -1.509700 -23.982100 27.388700
v -2.329700 -23.982100 27.468700
v -2.529699 -20.962099 27.428699
v -3.189699 -23.982100 27.548700
v -4.129700 -23.982100 27.628700
v -4.429699 -20.962099 27.608700
v -5.149700 -23.982100 27.728701
v -6.229700 -23.982100 27.828699
v -6.449699 -20.962099 27.788700
v -7.389700 -23.982100 27.948700
v -8.489700 -20.962099 27.988699
v -8.629700 -23.982100 28.048700
v -8.589699 -22.462099 28.028700
v -8.569700 -21.102100 28.008699
v -11.029699 -21.102100 26.488699
v -11.029699 -24.102100 26.568701
v -13.869699 -24.102100 26.328699
v -12.949699 -27.082100 26.348700
v -15.249701 -27.082100 26.788700
v -16.509699 -24.102100 27.408699
v -17.189699 -27.082100 28.108700
v -18.369699 -24.102100 29.568701
v -18.489700 -27.082100 30.048700
v -18.949699 -27.082100 32.348701
v -19.029699 -24.102100 32.348701
v -18.489700 -27.082100 34.648701
v -18.309700 -27.262100 34.928699
v -18.909700 -27.262100 32.348701
v -18.329700 -27.382099 34.568699
v -17.069700 -27.382099 36.468700
v -16.649700 -27.262100 37.008701
v -17.189699 -27.082100 36.588699
v -15.249701 -27.082100 37.888699
v -16.949699 -24.102100 36.928699
v -14.709700 -24.102100 38.168701
v -12.949699 -27.082100 38.348701
v -12.149700 -24.102100 38.388699
v -10.649700 -27.082100 37.888699
v -9.729700 -24.102100 37.508701
v -9.229700 -27.262100 37.008701
v -11.629700 -27.262100 38.148701
v -10.709700 -27.382099 37.728699
v -8.829700 -27.382099 36.468700
v -7.569700 -27.262100 34.928699
v -7.569700 -27.382099 34.568699
v -7.129700 -27.382099 32.348701
v -6.989700 -27.262100 32.348701
v -6.929699 -27.082100 32.348701
v -7.309700 -25.862101 34.488701
v -7.109699 -26.142099 33.868698
v -6.649700 -26.142099 33.828701
v -7.069700 -26.202101 33.688702
v -7.029699 -26.222099 33.508701
v -6.549700 -26.222099 33.448700
v -6.169699 -26.142099 33.768700
v -5.729700 -26.142099 33.728699
v -5.329700 -26.142099 33.688702
v -5.649700 -26.222099 33.368702
v -5.249701 -26.222099 33.328701
v -4.949699 -26.142099 33.668701
v -4.609699 -26.142099 33.628700
v -4.289700 -26.142099 33.588699
v -4.549700 -26.222099 33.268700
v -4.229700 -26.222099 33.228703
v -3.989700 -26.142099 33.568699
v -3.709700 -26.142099 33.548698
v -3.449699 -26.142099 33.508701
v -3.209700 -26.142099 33.488701
v -3.409700 -26.222099 33.148701
v -3.169700 -26.222099 33.128700
v -2.989699 -26.142099 33.468700
v -2.789700 -26.142099 33.448700
v -2.589700 -26.142099 33.448700
v -2.429700 -26.142099 33.428699
v -2.569699 -26.222099 33.088699
v -2.389700 -26.222099 33.068703
v -2.249700 -26.142099 33.408699
v -2.109699 -26.142099 33.388702
v -1.969700 -26.142099 33.388702
v -1.809700 -26.142099 33.368702
v -1.949699 -26.222099 33.028702
v -1.789700 -26.222099 33.008701
v -1.669700 -26.142099 33.348701
v -1.529699 -26.142099 33.348701
v -1.389700 -26.142099 33.328701
v -1.229700 -26.142099 33.308701
v -1.369699 -26.222099 32.968700
v -1.209700 -26.222099 32.968700
v -1.089700 -26.142099 33.308701
v -0.949699 -26.142099 33.288700
v -0.809700 -26.142099 33.268700
v -0.669700 -26.142099 33.268700
v -0.529699 -26.142099 33.248699
v -0.629700 -26.222099 32.908699
v -0.489699 -26.222099 32.888702
v -0.369699 -26.142099 33.248699
v -0.229700 -26.142099 33.228703
v -0.089700 -26.142099 33.208702
v 0.070300 -26.142099 33.208702
v 0.230300 -26.142099 33.188702
v 0.110300 -26.222099 32.848701
v 0.270300 -26.222099 32.828701
v 0.390301 -26.142099 33.168701
v 0.570300 -26.142099 33.168701
v 0.750300 -26.142099 33.148701
v 0.910300 -26.142099 33.148701
v 0.790300 -26.222099 32.788700
v 0.970301 -26.222099 32.788700
v 1.070300 -26.142099 33.128700
v 1.210300 -26.142099 33.108700
v 1.370300 -26.142099 33.108700
v 1.510301 -26.142099 33.108700
v 1.410300 -26.222099 32.748699
v 1.550301 -26.222099 32.748699
v 1.650300 -26.142099 33.088699
v 1.790300 -26.142099 33.088699
v 1.930301 -26.142099 33.068703
v 2.070300 -26.142099 33.068703
v 1.990300 -26.222099 32.728703
v 2.130301 -26.222099 32.708702
v 2.210300 -26.142099 33.068703
v 2.330300 -26.142099 33.068703
v 2.450300 -26.142099 33.048702
v 2.550301 -26.142099 33.048702
v 2.490300 -26.222099 32.708702
v 2.590301 -26.222099 32.688702
v 2.650300 -26.142099 33.048702
v 2.750260 -26.142099 33.048702
v 2.870260 -26.142099 33.048702
v 2.970261 -26.142099 33.048702
v 2.910260 -26.222099 32.688702
v 3.010261 -26.222099 32.688702
v 3.070260 -26.142099 33.048702
v 3.170260 -26.142099 33.048702
v 3.270261 -26.142099 33.048702
v 3.370260 -26.142099 33.048702
v 3.570260 -26.142099 33.048702
v 3.430261 -26.222099 32.688702
v 3.630260 -26.222099 32.688702
v 3.750260 -26.142099 33.048702
v 3.950260 -26.142099 33.068703
v 3.910260 -26.222099 32.708702
v 4.030260 -26.222099 32.708702
v 4.050261 -26.142099 33.068703
v 4.150260 -26.142099 33.068703
v 4.250260 -26.142099 33.068703
v 4.350261 -26.142099 33.088699
v 4.330260 -26.222099 32.728703
v 4.450260 -26.222099 32.728703
v 4.470261 -26.142099 33.088699
v 4.590261 -26.142099 33.108700
v 4.710260 -26.142099 33.108700
v 4.850260 -26.142099 33.128700
v 4.830260 -26.222099 32.768700
v 4.950260 -26.222099 32.768700
v 4.970261 -26.142099 33.128700
v 5.090261 -26.142099 33.148701
v 5.290260 -26.142099 33.168701
v 5.470261 -26.142099 33.188702
v 5.370260 -26.222099 32.808701
v 5.550261 -26.222099 32.828701
v 5.650260 -26.142099 33.208702
v 5.810260 -26.142099 33.208702
v 5.730260 -26.222099 32.848701
v 5.910260 -26.222099 32.868702
v 6.090261 -26.222099 32.888702
v 5.990261 -26.142099 33.228703
v 6.170260 -26.142099 33.268700
v 6.370260 -26.142099 33.288700
v 6.490261 -26.142099 33.288700
v 6.610260 -26.142099 33.308701
v 6.610260 -26.222099 32.948700
v 6.750260 -26.222099 32.968700
v 6.750260 -26.142099 33.328701
v 6.890260 -26.142099 33.348701
v 7.050261 -26.142099 33.368702
v 7.210260 -26.142099 33.388702
v 7.370260 -26.142099 33.408699
v 7.370260 -26.222099 33.048702
v 7.530261 -26.222099 33.068703
v 7.530261 -26.142099 33.428699
v 7.690260 -26.222099 33.088699
v 7.710260 -26.142099 33.448700
v 7.870260 -26.142099 33.468700
v 8.030260 -26.142099 33.488701
v 8.030260 -26.222099 33.128700
v 8.190260 -26.222099 33.148701
v 8.190260 -26.142099 33.508701
v 8.350260 -26.142099 33.528702
v 8.510261 -26.142099 33.548698
v 8.670260 -26.142099 33.568699
v 8.690260 -26.222099 33.208702
v 8.850261 -26.222099 33.228703
v 8.850261 -26.142099 33.588699
v 9.010261 -26.142099 33.608700
v 9.170260 -26.142099 33.628700
v 9.330260 -26.142099 33.648701
v 9.510261 -26.142099 33.668701
v 9.510261 -26.222099 33.308701
v 9.690260 -26.222099 33.328701
v 9.690260 -26.142099 33.688702
v 9.910260 -26.142099 33.708698
v 10.130260 -26.142099 33.748699
v 10.130260 -26.222099 33.368702
v 10.370260 -26.222099 33.408699
v 10.390261 -26.142099 33.768700
v 10.670260 -26.142099 33.808701
v 10.950260 -26.142099 33.848701
v 10.930261 -26.222099 33.468700
v 11.230261 -26.222099 33.508701
v 11.230261 -26.142099 33.868698
v 11.510261 -26.142099 33.908699
v 11.790260 -26.142099 33.948700
v 12.070260 -26.142099 33.968700
v 12.070260 -26.222099 33.608700
v 12.350261 -26.222099 33.648701
v 12.350261 -26.142099 34.008701
v 12.650260 -26.142099 34.048698
v 12.950260 -26.142099 34.088699
v 12.950260 -26.222099 33.708698
v 13.250260 -26.222099 33.748699
v 13.250260 -26.142099 34.128700
v 13.570260 -26.142099 34.168701
v 13.870260 -26.142099 34.188702
v 14.170260 -26.142099 34.228699
v 14.470261 -26.142099 34.268700
v 14.470261 -26.222099 33.908699
v 14.790260 -26.222099 33.948700
v 14.790260 -26.142099 34.308701
v 15.110260 -26.142099 34.348701
v 15.470261 -26.142099 34.388699
v 15.470261 -26.222099 34.028702
v 15.850261 -26.222099 34.068699
v 15.870260 -26.142099 34.448700
v 16.290260 -26.142099 34.488701
v 16.290260 -26.222099 34.128700
v 16.770260 -26.222099 34.188702
v 16.770260 -26.142099 34.548698
v 17.290260 -26.142099 34.608700
v 17.850260 -26.142099 34.688702
v 17.830261 -26.222099 34.308701
v 18.410259 -26.222099 34.368698
v 18.410259 -26.142099 34.748699
v 18.990261 -26.142099 34.828701
v 18.990261 -26.222099 34.448700
v 19.530260 -26.222099 34.508701
v 19.530260 -26.142099 34.888699
v 20.030260 -26.142099 34.948700
v 20.490261 -26.142099 35.008701
v 20.490261 -26.222099 34.628700
v 20.930260 -26.222099 34.688702
v 20.910259 -26.142099 35.068699
v 21.310261 -26.142099 35.108700
v 21.690260 -26.142099 35.148701
v 22.050261 -26.142099 35.188702
v 22.070259 -26.222099 34.828701
v 22.430260 -26.222099 34.868698
v 22.390261 -26.142099 35.248699
v 22.750301 -26.142099 35.288700
v 23.110300 -26.142099 35.328701
v 23.450300 -26.142099 35.368698
v 23.490299 -26.222099 34.988701
v 23.830299 -26.222099 35.028702
v 23.790300 -26.142099 35.408699
v 24.110300 -26.142099 35.448700
v 24.410301 -26.142099 35.488701
v 24.650299 -26.142099 35.508701
v 24.890301 -26.142099 35.548698
v 25.130301 -26.142099 35.568699
v 25.350300 -26.142099 35.608700
v 25.590302 -26.142099 35.628700
v 25.610300 -26.202101 35.448700
v 25.630301 -26.242100 35.248699
v 27.350300 -26.222099 35.448700
v 28.590302 -24.782101 31.248699
v 29.130301 -26.182100 35.648701
v 30.070301 -24.742100 31.348700
v 31.850300 -26.002100 35.728699
v 32.190300 -24.622101 31.168699
v 33.310303 -25.862101 35.548698
v 34.090302 -24.422100 30.608700
v 35.410301 -25.522100 34.848701
v 35.710300 -24.122101 29.788700
v 36.690300 -25.222099 34.148701
v 37.970299 -24.862101 33.308701
v 37.630302 -23.602100 28.508699
v 40.170300 -24.022100 31.528700
v 39.790298 -22.702101 26.748699
v 41.670300 -23.282101 30.148701
v 43.030300 -22.522100 28.828699
v 40.930298 -22.102100 25.728701
v 42.130302 -21.402100 24.608700
v 43.790298 -21.482100 26.328699
v 43.250298 -20.902100 23.528700
v 41.830299 -21.262100 24.388700
v 44.390301 -20.742100 22.408699
v 44.150299 -20.602100 22.168699
v 41.630302 -20.942101 24.388700
v 42.830299 -20.422100 23.248699
v 44.050301 -20.262100 22.048700
v 45.230301 -20.602100 21.108700
v 45.390301 -20.742100 21.428699
v 46.790302 -20.742100 20.048700
v 47.390301 -20.742100 21.708700
v 47.350300 -20.742100 19.508699
v 50.370300 -20.742100 20.168699
v 50.390301 -20.742100 21.888700
v 52.550301 -20.742100 21.348700
v 50.450302 -20.742100 23.588699
v 52.810299 -20.602100 21.588699
v 53.030300 -20.602100 21.008699
v 53.190300 -20.262100 21.008699
v 53.110302 -20.262100 21.368700
v 52.910301 -20.262100 21.688700
v 50.750301 -20.602100 23.768700
v 50.810299 -20.262100 23.928699
v 48.710300 -20.602100 25.948700
v 50.130299 -20.262100 24.648701
v 47.730301 -20.602100 26.948700
v 47.490299 -20.742100 26.708700
v 48.390301 -20.742100 25.768700
v 49.770302 -20.742100 24.308701
v 47.390301 -20.742100 23.968700
v 47.370300 -20.742100 26.208700
v 47.210300 -20.742100 25.188700
v 47.170300 -20.742100 24.988699
v 47.030300 -20.742100 24.828699
v 46.130299 -20.742100 24.028700
v 50.330299 -20.742100 23.708700
v 45.790302 -20.942101 26.068701
v 44.610298 -21.502100 27.248699
v 44.710300 -21.522100 27.448700
v 44.730301 -21.522100 27.688700
v 43.590302 -22.262100 28.808701
v 44.670300 -21.562099 28.588699
v 45.930302 -20.942101 26.468700
v 45.970299 -20.962099 28.388700
v 47.310299 -20.742100 25.848700
v 41.610298 -23.362101 30.708700
v 52.930302 -19.782101 21.688700
v 53.130299 -19.302099 21.368700
v 53.210300 -19.302099 21.008699
v 53.190300 -19.782101 21.008699
v 53.170300 -20.342100 18.888700
v 52.990299 -20.262100 18.088699
v 52.950302 -20.422100 18.108700
v 52.430302 -20.422100 17.508699
v 52.450302 -20.262100 17.488699
v 50.950302 -20.262100 16.428699
v 52.470299 -19.302099 17.468700
v 53.010300 -19.302099 18.088699
v 52.930302 -17.862101 18.068701
v 53.130299 -17.062099 18.888700
v 52.790302 -17.862101 17.868700
v 52.650299 -17.062099 17.708700
v 52.170300 -17.062099 18.888700
v 51.970299 -17.062099 19.388700
v 51.470299 -17.062099 19.608700
v 50.270302 -17.062099 20.068701
v 51.470299 -17.062099 20.568701
v 50.950302 -18.802099 20.508699
v 50.290302 -18.802099 20.108700
v 49.870300 -18.802099 19.468700
v 49.790302 -17.062099 18.888700
v 49.770302 -17.862101 18.888700
v 49.790302 -17.862101 18.788700
v 49.790302 -18.802099 18.688700
v 49.790302 -18.322100 18.688700
v 49.770302 -17.862101 18.668699
v 49.530300 -18.802099 18.688700
v 49.530300 -17.862101 18.668699
v 47.550301 -17.862101 20.628700
v 46.730301 -17.862101 19.428699
v 46.770302 -17.862101 21.408699
v 47.570301 -18.802099 20.648701
v 45.590302 -17.862101 22.588699
v 45.610302 -18.802099 22.588699
v 45.670300 -19.042101 22.668699
v 44.830299 -18.962099 23.408699
v 45.010300 -19.102100 23.408699
v 45.270302 -19.142099 23.408699
v 45.550301 -19.142099 23.128700
v 45.850300 -19.142099 22.848700
v 49.670300 -19.042101 18.688700
v 49.570301 -18.942101 18.688700
v 49.750301 -18.942101 18.688700
v 49.570301 -19.122101 18.928699
v 47.650299 -19.142099 21.048700
v 48.170300 -19.142099 20.548700
v 49.450302 -19.142099 19.268700
v 50.050301 -19.142099 20.348700
v 51.150299 -19.142099 20.908699
v 50.010300 -19.142099 22.128700
v 51.490299 -19.122101 20.768700
v 50.210300 -19.042101 20.188700
v 46.770302 -17.862101 23.408699
v 44.770302 -18.802099 23.408699
v 44.770302 -18.322100 23.388700
v 44.750301 -17.862101 23.408699
v 44.350300 -17.862101 23.808701
v 42.650299 -17.922100 23.428699
v 43.930298 -17.882099 24.188700
v 43.690300 -17.902100 24.428699
v 43.930298 -18.342100 24.188700
v 44.270302 -17.862101 22.868700
v 43.790298 -17.862101 22.348700
v 43.230301 -19.302099 22.828699
v 41.410301 -19.302099 24.548700
v 40.430298 -21.602100 25.508699
v 39.690300 -19.302099 26.108700
v 39.310303 -18.802099 26.448700
v 39.870300 -18.782101 26.948700
v 38.670300 -19.062099 26.988699
v 39.310303 -22.142099 26.508699
v 37.190300 -22.962099 28.208700
v 38.230301 -23.102100 27.648701
v 40.070301 -22.242100 26.048700
v 36.210300 -23.782101 29.148701
v 34.010300 -24.262100 30.408699
v 45.150299 -19.302099 20.948700
v 45.050301 -20.262100 21.068701
v 46.430302 -20.262100 19.708700
v 47.190300 -19.302099 18.928699
v 47.190300 -20.262100 18.948700
v 49.350300 -19.302099 16.768700
v 49.370300 -20.262100 16.788700
v 49.470299 -20.602100 16.888700
v 49.910301 -20.602100 16.528700
v 49.570301 -20.262100 16.588701
v 49.810299 -20.262100 16.408701
v 50.390301 -20.262100 16.248701
v 50.370300 -20.602100 16.388700
v 50.850300 -20.602100 16.548700
v 51.930302 -20.582100 17.268700
v 51.570301 -20.702101 17.208700
v 51.210300 -20.742100 17.228701
v 50.650299 -20.742100 16.828701
v 50.370300 -20.742100 16.748701
v 50.350300 -20.742100 17.628700
v 50.090302 -20.742100 16.828701
v 49.890301 -20.742100 16.968700
v 49.710300 -20.742100 17.128700
v 47.350300 -20.602100 19.008699
v 47.550301 -20.742100 19.308701
v 49.910301 -20.742100 19.548700
v 49.790302 -20.742100 18.888700
v 50.270302 -21.542101 20.068701
v 50.290302 -20.742100 20.088699
v 51.470299 -21.542101 20.568701
v 51.490299 -20.742100 20.568701
v 52.650299 -21.542101 20.068701
v 52.150299 -20.742100 20.428699
v 52.690300 -20.742100 21.008699
v 52.690300 -20.742100 20.048700
v 52.890301 -20.702101 19.768700
v 53.130299 -21.542101 18.888700
v 53.050301 -20.582100 19.448700
v 52.650299 -21.542101 17.708700
v 51.970299 -21.542101 18.388700
v 51.470299 -21.542101 18.168699
v 50.270302 -21.542101 17.708700
v 50.950302 -21.542101 18.388700
v 50.750301 -21.542101 18.888700
v 49.790302 -21.542101 18.888700
v 50.190300 -20.742100 17.788700
v 50.950302 -21.542101 19.388700
v 51.470299 -21.542101 19.608700
v 51.970299 -21.542101 19.388700
v 52.190300 -21.542101 18.888700
v 52.170300 -19.142099 18.888700
v 51.950302 -19.142099 18.388700
v 51.470299 -19.142099 18.188700
v 51.470299 -17.062099 18.168699
v 50.950302 -17.062099 18.388700
v 50.970299 -19.142099 18.388700
v 50.750301 -17.062099 18.888700
v 50.770302 -19.142099 18.888700
v 50.950302 -17.062099 19.388700
v 50.970299 -19.142099 19.388700
v 51.470299 -19.142099 19.588699
v 50.270302 -17.062099 17.708700
v 51.470299 -17.062099 17.208700
v 50.750301 -17.862101 17.368700
v 51.570301 -17.862101 17.208700
v 49.770302 -17.862101 16.468700
v 50.950302 -17.862101 16.448700
v 50.390301 -17.862101 16.268700
v 50.390301 -19.302099 16.228701
v 50.950302 -18.542101 16.428699
v 50.950302 -19.302099 16.388700
v 50.950302 -19.782101 16.408701
v 52.370300 -17.862101 17.468700
v 49.830299 -19.302099 16.388700
v 49.830299 -18.542101 16.408701
v 49.590302 -19.302099 16.568701
v 49.590302 -17.862101 16.608700
v 49.370300 -17.862101 16.808701
v 47.570301 -17.862101 18.588699
v 49.830299 -19.782101 16.388700
v 50.110302 -17.862101 17.888700
v 51.970299 -17.062099 18.388700
v 51.950302 -19.142099 19.388700
v 51.470299 -21.542101 17.208700
v 52.650299 -20.742100 21.188700
v 46.130299 -17.862101 20.028700
v 45.170300 -17.862101 22.988699
v 45.170300 -18.802099 23.028700
v 46.250301 -17.862101 24.188700
v 48.050301 -19.142099 24.188700
v 48.310299 -19.102100 24.188700
v 47.090302 -19.042101 25.568701
v 47.490299 -19.142099 24.788700
v 46.910301 -19.142099 25.388700
v 46.350300 -19.142099 25.988699
v 45.870300 -19.142099 26.488699
v 45.170300 -19.142099 25.788700
v 45.670300 -19.302099 26.688700
v 44.910301 -19.142099 25.548700
v 45.170300 -19.142099 24.188700
v 44.230301 -19.142099 24.408699
v 44.450302 -19.142099 24.188700
v 46.070301 -18.802099 26.788700
v 45.830299 -18.962099 27.028700
v 39.490303 -24.302099 32.568703
v 38.010300 -24.822100 33.688702
v 36.750298 -25.162100 34.548698
v 35.470299 -25.442101 35.228699
v 33.330299 -25.782101 35.948700
v 31.550301 -24.542101 31.108700
v 31.790300 -25.942101 36.128700
v 28.990301 -24.662100 31.168699
v 29.050301 -26.102100 36.028702
v 26.390301 -24.782101 30.968700
v 26.410301 -24.682100 30.868700
v 26.450300 -24.442101 30.688700
v 25.390301 -24.782101 30.808701
v 24.930302 -26.222099 35.168701
v 25.170300 -26.222099 35.188702
v 25.390301 -26.222099 35.228699
v 26.050301 -25.882099 32.988701
v 24.690300 -26.222099 35.128700
v 24.450300 -26.222099 35.108700
v 24.150299 -26.222099 35.068699
v 24.290300 -24.782101 30.648701
v 27.290300 -26.142099 35.828701
v 23.130301 -26.222099 34.948700
v 22.770300 -26.222099 34.908699
v 23.110300 -24.782101 30.448700
v 21.710260 -26.222099 34.768700
v 21.330261 -26.222099 34.728699
v 21.830261 -24.782101 30.248699
v 20.030260 -26.222099 34.568699
v 20.470261 -24.782101 30.048700
v 18.990261 -24.782101 29.808701
v 17.290260 -26.222099 34.248699
v 17.530260 -24.782101 29.588699
v 16.150261 -24.782101 29.368700
v 15.110260 -26.222099 33.988701
v 14.910260 -24.782101 29.168699
v 14.170260 -26.222099 33.868698
v 13.870260 -26.222099 33.828701
v 13.550261 -26.222099 33.788700
v 13.790260 -24.782101 29.008699
v 12.650260 -26.222099 33.688702
v 12.750260 -24.782101 28.848700
v 11.790260 -26.222099 33.568699
v 11.510261 -26.222099 33.548698
v 11.810261 -24.782101 28.688700
v 10.650261 -26.222099 33.448700
v 10.950260 -24.782101 28.548700
v 9.910260 -26.222099 33.348701
v 10.150261 -24.782101 28.428699
v 9.350261 -26.222099 33.288700
v 9.170260 -26.222099 33.268700
v 9.010261 -26.222099 33.248699
v 9.410260 -24.782101 28.308701
v 8.510261 -26.222099 33.188702
v 8.350260 -26.222099 33.168701
v 8.730261 -24.782101 28.208700
v 7.870260 -26.222099 33.108700
v 8.090261 -24.782101 28.108700
v 7.210260 -26.222099 33.028702
v 7.050261 -26.222099 33.008701
v 6.890260 -26.222099 32.988701
v 7.510261 -24.782101 28.028700
v 6.490261 -26.222099 32.928699
v 6.270260 -26.222099 32.908699
v 6.950260 -24.782101 27.928699
v 6.450260 -24.782101 27.848700
v 5.990261 -24.782101 27.788700
v 5.190260 -26.222099 32.788700
v 5.090261 -26.222099 32.788700
v 5.570261 -24.782101 27.728701
v 4.690260 -26.222099 32.748699
v 5.210260 -24.782101 27.668699
v 4.550261 -26.222099 32.748699
v 4.850260 -24.782101 27.628700
v 4.230261 -26.222099 32.728703
v 4.130260 -26.222099 32.708702
v 4.490260 -24.782101 27.588699
v 4.150260 -24.782101 27.568701
v 3.810261 -26.222099 32.708702
v 3.810261 -24.782101 27.548700
v 3.470261 -24.782101 27.528700
v 3.330260 -26.222099 32.688702
v 3.230261 -26.222099 32.688702
v 3.110260 -26.222099 32.688702
v 3.090261 -24.782101 27.528700
v 2.810261 -26.222099 32.688702
v 2.710260 -24.782101 27.528700
v 2.710260 -26.222099 32.688702
v 2.290300 -24.782101 27.548700
v 2.370300 -26.222099 32.708702
v 2.250300 -26.222099 32.708702
v 1.810301 -24.782101 27.568701
v 1.850301 -26.222099 32.728703
v 1.710300 -26.222099 32.728703
v 1.290300 -24.782101 27.588699
v 1.270300 -26.222099 32.768700
v 1.110300 -26.222099 32.768700
v 0.710300 -24.782101 27.628700
v 0.630301 -26.222099 32.808701
v 0.090301 -24.782101 27.688700
v 0.450300 -26.222099 32.828701
v -0.049700 -26.222099 32.868702
v -0.589700 -24.782101 27.748699
v -0.209700 -26.222099 32.868702
v -0.349700 -26.222099 32.888702
v -0.789700 -26.222099 32.928699
v -1.329700 -24.782101 27.808701
v -0.929700 -26.222099 32.928699
v -1.069699 -26.222099 32.948700
v -1.509700 -26.222099 32.988701
v -2.109699 -24.782101 27.868700
v -1.649699 -26.222099 32.988701
v -2.089700 -26.222099 33.028702
v -2.249700 -26.222099 33.048702
v -2.969700 -24.782101 27.948700
v -2.749700 -26.222099 33.088699
v -2.949699 -26.222099 33.108700
v -3.889700 -24.782101 28.048700
v -3.669699 -26.222099 33.188702
v -3.929699 -26.222099 33.208702
v -4.869699 -24.782101 28.128700
v -4.889700 -26.222099 33.288700
v -5.929699 -24.782101 28.228701
v -6.089699 -26.222099 33.408699
v -7.069700 -24.782101 28.348700
v -6.909700 -26.202101 32.348701
v -7.249701 -25.782101 30.368700
v -8.289700 -24.782101 28.468700
v -8.549700 -24.402100 28.148701
v -8.689699 -27.082100 28.108700
v -8.629700 -24.102100 28.068701
v -10.649700 -27.082100 26.788700
v -9.229700 -27.262100 27.688700
v -7.569700 -27.262100 29.768700
v -7.389700 -27.082100 30.048700
v -6.949699 -26.242100 32.928699
v -8.829700 -27.382099 28.228701
v -10.709700 -27.382099 26.968700
v -11.629700 -27.262100 26.548700
v -12.949699 -27.382099 26.528700
v -14.269699 -27.262100 26.548700
v -15.169699 -27.382099 26.968700
v -16.649700 -27.262100 27.688700
v -17.069700 -27.382099 28.228701
v -18.309700 -27.262100 29.768700
v -18.329700 -27.382099 30.108700
v -18.769699 -27.382099 32.348701
v -17.729700 -27.942101 32.348701
v -17.369699 -27.942101 34.188702
v -16.329700 -27.942101 35.728699
v -16.089699 -28.022100 35.488701
v -14.629700 -28.022100 36.448700
v -14.769699 -27.942101 36.768700
v -15.169699 -27.382099 37.728699
v -12.949699 -27.942101 37.128700
v -12.949699 -27.382099 38.168701
v -14.269699 -27.262100 38.148701
v -11.109699 -27.942101 36.768700
v -9.549700 -27.942101 35.728699
v -9.809700 -28.022100 35.488701
v -8.509699 -27.942101 34.188702
v -8.849699 -28.022100 34.048698
v -8.509699 -28.022100 32.348701
v -8.329700 -28.002100 32.348701
v -8.849699 -28.022100 30.648701
v -8.149700 -27.942101 32.348701
v -8.509699 -27.942101 30.508699
v -9.809700 -28.022100 29.208700
v -9.549700 -27.942101 28.968700
v -7.569700 -27.382099 30.108700
v -11.109699 -27.942101 27.928699
v -11.369699 -28.022100 28.208700
v -12.949699 -28.022100 27.908699
v -12.949699 -27.942101 27.548700
v -14.629700 -28.022100 28.248699
v -14.769699 -27.942101 27.928699
v -16.089699 -28.022100 29.208700
v -16.329700 -27.942101 28.968700
v -17.369699 -27.942101 30.508699
v -17.049700 -28.022100 30.648701
v -17.369699 -28.022100 32.348701
v -17.569700 -28.002100 32.348701
v -17.049700 -28.022100 34.048698
v -14.489700 -28.022100 33.608700
v -11.509699 -28.022100 33.628700
v -11.369699 -28.022100 36.488701
v -12.949699 -28.022100 36.788700
v -14.489700 -28.022100 31.088699
v -11.509699 -28.022100 31.068701
v -9.689699 -21.102100 37.588699
v -12.149700 -21.102100 38.468700
v -11.069700 -19.902100 38.248699
v -12.209700 -19.902100 38.488701
v -14.729700 -21.102100 38.248699
v -14.789700 -19.902100 38.268700
v -15.049700 -19.902100 38.168701
v -17.009699 -21.102100 36.968700
v -17.049700 -19.902100 36.988701
v -18.469700 -19.902100 35.168701
v -18.569700 -21.102100 34.888699
v -18.589699 -19.902100 34.888699
v -19.129700 -19.902100 32.348701
v -19.109699 -21.102100 32.348701
v -18.489700 -24.102100 34.848701
v -18.429699 -21.102100 29.548700
v -18.669699 -19.902100 29.988699
v -18.209700 -19.902100 29.088699
v -17.349699 -19.902100 27.988699
v -16.569700 -21.102100 27.348700
v -15.349699 -19.902100 26.648701
v -13.889700 -21.102100 26.248699
v -12.989700 -19.902100 26.148701
v -10.629700 -19.902100 26.608700
v -8.609699 -19.902100 27.908699
v -8.589699 -20.422100 27.948700
v -7.649700 -19.902100 29.088699
v -7.769699 -20.962099 28.848700
v -7.229700 -20.962099 29.508699
v -7.229700 -20.962099 29.828699
v -7.149700 -23.502100 29.588699
v -7.189699 -22.262100 29.848700
v -7.149700 -23.502100 29.868700
v -7.089699 -23.722099 29.708700
v -7.029699 -23.622101 29.488699
v -6.849699 -23.782101 29.548700
v -6.849699 -23.682100 29.448700
v -6.869699 -23.502100 29.388700
v -1.689699 -23.662100 28.948700
v -3.929699 -23.502100 29.108700
v -1.649699 -23.502100 28.888700
v -4.269699 -20.962099 29.088699
v -1.609699 -22.222099 28.868700
v -1.589700 -20.962099 28.848700
v -1.749700 -23.722099 29.008699
v -1.809700 -23.782101 29.088699
v -2.569699 -20.962099 30.028700
v -1.529699 -20.962099 30.028700
v -2.669700 -20.962099 31.368700
v -2.429700 -24.582100 31.148701
v -3.449699 -24.722099 32.348701
v -1.789700 -24.702101 33.348701
v -1.629700 -24.702101 33.328701
v -0.629700 -23.782101 28.968700
v 0.650300 -24.702101 33.128700
v -0.149699 -23.782101 28.928699
v 0.310301 -23.782101 28.888700
v 0.250300 -23.722099 28.828699
v 0.190300 -20.962099 28.688700
v 0.190300 -23.502100 28.728701
v -0.509700 -23.662100 28.828699
v -0.129700 -23.502100 28.768700
v -0.129700 -20.962099 28.708700
v -0.449699 -20.962099 28.748699
v -0.469700 -22.222099 28.768700
v -0.469700 -23.502100 28.788700
v -0.549700 -23.722099 28.888700
v 1.110300 -20.962099 28.608700
v 1.130301 -20.962099 30.028700
v 2.090301 -20.962099 30.028700
v 1.830300 -20.962099 31.048700
v 3.210260 -20.962099 33.028702
v 3.170260 -24.702101 33.028702
v 1.930301 -24.662100 31.248699
v 2.670260 -24.702101 33.028702
v 1.990300 -24.702101 33.048702
v 1.270300 -24.702101 33.088699
v 1.190300 -24.582100 33.308701
v -1.809700 -24.582100 33.568699
v -1.769700 -24.362101 33.648701
v -1.569699 -24.362101 33.628700
v 0.850301 -24.362101 33.428699
v 1.290300 -24.362101 33.388702
v 3.330260 -24.582100 33.248699
v 3.270261 -24.662100 33.148701
v 3.390261 -24.362101 33.328701
v 3.430261 -22.662100 33.368702
v 2.810261 -24.362101 33.328701
v 3.470261 -20.962099 33.388702
v 2.470301 -20.962099 33.388702
v 2.190300 -24.362101 33.348701
v 1.490300 -20.962099 33.448700
v 4.190260 -20.962099 33.028702
v 2.790260 -20.962099 31.028700
v 2.830260 -24.622101 31.008699
v 3.490260 -24.742100 31.968700
v 3.150260 -23.782101 28.748699
v 3.950260 -23.782101 28.768700
v 4.250260 -24.702101 33.048702
v 5.030261 -23.782101 28.888700
v 4.710260 -24.702101 33.088699
v 5.370260 -24.702101 33.148701
v 5.690260 -23.802099 28.988699
v 6.130260 -23.802099 29.048700
v 8.570261 -23.742100 29.368700
v 7.230260 -23.802099 29.228701
v 8.510261 -23.802099 29.428699
v 8.690260 -20.962099 29.228701
v 8.670260 -22.242100 29.248699
v 8.650261 -23.502100 29.268700
v 5.690260 -23.662100 28.848700
v 7.310260 -23.502100 29.068701
v 7.670260 -20.962099 29.068701
v 6.630260 -20.962099 28.908699
v 6.190260 -23.502100 28.888700
v 5.610260 -20.962099 28.748699
v 5.710260 -23.502100 28.808701
v 2.710260 -23.662100 28.628700
v 5.070261 -23.502100 28.728701
v 4.470261 -23.502100 28.648701
v 3.950260 -23.502100 28.608700
v 2.750260 -23.482100 28.568701
v 1.190300 -23.662100 28.708700
v 1.290300 -23.782101 28.828699
v 2.370300 -23.782101 28.768700
v 2.750260 -23.782101 28.748699
v 1.170300 -23.502100 28.668699
v 1.130301 -22.222099 28.628700
v 2.010301 -20.962099 28.568701
v 2.310301 -23.482100 28.588699
v 2.890261 -20.962099 28.528700
v 3.130260 -23.482100 28.568701
v 3.790260 -20.962099 28.548700
v 4.670260 -20.962099 28.628700
v 9.070260 -20.962099 30.028700
v 8.030260 -20.962099 30.028700
v 7.850260 -20.962099 31.488699
v 8.050261 -24.582100 31.308701
v 6.570261 -20.962099 33.028702
v 6.410260 -24.702101 33.268700
v 8.830260 -24.702101 33.548698
v 6.310260 -24.662100 33.368702
v 6.090261 -20.962099 33.588699
v 6.230260 -24.582100 33.468700
v 6.130260 -22.662100 33.568699
v 6.170260 -24.362101 33.548698
v 9.150261 -24.582100 33.808701
v 7.170260 -24.362101 33.668701
v 8.650261 -24.362101 33.848701
v 9.090261 -24.362101 33.908699
v 12.110260 -24.602100 34.188702
v 9.970261 -24.362101 34.008701
v 11.610260 -24.362101 34.208698
v 12.050261 -24.362101 34.268700
v 13.650260 -24.582100 34.388699
v 13.570260 -24.662100 34.268700
v 12.030260 -24.702101 33.948700
v 10.770260 -24.702101 33.788700
v 9.130260 -24.702101 33.588699
v 9.930261 -23.802099 29.648701
v 9.490260 -23.802099 29.568701
v 10.330260 -23.742100 29.628700
v 10.390261 -23.802099 29.728701
v 10.250260 -20.962099 29.488699
v 10.290260 -23.682100 29.588699
v 10.270260 -23.522100 29.528700
v 9.550261 -23.742100 29.508699
v 9.930261 -23.522100 29.468700
v 9.610260 -23.522100 29.428699
v 9.610260 -20.962099 29.388700
v 9.930261 -20.962099 29.428699
v 10.630260 -20.962099 30.028700
v 11.350261 -20.962099 29.648701
v 11.610260 -20.962099 30.028700
v 12.030260 -20.962099 32.008701
v 12.730261 -20.962099 33.028702
v 13.470261 -24.702101 34.128700
v 11.890261 -24.582100 31.868700
v 13.110260 -20.962099 32.168701
v 13.050261 -24.582100 32.008701
v 13.710260 -20.962099 33.028702
v 14.630260 -24.702101 34.268700
v 14.510261 -23.822100 30.368700
v 15.190260 -24.702101 34.328701
v 15.650261 -24.662100 34.528702
v 14.730261 -24.662100 34.408699
v 14.870260 -20.962099 34.668701
v 14.790260 -24.582100 34.528702
v 14.850261 -24.362101 34.608700
v 15.590261 -24.582100 34.608700
v 15.190260 -24.362101 34.648701
v 15.510261 -24.362101 34.688702
v 16.950260 -20.962099 33.028702
v 15.750260 -24.702101 34.408699
v 17.150261 -20.962099 32.788700
v 17.270260 -24.582100 32.608700
v 15.610260 -23.822100 30.548700
v 18.610260 -23.822100 31.008699
v 18.690260 -23.702101 30.908699
v 18.790260 -20.962099 30.828699
v 18.730261 -23.542101 30.868700
v 15.770260 -23.702101 30.448700
v 17.090260 -23.542101 30.608700
v 16.950260 -20.962099 30.548700
v 15.610260 -23.522100 30.388700
v 15.110260 -20.962099 30.248699
v 14.450260 -23.522100 30.188700
v 13.690260 -20.962099 30.028700
v 13.230261 -20.962099 29.948700
v 12.690260 -23.522100 29.908699
v 11.390261 -22.242100 29.688700
v 11.430261 -23.522100 29.708700
v 11.450260 -23.682100 29.768700
v 12.810261 -23.682100 29.988699
v 11.490260 -23.742100 29.828699
v 11.550261 -23.802099 29.908699
v 12.690260 -23.822100 30.088699
v 16.070261 -20.962099 30.028700
v 18.450260 -20.962099 30.028700
v 19.710260 -20.962099 30.988699
v 18.090260 -20.962099 32.928699
v 19.710260 -23.542101 31.028700
v 19.630260 -23.782101 31.108700
v 18.270260 -24.582100 32.728703
v 19.710260 -24.702101 34.888699
v 16.770260 -24.702101 34.528702
v 16.670261 -24.662100 34.648701
v 16.450260 -20.962099 34.868698
v 16.590260 -24.582100 34.748699
v 16.530260 -24.362101 34.808701
v 19.510262 -24.602100 35.088699
v 18.910259 -24.362101 35.108700
v 19.550261 -24.362101 35.188702
v 22.490261 -24.602100 35.448700
v 20.750259 -24.362101 35.328701
v 22.610260 -24.362101 35.568699
v 23.470301 -24.582100 35.588699
v 23.390301 -24.662100 35.468700
v 22.610260 -24.722099 35.248699
v 20.650261 -24.702101 35.008701
v 20.470261 -23.842100 31.308701
v 20.030260 -23.842100 31.248699
v 20.430260 -23.782101 31.228701
v 20.350260 -20.962099 31.088699
v 20.350260 -23.542101 31.128700
v 20.030260 -23.542101 31.068701
v 21.710260 -20.962099 33.028702
v 20.850262 -20.962099 30.028700
v 21.450260 -20.962099 31.248699
v 23.830299 -20.962099 31.628700
v 21.470261 -22.262100 31.288700
v 21.510262 -23.542101 31.308701
v 24.110300 -23.562099 31.728701
v 21.550261 -23.702101 31.368700
v 26.270300 -23.562099 32.068703
v 26.210300 -20.962099 32.008701
v 27.250301 -23.562099 32.208702
v 28.290300 -23.702101 32.368702
v 28.330299 -23.542101 32.348701
v 28.230301 -20.942101 32.288700
v 28.370300 -22.242100 32.328701
v 28.390301 -20.962099 32.308701
v 28.890301 -20.962099 32.348701
v 26.250301 -23.722099 32.108700
v 26.250301 -20.962099 31.868700
v 26.350300 -20.962099 31.268700
v 21.990261 -20.962099 33.408699
v 21.810261 -24.562099 33.228703
v 23.290300 -24.722099 35.328701
v 23.530300 -24.362101 35.668701
v 23.570301 -22.662100 35.708698
v 22.010262 -20.962099 35.548698
v 20.710260 -20.962099 36.008701
v 20.250259 -20.962099 35.328701
v 18.390261 -20.962099 35.108700
v 18.310261 -20.962099 36.008701
v 15.930261 -20.962099 36.008701
v 15.510261 -20.962099 34.748699
v 18.010262 -20.962099 33.028702
v 13.790260 -20.962099 34.548698
v 13.750260 -22.662100 34.508701
v 13.710260 -24.362101 34.468700
v 11.670260 -20.962099 34.288700
v 9.730261 -20.962099 34.048698
v 7.910260 -20.962099 33.808701
v 6.990261 -20.962099 33.708698
v 5.530261 -20.962099 33.028702
v 6.910260 -20.962099 31.368700
v 6.990261 -24.602100 31.228701
v 5.270260 -24.662100 33.268700
v 5.210260 -24.582100 33.348701
v 5.150260 -24.362101 33.428699
v 5.130260 -20.962099 33.488701
v 4.770260 -24.362101 33.408699
v 4.810260 -20.962099 33.468700
v 4.490260 -20.962099 33.428699
v 4.350261 -24.662100 33.188702
v 4.430261 -24.582100 33.288700
v 4.490260 -22.662100 33.408699
v 4.470261 -24.362101 33.368702
v -0.509700 -20.962099 33.588699
v -2.709700 -20.962099 33.788700
v -4.769699 -24.362101 33.928699
v -4.809700 -22.662100 33.968700
v -4.689699 -24.582100 33.848701
v -4.609699 -24.662100 33.728699
v -4.869699 -20.962099 33.988701
v -4.489700 -24.702101 33.588699
v -4.049700 -20.962099 33.028702
v -5.089699 -20.962099 33.028702
v -3.789700 -20.962099 31.468700
v -4.669699 -24.722099 32.468700
v -3.649700 -24.582100 31.268700
v -4.029699 -23.782101 29.288700
v -5.709700 -24.702101 33.708698
v -6.309700 -24.622101 31.708700
v -6.049700 -24.702101 33.748699
v -6.409700 -24.702101 33.768700
v -6.389700 -24.582100 33.988701
v -6.589699 -24.602100 33.908699
v -6.649700 -24.602100 33.708698
v -6.669699 -24.362101 33.968700
v -6.389700 -24.362101 34.088699
v -6.789700 -20.962099 34.028702
v -6.429699 -22.582100 34.108700
v -6.489700 -20.962099 34.148701
v -6.249701 -20.962099 34.128700
v -5.989700 -20.962099 34.108700
v -6.189699 -24.362101 34.068699
v -5.989700 -22.662100 34.068699
v -5.989700 -24.362101 34.048698
v -5.909700 -24.582100 33.948700
v -5.829700 -24.662100 33.848701
v -6.869699 -20.962099 33.728699
v -6.809700 -22.582100 33.688702
v -6.749701 -24.362101 33.668701
v -6.749701 -19.902100 32.128700
v -6.649700 -24.282101 31.808701
v -6.649700 -24.342100 32.108700
v -6.689699 -24.302099 32.108700
v -6.769699 -19.902100 31.748699
v -6.649700 -24.342100 32.288700
v -7.349699 -19.902100 29.668699
v -7.969700 -19.902100 32.128700
v -6.929699 -19.902100 33.908699
v -7.209700 -20.962099 34.788700
v -7.409700 -19.902100 35.168701
v -7.829700 -20.422100 35.828701
v -7.829700 -19.902100 35.868698
v -9.749701 -19.902100 37.648701
v -9.429699 -19.902100 35.868698
v -8.849699 -19.902100 35.188702
v -9.269699 -18.242100 35.708698
v -9.269699 -17.002100 35.708698
v -8.889700 -18.242100 36.388699
v -10.449699 -18.242100 36.668701
v -10.069700 -18.242100 37.308701
v -10.069700 -17.002100 37.308701
v -10.929699 -17.002100 37.708698
v -11.469700 -17.002100 37.888699
v -11.469700 -18.242100 37.888699
v -11.869699 -18.242100 37.208698
v -11.869699 -17.002100 37.208698
v -14.009699 -17.002100 37.228699
v -12.949699 -19.902100 37.328701
v -11.029699 -19.902100 36.948700
v -13.069700 -19.902100 38.128700
v -14.849699 -19.902100 36.948700
v -16.469700 -19.902100 35.868698
v -15.429699 -17.002100 36.668701
v -17.189699 -17.002100 34.968700
v -17.049700 -19.902100 35.188702
v -17.549700 -19.902100 34.248699
v -17.709700 -17.002100 33.848701
v -17.709700 -18.242100 33.848701
v -17.869699 -18.242100 33.848701
v -17.869699 -18.242100 33.108700
v -18.669699 -18.242100 32.348701
v -18.469700 -18.242100 33.848701
v -18.669699 -17.002100 32.348701
v -18.469700 -17.002100 30.848700
v -18.469700 -18.242100 30.848700
v -17.869699 -18.242100 30.848700
v -17.869699 -18.242100 31.548700
v -17.929699 -18.242100 32.348701
v -17.929699 -19.902100 32.348701
v -19.129700 -19.902100 32.128700
v -17.929699 -19.902100 32.128700
v -17.709700 -18.242100 30.848700
v -17.549700 -19.902100 30.448700
v -16.729700 -19.902100 29.108700
v -17.189699 -17.002100 29.728701
v -15.429699 -17.002100 28.028700
v -16.469700 -19.902100 28.828699
v -14.849699 -19.902100 27.748699
v -14.009699 -17.002100 27.468700
v -12.949699 -19.902100 27.368700
v -11.869699 -17.002100 27.488699
v -11.869699 -18.242100 27.488699
v -11.469700 -18.242100 26.808701
v -11.469700 -17.002100 26.808701
v -10.929699 -17.002100 26.988699
v -10.069700 -17.002100 27.388700
v -10.069700 -18.242100 27.388700
v -8.889700 -17.002100 28.308701
v -8.889700 -18.242100 28.308701
v -10.449699 -18.242100 28.028700
v -11.029699 -19.902100 27.748699
v -9.429699 -19.902100 28.828699
v -9.149700 -19.902100 29.108700
v -9.269699 -18.242100 28.968700
v -8.309700 -17.002100 30.548700
v -8.349699 -19.902100 30.448700
v -7.969700 -17.002100 32.348701
v -7.969700 -19.902100 32.348701
v -8.309700 -17.002100 34.148701
v -8.349699 -19.902100 34.248699
v -9.949699 -17.002100 35.328701
v -10.609699 -17.002100 35.548698
v -10.949699 -17.002100 35.568699
v -8.889700 -17.002100 36.388699
v -11.349699 -17.002100 35.968700
v -11.849699 -17.002100 36.428699
v -11.629700 -17.202101 36.328701
v -11.349699 -17.202101 35.968700
v -11.049700 -17.002100 35.628700
v -11.169699 -17.202101 35.708698
v -10.909700 -17.202101 35.568699
v -11.189699 -20.202101 35.688702
v -10.929699 -20.202101 35.528702
v -10.609699 -17.202101 35.548698
v -10.609699 -20.202101 35.508701
v -10.929699 -23.202101 35.508701
v -11.209700 -23.202101 35.668701
v -11.089699 -26.182100 35.548698
v -11.409700 -26.182100 35.928699
v -11.389700 -23.202101 35.948700
v -11.369699 -20.202101 35.948700
v -11.669699 -23.202101 36.288700
v -11.649700 -20.202101 36.308701
v -12.089699 -23.202101 36.408699
v -12.089699 -20.202101 36.428699
v -12.089699 -17.202101 36.448700
v -12.509699 -20.202101 36.248699
v -12.529699 -17.202101 36.268700
v -12.529699 -17.002100 36.288700
v -14.029699 -17.002100 36.428699
v -14.549700 -17.002100 35.968700
v -14.549700 -17.202101 35.968700
v -14.249701 -17.202101 36.328701
v -13.809700 -17.202101 36.448700
v -13.369699 -17.002100 36.288700
v -13.369699 -17.202101 36.268700
v -12.949699 -17.002100 36.128700
v -13.089699 -17.202101 36.148701
v -12.789700 -17.202101 36.148701
v -13.109699 -20.202101 36.108700
v -12.789700 -20.202101 36.108700
v -13.109699 -23.202101 36.088699
v -12.789700 -23.202101 36.088699
v -12.949699 -26.182100 36.048698
v -13.409700 -26.182100 36.208698
v -13.389700 -23.202101 36.228699
v -14.009699 -26.182100 36.348701
v -13.809700 -23.202101 36.408699
v -14.229700 -23.202101 36.288700
v -14.469700 -26.182100 35.928699
v -14.489700 -23.202101 35.948700
v -14.789700 -26.182100 35.548698
v -14.669699 -23.202101 35.668701
v -14.889700 -26.182100 35.508701
v -14.949699 -23.202101 35.508701
v -15.289700 -26.182100 35.468700
v -15.289700 -23.202101 35.488701
v -14.969700 -20.202101 35.528702
v -15.269699 -20.202101 35.508701
v -14.969700 -17.202101 35.568699
v -14.709700 -17.202101 35.708698
v -14.689699 -20.202101 35.688702
v -14.529699 -20.202101 35.948700
v -14.829700 -17.002100 35.628700
v -15.269699 -17.202101 35.548698
v -15.269699 -17.002100 35.548698
v -15.929699 -17.002100 35.328701
v -15.729700 -17.202101 35.468700
v -16.069700 -17.202101 35.148701
v -16.129700 -17.202101 34.668701
v -16.149700 -17.002100 34.668701
v -16.209700 -17.002100 34.228699
v -16.149700 -17.202101 34.368698
v -16.309700 -17.202101 34.108700
v -16.549700 -17.202101 33.948700
v -16.549700 -17.002100 33.948700
v -16.929699 -17.202101 33.648701
v -16.989700 -17.002100 33.568699
v -17.049700 -17.202101 33.208702
v -17.029699 -17.002100 33.448700
v -18.469700 -17.002100 33.848701
v -17.009699 -17.002100 33.028702
v -17.009699 -17.002100 31.668699
v -17.029699 -17.002100 31.248699
v -17.049700 -17.202101 31.488699
v -16.869699 -17.002100 31.928699
v -16.869699 -17.202101 31.928699
v -16.729700 -17.002100 32.348701
v -16.749701 -17.202101 32.188702
v -16.749701 -17.202101 32.488701
v -16.869699 -17.002100 32.768700
v -16.869699 -17.202101 32.768700
v -16.709700 -20.202101 32.508701
v -16.849699 -20.202101 32.788700
v -16.689699 -23.202101 32.508701
v -16.689699 -23.202101 32.188702
v -16.649700 -26.182100 32.348701
v -16.809700 -26.182100 31.868700
v -16.829700 -23.202101 31.888700
v -16.709700 -20.202101 32.188702
v -16.849699 -20.202101 31.908699
v -16.989700 -23.202101 31.488699
v -17.029699 -20.202101 31.488699
v -16.889700 -23.202101 31.068701
v -16.909700 -20.202101 31.048700
v -16.929699 -17.202101 31.028700
v -16.549700 -20.202101 30.768700
v -16.549700 -17.202101 30.748699
v -16.989700 -17.002100 31.128700
v -16.549700 -17.002100 30.748699
v -16.149700 -17.002100 30.028700
v -16.209700 -17.002100 30.448700
v -16.129700 -17.202101 30.028700
v -16.149700 -17.202101 30.328699
v -16.309700 -17.202101 30.588699
v -16.129700 -20.202101 30.328699
v -16.289700 -20.202101 30.588699
v -16.109699 -23.202101 30.328699
v -16.089699 -23.202101 30.008699
v -16.109699 -20.202101 30.008699
v -16.029699 -23.202101 29.568701
v -16.049700 -20.202101 29.568701
v -15.709700 -23.202101 29.268700
v -15.729700 -20.202101 29.248699
v -16.069700 -17.202101 29.548700
v -15.729700 -17.202101 29.228701
v -15.929699 -17.002100 29.348700
v -14.029699 -17.002100 28.268700
v -14.549700 -17.002100 28.728701
v -14.249701 -17.202101 28.368700
v -14.549700 -17.202101 28.728701
v -14.829700 -17.002100 29.068701
v -14.709700 -17.202101 28.988699
v -14.969700 -17.202101 29.128700
v -15.269699 -17.002100 29.148701
v -15.269699 -17.202101 29.148701
v -14.969700 -20.202101 29.168699
v -15.269699 -20.202101 29.168699
v -14.949699 -23.202101 29.188700
v -14.669699 -23.202101 29.028700
v -14.689699 -20.202101 29.008699
v -14.489700 -23.202101 28.748699
v -14.529699 -20.202101 28.748699
v -14.229700 -23.202101 28.408699
v -14.249701 -20.202101 28.388700
v -13.809700 -23.202101 28.288700
v -13.809700 -20.202101 28.268700
v -13.809700 -17.202101 28.248699
v -13.389700 -20.202101 28.428699
v -13.369699 -17.202101 28.408699
v -13.369699 -17.002100 28.408699
v -11.849699 -17.002100 28.268700
v -12.529699 -17.002100 28.408699
v -12.949699 -17.002100 28.568701
v -12.529699 -17.202101 28.408699
v -12.789700 -17.202101 28.548700
v -13.089699 -17.202101 28.548700
v -12.789700 -20.202101 28.568701
v -12.509699 -20.202101 28.428699
v -12.489700 -23.202101 28.448700
v -12.089699 -23.202101 28.288700
v -12.089699 -20.202101 28.268700
v -11.669699 -23.202101 28.408699
v -11.649700 -20.202101 28.388700
v -12.089699 -17.202101 28.248699
v -11.629700 -17.202101 28.368700
v -11.349699 -17.202101 28.728701
v -11.349699 -17.002100 28.728701
v -11.049700 -17.002100 29.068701
v -11.169699 -17.202101 28.988699
v -10.909700 -17.202101 29.128700
v -10.949699 -17.002100 29.128700
v -10.609699 -17.202101 29.148701
v -10.609699 -17.002100 29.148701
v -9.269699 -17.002100 28.968700
v -9.949699 -17.002100 29.348700
v -10.149700 -17.202101 29.228701
v -9.809700 -17.202101 29.548700
v -9.749701 -17.202101 30.028700
v -9.749701 -17.002100 30.028700
v -9.729700 -17.202101 30.328699
v -9.749701 -20.202101 30.328699
v -9.769699 -20.202101 30.008699
v -9.789700 -23.202101 30.328699
v -9.629700 -23.202101 30.608700
v -9.609699 -20.202101 30.588699
v -9.349699 -23.202101 30.788700
v -9.349699 -20.202101 30.768700
v -9.589699 -17.202101 30.588699
v -9.669699 -17.002100 30.448700
v -9.329700 -17.202101 30.748699
v -9.329700 -17.002100 30.748699
v -8.869699 -17.002100 31.248699
v -8.969700 -17.202101 31.028700
v -8.829700 -17.202101 31.488699
v -9.009699 -17.202101 31.928699
v -9.009699 -17.002100 31.928699
v -9.149700 -17.202101 32.188702
v -9.169699 -20.202101 32.188702
v -9.029699 -20.202101 31.908699
v -9.209700 -23.202101 32.188702
v -9.209700 -23.202101 32.508701
v -9.169699 -20.202101 32.508701
v -9.049700 -23.202101 32.808701
v -9.029699 -20.202101 32.788700
v -9.149700 -17.202101 32.488701
v -9.169699 -17.002100 32.348701
v -9.009699 -17.202101 32.768700
v -9.009699 -17.002100 32.768700
v -8.869699 -17.002100 33.448700
v -8.829700 -17.202101 33.208702
v -8.969700 -17.202101 33.648701
v -9.329700 -17.202101 33.948700
v -9.329700 -17.002100 33.948700
v -9.669699 -17.002100 34.228699
v -9.749701 -17.002100 34.668701
v -9.749701 -17.202101 34.668701
v -9.729700 -17.202101 34.368698
v -9.589699 -17.202101 34.108700
v -9.749701 -20.202101 34.368698
v -9.609699 -20.202101 34.088699
v -9.349699 -20.202101 33.928699
v -9.629700 -23.202101 34.068699
v -9.789700 -23.202101 34.368698
v -9.749701 -26.182100 34.188702
v -9.829700 -26.182100 34.688702
v -9.809700 -23.202101 34.688702
v -9.769699 -20.202101 34.688702
v -9.869699 -23.202101 35.108700
v -9.849699 -20.202101 35.128700
v -10.169699 -23.202101 35.428699
v -10.169699 -20.202101 35.448700
v -10.609699 -23.202101 35.488701
v -10.149700 -17.202101 35.468700
v -9.809700 -17.202101 35.148701
v -10.609699 -26.182100 35.468700
v -10.009699 -26.182100 35.288700
v -11.909700 -26.182100 33.688702
v -9.349699 -26.182100 33.868698
v -8.929699 -26.182100 33.428699
v -9.069700 -26.182100 32.808701
v -8.889700 -23.202101 33.208702
v -9.009699 -23.202101 33.628700
v -8.869699 -20.202101 33.208702
v -8.989700 -20.202101 33.648701
v -9.349699 -23.202101 33.908699
v -9.249701 -26.182100 32.348701
v -9.069700 -26.182100 31.868700
v -9.049700 -23.202101 31.888700
v -8.889700 -23.202101 31.488699
v -8.929699 -26.182100 31.268700
v -9.009699 -23.202101 31.068701
v -9.349699 -26.182100 30.828699
v -11.909700 -26.182100 31.008699
v -14.909700 -26.182100 33.408699
v -14.909700 -26.182100 31.288700
v -16.809700 -26.182100 32.808701
v -16.949699 -26.182100 33.428699
v -16.529699 -26.182100 33.868698
v -16.549700 -23.202101 33.908699
v -16.889700 -23.202101 33.628700
v -16.989700 -23.202101 33.208702
v -16.909700 -20.202101 33.648701
v -17.029699 -20.202101 33.208702
v -16.829700 -23.202101 32.808701
v -16.549700 -20.202101 33.928699
v -16.289700 -20.202101 34.088699
v -16.269699 -23.202101 34.068699
v -16.129700 -20.202101 34.368698
v -16.109699 -20.202101 34.688702
v -16.109699 -23.202101 34.368698
v -16.089699 -23.202101 34.688702
v -16.149700 -26.182100 34.188702
v -16.069700 -26.182100 34.688702
v -15.869699 -26.182100 35.288700
v -16.029699 -23.202101 35.108700
v -15.709700 -23.202101 35.428699
v -15.729700 -20.202101 35.448700
v -16.049700 -20.202101 35.128700
v -14.889700 -26.182100 29.188700
v -14.789700 -26.182100 29.148701
v -15.289700 -23.202101 29.208700
v -15.289700 -26.182100 29.228701
v -15.869699 -26.182100 29.408699
v -16.069700 -26.182100 30.008699
v -16.149700 -26.182100 30.488699
v -16.269699 -23.202101 30.608700
v -16.549700 -23.202101 30.788700
v -16.529699 -26.182100 30.828699
v -16.949699 -26.182100 31.268700
v -12.949699 -26.182100 28.648701
v -14.469700 -26.182100 28.768700
v -13.409700 -26.182100 28.468700
v -13.389700 -23.202101 28.448700
v -13.109699 -23.202101 28.608700
v -12.789700 -23.202101 28.608700
v -12.469700 -26.182100 28.468700
v -11.909700 -26.182100 28.328699
v -13.109699 -20.202101 28.568701
v -14.009699 -26.182100 28.348700
v -11.409700 -26.182100 28.768700
v -11.389700 -23.202101 28.748699
v -11.089699 -26.182100 29.148701
v -11.209700 -23.202101 29.028700
v -10.929699 -23.202101 29.188700
v -10.609699 -26.182100 29.228701
v -10.609699 -23.202101 29.208700
v -10.929699 -20.202101 29.168699
v -10.609699 -20.202101 29.168699
v -10.169699 -23.202101 29.268700
v -10.169699 -20.202101 29.248699
v -9.869699 -23.202101 29.568701
v -9.849699 -20.202101 29.568701
v -9.809700 -23.202101 30.008699
v -9.829700 -26.182100 30.008699
v -9.749701 -26.182100 30.488699
v -10.009699 -26.182100 29.408699
v -11.189699 -20.202101 29.008699
v -11.369699 -20.202101 28.748699
v -8.989700 -20.202101 31.048700
v -8.869699 -20.202101 31.488699
v -11.869699 -26.182100 36.348701
v -12.469700 -26.182100 36.208698
v -12.489700 -23.202101 36.228699
v -17.709700 -17.002100 30.848700
v -14.249701 -20.202101 36.308701
v -13.809700 -20.202101 36.428699
v -13.389700 -20.202101 36.248699
v -6.909700 -22.262100 29.368700
v -6.949699 -20.962099 29.348700
v 49.770302 -17.862101 22.908699
v 49.290302 -18.802099 23.408699
v 50.510300 -17.862101 22.128700
v 40.710300 -23.022100 33.848701
v 39.410301 -23.442101 34.868698
v 37.150299 -23.982100 36.348701
v 35.350300 -24.242100 37.208698
v 34.010300 -24.402100 37.628700
v 33.450302 -20.802099 37.808701
v 32.570301 -24.502100 37.868698
v 31.590300 -20.882099 37.988701
v 30.830301 -24.622101 37.928699
v 29.510300 -20.922100 37.928699
v 28.190300 -24.702101 37.748699
v 27.430302 -20.942101 37.728699
v 26.310301 -22.662100 36.048698

f 1 2 3
f 1 3 4
f 5 1 4
f 5 4 6
f 7 5 6
f 7 6 8
f 7 8 9
f 7 9 10
f 7 10 11
f 7 11 12
f 7 12 13
f 7 13 14
f 14 13 15
f 14 15 16
f 17 14 16
f 18 17 16
f 18 16 19
f 20 18 19
f 21 20 19
f 21 19 22
f 21 22 23
f 24 23 22
f 22 25 24
f 25 3 24
f 26 3 25
f 26 25 27
f 28 26 27
f 28 27 29
f 30 28 29
f 31 30 29
f 32 31 29
f 33 32 29
f 33 29 34
f 35 33 34
f 36 35 34
f 36 34 37
f 38 36 37
f 38 37 39
f 40 38 39
f 40 39 41
f 42 40 41
f 43 42 41
f 43 41 44
f 45 43 44
f 46 45 44
f 47 46 44
f 47 44 48
f 49 47 48
f 49 48 50
f 49 50 51
f 49 51 52
f 49 52 53
f 49 53 54
f 55 49 54
f 56 55 54
f 56 54 57
f 56 57 58
f 56 58 59
f 56 59 60
f 61 56 60
f 61 60 62
f 61 62 63
f 61 63 64
f 64 63 65
f 64 65 66
f 64 66 67
f 64 67 56
f 56 67 68
f 66 68 67
f 66 69 68
f 46 68 69
f 55 68 46
f 66 46 69
f 66 65 45
f 63 43 65
f 63 62 43
f 62 70 43
f 62 71 70
f 72 70 71
f 72 71 60
f 73 72 60
f 74 72 73
f 74 73 75
f 74 75 76
f 77 74 76
f 77 76 78
f 78 79 77
f 79 80 77
f 81 77 80
f 81 80 82
f 81 82 83
f 81 83 84
f 84 83 85
f 84 85 86
f 84 86 87
f 84 87 72
f 87 86 88
f 87 88 70
f 88 42 70
f 88 89 42
f 89 90 42
f 89 91 90
f 92 90 91
f 93 92 91
f 93 91 94
f 95 93 94
f 96 95 94
f 97 96 94
f 97 94 98
f 99 97 98
f 100 99 98
f 100 98 101
f 102 100 101
f 103 102 101
f 103 101 104
f 103 104 105
f 103 105 106
f 103 106 3
f 107 103 3
f 108 103 107
f 109 108 107
f 110 109 107
f 110 107 111
f 112 110 111
f 112 111 113
f 112 113 97
f 114 112 97
f 113 115 97
f 115 116 97
f 97 116 117
f 116 118 117
f 119 117 118
f 119 118 120
f 119 120 121
f 122 119 121
f 122 121 123
f 124 122 123
f 125 124 123
f 125 123 126
f 125 126 127
f 128 125 127
f 128 127 129
f 128 129 90
f 130 90 129
f 130 131 90
f 131 132 90
f 132 40 90
f 131 133 132
f 133 38 132
f 133 134 38
f 131 134 133
f 135 134 131
f 135 136 134
f 134 136 36
f 135 137 136
f 136 137 35
f 137 138 35
f 138 139 35
f 140 139 138
f 141 140 138
f 141 138 135
f 141 135 126
f 141 121 140
f 140 33 139
f 140 120 33
f 135 138 137
f 135 131 130
f 135 130 127
f 130 129 127
f 128 92 125
f 135 127 126
f 141 126 123
f 142 124 125
f 142 125 93
f 143 142 93
f 143 144 142
f 142 144 145
f 142 145 122
f 145 117 122
f 145 144 117
f 144 146 117
f 146 96 117
f 147 96 146
f 147 146 144
f 147 144 143
f 147 143 95
f 142 122 124
f 141 123 121
f 140 121 120
f 120 118 33
f 122 117 119
f 116 32 118
f 148 32 116
f 148 149 32
f 150 32 149
f 150 149 151
f 150 151 152
f 150 152 153
f 153 152 154
f 153 154 32
f 155 32 154
f 156 155 154
f 156 31 155
f 152 156 154
f 152 157 156
f 156 157 30
f 152 28 157
f 152 151 28
f 151 158 28
f 151 159 158
f 160 158 159
f 161 160 159
f 161 159 149
f 113 160 161
f 160 162 158
f 162 26 158
f 162 107 26
f 160 111 162
f 151 149 159
f 150 153 32
f 148 161 149
f 148 115 161
f 148 116 115
f 113 161 115
f 113 111 160
f 114 110 112
f 163 110 114
f 163 114 99
f 111 107 162
f 163 109 110
f 163 164 109
f 163 165 164
f 165 102 164
f 163 100 165
f 164 108 109
f 164 103 108
f 166 106 105
f 166 105 167
f 166 167 6
f 168 167 105
f 169 168 105
f 170 169 105
f 171 170 105
f 171 105 172
f 171 172 173
f 171 173 174
f 171 174 175
f 175 174 176
f 175 176 177
f 168 175 177
f 168 177 178
f 178 177 8
f 167 178 8
f 177 176 179
f 177 179 9
f 179 176 180
f 179 180 181
f 179 181 10
f 181 180 182
f 11 181 182
f 183 182 180
f 180 184 183
f 185 183 184
f 185 184 186
f 185 186 187
f 185 187 188
f 189 185 188
f 189 188 190
f 191 189 190
f 191 190 192
f 193 191 192
f 194 193 192
f 194 192 195
f 194 195 196
f 194 196 197
f 196 198 197
f 199 197 198
f 198 200 199
f 199 200 201
f 202 199 201
f 203 202 201
f 203 201 183
f 204 203 183
f 204 183 189
f 205 204 189
f 205 189 206
f 205 206 199
f 205 199 207
f 206 193 199
f 189 193 206
f 205 207 204
f 204 207 202
f 204 202 203
f 202 207 199
f 208 201 200
f 200 209 208
f 210 208 209
f 211 210 209
f 210 211 212
f 213 210 212
f 214 213 212
f 214 212 215
f 216 214 215
f 216 215 217
f 218 216 217
f 218 217 219
f 220 218 219
f 220 219 221
f 222 220 221
f 222 221 223
f 222 223 224
f 225 222 224
f 225 224 226
f 227 225 226
f 227 226 228
f 229 227 228
f 229 228 230
f 231 229 230
f 231 230 232
f 233 231 232
f 233 232 234
f 235 233 234
f 235 234 236
f 237 235 236
f 237 236 238
f 237 238 239
f 240 237 239
f 240 239 241
f 242 240 241
f 242 241 243
f 244 242 243
f 244 243 245
f 246 244 245
f 246 245 247
f 248 246 247
f 248 247 249
f 248 249 250
f 251 248 250
f 251 250 252
f 253 251 252
f 253 252 254
f 253 254 255
f 256 253 255
f 256 255 257
f 258 256 257
f 258 257 259
f 260 258 259
f 260 259 261
f 262 260 261
f 263 262 261
f 263 261 264
f 265 263 264
f 265 264 266
f 267 265 266
f 267 266 268
f 269 267 268
f 270 269 268
f 270 268 271
f 272 270 271
f 272 271 273
f 274 272 273
f 274 273 275
f 276 274 275
f 276 275 277
f 278 276 277
f 278 277 279
f 280 278 279
f 280 279 281
f 282 280 281
f 282 281 283
f 284 282 283
f 285 284 283
f 285 283 286
f 287 285 286
f 287 286 288
f 288 289 287
f 289 290 287
f 290 291 287
f 291 292 287
f 293 287 292
f 293 292 294
f 293 294 295
f 293 295 296
f 293 296 297
f 293 297 298
f 298 297 299
f 298 299 300
f 298 300 301
f 298 301 302
f 298 302 282
f 302 301 303
f 302 303 304
f 302 304 305
f 302 305 306
f 302 306 307
f 302 307 308
f 302 308 274
f 308 307 309
f 308 309 310
f 308 310 311
f 308 311 312
f 308 312 313
f 308 313 314
f 308 314 265
f 314 313 315
f 314 315 316
f 314 316 317
f 314 317 318
f 314 318 319
f 314 319 320
f 314 320 321
f 314 321 253
f 321 320 322
f 321 322 323
f 321 323 324
f 321 324 325
f 321 325 326
f 321 326 244
f 326 325 327
f 326 327 328
f 326 328 329
f 326 329 330
f 326 330 233
f 330 329 331
f 330 331 332
f 330 332 333
f 330 333 334
f 330 334 227
f 334 333 335
f 334 335 336
f 334 336 337
f 334 337 222
f 337 336 338
f 337 338 339
f 337 339 340
f 337 340 218
f 340 339 341
f 340 341 342
f 340 342 343
f 340 343 216
f 343 342 344
f 343 344 345
f 343 345 346
f 343 346 213
f 346 347 213
f 348 347 346
f 348 346 349
f 348 349 350
f 351 348 350
f 351 350 352
f 353 351 352
f 353 352 354
f 355 353 354
f 355 354 356
f 357 355 356
f 357 356 358
f 359 357 358
f 359 358 360
f 361 359 360
f 361 360 362
f 361 362 363
f 361 363 364
f 361 364 365
f 361 365 366
f 366 365 39
f 365 367 39
f 365 368 367
f 368 369 367
f 44 367 369
f 368 370 369
f 370 371 369
f 50 369 371
f 370 372 371
f 372 373 371
f 373 374 371
f 51 371 374
f 375 51 374
f 375 374 376
f 377 375 376
f 378 377 376
f 379 378 376
f 379 376 380
f 381 379 380
f 381 380 382
f 382 383 381
f 384 381 383
f 385 381 384
f 384 386 385
f 385 386 387
f 385 387 388
f 385 388 389
f 389 388 390
f 389 390 391
f 392 389 391
f 392 391 393
f 392 393 394
f 392 394 395
f 396 392 395
f 397 396 395
f 398 397 395
f 398 399 397
f 400 397 399
f 400 399 401
f 402 400 401
f 402 401 403
f 402 403 404
f 402 404 405
f 405 406 402
f 407 402 406
f 407 406 408
f 409 407 408
f 410 409 408
f 410 411 409
f 409 411 412
f 412 411 413
f 412 413 414
f 412 414 377
f 377 407 412
f 415 414 413
f 415 416 414
f 416 375 414
f 417 375 416
f 417 416 53
f 416 418 53
f 53 418 419
f 53 419 420
f 421 420 419
f 422 421 419
f 423 421 422
f 424 423 422
f 424 422 418
f 424 418 425
f 424 425 426
f 424 426 427
f 427 426 428
f 427 428 54
f 423 427 54
f 423 54 420
f 428 426 429
f 430 428 429
f 430 429 431
f 432 430 431
f 433 432 431
f 434 433 431
f 434 431 435
f 434 435 436
f 434 436 437
f 434 437 438
f 434 438 439
f 434 439 440
f 434 440 441
f 434 441 442
f 442 441 443
f 442 443 444
f 442 444 432
f 444 445 432
f 76 432 445
f 76 445 446
f 447 76 446
f 447 446 448
f 447 448 449
f 450 447 449
f 451 450 449
f 451 449 452
f 451 452 453
f 451 453 85
f 85 453 89
f 453 452 91
f 91 452 454
f 452 455 454
f 455 456 454
f 454 456 457
f 454 457 94
f 94 457 458
f 458 457 459
f 458 459 460
f 461 458 460
f 461 460 462
f 463 461 462
f 463 462 464
f 465 463 464
f 465 464 466
f 467 465 466
f 467 466 468
f 469 467 468
f 469 468 470
f 471 469 470
f 471 470 472
f 473 471 472
f 473 472 474
f 475 473 474
f 475 474 476
f 475 476 477
f 478 475 477
f 478 477 479
f 480 478 479
f 480 479 481
f 482 480 481
f 482 481 483
f 482 483 484
f 485 482 484
f 485 484 486
f 485 486 487
f 485 487 488
f 489 485 488
f 489 488 490
f 489 490 491
f 492 489 491
f 492 491 493
f 492 493 494
f 495 492 494
f 495 494 496
f 495 496 497
f 498 495 497
f 498 497 499
f 498 499 500
f 498 500 501
f 502 498 501
f 502 501 503
f 502 503 504
f 505 502 504
f 505 504 506
f 505 506 507
f 508 505 507
f 508 507 509
f 508 509 510
f 511 508 510
f 511 510 512
f 511 512 513
f 511 513 514
f 515 511 514
f 515 514 516
f 515 516 517
f 518 515 517
f 518 517 519
f 518 519 520
f 518 520 521
f 518 521 522
f 523 518 522
f 523 522 524
f 523 524 525
f 526 523 525
f 526 525 527
f 526 527 528
f 529 526 528
f 529 528 530
f 529 530 531
f 532 529 531
f 532 531 533
f 534 532 533
f 534 533 535
f 534 535 536
f 536 537 534
f 538 534 537
f 539 538 537
f 540 538 539
f 540 539 541
f 540 541 542
f 543 540 542
f 543 542 544
f 545 543 544
f 545 544 546
f 545 546 547
f 548 545 547
f 549 548 547
f 550 549 547
f 551 550 547
f 551 552 550
f 550 552 553
f 550 553 554
f 550 554 555
f 554 556 555
f 557 555 556
f 558 557 556
f 558 556 559
f 560 558 559
f 560 559 561
f 562 560 561
f 562 561 294
f 562 294 291
f 563 294 561
f 564 563 561
f 564 565 563
f 563 565 566
f 563 566 567
f 567 566 568
f 567 568 569
f 567 569 570
f 567 570 295
f 570 571 295
f 295 571 572
f 572 571 573
f 572 573 574
f 296 572 574
f 575 574 573
f 575 576 574
f 574 576 577
f 574 577 578
f 297 574 578
f 297 578 579
f 297 579 580
f 579 581 580
f 580 581 582
f 580 582 583
f 299 580 583
f 299 583 584
f 299 584 585
f 584 586 585
f 585 586 587
f 585 587 588
f 300 585 588
f 300 588 589
f 300 589 590
f 300 590 591
f 590 592 591
f 591 592 593
f 591 593 594
f 301 591 594
f 301 594 595
f 301 595 596
f 301 596 597
f 596 598 597
f 597 598 599
f 597 599 600
f 303 597 600
f 303 600 601
f 303 601 602
f 303 602 603
f 602 604 603
f 603 604 605
f 603 605 606
f 304 603 606
f 304 606 607
f 304 607 608
f 304 608 609
f 608 610 609
f 609 610 611
f 609 611 612
f 305 609 612
f 305 612 613
f 305 613 614
f 305 614 615
f 305 615 616
f 615 617 616
f 616 617 618
f 616 618 619
f 306 616 619
f 306 619 620
f 306 620 621
f 306 621 622
f 306 622 623
f 622 624 623
f 623 624 625
f 623 625 626
f 307 623 626
f 307 626 627
f 307 627 628
f 307 628 629
f 628 630 629
f 629 630 631
f 629 631 632
f 309 629 632
f 309 632 633
f 309 633 634
f 309 634 635
f 634 636 635
f 635 636 637
f 635 637 638
f 310 635 638
f 310 638 639
f 310 639 640
f 310 640 641
f 640 642 641
f 641 642 643
f 641 643 644
f 311 641 644
f 311 644 645
f 311 645 646
f 311 646 647
f 646 648 647
f 647 648 649
f 647 649 650
f 312 647 650
f 312 650 651
f 312 651 652
f 312 652 653
f 652 654 653
f 653 654 655
f 653 655 656
f 313 653 656
f 313 656 657
f 657 658 313
f 658 659 313
f 313 659 660
f 659 661 660
f 660 661 662
f 660 662 663
f 315 660 663
f 315 663 664
f 663 665 664
f 664 665 666
f 664 666 667
f 316 664 667
f 316 667 668
f 316 668 669
f 316 669 670
f 669 671 670
f 670 671 672
f 670 672 673
f 317 670 673
f 317 673 674
f 317 674 675
f 317 675 676
f 675 677 676
f 676 677 678
f 676 678 679
f 318 676 679
f 318 679 680
f 318 680 681
f 318 681 682
f 681 683 682
f 682 683 684
f 682 684 685
f 319 682 685
f 319 685 686
f 685 687 686
f 686 687 688
f 686 688 689
f 686 689 690
f 320 686 690
f 320 690 691
f 320 691 692
f 320 692 693
f 320 693 694
f 693 695 694
f 694 695 696
f 694 696 697
f 322 694 697
f 322 697 698
f 322 698 699
f 322 699 700
f 322 700 701
f 701 700 702
f 701 702 703
f 704 701 703
f 703 705 704
f 704 705 706
f 323 704 706
f 323 706 707
f 323 707 708
f 707 709 708
f 708 709 710
f 708 710 711
f 708 711 324
f 711 712 324
f 712 713 324
f 324 713 714
f 713 715 714
f 714 715 716
f 714 716 717
f 325 714 717
f 325 717 718
f 325 718 719
f 325 719 720
f 325 720 721
f 720 722 721
f 721 722 723
f 721 723 724
f 327 721 724
f 327 724 725
f 327 725 726
f 725 727 726
f 726 727 728
f 726 728 729
f 328 726 729
f 328 729 730
f 328 730 731
f 730 732 731
f 731 732 733
f 731 733 734
f 329 731 734
f 329 734 735
f 329 735 736
f 329 736 737
f 736 738 737
f 737 738 739
f 737 739 740
f 331 737 740
f 331 740 741
f 331 741 742
f 741 743 742
f 742 743 744
f 742 744 745
f 332 742 745
f 332 745 746
f 332 746 747
f 332 747 748
f 332 748 749
f 749 748 750
f 749 750 751
f 749 751 752
f 333 749 752
f 333 752 753
f 333 753 754
f 753 755 754
f 754 755 756
f 754 756 757
f 335 754 757
f 335 757 758
f 757 759 758
f 758 759 760
f 758 760 761
f 336 758 761
f 336 761 762
f 336 762 763
f 762 764 763
f 763 764 765
f 763 765 766
f 338 763 766
f 338 766 767
f 766 768 767
f 767 768 769
f 767 769 770
f 339 767 770
f 339 770 771
f 339 771 772
f 771 773 772
f 772 773 774
f 772 774 775
f 341 772 775
f 341 775 776
f 341 776 777
f 341 777 778
f 777 779 778
f 778 779 780
f 778 780 781
f 778 781 342
f 781 782 342
f 782 783 342
f 783 784 342
f 783 785 784
f 784 785 786
f 784 786 787
f 344 784 787
f 344 787 788
f 344 788 789
f 344 789 790
f 344 790 791
f 344 791 792
f 344 792 793
f 344 793 794
f 795 794 793
f 795 793 796
f 795 796 797
f 797 796 798
f 799 797 798
f 799 798 800
f 801 799 800
f 801 800 802
f 803 801 802
f 803 802 804
f 805 803 804
f 805 804 806
f 807 805 806
f 808 807 806
f 808 806 809
f 810 808 809
f 810 809 811
f 812 810 811
f 813 812 811
f 813 811 814
f 813 814 815
f 816 813 815
f 817 816 815
f 818 817 815
f 818 819 817
f 820 819 818
f 820 818 821
f 820 821 822
f 820 822 823
f 820 823 824
f 820 824 825
f 824 826 825
f 827 825 826
f 827 826 828
f 828 829 827
f 830 827 829
f 829 831 830
f 832 830 831
f 833 832 831
f 833 831 834
f 833 834 835
f 833 835 836
f 833 836 837
f 838 833 837
f 838 837 839
f 840 838 839
f 840 839 841
f 840 841 373
f 842 840 373
f 842 843 840
f 840 843 844
f 840 844 845
f 846 845 844
f 846 844 847
f 847 848 846
f 848 849 846
f 849 850 846
f 850 851 846
f 819 846 851
f 816 819 851
f 846 819 827
f 827 852 846
f 816 851 850
f 853 816 850
f 853 854 816
f 853 849 854
f 855 854 849
f 855 856 854
f 857 854 856
f 857 856 363
f 856 858 363
f 859 363 858
f 860 363 859
f 860 859 848
f 860 848 861
f 860 861 847
f 860 847 843
f 859 855 848
f 842 363 860
f 859 858 856
f 857 813 854
f 862 813 857
f 862 857 362
f 859 856 855
f 853 850 849
f 855 849 848
f 847 861 848
f 845 846 852
f 838 845 852
f 838 852 832
f 843 847 844
f 842 860 843
f 841 839 374
f 840 845 838
f 839 837 376
f 837 863 376
f 836 863 837
f 836 380 863
f 864 380 836
f 384 380 864
f 384 864 865
f 864 866 865
f 865 866 867
f 865 867 387
f 868 387 867
f 868 867 869
f 868 869 870
f 871 868 870
f 871 870 872
f 872 873 871
f 871 873 874
f 874 873 875
f 874 875 388
f 388 875 876
f 875 877 876
f 877 878 876
f 876 878 879
f 879 880 876
f 390 876 880
f 390 880 881
f 390 881 882
f 882 883 390
f 884 883 882
f 885 884 882
f 886 885 882
f 886 882 887
f 886 887 888
f 886 888 889
f 890 886 889
f 891 890 889
f 891 889 892
f 893 891 892
f 892 894 893
f 895 893 894
f 895 894 896
f 896 897 895
f 898 895 897
f 898 897 899
f 898 899 900
f 901 898 900
f 901 900 902
f 901 902 903
f 901 903 904
f 901 904 905
f 901 905 906
f 901 906 907
f 901 907 908
f 901 908 893
f 893 908 890
f 908 909 890
f 907 890 909
f 908 907 909
f 910 907 906
f 910 906 911
f 910 911 912
f 910 912 913
f 910 913 914
f 913 912 914
f 915 914 912
f 912 404 915
f 915 404 916
f 401 915 916
f 917 915 401
f 918 915 917
f 918 917 399
f 918 399 885
f 918 914 915
f 918 907 914
f 918 886 907
f 404 912 911
f 404 911 906
f 910 914 907
f 404 906 905
f 404 905 904
f 919 904 903
f 904 919 405
f 919 903 902
f 919 902 920
f 919 920 921
f 919 921 922
f 923 919 922
f 923 922 924
f 925 923 924
f 926 925 924
f 926 924 445
f 443 926 445
f 440 925 926
f 440 927 925
f 438 925 927
f 922 928 924
f 928 929 924
f 924 929 930
f 924 930 931
f 446 924 931
f 821 931 930
f 821 932 931
f 932 933 931
f 448 931 933
f 448 933 934
f 935 448 934
f 935 934 455
f 455 934 936
f 935 455 448
f 933 936 934
f 933 456 936
f 937 456 933
f 937 938 456
f 939 938 937
f 940 939 937
f 940 937 932
f 940 811 939
f 939 941 938
f 941 459 938
f 941 942 459
f 941 806 942
f 939 809 941
f 932 937 933
f 940 932 821
f 929 943 930
f 823 930 943
f 944 823 943
f 945 944 943
f 945 943 946
f 947 945 946
f 947 946 948
f 947 948 949
f 950 947 949
f 951 950 949
f 951 949 952
f 951 952 953
f 951 953 954
f 955 951 954
f 956 955 954
f 956 954 872
f 956 872 957
f 956 957 958
f 956 958 959
f 956 959 960
f 961 960 959
f 961 959 962
f 962 963 961
f 951 961 963
f 962 964 963
f 950 963 964
f 950 964 965
f 950 965 966
f 966 965 967
f 824 966 967
f 824 967 828
f 968 828 967
f 968 967 969
f 969 970 968
f 968 970 971
f 971 970 972
f 971 972 829
f 973 829 972
f 973 972 974
f 973 974 975
f 976 973 975
f 976 975 977
f 978 976 977
f 978 977 979
f 980 978 979
f 867 980 979
f 867 979 981
f 979 982 981
f 982 983 981
f 984 981 983
f 984 983 985
f 984 985 986
f 986 987 984
f 988 984 987
f 988 987 969
f 965 988 969
f 965 962 988
f 962 984 988
f 987 986 989
f 987 989 970
f 989 990 970
f 974 970 990
f 974 990 991
f 974 991 992
f 992 979 974
f 991 993 992
f 992 993 994
f 982 992 994
f 982 994 995
f 995 994 996
f 995 996 997
f 998 995 997
f 998 997 999
f 1000 998 999
f 1000 999 1001
f 1002 1000 1001
f 1002 1001 881
f 1003 1002 881
f 989 1002 1003
f 986 1000 1002
f 999 882 1001
f 985 998 1000
f 999 997 887
f 1004 887 997
f 983 995 998
f 1004 997 996
f 1004 996 878
f 878 1005 1004
f 1006 1004 1005
f 1007 1006 1005
f 1008 1006 1007
f 1007 1009 1008
f 1010 1008 1009
f 1011 1010 1009
f 1011 1009 1012
f 1011 1012 1013
f 954 1011 1013
f 954 1013 1014
f 1014 1013 873
f 1013 1015 873
f 873 1015 877
f 1015 1013 1012
f 1012 1009 1015
f 1011 1016 1010
f 1010 1016 1017
f 1017 1016 1018
f 1017 1018 1008
f 1018 1019 1008
f 1020 1008 1019
f 1019 948 1020
f 1021 1008 1020
f 1021 1020 946
f 896 1021 946
f 894 1008 1021
f 1018 948 1019
f 1022 1018 1016
f 1022 953 1018
f 1011 953 1022
f 1011 1022 1016
f 1010 1017 1008
f 1015 1009 1007
f 1015 1007 878
f 1008 1023 1006
f 1008 892 1023
f 1023 892 1004
f 1006 1023 1004
f 1007 1005 878
f 1024 878 996
f 994 1024 996
f 994 993 1024
f 993 879 1024
f 1025 879 993
f 991 1025 993
f 990 1025 991
f 990 1003 1025
f 1025 1003 880
f 989 1003 990
f 986 1002 989
f 985 1000 986
f 983 998 985
f 981 984 1026
f 870 981 1026
f 957 870 1026
f 959 1026 984
f 982 995 983
f 979 992 982
f 834 980 867
f 834 978 980
f 977 974 979
f 834 976 978
f 834 1027 976
f 973 976 1027
f 975 974 977
f 829 973 1027
f 970 974 972
f 969 987 970
f 828 968 971
f 824 944 966
f 965 969 967
f 962 965 964
f 959 984 962
f 955 960 961
f 958 1026 959
f 958 957 1026
f 954 1014 872
f 956 960 955
f 955 961 951
f 954 953 1011
f 952 1018 953
f 952 949 1018
f 951 963 950
f 950 966 947
f 949 948 1018
f 1020 948 946
f 966 945 947
f 896 946 943
f 1028 896 943
f 966 944 945
f 929 1028 943
f 1028 929 897
f 929 928 899
f 1029 899 928
f 928 922 1029
f 1030 1029 922
f 1030 900 1029
f 923 925 919
f 919 925 1031
f 406 919 1031
f 1031 1032 406
f 1033 406 1032
f 1034 1033 1032
f 1034 1032 1035
f 1034 1035 1036
f 425 1034 1036
f 425 1036 1037
f 425 1037 1038
f 1039 1038 1037
f 1038 1039 435
f 1040 1038 435
f 426 1040 435
f 426 1038 1040
f 1039 1041 435
f 1039 1042 1041
f 1041 1042 436
f 436 1042 1043
f 1044 1043 1042
f 1042 925 1044
f 1044 925 437
f 437 1043 1044
f 1042 1039 1032
f 1037 1036 1039
f 425 1045 1034
f 1034 1045 415
f 1034 415 411
f 425 1046 1045
f 1045 1046 416
f 1035 1039 1036
f 1032 1039 1035
f 1034 410 1033
f 410 406 1033
f 1042 1032 1031
f 1031 925 1042
f 1030 922 921
f 921 920 1030
f 902 1030 920
f 902 900 1030
f 901 893 898
f 1029 900 899
f 899 897 929
f 897 896 1028
f 1021 896 894
f 898 893 895
f 892 1008 894
f 889 1004 892
f 893 890 891
f 907 886 890
f 889 888 1004
f 888 887 1004
f 887 882 999
f 918 885 886
f 399 884 885
f 884 394 883
f 398 394 884
f 1001 882 881
f 1003 881 880
f 1025 880 879
f 879 878 1024
f 877 1015 878
f 873 877 875
f 872 1014 873
f 872 870 957
f 868 871 874
f 870 869 981
f 869 867 981
f 868 874 387
f 866 835 867
f 864 835 866
f 864 836 835
f 834 867 835
f 834 831 1027
f 838 832 833
f 830 832 852
f 829 1027 831
f 827 830 852
f 828 971 829
f 825 827 819
f 824 828 826
f 824 823 944
f 823 822 930
f 822 821 930
f 818 940 821
f 818 814 940
f 820 825 819
f 817 819 816
f 816 854 813
f 818 815 814
f 940 814 811
f 862 812 813
f 862 810 812
f 1047 810 862
f 1047 862 360
f 939 811 809
f 1047 808 810
f 1048 808 1047
f 1048 1047 358
f 941 809 806
f 1048 807 808
f 1049 807 1048
f 1049 1048 356
f 1049 805 807
f 1050 805 1049
f 1050 1049 354
f 1051 1050 354
f 1051 803 1050
f 942 806 804
f 1050 803 805
f 942 804 802
f 942 802 1052
f 942 1052 460
f 1051 801 803
f 1053 801 1051
f 1053 1051 352
f 1052 802 800
f 1052 800 1054
f 1052 1054 464
f 1053 799 801
f 1055 799 1053
f 1055 1053 350
f 1054 800 798
f 1054 798 1056
f 1054 1056 1057
f 1054 1057 468
f 1058 468 1057
f 1058 1057 1059
f 1058 1059 468
f 1057 1056 1059
f 1060 1059 1056
f 1061 1060 1056
f 1062 1061 1056
f 796 1062 1056
f 1063 796 1056
f 792 1061 1062
f 791 1060 1061
f 1060 1064 1059
f 1064 1065 1059
f 1065 1066 1059
f 1066 786 1059
f 786 1067 1059
f 1067 470 1059
f 788 1066 1065
f 789 1065 1064
f 790 1064 1060
f 798 1063 1056
f 1055 797 799
f 1068 797 1055
f 1068 1055 349
f 1068 349 345
f 794 1068 345
f 794 797 1068
f 798 796 1063
f 793 1062 796
f 795 797 794
f 792 1062 793
f 791 1061 792
f 790 1060 791
f 789 1064 790
f 788 1065 789
f 787 1066 788
f 787 786 1066
f 786 785 1067
f 785 1069 1067
f 1069 1070 1067
f 1070 1071 1067
f 1071 472 1067
f 1070 780 1071
f 782 1070 1069
f 783 1069 785
f 782 1069 783
f 781 1070 782
f 781 780 1070
f 780 779 1071
f 779 1072 1071
f 1072 1073 1071
f 1073 1074 1071
f 1074 474 1071
f 1073 774 1074
f 776 1073 1072
f 777 1072 779
f 776 1072 777
f 775 1073 776
f 775 774 1073
f 774 773 1074
f 773 1075 1074
f 1075 1076 1074
f 1076 476 1074
f 1075 769 1076
f 771 1075 773
f 770 1075 771
f 770 769 1075
f 769 768 1076
f 768 765 1076
f 765 1077 1076
f 1077 477 1076
f 766 765 768
f 765 764 1077
f 764 1078 1077
f 1078 1079 1077
f 1079 479 1077
f 1078 760 1079
f 762 1078 764
f 761 1078 762
f 761 760 1078
f 760 759 1079
f 759 756 1079
f 756 1080 1079
f 1080 481 1079
f 757 756 759
f 756 755 1080
f 755 1081 1080
f 1081 751 1080
f 753 1081 755
f 752 1081 753
f 752 751 1081
f 751 750 1080
f 750 1082 1080
f 1082 483 1080
f 750 1083 1082
f 1083 1084 1082
f 1084 1085 1082
f 1085 744 1082
f 744 1086 1082
f 1086 484 1082
f 746 1085 1084
f 747 1084 1083
f 1083 750 748
f 747 1083 748
f 746 1084 747
f 745 1085 746
f 745 744 1085
f 744 743 1086
f 743 1087 1086
f 1087 739 1086
f 739 1088 1086
f 1088 486 1086
f 741 1087 743
f 740 1087 741
f 740 739 1087
f 739 738 1088
f 738 1089 1088
f 1089 1090 1088
f 1090 733 1088
f 733 1091 1088
f 1091 487 1088
f 735 1090 1089
f 736 1089 738
f 735 1089 736
f 734 1090 735
f 734 733 1090
f 733 732 1091
f 732 1092 1091
f 1092 728 1091
f 728 1093 1091
f 1093 488 1091
f 730 1092 732
f 729 1092 730
f 729 728 1092
f 728 727 1093
f 727 1094 1093
f 1094 723 1093
f 725 1094 727
f 724 1094 725
f 724 723 1094
f 723 722 1093
f 722 1095 1093
f 1095 490 1093
f 722 1096 1095
f 1096 1097 1095
f 1097 1098 1095
f 1098 716 1095
f 716 1099 1095
f 1099 491 1095
f 718 1098 1097
f 719 1097 1096
f 720 1096 722
f 719 1096 720
f 718 1097 719
f 717 1098 718
f 717 716 1098
f 716 715 1099
f 715 1100 1099
f 1100 1101 1099
f 1101 710 1099
f 710 1102 1099
f 1102 493 1099
f 712 1101 1100
f 713 1100 715
f 712 1100 713
f 711 1101 712
f 711 710 1101
f 710 709 1102
f 709 1103 1102
f 1103 705 1102
f 707 1103 709
f 706 1103 707
f 706 705 1103
f 705 703 1102
f 703 1104 1102
f 1104 494 1102
f 323 701 704
f 703 702 1104
f 702 1105 1104
f 1105 1106 1104
f 1106 1107 1104
f 1107 1108 1104
f 1108 496 1104
f 1107 696 1108
f 698 1107 1106
f 699 1106 1105
f 1105 702 700
f 699 1105 700
f 698 1106 699
f 697 1107 698
f 697 696 1107
f 696 695 1108
f 695 1109 1108
f 1109 1110 1108
f 1110 1111 1108
f 1111 497 1108
f 1110 689 1111
f 691 689 1110
f 692 1110 1109
f 693 1109 695
f 692 1109 693
f 691 1110 692
f 690 689 691
f 689 688 1111
f 688 687 1111
f 687 1112 1111
f 1112 499 1111
f 687 684 1112
f 685 684 687
f 684 683 1112
f 683 1113 1112
f 1113 500 1112
f 683 1114 1113
f 1114 1115 1113
f 1115 1116 1113
f 1116 501 1113
f 1115 678 1116
f 680 1115 1114
f 681 1114 683
f 680 1114 681
f 679 1115 680
f 679 678 1115
f 678 677 1116
f 677 1117 1116
f 1117 1118 1116
f 1118 503 1116
f 1117 1119 1118
f 1119 672 1118
f 672 1120 1118
f 1120 504 1118
f 674 1119 1117
f 675 1117 677
f 674 1117 675
f 673 1119 674
f 673 672 1119
f 672 671 1120
f 671 1121 1120
f 1121 1122 1120
f 1122 1123 1120
f 1123 506 1120
f 1122 666 1123
f 668 1122 1121
f 669 1121 671
f 668 1121 669
f 667 1122 668
f 667 666 1122
f 666 665 1123
f 665 1124 1123
f 1124 507 1123
f 665 1125 1124
f 1125 662 1124
f 662 1126 1124
f 1126 509 1124
f 663 1125 665
f 663 662 1125
f 662 661 1126
f 661 1127 1126
f 1127 510 1126
f 661 1128 1127
f 1128 1129 1127
f 1129 1130 1127
f 1130 1131 1127
f 1131 512 1127
f 1130 655 1131
f 1130 1129 657
f 658 1129 1128
f 659 1128 661
f 658 1128 659
f 657 1129 658
f 657 656 1130
f 656 655 1130
f 1131 655 654
f 1131 654 1132
f 1132 1133 1131
f 1133 513 1131
f 1132 1134 1133
f 1134 649 1133
f 651 1134 1132
f 652 1132 654
f 651 1132 652
f 650 1134 651
f 650 649 1134
f 649 648 1133
f 648 1135 1133
f 1135 514 1133
f 648 1136 1135
f 1136 1137 1135
f 1137 643 1135
f 643 1138 1135
f 1138 516 1135
f 645 1137 1136
f 646 1136 648
f 645 1136 646
f 644 1137 645
f 644 643 1137
f 643 642 1138
f 642 1139 1138
f 1139 1140 1138
f 1140 1141 1138
f 1141 517 1138
f 1140 637 1141
f 639 1140 1139
f 640 1139 642
f 639 1139 640
f 638 1140 639
f 638 637 1140
f 637 636 1141
f 636 1142 1141
f 1142 1143 1141
f 1143 1144 1141
f 1144 519 1141
f 1143 631 1144
f 633 1143 1142
f 634 1142 636
f 633 1142 634
f 632 1143 633
f 632 631 1143
f 631 630 1144
f 630 1145 1144
f 1145 1146 1144
f 1146 520 1144
f 1145 1147 1146
f 1147 625 1146
f 627 1147 1145
f 628 1145 630
f 627 1145 628
f 626 1147 627
f 626 625 1147
f 625 624 1146
f 624 1148 1146
f 1148 1149 1146
f 1149 521 1146
f 1148 1150 1149
f 1149 1150 1151
f 1149 1151 618
f 620 1151 1150
f 621 1150 1148
f 622 1148 624
f 621 1148 622
f 620 1150 621
f 619 1151 620
f 619 618 1151
f 618 617 1149
f 617 1152 1149
f 1152 1153 1149
f 1153 522 1149
f 1152 1154 1153
f 1154 1155 1153
f 1155 611 1153
f 613 1155 1154
f 614 1154 1152
f 615 1152 617
f 614 1152 615
f 613 1154 614
f 612 1155 613
f 612 611 1155
f 611 610 1153
f 610 1156 1153
f 1156 1157 1153
f 1157 524 1153
f 1156 1158 1157
f 1158 605 1157
f 607 1158 1156
f 608 1156 610
f 607 1156 608
f 606 1158 607
f 606 605 1158
f 1157 605 604
f 1157 604 1159
f 1159 1160 1157
f 1160 599 1157
f 599 1161 1157
f 1161 525 1157
f 601 1160 1159
f 602 1159 604
f 1159 602 601
f 600 1160 601
f 600 599 1160
f 599 598 1161
f 598 1162 1161
f 1162 1163 1161
f 1163 593 1161
f 595 1163 1162
f 596 1162 598
f 595 1162 596
f 594 1163 595
f 594 593 1163
f 593 592 1161
f 592 1164 1161
f 1164 527 1161
f 592 1165 1164
f 1165 1166 1164
f 1166 587 1164
f 587 1167 1164
f 1167 528 1164
f 589 1166 1165
f 590 1165 592
f 589 1165 590
f 588 1166 589
f 588 587 1166
f 587 586 1167
f 586 1168 1167
f 1167 1168 582
f 582 1169 1167
f 1169 530 1167
f 584 1168 586
f 583 1168 584
f 583 582 1168
f 582 581 1169
f 581 1170 1169
f 1170 577 1169
f 577 1171 1169
f 1171 531 1169
f 577 1172 1171
f 1172 1173 1171
f 1173 1174 1171
f 1174 533 1171
f 1175 533 1174
f 1175 1174 1176
f 1177 1175 1176
f 1177 1176 1178
f 539 1177 1178
f 539 535 1177
f 1179 1178 1176
f 1180 1179 1176
f 1180 1176 1181
f 1180 1181 571
f 571 1181 1172
f 571 1172 1182
f 571 1182 576
f 1180 1183 1179
f 1179 1183 1184
f 1179 1184 1185
f 1185 1184 1186
f 1185 1186 1187
f 1185 1187 541
f 1185 541 1178
f 1187 1186 1188
f 1187 1188 1189
f 1187 1189 542
f 1189 1188 1190
f 1189 1190 1191
f 1189 1191 544
f 1191 1190 1192
f 1191 1192 1193
f 1191 1193 551
f 1191 551 546
f 1192 1194 1193
f 1194 1195 1193
f 1195 552 1193
f 1195 1196 552
f 1195 1197 1196
f 1196 1197 1198
f 1196 1198 1199
f 1196 1199 553
f 1199 1200 553
f 1199 1201 1200
f 1201 1202 1200
f 1203 1200 1202
f 1203 1202 564
f 1203 564 559
f 554 1200 1203
f 1201 1204 1202
f 1204 565 1202
f 1204 1205 565
f 1204 1206 1205
f 1205 1206 1207
f 1205 1207 566
f 1207 1206 1208
f 1207 1208 1209
f 1210 1207 1209
f 1210 1209 1211
f 1210 1211 1212
f 1213 1212 1211
f 1213 1211 1214
f 1213 1214 1215
f 1213 1215 1216
f 1213 1216 569
f 1215 1183 1216
f 1215 1217 1183
f 1215 1218 1217
f 1217 1218 1219
f 1217 1219 1220
f 1217 1220 1184
f 1220 1219 1221
f 1220 1221 1222
f 1220 1222 1186
f 1222 1221 1223
f 1222 1223 1224
f 1222 1224 1188
f 1224 1223 1225
f 1224 1225 1190
f 1225 1223 1226
f 1225 1226 1227
f 1228 1225 1227
f 1228 1227 1229
f 1228 1229 1194
f 1227 1230 1229
f 1198 1229 1230
f 1230 1231 1198
f 1232 1198 1231
f 1231 1206 1232
f 1198 1232 1233
f 1201 1233 1232
f 1231 1230 1234
f 1231 1234 1235
f 1235 1209 1231
f 1221 1235 1234
f 1235 1221 1218
f 1218 1211 1235
f 1230 1227 1234
f 1228 1194 1225
f 1226 1234 1227
f 1234 1226 1223
f 1234 1223 1221
f 1219 1218 1221
f 1215 1214 1218
f 1218 1214 1211
f 1213 569 1212
f 1209 1235 1211
f 1210 1212 1207
f 1207 1212 568
f 1208 1231 1209
f 1231 1208 1206
f 1204 1232 1206
f 1201 1232 1204
f 1199 1233 1201
f 1199 1198 1233
f 1198 1197 1229
f 1195 1229 1197
f 1194 1229 1195
f 1225 1194 1192
f 1225 1192 1190
f 1224 1190 1188
f 1222 1188 1186
f 1220 1186 1184
f 1217 1184 1183
f 1180 1216 1183
f 1180 570 1216
f 1179 1185 1178
f 1181 1176 1174
f 1177 533 1175
f 1181 1174 1173
f 1181 1173 1172
f 577 1182 1172
f 579 1170 581
f 578 1170 579
f 578 577 1170
f 577 576 1182
f 575 571 576
f 575 573 571
f 1180 571 570
f 570 569 1216
f 1212 569 568
f 1207 568 566
f 1205 566 565
f 564 1202 565
f 563 567 294
f 562 1236 560
f 560 1236 1237
f 1237 1236 1238
f 1237 1238 1239
f 1240 1237 1239
f 1240 1239 1241
f 1240 1241 1242
f 1243 1240 1242
f 1243 1242 1244
f 1243 1244 1245
f 1246 1243 1245
f 1246 1245 1247
f 1246 1247 1248
f 1246 1248 1249
f 1250 1246 1249
f 1250 1249 548
f 548 1249 1251
f 1251 1249 1252
f 1251 1252 1253
f 1251 1253 1254
f 1255 1251 1254
f 1255 1254 1256
f 1257 1255 1256
f 1257 1256 1258
f 538 1257 1258
f 538 1258 1259
f 538 1259 1260
f 1261 538 1260
f 1261 1260 1262
f 1261 1262 534
f 1262 1263 534
f 1264 534 1263
f 1263 1265 1264
f 1266 1264 1265
f 1266 1265 1267
f 1266 1267 1268
f 1266 1268 1269
f 1270 1266 1269
f 1270 1269 1271
f 1270 1271 1272
f 1270 1272 1273
f 1273 1272 1274
f 1275 1273 1274
f 1275 1274 1276
f 1275 1276 1277
f 1278 1277 1276
f 1278 1279 1277
f 526 1277 1279
f 1274 1279 1278
f 1274 1280 1279
f 1280 1281 1279
f 1281 1282 1279
f 1283 1279 1282
f 1282 1284 1283
f 1285 1283 1284
f 1285 1284 1286
f 1285 1286 1287
f 1285 1287 1288
f 1289 1285 1288
f 1289 1288 1290
f 1291 1289 1290
f 1291 1290 1292
f 1293 1291 1292
f 1293 1292 1294
f 1293 1294 1295
f 1296 1293 1295
f 1297 1296 1295
f 1297 1295 1298
f 1297 1298 1299
f 1297 1299 1300
f 1297 1300 1301
f 1301 1300 1283
f 1296 1301 1283
f 1302 1296 1283
f 1302 1283 1289
f 1302 1289 1293
f 1300 1299 1283
f 523 1283 1299
f 523 1299 1298
f 523 1298 1294
f 523 1294 1303
f 1304 1303 1294
f 1305 1303 1304
f 1304 1306 1305
f 1307 1305 1306
f 1308 1307 1306
f 1308 1306 1309
f 1310 1308 1309
f 1311 1310 1309
f 1311 1309 1292
f 1312 1311 1292
f 1313 1311 1312
f 1313 1312 1314
f 1313 1314 1315
f 1313 1315 1316
f 1313 1316 1317
f 1313 1317 1318
f 1313 1318 1319
f 1313 1319 1320
f 1313 1320 1310
f 1320 1319 1307
f 1319 1321 1307
f 1322 1307 1321
f 1322 1321 1323
f 1322 1323 1324
f 1323 1325 1324
f 255 1324 1325
f 1323 1326 1325
f 1326 1327 1325
f 259 1325 1327
f 1326 1318 1327
f 1319 1326 1323
f 1322 1324 1307
f 1307 1324 1328
f 1328 1329 1307
f 1330 1329 1328
f 1330 1328 1331
f 1332 1330 1331
f 1333 1332 1331
f 1333 1331 1334
f 1335 1333 1334
f 1336 1335 1334
f 1336 1334 1337
f 1336 1337 1338
f 1337 1339 1338
f 1340 1338 1339
f 1340 1339 1341
f 1340 1341 1342
f 1340 1342 1343
f 1340 1343 1344
f 1344 1345 1340
f 1346 1340 1345
f 1347 1346 1345
f 1347 1345 1348
f 1347 1348 1349
f 1347 1349 1350
f 1350 1349 1351
f 1350 1351 1352
f 1350 1352 1346
f 1353 1346 1352
f 1354 1353 1352
f 1354 1355 1353
f 1355 1356 1353
f 1356 1357 1353
f 1357 1358 1353
f 1353 1358 1359
f 1353 1359 1360
f 1353 1360 1361
f 1361 1360 1330
f 1360 1359 1330
f 1358 1305 1359
f 1359 1305 1329
f 1358 1362 1305
f 1362 1363 1305
f 1363 1362 1364
f 1364 1303 1363
f 518 1303 1364
f 1365 1364 1362
f 1365 1362 1357
f 1365 1357 1364
f 1357 1366 1364
f 515 1364 1366
f 1367 1366 1357
f 1367 1368 1366
f 1368 511 1366
f 1356 1368 1367
f 1357 1362 1358
f 1356 1367 1357
f 1355 1368 1356
f 1355 1369 1368
f 1369 508 1368
f 1354 1369 1355
f 1354 1351 1369
f 1351 505 1369
f 1353 1361 1346
f 1346 1361 1332
f 1354 1352 1351
f 1349 502 1351
f 1348 498 1349
f 1347 1350 1346
f 1344 1348 1345
f 1344 1343 1348
f 1343 495 1348
f 1370 495 1343
f 1370 1343 1371
f 1371 1372 1370
f 1373 1370 1372
f 1373 1372 1374
f 1373 1374 1375
f 1376 1373 1375
f 1377 1376 1375
f 1377 1375 1378
f 1379 1377 1378
f 1379 1378 1380
f 1379 1380 1381
f 1382 1379 1381
f 1382 1381 1383
f 1382 1383 1384
f 1382 1384 1385
f 1386 1382 1385
f 1386 1385 1387
f 1386 1387 1388
f 1386 1388 1389
f 1386 1389 1390
f 1386 1390 1391
f 1386 1391 1392
f 1386 1392 1393
f 1386 1393 1394
f 1394 1393 1395
f 1394 1395 1396
f 1376 1394 1396
f 1397 1396 1395
f 1397 1395 1398
f 1397 1398 1399
f 1400 1397 1399
f 1400 1399 1401
f 1402 1400 1401
f 1403 1402 1401
f 1403 1404 1402
f 1402 1404 1370
f 1402 1370 1396
f 1404 1405 1370
f 1403 1405 1404
f 1403 1406 1405
f 1406 495 1405
f 1403 1399 1406
f 1399 492 1406
f 1407 492 1399
f 492 1407 1408
f 1409 1408 1407
f 1407 1410 1409
f 1411 1409 1410
f 1412 1411 1410
f 1412 1410 1413
f 1392 1412 1413
f 1391 1411 1412
f 1409 1411 1414
f 1415 1409 1414
f 1415 1414 1416
f 1415 1416 1417
f 1418 1415 1417
f 1419 1418 1417
f 1420 1419 1417
f 1421 1420 1417
f 1421 1417 1422
f 1423 1421 1422
f 1423 1422 1424
f 1423 1424 1425
f 1425 1424 1426
f 1425 1426 1427
f 1425 1427 1428
f 1420 1425 1428
f 1420 1428 1429
f 1429 1428 1430
f 1429 1430 1431
f 1429 1431 1432
f 1419 1429 1432
f 1431 1433 1432
f 1434 1432 1433
f 1434 1433 1435
f 1434 1435 1436
f 1437 1434 1436
f 1438 1437 1436
f 1438 1436 1439
f 1438 1439 1440
f 1440 1439 1441
f 1442 1440 1441
f 1442 1441 1443
f 1442 1443 1444
f 1445 1442 1444
f 1445 1444 1408
f 1445 1408 1446
f 1445 1446 1447
f 1445 1447 1448
f 1445 1448 1449
f 1449 1448 1450
f 1449 1450 1451
f 1449 1451 1452
f 1449 1452 1437
f 1449 1437 1440
f 1437 1452 1418
f 1437 1418 1432
f 1452 1451 1415
f 1450 1409 1451
f 1450 1448 1409
f 1448 1447 1409
f 1447 1446 1409
f 1444 489 1408
f 1445 1449 1442
f 1443 489 1444
f 1441 1453 1443
f 485 1443 1453
f 1449 1440 1442
f 1439 1453 1441
f 1453 1439 1454
f 1454 482 1453
f 1435 1454 1439
f 1455 1454 1435
f 1435 1456 1455
f 1457 1455 1456
f 1458 1457 1456
f 1458 1456 1459
f 1460 1458 1459
f 1460 1459 1461
f 1462 1460 1461
f 1462 1461 1463
f 1464 1462 1463
f 1464 1463 1465
f 1466 1464 1465
f 1466 1465 1467
f 1466 1467 1468
f 1469 1466 1468
f 1469 1468 1470
f 1469 1470 1471
f 1469 1471 1472
f 1469 1472 1473
f 1469 1473 1474
f 1469 1474 1475
f 1469 1475 1460
f 1460 1475 1476
f 1460 1476 1477
f 1478 1477 1476
f 1478 1476 1479
f 1478 1479 1480
f 1458 1478 1480
f 1481 1458 1480
f 1481 1480 1479
f 1481 1479 1455
f 1476 1482 1479
f 1482 1483 1479
f 1454 1479 1483
f 1483 478 1454
f 1483 1482 1484
f 1483 1484 473
f 1485 473 1484
f 1485 1484 1486
f 1486 1487 1485
f 1488 1485 1487
f 1488 1487 1489
f 1488 1489 1490
f 1488 1490 1491
f 1492 1491 1490
f 1492 1490 1493
f 1492 1493 1494
f 1492 1494 1495
f 1496 1495 1494
f 1496 1497 1495
f 1495 1497 1498
f 1495 1498 172
f 1498 176 172
f 1497 176 1498
f 176 1497 184
f 1496 1493 1497
f 1493 186 1497
f 1496 1494 1493
f 1490 1499 1493
f 1499 187 1493
f 1492 1495 1491
f 1495 1500 1491
f 471 1491 1500
f 471 1500 1501
f 1501 1500 104
f 104 469 1501
f 1491 471 1485
f 104 1500 1495
f 1490 1489 1499
f 1499 1489 195
f 1489 1487 196
f 1488 1491 1485
f 1487 1486 196
f 1486 1484 196
f 196 1484 1482
f 1482 1502 196
f 1503 1502 1482
f 1504 1502 1503
f 1474 1504 1503
f 1473 1502 1504
f 1503 1482 1476
f 1478 1458 1477
f 1475 1503 1476
f 1475 1474 1503
f 1473 1504 1474
f 1473 1472 1502
f 1472 1505 1502
f 1506 1502 1505
f 1506 1505 1471
f 1506 1471 198
f 1471 1507 198
f 1507 211 198
f 211 1507 1508
f 1508 215 211
f 1509 1508 1507
f 1470 1509 1507
f 1510 1508 1509
f 1467 1510 1509
f 1508 1510 1511
f 1511 217 1508
f 1463 1511 1510
f 1511 1463 1512
f 1512 219 1511
f 1513 1512 1463
f 1463 1428 1513
f 1428 1463 1514
f 1422 1512 1513
f 1426 1422 1513
f 1515 1512 1422
f 1422 1416 1515
f 1411 1515 1416
f 1516 1515 1411
f 1516 1411 1517
f 1516 1517 1389
f 1390 1517 1411
f 1389 1515 1516
f 1389 1518 1515
f 1518 224 1515
f 1512 1515 224
f 1506 198 1502
f 1472 1471 1505
f 1471 1470 1507
f 1470 1468 1509
f 1469 1460 1466
f 1468 1467 1509
f 1467 1465 1510
f 1465 1463 1510
f 1466 1462 1464
f 1461 1514 1463
f 1466 1460 1462
f 1459 1514 1461
f 1460 1477 1458
f 1459 1456 1514
f 1430 1514 1456
f 1481 1457 1458
f 1481 1455 1457
f 1456 1435 1430
f 1479 1454 1455
f 1438 1440 1437
f 1436 1435 1439
f 1437 1432 1434
f 1431 1435 1433
f 1431 1430 1435
f 1514 1430 1428
f 1427 1513 1428
f 1427 1426 1513
f 1426 1424 1422
f 1423 1425 1421
f 1421 1425 1420
f 1420 1429 1419
f 1419 1432 1418
f 1418 1452 1415
f 1417 1416 1422
f 1451 1409 1415
f 1416 1414 1411
f 1413 1410 1407
f 1413 1407 1398
f 1393 1413 1398
f 1446 1408 1409
f 1403 1401 1399
f 1402 1397 1400
f 1398 1407 1399
f 1402 1396 1397
f 1393 1398 1395
f 1393 1392 1413
f 1391 1412 1392
f 1391 1390 1411
f 1390 1389 1517
f 1389 1388 1518
f 1388 1387 1518
f 1387 1519 1518
f 1519 230 1518
f 1387 1385 1519
f 1386 1394 1382
f 1382 1394 1377
f 1385 1384 1519
f 1384 1520 1519
f 1520 234 1519
f 1384 1383 1520
f 1383 1521 1520
f 1521 238 1520
f 1383 1381 1521
f 1380 1521 1381
f 1380 1378 1521
f 1378 241 1521
f 1382 1377 1379
f 1377 1394 1376
f 1376 1396 1373
f 1375 1374 1378
f 1522 1378 1374
f 1374 1523 1522
f 1337 1522 1523
f 1337 1523 1524
f 1524 1523 1371
f 1524 1371 1342
f 1525 1522 1337
f 1525 1526 1522
f 1526 1527 1522
f 1527 1528 1522
f 247 1522 1528
f 1527 1529 1528
f 1529 1530 1528
f 1530 249 1528
f 1529 1531 1530
f 1531 250 1530
f 1328 250 1531
f 1334 1328 1531
f 1532 1334 1531
f 1533 1532 1531
f 1533 1531 1534
f 1533 1534 1535
f 1533 1535 1526
f 1526 1535 1529
f 1529 1535 1534
f 1533 1526 1532
f 1532 1525 1334
f 1534 1531 1529
f 1526 1529 1527
f 1532 1526 1525
f 1522 245 1378
f 1523 1374 1372
f 1396 1370 1373
f 1372 1371 1523
f 495 1370 1405
f 1342 1371 1343
f 1524 1342 1341
f 1524 1341 1339
f 1346 1338 1340
f 1346 1335 1338
f 1337 1524 1339
f 1525 1337 1334
f 1336 1338 1335
f 1346 1333 1335
f 1346 1332 1333
f 1332 1361 1330
f 1331 1328 1334
f 1359 1329 1330
f 252 1328 1324
f 1319 1323 1321
f 1319 1318 1326
f 1318 1317 1327
f 1317 1536 1327
f 264 1327 1536
f 1317 1316 1536
f 1316 1315 1536
f 1315 1537 1536
f 271 1536 1537
f 1315 1538 1537
f 1539 1537 1538
f 1540 1539 1538
f 1314 1540 1538
f 1314 1541 1540
f 1540 1541 1542
f 1541 1543 1542
f 1543 1544 1542
f 1545 1542 1544
f 1544 1546 1545
f 1547 1545 1546
f 1547 1546 1548
f 1547 1548 1549
f 1547 1549 1271
f 1550 1547 1271
f 1550 1271 1551
f 1552 1550 1551
f 1552 1551 1553
f 1554 1552 1553
f 1555 1554 1553
f 1555 1553 1556
f 1555 1556 1557
f 1555 1557 1558
f 1557 1559 1558
f 1560 1558 1559
f 1560 1559 1561
f 1560 1561 1562
f 283 1562 1561
f 283 1563 1562
f 1564 1562 1563
f 1565 1564 1563
f 1565 1563 1545
f 1565 1545 1566
f 1567 1566 1545
f 1568 1567 1545
f 1568 1545 1550
f 1554 1568 1550
f 1554 1567 1568
f 1554 1558 1567
f 1567 1558 1564
f 1567 1564 1566
f 1565 1566 1564
f 1564 1558 1562
f 283 1545 1563
f 1559 286 1561
f 1569 286 1559
f 1570 1569 1559
f 1570 1559 1571
f 1572 1570 1571
f 1573 1572 1571
f 1573 1571 1574
f 1574 1575 1573
f 1268 1573 1575
f 1268 1575 1556
f 1269 1556 1575
f 1269 1575 1551
f 1573 1268 1576
f 1574 1551 1575
f 1577 1551 1574
f 1574 1571 1577
f 1556 1577 1571
f 1573 1576 1572
f 1578 1572 1576
f 1578 1576 1265
f 1262 1572 1578
f 1572 1262 1579
f 1579 1580 1572
f 1572 1580 1569
f 1580 1581 1569
f 1580 1582 1581
f 1582 288 1581
f 1582 1583 288
f 1582 1584 1583
f 1584 289 1583
f 1236 289 1584
f 1236 1584 1585
f 1586 1585 1584
f 1584 1587 1586
f 1588 1586 1587
f 1588 1587 1589
f 1588 1589 1590
f 1588 1590 1591
f 1592 1591 1590
f 1592 1590 1593
f 1592 1593 1594
f 1592 1594 1595
f 1592 1595 1596
f 1597 1592 1596
f 1597 1596 1595
f 1595 1598 1597
f 1597 1598 1599
f 1597 1599 1600
f 1597 1600 1601
f 1591 1597 1601
f 1591 1601 1586
f 1238 1601 1600
f 1238 1600 1602
f 1603 1602 1600
f 1603 1242 1602
f 1604 1242 1603
f 1604 1603 1605
f 1604 1605 1606
f 1607 1604 1606
f 1608 1607 1606
f 1608 1606 1609
f 1610 1608 1609
f 1609 1611 1610
f 1610 1611 1612
f 1613 1612 1611
f 1611 1614 1613
f 1613 1614 1615
f 1615 1616 1613
f 1617 1613 1616
f 1617 1616 1618
f 1617 1618 1619
f 1617 1619 1620
f 1619 1621 1620
f 1620 1621 1608
f 1612 1620 1608
f 1621 1245 1608
f 1622 1245 1621
f 1622 1621 1623
f 1623 1252 1622
f 1619 1623 1621
f 1619 1624 1623
f 1624 1625 1623
f 1253 1623 1625
f 1253 1625 1626
f 1626 1625 1627
f 1626 1627 1628
f 1629 1626 1628
f 1630 1629 1628
f 1630 1628 1631
f 1632 1630 1631
f 1632 1631 1633
f 1634 1632 1633
f 1635 1634 1633
f 1633 1636 1635
f 1635 1636 1637
f 1635 1637 1638
f 1635 1638 1639
f 1639 1638 1640
f 1640 1641 1639
f 1641 1634 1639
f 1641 1642 1634
f 1634 1642 1643
f 1642 1644 1643
f 1644 1259 1643
f 1645 1259 1644
f 1646 1645 1644
f 1646 1647 1645
f 1648 1645 1647
f 1579 1648 1647
f 1579 1647 1649
f 1579 1649 1650
f 1650 1649 1651
f 1652 1650 1651
f 1652 1651 1589
f 1589 1651 1653
f 1589 1653 1654
f 1589 1654 1655
f 1655 1594 1589
f 1589 1594 1656
f 1594 1655 1598
f 1598 1655 1657
f 1598 1657 1658
f 1659 1658 1657
f 1660 1659 1657
f 1660 1657 1661
f 1662 1660 1661
f 1662 1661 1655
f 1663 1662 1655
f 1664 1662 1663
f 1665 1664 1663
f 1665 1663 1666
f 1665 1666 1667
f 1665 1667 1668
f 1665 1668 1669
f 1669 1668 1670
f 1669 1670 1671
f 1669 1671 1672
f 1664 1669 1672
f 1664 1672 1673
f 1673 1672 1674
f 1675 1673 1674
f 1675 1674 1676
f 1675 1676 1677
f 1675 1677 1659
f 1677 1678 1659
f 1677 1679 1678
f 1679 1680 1678
f 1678 1680 1658
f 1680 1681 1658
f 1658 1681 1682
f 1682 1599 1658
f 1599 1682 1605
f 1683 1605 1682
f 1684 1683 1682
f 1685 1684 1682
f 1686 1685 1682
f 1686 1682 1687
f 1688 1686 1687
f 1688 1687 1689
f 1690 1688 1689
f 1691 1690 1689
f 1691 1689 1681
f 1692 1690 1691
f 1692 1691 1693
f 1694 1692 1693
f 1694 1693 1695
f 1694 1695 1696
f 1694 1696 1697
f 1694 1697 1698
f 1698 1697 1699
f 1700 1698 1699
f 1701 1700 1699
f 1701 1699 1702
f 1703 1701 1702
f 1703 1702 1704
f 1705 1703 1704
f 1705 1704 1706
f 1707 1705 1706
f 1707 1706 1708
f 1707 1708 1709
f 1710 1707 1709
f 1710 1709 1711
f 1710 1711 1712
f 1710 1712 1713
f 1714 1710 1713
f 1714 1713 1684
f 1714 1684 1715
f 1714 1715 1705
f 1713 1712 1716
f 1713 1716 1683
f 1712 1717 1716
f 1717 1718 1716
f 1718 1605 1716
f 1719 1605 1718
f 1720 1719 1718
f 1720 1721 1719
f 1721 1722 1719
f 1722 1723 1719
f 1719 1723 1606
f 1724 1606 1723
f 1725 1724 1723
f 1725 1726 1724
f 1726 1727 1724
f 1727 1728 1724
f 1727 1729 1728
f 1729 1730 1728
f 1730 1606 1728
f 1729 1731 1730
f 1731 1732 1730
f 1732 1733 1730
f 1609 1730 1733
f 1614 1609 1733
f 1734 1733 1732
f 1615 1733 1734
f 1734 1735 1615
f 1736 1615 1735
f 1737 1736 1735
f 1737 1735 1738
f 1739 1737 1738
f 1739 1738 1740
f 1741 1739 1740
f 1742 1741 1740
f 1742 1740 1743
f 1742 1743 1744
f 1745 1742 1744
f 1745 1744 1746
f 1745 1746 1747
f 1748 1745 1747
f 1748 1747 1749
f 1748 1749 1750
f 1748 1750 1751
f 1752 1748 1751
f 1752 1751 1753
f 1752 1753 1741
f 1753 1751 1754
f 1755 1753 1754
f 1755 1754 1756
f 1755 1756 1757
f 1755 1757 1737
f 1757 1758 1737
f 1757 1759 1758
f 1759 1760 1758
f 1758 1760 1761
f 1758 1761 1736
f 1760 1762 1761
f 1763 1761 1762
f 1763 1762 1764
f 1765 1763 1764
f 1766 1765 1764
f 1767 1766 1764
f 1768 1766 1767
f 1769 1768 1767
f 1769 1767 1760
f 1769 1770 1768
f 1768 1770 1771
f 1768 1771 1772
f 1772 1771 1773
f 1774 1772 1773
f 1774 1773 1775
f 1774 1775 1776
f 1776 1777 1774
f 1774 1777 1765
f 1777 1776 1778
f 1777 1778 1779
f 1777 1779 1763
f 1763 1779 1627
f 1780 1627 1779
f 1780 1779 1781
f 1782 1780 1781
f 1783 1782 1781
f 1783 1781 1784
f 1785 1783 1784
f 1786 1785 1784
f 1786 1784 1787
f 1786 1787 1788
f 1789 1786 1788
f 1789 1788 1790
f 1789 1790 1791
f 1789 1791 1792
f 1789 1792 1793
f 1793 1792 1794
f 1793 1794 1795
f 1793 1795 1785
f 1795 1794 1796
f 1797 1795 1796
f 1797 1796 1798
f 1797 1798 1799
f 1797 1799 1782
f 1799 1800 1782
f 1799 1801 1800
f 1801 1802 1800
f 1800 1802 1780
f 1802 1803 1780
f 1780 1803 1804
f 1804 1631 1780
f 1805 1804 1803
f 1803 1806 1805
f 1807 1805 1806
f 1808 1807 1806
f 1809 1808 1806
f 1809 1810 1808
f 1810 1811 1808
f 1810 1812 1811
f 1811 1812 1813
f 1814 1811 1813
f 1814 1813 1815
f 1814 1815 1816
f 1814 1816 1817
f 1814 1817 1807
f 1816 1818 1817
f 1817 1818 1804
f 1818 1819 1804
f 1819 1820 1804
f 1820 1637 1804
f 1804 1637 1633
f 1821 1637 1820
f 1822 1821 1820
f 1822 1823 1821
f 1823 1824 1821
f 1823 1825 1824
f 1825 1826 1824
f 1826 1827 1824
f 1640 1824 1827
f 1827 1646 1640
f 1828 1827 1826
f 1829 1828 1826
f 1829 1830 1828
f 1830 1831 1828
f 1831 1832 1828
f 1833 1832 1831
f 1834 1833 1831
f 1834 1831 1835
f 1834 1835 1836
f 1834 1836 1837
f 1834 1837 1838
f 1838 1837 1839
f 1838 1839 1840
f 1838 1840 1841
f 1838 1841 1833
f 1833 1841 1842
f 1841 1843 1842
f 1843 1844 1842
f 1842 1844 1647
f 1647 1827 1842
f 1842 1827 1832
f 1845 1647 1844
f 1846 1845 1844
f 1846 1847 1845
f 1847 1848 1845
f 1848 1849 1845
f 1850 1849 1848
f 1851 1850 1848
f 1851 1848 1852
f 1851 1852 1853
f 1853 1854 1851
f 1855 1851 1854
f 1855 1854 1856
f 1855 1856 1857
f 1855 1857 1858
f 1858 1850 1855
f 1850 1858 1859
f 1858 1860 1859
f 1860 1861 1859
f 1859 1861 1649
f 1862 1649 1861
f 1863 1862 1861
f 1863 1864 1862
f 1864 1865 1862
f 1865 1866 1862
f 1651 1862 1866
f 1866 1867 1651
f 1868 1651 1867
f 1869 1868 1867
f 1870 1869 1867
f 1871 1870 1867
f 1872 1870 1871
f 1873 1872 1871
f 1873 1871 1865
f 1873 1865 1874
f 1873 1874 1875
f 1873 1875 1876
f 1876 1875 1877
f 1876 1877 1878
f 1876 1878 1879
f 1872 1876 1879
f 1872 1879 1880
f 1880 1879 1881
f 1882 1880 1881
f 1881 1883 1882
f 1884 1882 1883
f 1884 1883 1885
f 1884 1885 1667
f 1884 1667 1886
f 1886 1887 1884
f 1887 1886 1653
f 1887 1653 1868
f 1886 1666 1653
f 1885 1883 1888
f 1885 1888 1670
f 1889 1670 1888
f 1878 1670 1889
f 1883 1889 1888
f 1882 1884 1887
f 1882 1887 1869
f 1883 1881 1889
f 1882 1869 1880
f 1881 1879 1889
f 1879 1878 1889
f 1877 1670 1878
f 1890 1670 1877
f 1890 1877 1891
f 1891 1892 1890
f 1893 1890 1892
f 1856 1893 1892
f 1856 1892 1894
f 1894 1892 1895
f 1894 1895 1896
f 1894 1896 1857
f 1857 1896 1860
f 1896 1863 1860
f 1896 1897 1863
f 1895 1897 1896
f 1895 1898 1897
f 1898 1874 1897
f 1897 1874 1864
f 1895 1891 1898
f 1899 1890 1893
f 1854 1899 1893
f 1900 1890 1899
f 1901 1900 1899
f 1853 1901 1899
f 1901 1902 1900
f 1902 1903 1900
f 1902 1904 1903
f 1904 1839 1903
f 1839 1905 1903
f 1903 1905 1906
f 1906 1890 1903
f 1890 1906 1907
f 1907 1706 1890
f 1907 1906 1908
f 1907 1908 1909
f 1909 1910 1907
f 1911 1907 1910
f 1912 1911 1910
f 1913 1912 1910
f 1914 1913 1910
f 1915 1913 1914
f 1915 1914 1916
f 1915 1916 1729
f 1916 1914 1917
f 1916 1917 1746
f 1916 1746 1731
f 1917 1914 1909
f 1917 1909 1749
f 1915 1918 1913
f 1915 1727 1918
f 1918 1912 1913
f 1919 1912 1918
f 1919 1918 1726
f 1919 1920 1912
f 1921 1920 1919
f 1921 1919 1725
f 1921 1725 1722
f 1921 1722 1922
f 1921 1922 1923
f 1923 1922 1924
f 1923 1924 1925
f 1920 1923 1925
f 1920 1925 1911
f 1924 1926 1925
f 1926 1907 1925
f 1927 1907 1926
f 1928 1927 1926
f 1928 1929 1927
f 1929 1709 1927
f 1928 1930 1929
f 1930 1711 1929
f 1930 1717 1711
f 1930 1720 1717
f 1931 1720 1930
f 1930 1928 1931
f 1931 1928 1924
f 1708 1907 1927
f 1924 1928 1926
f 1931 1924 1922
f 1931 1922 1721
f 1921 1923 1920
f 1920 1911 1912
f 1925 1907 1911
f 1914 1910 1909
f 1909 1908 1749
f 1932 1908 1906
f 1906 1933 1932
f 1791 1932 1933
f 1791 1934 1932
f 1934 1935 1932
f 1936 1932 1935
f 1775 1936 1935
f 1937 1932 1936
f 1771 1937 1936
f 1938 1932 1937
f 1770 1938 1937
f 1770 1939 1938
f 1939 1940 1938
f 1940 1941 1938
f 1942 1938 1941
f 1756 1942 1941
f 1908 1938 1942
f 1942 1750 1908
f 1940 1756 1941
f 1939 1759 1940
f 1769 1759 1939
f 1934 1775 1935
f 1906 1943 1933
f 1933 1943 1944
f 1792 1933 1944
f 1945 1944 1943
f 1946 1945 1943
f 1947 1946 1943
f 1948 1947 1943
f 1948 1943 1949
f 1948 1949 1812
f 1812 1949 1950
f 1943 1950 1949
f 1947 1948 1951
f 1951 1801 1947
f 1951 1948 1810
f 1947 1801 1946
f 1946 1798 1945
f 1798 1952 1945
f 1952 1944 1945
f 1794 1944 1952
f 1906 1950 1943
f 1950 1906 1953
f 1815 1950 1953
f 1954 1815 1953
f 1954 1953 1955
f 1956 1954 1955
f 1957 1956 1955
f 1957 1955 1958
f 1957 1958 1959
f 1960 1957 1959
f 1960 1959 1961
f 1960 1961 1823
f 1961 1959 1962
f 1963 1961 1962
f 1963 1962 1964
f 1963 1964 1965
f 1963 1965 1829
f 1963 1829 1825
f 1965 1964 1966
f 1965 1966 1835
f 1965 1835 1830
f 1966 1964 1967
f 1966 1967 1968
f 1836 1966 1968
f 1967 1906 1968
f 1969 1906 1967
f 1958 1906 1969
f 1964 1969 1967
f 1964 1962 1969
f 1963 1825 1961
f 1962 1959 1969
f 1970 1957 1960
f 1970 1960 1822
f 1970 1822 1819
f 1970 1819 1971
f 1970 1971 1956
f 1959 1958 1969
f 1955 1906 1958
f 1970 1956 1957
f 1956 1971 1954
f 1816 1954 1971
f 1953 1906 1955
f 1908 1932 1938
f 1968 1906 1905
f 1837 1968 1905
f 1972 1904 1902
f 1972 1902 1973
f 1972 1973 1846
f 1972 1846 1843
f 1972 1843 1840
f 1972 1840 1904
f 1973 1902 1901
f 1973 1901 1852
f 1973 1852 1847
f 1903 1890 1900
f 1895 1892 1891
f 1898 1891 1877
f 1890 1974 1670
f 1974 1890 1975
f 1676 1974 1975
f 1976 1676 1975
f 1976 1975 1696
f 1975 1890 1696
f 1696 1890 1702
f 1875 1898 1877
f 1875 1874 1898
f 1873 1876 1872
f 1872 1880 1870
f 1870 1880 1869
f 1869 1887 1868
f 1871 1867 1866
f 1871 1866 1865
f 1874 1865 1864
f 1897 1864 1863
f 1860 1863 1861
f 1858 1857 1860
f 1856 1894 1857
f 1854 1893 1856
f 1854 1853 1899
f 1853 1852 1901
f 1851 1855 1850
f 1850 1859 1849
f 1859 1647 1849
f 1852 1848 1847
f 1973 1847 1846
f 1849 1647 1845
f 1843 1846 1844
f 1841 1840 1843
f 1840 1839 1904
f 1837 1905 1839
f 1837 1836 1968
f 1836 1835 1966
f 1834 1838 1833
f 1833 1842 1832
f 1835 1831 1830
f 1830 1829 1965
f 1832 1827 1828
f 1825 1829 1826
f 1823 1961 1825
f 1960 1823 1822
f 1824 1637 1821
f 1822 1820 1819
f 1971 1819 1818
f 1816 1971 1818
f 1816 1815 1954
f 1815 1813 1950
f 1814 1807 1811
f 1813 1812 1950
f 1810 1948 1812
f 1951 1810 1809
f 1951 1809 1802
f 1808 1811 1807
f 1807 1817 1805
f 1809 1806 1803
f 1817 1804 1805
f 1809 1803 1802
f 1951 1802 1801
f 1799 1946 1801
f 1799 1798 1946
f 1798 1796 1952
f 1797 1783 1795
f 1796 1794 1952
f 1792 1944 1794
f 1792 1791 1933
f 1791 1790 1934
f 1776 1934 1790
f 1790 1788 1778
f 1789 1793 1786
f 1788 1787 1779
f 1793 1785 1786
f 1785 1795 1783
f 1781 1787 1784
f 1797 1782 1783
f 1782 1800 1780
f 1781 1779 1787
f 1778 1788 1779
f 1776 1790 1778
f 1776 1775 1934
f 1775 1773 1936
f 1774 1765 1772
f 1773 1771 1936
f 1770 1937 1771
f 1769 1939 1770
f 1768 1772 1766
f 1766 1772 1765
f 1765 1777 1763
f 1767 1764 1762
f 1627 1761 1763
f 1761 1627 1977
f 1977 1615 1761
f 1624 1977 1627
f 1977 1624 1616
f 1767 1762 1760
f 1769 1760 1759
f 1757 1940 1759
f 1757 1756 1940
f 1756 1754 1942
f 1755 1739 1753
f 1754 1751 1942
f 1751 1750 1942
f 1749 1908 1750
f 1747 1917 1749
f 1745 1748 1752
f 1747 1746 1917
f 1746 1744 1731
f 1731 1744 1734
f 1752 1742 1745
f 1744 1743 1734
f 1738 1734 1743
f 1742 1752 1741
f 1741 1753 1739
f 1738 1743 1740
f 1755 1737 1739
f 1737 1758 1736
f 1761 1615 1736
f 1735 1734 1738
f 1731 1734 1732
f 1916 1731 1729
f 1915 1729 1727
f 1726 1918 1727
f 1919 1726 1725
f 1728 1606 1724
f 1725 1723 1722
f 1922 1722 1721
f 1720 1931 1721
f 1717 1720 1718
f 1712 1711 1717
f 1711 1709 1929
f 1714 1707 1710
f 1709 1708 1927
f 1706 1907 1708
f 1714 1705 1707
f 1704 1890 1706
f 1705 1715 1703
f 1978 1703 1715
f 1978 1715 1685
f 1702 1890 1704
f 1978 1701 1703
f 1979 1701 1978
f 1979 1978 1686
f 1702 1699 1696
f 1979 1700 1701
f 1979 1980 1700
f 1979 1688 1980
f 1980 1698 1700
f 1692 1698 1980
f 1696 1699 1697
f 1695 1976 1696
f 1695 1679 1976
f 1693 1679 1695
f 1692 1694 1698
f 1693 1691 1680
f 1692 1980 1690
f 1690 1980 1688
f 1681 1689 1687
f 1979 1686 1688
f 1978 1685 1686
f 1715 1684 1685
f 1713 1683 1684
f 1716 1605 1683
f 1687 1682 1681
f 1691 1681 1680
f 1693 1680 1679
f 1677 1976 1679
f 1677 1676 1976
f 1676 1674 1974
f 1675 1660 1673
f 1674 1672 1974
f 1672 1671 1974
f 1670 1974 1671
f 1668 1885 1670
f 1668 1667 1885
f 1667 1666 1886
f 1663 1654 1666
f 1665 1669 1664
f 1664 1673 1662
f 1662 1673 1660
f 1675 1659 1660
f 1659 1678 1658
f 1657 1655 1661
f 1663 1655 1654
f 1666 1654 1653
f 1653 1651 1868
f 1582 1650 1652
f 1652 1587 1582
f 1651 1649 1862
f 1649 1647 1859
f 1648 1262 1645
f 1646 1827 1647
f 1642 1646 1644
f 1642 1641 1646
f 1641 1640 1646
f 1638 1824 1640
f 1637 1824 1638
f 1636 1633 1637
f 1635 1639 1634
f 1634 1643 1632
f 1643 1258 1632
f 1631 1804 1633
f 1258 1630 1632
f 1780 1631 1628
f 1256 1629 1630
f 1254 1626 1629
f 1628 1627 1780
f 1624 1627 1625
f 1618 1624 1619
f 1624 1618 1616
f 1620 1613 1617
f 1616 1615 1977
f 1733 1615 1614
f 1613 1620 1612
f 1609 1614 1611
f 1610 1612 1608
f 1606 1730 1609
f 1607 1608 1245
f 1606 1605 1719
f 1603 1599 1605
f 1607 1242 1604
f 1601 1238 1585
f 1603 1600 1599
f 1658 1599 1598
f 1598 1595 1594
f 1656 1594 1593
f 1656 1593 1590
f 1592 1597 1591
f 1656 1590 1589
f 1587 1652 1589
f 1588 1591 1586
f 1585 1586 1601
f 1584 1582 1587
f 1650 1582 1580
f 1580 1579 1650
f 1579 1262 1648
f 1572 1569 1570
f 286 1569 1581
f 1560 1562 1558
f 1557 1571 1559
f 1556 1571 1557
f 1553 1577 1556
f 1555 1558 1554
f 1553 1551 1577
f 1554 1550 1552
f 1280 1271 1549
f 1548 1281 1549
f 1548 1546 1282
f 1550 1545 1547
f 1544 1284 1546
f 1545 283 1542
f 1286 1544 1543
f 1541 1287 1543
f 1314 1287 1541
f 1540 1542 1539
f 1539 1542 1537
f 277 1537 1542
f 1314 1538 1315
f 1314 1312 1290
f 1309 1304 1292
f 1313 1310 1311
f 1320 1308 1310
f 1320 1307 1308
f 1305 1307 1329
f 1309 1306 1304
f 1363 1303 1305
f 1297 1301 1296
f 1302 1293 1296
f 1295 1294 1298
f 1292 1304 1294
f 1290 1312 1292
f 1293 1289 1291
f 1314 1290 1288
f 1314 1288 1287
f 1286 1543 1287
f 1286 1284 1544
f 1289 1283 1285
f 1282 1546 1284
f 1283 523 1279
f 1548 1282 1281
f 1280 1549 1281
f 1278 1276 1274
f 1275 1277 1273
f 1981 1273 1277
f 1981 1277 1982
f 1981 1982 1264
f 532 1982 1277
f 1981 1264 1273
f 1272 1280 1274
f 1272 1271 1280
f 1269 1551 1271
f 1270 1273 1266
f 1556 1269 1268
f 1268 1267 1576
f 1267 1265 1576
f 1266 1273 1264
f 1578 1265 1263
f 534 1264 1982
f 1262 1578 1263
f 1260 1645 1262
f 1259 1645 1260
f 1258 1643 1259
f 1630 1258 1256
f 543 1255 1257
f 1629 1256 1254
f 545 1251 1255
f 1626 1254 1253
f 1623 1253 1252
f 1249 1622 1252
f 1249 1248 1622
f 1247 1622 1248
f 1245 1622 1247
f 1250 1243 1246
f 557 1243 1250
f 1245 1244 1607
f 1242 1607 1244
f 557 1240 1243
f 1241 1602 1242
f 1239 1602 1241
f 558 1237 1240
f 1602 1239 1238
f 1236 1585 1238
f 562 289 1236
f 564 561 559
f 560 1237 558
f 1203 559 556
f 558 1240 557
f 557 1250 555
f 1250 549 555
f 554 1203 556
f 554 553 1200
f 1196 553 552
f 551 1193 552
f 550 555 549
f 1250 548 549
f 548 1251 545
f 551 547 546
f 1191 546 544
f 545 1255 543
f 1189 544 542
f 543 1257 540
f 1187 542 541
f 539 1178 541
f 540 1257 538
f 1261 534 538
f 539 537 536
f 539 536 535
f 1177 535 533
f 1982 532 534
f 1171 533 531
f 1277 529 532
f 1169 531 530
f 1167 530 528
f 1277 526 529
f 1164 528 527
f 1161 527 525
f 1279 523 526
f 1157 525 524
f 1153 524 522
f 1303 518 523
f 1149 522 521
f 1146 521 520
f 1144 520 519
f 1141 519 517
f 1364 515 518
f 1138 517 516
f 1135 516 514
f 1366 511 515
f 1133 514 513
f 1131 513 512
f 1127 512 510
f 511 1368 508
f 1126 510 509
f 1124 509 507
f 508 1369 505
f 1123 507 506
f 1120 506 504
f 505 1351 502
f 1118 504 503
f 1116 503 501
f 502 1349 498
f 1113 501 500
f 1112 500 499
f 1111 499 497
f 498 1348 495
f 1108 497 496
f 1104 496 494
f 495 1406 492
f 1102 494 493
f 1099 493 491
f 492 1408 489
f 1095 491 490
f 1093 490 488
f 489 1443 485
f 1091 488 487
f 1088 487 486
f 1086 486 484
f 485 1453 482
f 1082 484 483
f 1080 483 481
f 482 1454 480
f 1079 481 479
f 480 1454 478
f 1077 479 477
f 478 1483 475
f 1076 477 476
f 1074 476 474
f 473 475 1483
f 1071 474 472
f 473 1485 471
f 1067 472 470
f 471 1501 469
f 1059 470 468
f 104 467 469
f 1054 468 466
f 104 465 467
f 1054 466 464
f 101 463 465
f 1052 464 462
f 101 461 463
f 1052 462 460
f 98 458 461
f 942 460 459
f 457 938 459
f 457 456 938
f 455 936 456
f 452 449 455
f 83 450 451
f 450 82 447
f 82 79 447
f 449 448 455
f 448 446 931
f 445 924 446
f 76 58 432
f 444 443 445
f 443 441 926
f 440 926 441
f 440 439 927
f 438 927 439
f 437 925 438
f 437 436 1043
f 1041 436 435
f 426 435 431
f 434 442 433
f 433 442 432
f 57 430 432
f 57 428 430
f 429 426 431
f 425 1038 426
f 425 418 1046
f 424 427 423
f 423 420 421
f 422 419 418
f 1046 418 416
f 52 375 417
f 415 1045 416
f 415 413 411
f 1034 411 410
f 409 412 407
f 408 406 410
f 377 402 407
f 377 1983 402
f 1984 402 1983
f 1984 1983 1985
f 396 1984 1985
f 1983 381 1985
f 392 1985 381
f 1983 377 379
f 919 406 405
f 904 405 404
f 403 916 404
f 401 916 403
f 402 1984 400
f 917 401 399
f 400 1984 397
f 398 884 399
f 397 1984 396
f 396 1985 392
f 398 395 394
f 394 393 883
f 393 391 883
f 381 389 392
f 391 390 883
f 388 876 390
f 387 874 388
f 386 865 387
f 384 865 386
f 389 381 385
f 384 383 382
f 384 382 380
f 379 381 1983
f 863 380 376
f 379 377 378
f 377 414 375
f 839 376 374
f 373 841 374
f 842 373 372
f 842 372 368
f 364 842 368
f 368 372 370
f 364 368 365
f 364 363 842
f 857 363 362
f 862 362 360
f 361 366 359
f 359 366 1986
f 359 1986 1987
f 1987 1986 37
f 1986 366 37
f 1047 360 358
f 359 1987 357
f 357 1987 1988
f 1988 1987 29
f 1048 358 356
f 357 1988 355
f 355 1988 1989
f 355 1989 1990
f 1990 1989 27
f 1990 27 1991
f 1992 1990 1991
f 1992 1991 1993
f 1994 1992 1993
f 1994 1993 1995
f 1996 1994 1995
f 1996 1995 1997
f 347 1996 1997
f 347 1997 210
f 15 1997 1995
f 15 182 1997
f 208 1997 182
f 1998 182 15
f 13 182 1998
f 351 1994 1996
f 16 1995 1993
f 351 1992 1994
f 19 1993 1991
f 353 1990 1992
f 1989 1988 27
f 1049 356 354
f 355 1990 353
f 1051 354 352
f 353 1992 351
f 1053 352 350
f 351 1996 348
f 1055 350 349
f 348 1996 347
f 346 345 349
f 344 794 345
f 344 342 784
f 342 341 778
f 341 339 772
f 339 338 767
f 338 336 763
f 336 335 758
f 335 333 754
f 333 332 749
f 332 331 742
f 331 329 737
f 329 328 731
f 328 327 726
f 327 325 721
f 325 324 714
f 324 323 708
f 323 322 701
f 322 320 694
f 320 319 686
f 319 318 682
f 318 317 676
f 317 316 670
f 316 315 664
f 315 313 660
f 313 312 653
f 312 311 647
f 311 310 641
f 310 309 635
f 309 307 629
f 307 306 623
f 306 305 616
f 305 304 609
f 304 303 603
f 303 301 597
f 301 300 591
f 300 299 585
f 299 297 580
f 297 296 574
f 295 572 296
f 567 295 294
f 293 298 287
f 294 292 291
f 562 291 290
f 562 290 289
f 1583 289 288
f 1581 288 286
f 298 285 287
f 1561 286 283
f 298 284 285
f 298 282 284
f 1542 283 281
f 302 280 282
f 1542 281 279
f 302 278 280
f 1542 279 277
f 302 276 278
f 1537 277 275
f 302 274 276
f 1537 275 273
f 308 272 274
f 1537 273 271
f 308 270 272
f 1536 271 268
f 308 269 270
f 308 267 269
f 1536 268 266
f 308 265 267
f 1536 266 264
f 314 263 265
f 1327 264 261
f 314 262 263
f 314 260 262
f 1327 261 259
f 314 258 260
f 1325 259 257
f 314 256 258
f 1325 257 255
f 314 253 256
f 254 1324 255
f 252 1324 254
f 321 251 253
f 250 1328 252
f 321 248 251
f 249 1530 250
f 247 1528 249
f 321 246 248
f 245 1522 247
f 321 244 246
f 243 1378 245
f 326 242 244
f 241 1378 243
f 326 240 242
f 239 1521 241
f 326 237 240
f 238 1521 239
f 236 1520 238
f 326 235 237
f 234 1520 236
f 326 233 235
f 232 1519 234
f 330 231 233
f 230 1519 232
f 330 229 231
f 228 1518 230
f 330 227 229
f 226 1518 228
f 334 225 227
f 224 1518 226
f 334 222 225
f 224 223 1512
f 221 1512 223
f 337 220 222
f 219 1512 221
f 337 218 220
f 217 1511 219
f 340 216 218
f 215 1508 217
f 343 214 216
f 343 213 214
f 213 347 210
f 212 211 215
f 1997 208 210
f 211 209 200
f 182 201 208
f 200 198 211
f 193 197 199
f 198 196 1502
f 1489 196 195
f 1499 195 192
f 192 188 1499
f 194 197 193
f 191 193 189
f 190 188 192
f 1499 188 187
f 1493 187 186
f 186 184 1497
f 189 183 185
f 182 183 201
f 184 180 176
f 174 173 176
f 173 172 176
f 1495 172 105
f 171 175 170
f 170 175 169
f 169 175 168
f 168 178 167
f 166 4 106
f 104 1495 105
f 101 465 104
f 164 102 103
f 165 100 102
f 98 461 101
f 163 99 100
f 114 97 99
f 94 458 98
f 97 117 96
f 147 95 96
f 143 93 95
f 91 454 94
f 125 92 93
f 128 90 92
f 453 91 89
f 86 89 88
f 85 89 86
f 83 451 85
f 83 82 450
f 81 84 77
f 80 79 82
f 79 78 447
f 78 76 447
f 84 74 77
f 76 75 58
f 59 75 73
f 84 72 74
f 72 87 70
f 62 60 71
f 61 64 56
f 59 73 60
f 58 75 59
f 57 432 58
f 54 428 57
f 56 68 55
f 55 46 49
f 53 420 54
f 52 417 53
f 51 375 52
f 51 50 371
f 50 48 369
f 48 44 369
f 46 47 49
f 66 45 46
f 65 43 45
f 44 41 367
f 70 42 43
f 42 90 40
f 41 39 367
f 132 38 40
f 366 39 37
f 134 36 38
f 1987 37 34
f 136 35 36
f 139 33 35
f 1987 34 29
f 33 118 32
f 155 31 32
f 156 30 31
f 157 28 30
f 1988 29 27
f 158 26 28
f 25 1991 27
f 107 3 26
f 22 1991 25
f 24 3 23
f 22 19 1991
f 21 23 20
f 2 20 23
f 5 20 2
f 5 18 20
f 19 16 1993
f 5 17 18
f 5 14 17
f 16 15 1995
f 13 1998 15
f 12 182 13
f 12 11 182
f 11 10 181
f 179 10 9
f 177 9 8
f 167 8 6
f 7 14 5
f 166 6 4
f 4 3 106
f 2 23 3
f 5 2 1

