# https://github.com/mikedh/trimesh
mtllib material.mtl
usemtl material_0
v -0.01024806 -0.01715016 -0.01009446
v -0.01267945 -0.01715016 0.00000115
v -0.01201641 -0.01715016 -0.00584513
v 0.00000078 -0.01715016 -0.01257693
v -0.00584561 -0.01715016 -0.01201581
v 0.00914454 -0.01715016 -0.00994122
v 0.00584716 -0.01715016 -0.01201581
v 0.01065444 -0.01715016 0.00000115
v 0.01056730 -0.01715016 -0.00584513
v 0.00899154 -0.01715016 0.00979102
v 0.01056730 -0.01715016 0.00584775
v 0.00000078 -0.01715016 0.01263058
v 0.00584716 -0.01715016 0.01201844
v -0.00948280 -0.01715016 0.00979102
v -0.00584561 -0.01715016 0.01201844
v -0.01201641 -0.01715016 0.00584775
v 0.01052421 -0.01715016 -0.01132470
v 0.01328033 -0.01619279 -0.00726008
v 0.01222765 -0.01715016 -0.00665986
v 0.01052421 -0.01715016 -0.01132470
v 0.00724661 -0.01619279 -0.01474446
v 0.01142030 -0.01619696 -0.01223003
v 0.00878048 -0.00999486 -0.01670414
v 0.01200371 0.00000000 -0.01444900
v 0.01162219 -0.01105070 -0.01406753
v 0.01162219 -0.01105070 -0.01406753
v 0.01359730 0.00000000 -0.00903225
v 0.01359730 -0.01184320 -0.00879383
v 0.01034992 -0.01715016 0.01114565
v 0.00724661 -0.01619279 0.01473665
v 0.00665134 -0.01715016 0.01368248
v 0.01034992 -0.01715016 0.01114565
v 0.01328033 -0.01619279 0.00725216
v 0.01125580 -0.01621037 0.01205754
v 0.01320421 -0.01093322 0.01405984
v 0.01420414 0.00000000 0.00902462
v 0.01358550 0.00000000 0.01444125
v 0.00878048 -0.00999486 0.01669621
v 0.01358550 0.00000000 0.01444125
v 0.00901878 0.00000000 0.01714915
v -0.01080578 -0.01715016 0.01114565
v -0.01475024 -0.01619279 0.00725216
v -0.01369094 -0.01715016 0.00665522
v -0.01080578 -0.01715016 0.01114565
v -0.00726575 -0.01619279 0.01473665
v -0.01174312 -0.01622712 0.01205259
v -0.00879955 -0.00999486 0.01669621
v -0.01445460 0.00000000 0.01444125
v -0.01407319 -0.01093322 0.01405984
v -0.01407319 -0.01093322 0.01405984
v -0.01716274 0.00000000 0.00902462
v -0.01670974 -0.01184320 0.00878620
v -0.01167714 -0.01715016 -0.01149880
v -0.00726575 -0.01619279 -0.01474446
v -0.00666392 -0.01715016 -0.01368695
v -0.01167714 -0.01715016 -0.01149880
v -0.01475024 -0.01619279 -0.00726008
v -0.01256108 -0.01618003 -0.01239520
v -0.01407319 -0.01105070 -0.01406753
v -0.01716274 0.00000000 -0.00903225
v -0.01445460 0.00000000 -0.01444900
v -0.00879955 -0.00999486 -0.01670414
v -0.01445460 0.00000000 -0.01444900
v -0.00903797 0.00000000 -0.01715713
v 0.01222765 -0.01715016 -0.00665986
v 0.01352620 -0.01616293 -0.00000383
v 0.01242089 -0.01715016 -0.00000217
v 0.01359730 -0.01184320 -0.00879383
v 0.01420414 0.00000000 -0.00000383
v 0.01420414 -0.01216477 -0.00000383
v 0.01420414 0.00000000 -0.00000383
v 0.01420414 -0.01184320 0.00878620
v 0.01420414 -0.01216477 -0.00000383
v 0.01352620 -0.01616293 -0.00000383
v 0.01222765 -0.01715016 0.00665522
v 0.01242089 -0.01715016 -0.00000217
v 0.00665134 -0.01715016 0.01368248
v -0.00000957 -0.01617091 0.01549839
v -0.00000629 -0.01715016 0.01437950
v 0.00901878 0.00000000 0.01714915
v -0.00000957 -0.00964689 0.01757496
v 0.00878048 -0.00999486 0.01669621
v -0.00000957 -0.00964689 0.01757496
v -0.00903797 0.00000000 0.01714915
v -0.00879955 -0.00999486 0.01669621
v -0.00000957 -0.01617091 0.01549839
v -0.00666392 -0.01715016 0.01368248
v -0.00000629 -0.01715016 0.01437950
v -0.01369094 -0.01715016 0.00665522
v -0.01556581 -0.01616811 -0.00000383
v -0.01444613 -0.01715016 -0.00000217
v -0.01670974 -0.01184320 0.00878620
v -0.01806539 0.00000000 -0.00000383
v -0.01758867 -0.01216477 -0.00000383
v -0.01806539 0.00000000 -0.00000383
v -0.01670974 -0.01184320 -0.00879383
v -0.01758867 -0.01216477 -0.00000383
v -0.01556581 -0.01616811 -0.00000383
v -0.01369094 -0.01715016 -0.00665986
v -0.01444613 -0.01715016 -0.00000217
v -0.00666392 -0.01715016 -0.01368695
v -0.00000957 -0.01617354 -0.01545166
v -0.00000629 -0.01715016 -0.01432597
v -0.00903797 0.00000000 -0.01715713
v -0.00000957 -0.00964689 -0.01758295
v -0.00879955 -0.00999486 -0.01670414
v -0.00000957 -0.00964689 -0.01758295
v 0.00901878 0.00000000 -0.01715713
v 0.00878048 -0.00999486 -0.01670414
v -0.00000957 -0.01617354 -0.01545166
v 0.00665134 -0.01715016 -0.01368695
v -0.00000629 -0.01715016 -0.01432597
v 0.00724661 -0.01619279 0.01473665
v 0.01320421 -0.01093322 0.01405984
v 0.00878048 -0.00999486 0.01669621
v 0.00724661 -0.01619279 0.01473665
v -0.00000957 -0.00964689 0.01757496
v -0.00000957 -0.01617091 0.01549839
v -0.00726575 -0.01619279 0.01473665
v -0.00000957 -0.00964689 0.01757496
v -0.00879955 -0.00999486 0.01669621
v -0.01174312 -0.01622712 0.01205259
v -0.00879955 -0.00999486 0.01669621
v -0.01407319 -0.01093322 0.01405984
v -0.01174312 -0.01622712 0.01205259
v -0.01670974 -0.01184320 0.00878620
v -0.01475024 -0.01619279 0.00725216
v -0.01475024 -0.01619279 0.00725216
v -0.01758867 -0.01216477 -0.00000383
v -0.01556581 -0.01616811 -0.00000383
v -0.01475024 -0.01619279 -0.00726008
v -0.01758867 -0.01216477 -0.00000383
v -0.01670974 -0.01184320 -0.00879383
v -0.01256108 -0.01618003 -0.01239520
v -0.01670974 -0.01184320 -0.00879383
v -0.01407319 -0.01105070 -0.01406753
v -0.01256108 -0.01618003 -0.01239520
v -0.00879955 -0.00999486 -0.01670414
v -0.00726575 -0.01619279 -0.01474446
v -0.00726575 -0.01619279 -0.01474446
v -0.00000957 -0.00964689 -0.01758295
v -0.00000957 -0.01617354 -0.01545166
v 0.00724661 -0.01619279 -0.01474446
v -0.00000957 -0.00964689 -0.01758295
v 0.00878048 -0.00999486 -0.01670414
v 0.00724661 -0.01619279 -0.01474446
v 0.01162219 -0.01105070 -0.01406753
v 0.01142030 -0.01619696 -0.01223003
v 0.01142030 -0.01619696 -0.01223003
v 0.01359730 -0.01184320 -0.00879383
v 0.01328033 -0.01619279 -0.00726008
v 0.01328033 -0.01619279 -0.00726008
v 0.01420414 -0.01216477 -0.00000383
v 0.01352620 -0.01616293 -0.00000383
v 0.01328033 -0.01619279 0.00725216
v 0.01420414 -0.01216477 -0.00000383
v 0.01420414 -0.01184320 0.00878620
v 0.01125580 -0.01621037 0.01205754
v 0.01420414 -0.01184320 0.00878620
v 0.01320421 -0.01093322 0.01405984
v -0.01369094 -0.01715016 -0.00665986
v -0.01444613 -0.01715016 -0.00000217
v -0.00000629 -0.01715016 -0.01432597
v -0.00666392 -0.01715016 -0.01368695
v -0.01167714 -0.01715016 -0.01149880
v 0.00665134 -0.01715016 -0.01368695
v 0.01242089 -0.01715016 -0.00000217
v 0.01222765 -0.01715016 -0.00665986
v 0.01052421 -0.01715016 -0.01132470
v 0.01222765 -0.01715016 0.00665522
v -0.00000629 -0.01715016 0.01437950
v 0.00665134 -0.01715016 0.01368248
v 0.01034992 -0.01715016 0.01114565
v -0.00666392 -0.01715016 0.01368248
v -0.01369094 -0.01715016 0.00665522
v -0.01080578 -0.01715016 0.01114565
v -0.01267945 0.01715016 0.00000115
v -0.01024806 0.01715016 -0.01009446
v -0.01201641 0.01715016 -0.00584513
v 0.00000078 0.01715016 -0.01257693
v -0.00584561 0.01715016 -0.01201581
v 0.00914454 0.01715016 -0.00994122
v 0.00584716 0.01715016 -0.01201581
v 0.01065444 0.01715016 0.00000115
v 0.01056730 0.01715016 -0.00584513
v 0.00899154 0.01715016 0.00979102
v 0.01056730 0.01715016 0.00584775
v 0.00000078 0.01715016 0.01263058
v 0.00584716 0.01715016 0.01201844
v -0.00948280 0.01715016 0.00979102
v -0.00584561 0.01715016 0.01201844
v -0.01201641 0.01715016 0.00584775
v 0.01328033 0.01619279 -0.00726008
v 0.01052421 0.01715016 -0.01132470
v 0.01222765 0.01715016 -0.00665986
v 0.01052421 0.01715016 -0.01132470
v 0.00724661 0.01619279 -0.01474446
v 0.00665134 0.01715016 -0.01368695
v 0.01200371 0.00000000 -0.01444900
v 0.00878048 0.00999486 -0.01670414
v 0.01162219 0.01105070 -0.01406753
v 0.01359730 0.00000000 -0.00903225
v 0.01162219 0.01105070 -0.01406753
v 0.01359730 0.01184320 -0.00879383
v 0.00724661 0.01619279 0.01473665
v 0.01034992 0.01715016 0.01114565
v 0.00665134 0.01715016 0.01368248
v 0.01034992 0.01715016 0.01114565
v 0.01328033 0.01619279 0.00725216
v 0.01222765 0.01715016 0.00665522
v 0.01320421 0.01093322 0.01405984
v 0.01420414 0.00000000 0.00902462
v 0.01420414 0.01184320 0.00878620
v 0.00878048 0.00999486 0.01669621
v 0.01358550 0.00000000 0.01444125
v 0.01320421 0.01093322 0.01405984
v -0.01475024 0.01619279 0.00725216
v -0.01080578 0.01715016 0.01114565
v -0.01369094 0.01715016 0.00665522
v -0.01080578 0.01715016 0.01114565
v -0.00726575 0.01619279 0.01473665
v -0.00666392 0.01715016 0.01368248
v -0.01445460 0.00000000 0.01444125
v -0.00879955 0.00999486 0.01669621
v -0.01407319 0.01093322 0.01405984
v -0.01716274 0.00000000 0.00902462
v -0.01407319 0.01093322 0.01405984
v -0.01670974 0.01184320 0.00878620
v -0.00726575 0.01619279 -0.01474446
v -0.01167714 0.01715016 -0.01149880
v -0.00666392 0.01715016 -0.01368695
v -0.01167714 0.01715016 -0.01149880
v -0.01475024 0.01619279 -0.00726008
v -0.01369094 0.01715016 -0.00665986
v -0.01407319 0.01105070 -0.01406753
v -0.01716274 0.00000000 -0.00903225
v -0.01670974 0.01184320 -0.00879383
v -0.00879955 0.00999486 -0.01670414
v -0.01445460 0.00000000 -0.01444900
v -0.01407319 0.01105070 -0.01406753
v 0.01222765 0.01715016 -0.00665986
v 0.01352620 0.01616293 -0.00000383
v 0.01328033 0.01619279 -0.00726008
v 0.01359730 0.01184320 -0.00879383
v 0.01359730 0.00000000 -0.00903225
v 0.01420414 0.01184320 0.00878620
v 0.01420414 0.01216477 -0.00000383
v 0.01222765 0.01715016 0.00665522
v 0.01352620 0.01616293 -0.00000383
v 0.01242089 0.01715016 -0.00000217
v 0.00665134 0.01715016 0.01368248
v -0.00000957 0.01617091 0.01549839
v 0.00724661 0.01619279 0.01473665
v -0.00000957 0.00964689 0.01757496
v 0.00901878 0.00000000 0.01714915
v 0.00878048 0.00999486 0.01669621
v -0.00000957 0.00964689 0.01757496
v -0.00903797 0.00000000 0.01714915
v -0.00000957 0.00000000 0.01805180
v -0.00666392 0.01715016 0.01368248
v -0.00000957 0.01617091 0.01549839
v -0.00000629 0.01715016 0.01437950
v -0.01369094 0.01715016 0.00665522
v -0.01556581 0.01616811 -0.00000383
v -0.01475024 0.01619279 0.00725216
v -0.01670974 0.01184320 0.00878620
v -0.01806539 0.00000000 -0.00000383
v -0.01716274 0.00000000 0.00902462
v -0.01670974 0.01184320 -0.00879383
v -0.01806539 0.00000000 -0.00000383
v -0.01758867 0.01216477 -0.00000383
v -0.01369094 0.01715016 -0.00665986
v -0.01556581 0.01616811 -0.00000383
v -0.01444613 0.01715016 -0.00000217
v -0.00666392 0.01715016 -0.01368695
v -0.00000957 0.01617354 -0.01545166
v -0.00726575 0.01619279 -0.01474446
v -0.00000957 0.00964689 -0.01758295
v -0.00903797 0.00000000 -0.01715713
v -0.00879955 0.00999486 -0.01670414
v -0.00000957 0.00964689 -0.01758295
v 0.00901878 0.00000000 -0.01715713
v -0.00000957 0.00000000 -0.01805984
v 0.00665134 0.01715016 -0.01368695
v -0.00000957 0.01617354 -0.01545166
v -0.00000629 0.01715016 -0.01432597
v 0.00724661 0.01619279 0.01473665
v 0.01320421 0.01093322 0.01405984
v 0.01125580 0.01621037 0.01205754
v -0.00000957 0.00964689 0.01757496
v 0.00724661 0.01619279 0.01473665
v -0.00000957 0.01617091 0.01549839
v -0.00726575 0.01619279 0.01473665
v -0.00000957 0.00964689 0.01757496
v -0.00000957 0.01617091 0.01549839
v -0.01174312 0.01622712 0.01205259
v -0.00879955 0.00999486 0.01669621
v -0.00726575 0.01619279 0.01473665
v -0.01670974 0.01184320 0.00878620
v -0.01174312 0.01622712 0.01205259
v -0.01475024 0.01619279 0.00725216
v -0.01758867 0.01216477 -0.00000383
v -0.01475024 0.01619279 0.00725216
v -0.01556581 0.01616811 -0.00000383
v -0.01475024 0.01619279 -0.00726008
v -0.01758867 0.01216477 -0.00000383
v -0.01556581 0.01616811 -0.00000383
v -0.01256108 0.01618003 -0.01239520
v -0.01670974 0.01184320 -0.00879383
v -0.01475024 0.01619279 -0.00726008
v -0.00879955 0.00999486 -0.01670414
v -0.01256108 0.01618003 -0.01239520
v -0.00726575 0.01619279 -0.01474446
v -0.00000957 0.00964689 -0.01758295
v -0.00726575 0.01619279 -0.01474446
v -0.00000957 0.01617354 -0.01545166
v 0.00724661 0.01619279 -0.01474446
v -0.00000957 0.00964689 -0.01758295
v -0.00000957 0.01617354 -0.01545166
v 0.01162219 0.01105070 -0.01406753
v 0.00724661 0.01619279 -0.01474446
v 0.01142030 0.01619696 -0.01223003
v 0.01359730 0.01184320 -0.00879383
v 0.01142030 0.01619696 -0.01223003
v 0.01328033 0.01619279 -0.00726008
v 0.01420414 0.01216477 -0.00000383
v 0.01328033 0.01619279 -0.00726008
v 0.01352620 0.01616293 -0.00000383
v 0.01328033 0.01619279 0.00725216
v 0.01420414 0.01216477 -0.00000383
v 0.01352620 0.01616293 -0.00000383
v 0.01125580 0.01621037 0.01205754
v 0.01420414 0.01184320 0.00878620
v 0.01328033 0.01619279 0.00725216
v -0.01369094 0.01715016 -0.00665986
v -0.01167714 0.01715016 -0.01149880
v -0.01444613 0.01715016 -0.00000217
v -0.00000629 0.01715016 -0.01432597
v -0.00666392 0.01715016 -0.01368695
v 0.00665134 0.01715016 -0.01368695
v 0.01052421 0.01715016 -0.01132470
v 0.01242089 0.01715016 -0.00000217
v 0.01222765 0.01715016 -0.00665986
v 0.01222765 0.01715016 0.00665522
v 0.01034992 0.01715016 0.01114565
v -0.00000629 0.01715016 0.01437950
v 0.00665134 0.01715016 0.01368248
v -0.00666392 0.01715016 0.01368248
v -0.01080578 0.01715016 0.01114565
v -0.01369094 0.01715016 0.00665522
v 0.01052421 -0.01715016 -0.01132470
v 0.01142030 -0.01619696 -0.01223003
v 0.01328033 -0.01619279 -0.00726008
v 0.01052421 -0.01715016 -0.01132470
v 0.00665134 -0.01715016 -0.01368695
v 0.00724661 -0.01619279 -0.01474446
v 0.00901878 0.00000000 -0.01715713
v 0.01162219 -0.01105070 -0.01406753
v 0.01200371 0.00000000 -0.01444900
v 0.01359730 0.00000000 -0.00903225
v 0.01034992 -0.01715016 0.01114565
v 0.01125580 -0.01621037 0.01205754
v 0.00724661 -0.01619279 0.01473665
v 0.01222765 -0.01715016 0.00665522
v 0.01320421 -0.01093322 0.01405984
v 0.01420414 -0.01184320 0.00878620
v 0.00878048 -0.00999486 0.01669621
v 0.01320421 -0.01093322 0.01405984
v 0.01358550 0.00000000 0.01444125
v -0.01080578 -0.01715016 0.01114565
v -0.01174312 -0.01622712 0.01205259
v -0.01475024 -0.01619279 0.00725216
v -0.01080578 -0.01715016 0.01114565
v -0.00666392 -0.01715016 0.01368248
v -0.00726575 -0.01619279 0.01473665
v -0.00879955 -0.00999486 0.01669621
v -0.00903797 0.00000000 0.01714915
v -0.01445460 0.00000000 0.01444125
v -0.01407319 -0.01093322 0.01405984
v -0.01445460 0.00000000 0.01444125
v -0.01716274 0.00000000 0.00902462
v -0.01167714 -0.01715016 -0.01149880
v -0.01256108 -0.01618003 -0.01239520
v -0.00726575 -0.01619279 -0.01474446
v -0.01167714 -0.01715016 -0.01149880
v -0.01369094 -0.01715016 -0.00665986
v -0.01475024 -0.01619279 -0.00726008
v -0.01407319 -0.01105070 -0.01406753
v -0.01670974 -0.01184320 -0.00879383
v -0.01716274 0.00000000 -0.00903225
v -0.00879955 -0.00999486 -0.01670414
v -0.01407319 -0.01105070 -0.01406753
v -0.01445460 0.00000000 -0.01444900
v 0.01328033 -0.01619279 -0.00726008
v 0.01420414 0.00000000 0.00902462
v 0.01328033 -0.01619279 0.00725216
v 0.00665134 -0.01715016 0.01368248
v 0.00724661 -0.01619279 0.01473665
v -0.00000957 -0.01617091 0.01549839
v -0.00000957 0.00000000 0.01805180
v -0.00000957 0.00000000 0.01805180
v -0.00000957 -0.01617091 0.01549839
v -0.00726575 -0.01619279 0.01473665
v -0.00666392 -0.01715016 0.01368248
v -0.01369094 -0.01715016 0.00665522
v -0.01475024 -0.01619279 0.00725216
v -0.01556581 -0.01616811 -0.00000383
v -0.01716274 0.00000000 0.00902462
v -0.01716274 0.00000000 -0.00903225
v -0.01556581 -0.01616811 -0.00000383
v -0.01475024 -0.01619279 -0.00726008
v -0.01369094 -0.01715016 -0.00665986
v -0.00666392 -0.01715016 -0.01368695
v -0.00726575 -0.01619279 -0.01474446
v -0.00000957 -0.01617354 -0.01545166
v -0.00000957 0.00000000 -0.01805984
v -0.00000957 0.00000000 -0.01805984
v -0.00000957 -0.01617354 -0.01545166
v 0.00724661 -0.01619279 -0.01474446
v 0.00665134 -0.01715016 -0.01368695
v 0.00724661 -0.01619279 0.01473665
v 0.01125580 -0.01621037 0.01205754
v 0.01320421 -0.01093322 0.01405984
v 0.00724661 -0.01619279 0.01473665
v 0.00878048 -0.00999486 0.01669621
v -0.00000957 -0.00964689 0.01757496
v -0.00726575 -0.01619279 0.01473665
v -0.00000957 -0.01617091 0.01549839
v -0.00000957 -0.00964689 0.01757496
v -0.01174312 -0.01622712 0.01205259
v -0.00726575 -0.01619279 0.01473665
v -0.00879955 -0.00999486 0.01669621
v -0.01174312 -0.01622712 0.01205259
v -0.01407319 -0.01093322 0.01405984
v -0.01670974 -0.01184320 0.00878620
v -0.01475024 -0.01619279 0.00725216
v -0.01670974 -0.01184320 0.00878620
v -0.01758867 -0.01216477 -0.00000383
v -0.01475024 -0.01619279 -0.00726008
v -0.01556581 -0.01616811 -0.00000383
v -0.01758867 -0.01216477 -0.00000383
v -0.01256108 -0.01618003 -0.01239520
v -0.01475024 -0.01619279 -0.00726008
v -0.01670974 -0.01184320 -0.00879383
v -0.01256108 -0.01618003 -0.01239520
v -0.01407319 -0.01105070 -0.01406753
v -0.00879955 -0.00999486 -0.01670414
v -0.00726575 -0.01619279 -0.01474446
v -0.00879955 -0.00999486 -0.01670414
v -0.00000957 -0.00964689 -0.01758295
v 0.00724661 -0.01619279 -0.01474446
v -0.00000957 -0.01617354 -0.01545166
v -0.00000957 -0.00964689 -0.01758295
v 0.00724661 -0.01619279 -0.01474446
v 0.00878048 -0.00999486 -0.01670414
v 0.01162219 -0.01105070 -0.01406753
v 0.01142030 -0.01619696 -0.01223003
v 0.01162219 -0.01105070 -0.01406753
v 0.01359730 -0.01184320 -0.00879383
v 0.01328033 -0.01619279 -0.00726008
v 0.01359730 -0.01184320 -0.00879383
v 0.01420414 -0.01216477 -0.00000383
v 0.01328033 -0.01619279 0.00725216
v 0.01352620 -0.01616293 -0.00000383
v 0.01420414 -0.01216477 -0.00000383
v 0.01125580 -0.01621037 0.01205754
v 0.01328033 -0.01619279 0.00725216
v 0.01420414 -0.01184320 0.00878620
v 0.01328033 0.01619279 -0.00726008
v 0.01142030 0.01619696 -0.01223003
v 0.01052421 0.01715016 -0.01132470
v 0.01052421 0.01715016 -0.01132470
v 0.01142030 0.01619696 -0.01223003
v 0.00724661 0.01619279 -0.01474446
v 0.00901878 0.00000000 -0.01715713
v 0.01359730 0.00000000 -0.00903225
v 0.01200371 0.00000000 -0.01444900
v 0.01162219 0.01105070 -0.01406753
v 0.00724661 0.01619279 0.01473665
v 0.01125580 0.01621037 0.01205754
v 0.01034992 0.01715016 0.01114565
v 0.01125580 0.01621037 0.01205754
v 0.01320421 0.01093322 0.01405984
v 0.01358550 0.00000000 0.01444125
v 0.01420414 0.00000000 0.00902462
v 0.00878048 0.00999486 0.01669621
v 0.00901878 0.00000000 0.01714915
v 0.01358550 0.00000000 0.01444125
v -0.01475024 0.01619279 0.00725216
v -0.01174312 0.01622712 0.01205259
v -0.01080578 0.01715016 0.01114565
v -0.01080578 0.01715016 0.01114565
v -0.01174312 0.01622712 0.01205259
v -0.00726575 0.01619279 0.01473665
v -0.01445460 0.00000000 0.01444125
v -0.00903797 0.00000000 0.01714915
v -0.00879955 0.00999486 0.01669621
v -0.01716274 0.00000000 0.00902462
v -0.01445460 0.00000000 0.01444125
v -0.01407319 0.01093322 0.01405984
v -0.00726575 0.01619279 -0.01474446
v -0.01256108 0.01618003 -0.01239520
v -0.01167714 0.01715016 -0.01149880
v -0.01167714 0.01715016 -0.01149880
v -0.01256108 0.01618003 -0.01239520
v -0.01475024 0.01619279 -0.00726008
v -0.01407319 0.01105070 -0.01406753
v -0.01445460 0.00000000 -0.01444900
v -0.01716274 0.00000000 -0.00903225
v -0.00879955 0.00999486 -0.01670414
v -0.00903797 0.00000000 -0.01715713
v -0.01445460 0.00000000 -0.01444900
v 0.01242089 0.01715016 -0.00000217
v 0.01420414 0.01216477 -0.00000383
v 0.01328033 0.01619279 0.00725216
v 0.00665134 0.01715016 0.01368248
v -0.00000629 0.01715016 0.01437950
v -0.00000957 0.01617091 0.01549839
v -0.00000957 0.00000000 0.01805180
v -0.00879955 0.00999486 0.01669621
v -0.00666392 0.01715016 0.01368248
v -0.00726575 0.01619279 0.01473665
v -0.00000957 0.01617091 0.01549839
v -0.01369094 0.01715016 0.00665522
v -0.01444613 0.01715016 -0.00000217
v -0.01556581 0.01616811 -0.00000383
v -0.01758867 0.01216477 -0.00000383
v -0.01716274 0.00000000 -0.00903225
v -0.01369094 0.01715016 -0.00665986
v -0.01475024 0.01619279 -0.00726008
v -0.01556581 0.01616811 -0.00000383
v -0.00666392 0.01715016 -0.01368695
v -0.00000629 0.01715016 -0.01432597
v -0.00000957 0.01617354 -0.01545166
v -0.00000957 0.00000000 -0.01805984
v 0.00878048 0.00999486 -0.01670414
v 0.00665134 0.01715016 -0.01368695
v 0.00724661 0.01619279 -0.01474446
v -0.00000957 0.01617354 -0.01545166
v 0.00724661 0.01619279 0.01473665
v 0.00878048 0.00999486 0.01669621
v 0.01320421 0.01093322 0.01405984
v -0.00000957 0.00964689 0.01757496
v 0.00878048 0.00999486 0.01669621
v 0.00724661 0.01619279 0.01473665
v -0.00726575 0.01619279 0.01473665
v -0.00879955 0.00999486 0.01669621
v -0.00000957 0.00964689 0.01757496
v -0.01174312 0.01622712 0.01205259
v -0.01407319 0.01093322 0.01405984
v -0.00879955 0.00999486 0.01669621
v -0.01670974 0.01184320 0.00878620
v -0.01407319 0.01093322 0.01405984
v -0.01174312 0.01622712 0.01205259
v -0.01758867 0.01216477 -0.00000383
v -0.01670974 0.01184320 0.00878620
v -0.01475024 0.01619279 0.00725216
v -0.01475024 0.01619279 -0.00726008
v -0.01670974 0.01184320 -0.00879383
v -0.01758867 0.01216477 -0.00000383
v -0.01256108 0.01618003 -0.01239520
v -0.01407319 0.01105070 -0.01406753
v -0.01670974 0.01184320 -0.00879383
v -0.00879955 0.00999486 -0.01670414
v -0.01407319 0.01105070 -0.01406753
v -0.01256108 0.01618003 -0.01239520
v -0.00000957 0.00964689 -0.01758295
v -0.00879955 0.00999486 -0.01670414
v -0.00726575 0.01619279 -0.01474446
v 0.00724661 0.01619279 -0.01474446
v 0.00878048 0.00999486 -0.01670414
v -0.00000957 0.00964689 -0.01758295
v 0.01162219 0.01105070 -0.01406753
v 0.00878048 0.00999486 -0.01670414
v 0.00724661 0.01619279 -0.01474446
v 0.01359730 0.01184320 -0.00879383
v 0.01162219 0.01105070 -0.01406753
v 0.01142030 0.01619696 -0.01223003
v 0.01420414 0.01216477 -0.00000383
v 0.01359730 0.01184320 -0.00879383
v 0.01328033 0.01619279 -0.00726008
v 0.01328033 0.01619279 0.00725216
v 0.01420414 0.01184320 0.00878620
v 0.01420414 0.01216477 -0.00000383
v 0.01125580 0.01621037 0.01205754
v 0.01320421 0.01093322 0.01405984
v 0.01420414 0.01184320 0.00878620
v 0.01667553 -0.00794804 -0.00990343
v 0.01642864 -0.00594312 -0.01130449
v 0.01705074 -0.00546759 -0.01038926
v 0.01639795 -0.00983298 0.00860810
v 0.01574617 -0.00864977 0.01044523
v 0.01570987 -0.01070511 0.00938845
v 0.01643162 -0.00982833 -0.00893646
v 0.01598113 -0.01177221 -0.00708371
v 0.01574319 -0.01069915 -0.00971609
v 0.01696252 -0.01129007 0.00235450
v 0.01643741 -0.01236784 -0.00016167
v 0.01706314 -0.01135903 -0.00016201
v 0.01653289 -0.00547290 0.01005893
v 0.01594382 -0.00303227 0.01123815
v 0.01586407 -0.00594914 0.01097357
v 0.01742631 -0.00278884 -0.01063597
v 0.01703763 0.00000000 -0.01163482
v 0.01761585 0.00000000 -0.01069498
v 0.01654767 -0.01073235 0.00692087
v 0.01610648 -0.01205742 0.00518024
v 0.01675444 -0.01107519 0.00475150
v 0.01684248 -0.01113891 -0.00418937
v 0.01631593 -0.01229017 -0.00289374
v 0.01618987 -0.01212114 -0.00461751
v 0.01660817 0.00279277 0.01030433
v 0.01597487 0.00000000 0.01130080
v 0.01663988 0.00000000 0.01036304
v 0.01643693 0.00795132 0.00957346
v 0.01586407 0.00594908 0.01097357
v 0.01653289 0.00547290 0.01005893
v 0.01639795 0.00983226 0.00860810
v 0.01586508 0.01169061 0.00754464
v 0.01570987 0.01070505 0.00938845
v 0.01694965 0.01128804 -0.00267822
v 0.01643741 0.01236778 -0.00016167
v 0.01706314 0.01135903 -0.00016201
v 0.01675444 0.01107513 0.00475150
v 0.01633167 0.01229214 0.00257111
v 0.01610648 0.01205801 0.00518024
v 0.01667171 0.01081186 -0.00646192
v 0.01618987 0.01212108 -0.00461751
v 0.01684248 0.01113885 -0.00418937
v 0.01643162 0.00982893 -0.00893646
v 0.01600283 0.00864381 -0.01077556
v 0.01574319 0.01069909 -0.00971609
v 0.01705074 0.00546753 -0.01038926
v 0.01683533 0.00302756 -0.01157045
v 0.01642864 0.00594378 -0.01130449
v 0.01683533 0.00302756 -0.01157045
v 0.01629132 0.00000000 -0.01281267
v 0.01606637 0.00333995 -0.01274466
v 0.01703763 0.00000000 -0.01163482
v 0.01742631 0.00278950 -0.01063597
v 0.01761585 0.00000000 -0.01069498
v 0.01642864 0.00594378 -0.01130449
v 0.01606637 0.00333995 -0.01274466
v 0.01561290 0.00654864 -0.01244592
v 0.01600283 0.00864381 -0.01077556
v 0.01561290 0.00654864 -0.01244592
v 0.01515257 0.00952321 -0.01185929
v 0.01642864 0.00594378 -0.01130449
v 0.01667553 0.00794804 -0.00990343
v 0.01705074 0.00546753 -0.01038926
v 0.01574319 0.01069909 -0.00971609
v 0.01515257 0.00952321 -0.01185929
v 0.01486676 0.01179677 -0.01069599
v 0.01512074 0.01296734 -0.00786865
v 0.01574319 0.01069909 -0.00971609
v 0.01486676 0.01179677 -0.01069599
v 0.01598113 0.01177155 -0.00708371
v 0.01643162 0.00982893 -0.00893646
v 0.01574319 0.01069909 -0.00971609
v 0.01598113 0.01177155 -0.00708371
v 0.01534390 0.01336532 -0.00516170
v 0.01633167 0.01229214 0.00257111
v 0.01562827 0.01363915 -0.00016101
v 0.01550972 0.01355892 0.00285262
v 0.01643741 0.01236778 -0.00016167
v 0.01696252 0.01128941 0.00235450
v 0.01706314 0.01135903 -0.00016201
v 0.01610648 0.01205801 0.00518024
v 0.01550972 0.01355892 0.00285262
v 0.01525932 0.01329892 0.00572508
v 0.01549232 0.01355630 -0.00317401
v 0.01618987 0.01212108 -0.00461751
v 0.01534390 0.01336532 -0.00516170
v 0.01631593 0.01229017 -0.00289374
v 0.01684248 0.01113885 -0.00418937
v 0.01618987 0.01212108 -0.00461751
v 0.01631593 0.01229017 -0.00289374
v 0.01562827 0.01363915 -0.00016101
v 0.01643741 0.01236778 -0.00016167
v 0.01586508 0.01169061 0.00754464
v 0.01525932 0.01329892 0.00572508
v 0.01499855 0.01288312 0.00832886
v 0.01610648 0.01205801 0.00518024
v 0.01654767 0.01073229 0.00692087
v 0.01675444 0.01107513 0.00475150
v 0.01570987 0.01070505 0.00938845
v 0.01499855 0.01288312 0.00832886
v 0.01482981 0.01180267 0.01036834
v 0.01486808 0.00953054 0.01152998
v 0.01570987 0.01070505 0.00938845
v 0.01482981 0.01180267 0.01036834
v 0.01574617 0.00864971 0.01044523
v 0.01639795 0.00983226 0.00860810
v 0.01570987 0.01070505 0.00938845
v 0.01574617 0.00864971 0.01044523
v 0.01499038 0.00655591 0.01211524
v 0.01586407 0.00594908 0.01097357
v 0.01507979 0.00334322 0.01241046
v 0.01586407 0.00594908 0.01097357
v 0.01499038 0.00655591 0.01211524
v 0.01594382 0.00303221 0.01123815
v 0.01653289 0.00547290 0.01005893
v 0.01586407 0.00594908 0.01097357
v 0.01594382 0.00303221 0.01123815
v 0.01511758 0.00000000 0.01248002
v 0.01597487 0.00000000 0.01130080
v 0.01631593 -0.01229017 -0.00289374
v 0.01562827 -0.01363855 -0.00016101
v 0.01549232 -0.01355630 -0.00317401
v 0.01643741 -0.01236784 -0.00016167
v 0.01694965 -0.01128876 -0.00267822
v 0.01706314 -0.01135903 -0.00016201
v 0.01618987 -0.01212114 -0.00461751
v 0.01549232 -0.01355630 -0.00317401
v 0.01534390 -0.01336532 -0.00516170
v 0.01499855 -0.01288318 0.00832886
v 0.01570987 -0.01070511 0.00938845
v 0.01482981 -0.01180273 0.01036834
v 0.01586508 -0.01169133 0.00754464
v 0.01639795 -0.00983298 0.00860810
v 0.01570987 -0.01070511 0.00938845
v 0.01586508 -0.01169133 0.00754464
v 0.01525932 -0.01329898 0.00572508
v 0.01610648 -0.01205742 0.00518024
v 0.01606637 -0.00334060 -0.01274466
v 0.01642864 -0.00594312 -0.01130449
v 0.01561290 -0.00654936 -0.01244592
v 0.01683533 -0.00302762 -0.01157081
v 0.01705074 -0.00546759 -0.01038926
v 0.01642864 -0.00594312 -0.01130449
v 0.01683533 -0.00302762 -0.01157081
v 0.01629132 0.00000000 -0.01281267
v 0.01703763 0.00000000 -0.01163482
v 0.01594382 -0.00303227 0.01123815
v 0.01511758 0.00000000 0.01248002
v 0.01507979 -0.00334263 0.01241046
v 0.01597487 0.00000000 0.01130080
v 0.01660817 -0.00279218 0.01030433
v 0.01663988 0.00000000 0.01036304
v 0.01586407 -0.00594914 0.01097357
v 0.01507979 -0.00334263 0.01241046
v 0.01499038 -0.00655663 0.01211524
v 0.01550972 -0.01355832 0.00285262
v 0.01610648 -0.01205742 0.00518024
v 0.01525932 -0.01329898 0.00572508
v 0.01633167 -0.01229220 0.00257111
v 0.01675444 -0.01107519 0.00475150
v 0.01610648 -0.01205742 0.00518024
v 0.01633167 -0.01229220 0.00257111
v 0.01562827 -0.01363855 -0.00016101
v 0.01643741 -0.01236784 -0.00016167
v 0.01598113 -0.01177221 -0.00708371
v 0.01534390 -0.01336532 -0.00516170
v 0.01512074 -0.01296740 -0.00786865
v 0.01618987 -0.01212114 -0.00461751
v 0.01667171 -0.01081192 -0.00646192
v 0.01684248 -0.01113891 -0.00418937
v 0.01574319 -0.01069915 -0.00971609
v 0.01512074 -0.01296740 -0.00786865
v 0.01486676 -0.01179683 -0.01069599
v 0.01574617 -0.00864977 0.01044523
v 0.01499038 -0.00655663 0.01211524
v 0.01486808 -0.00953054 0.01152998
v 0.01586407 -0.00594914 0.01097357
v 0.01643693 -0.00795138 0.00957346
v 0.01653289 -0.00547290 0.01005893
v 0.01570987 -0.01070511 0.00938845
v 0.01486808 -0.00953054 0.01152998
v 0.01482981 -0.01180273 0.01036834
v 0.01515257 -0.00952327 -0.01185929
v 0.01574319 -0.01069915 -0.00971609
v 0.01486676 -0.01179683 -0.01069599
v 0.01600283 -0.00864315 -0.01077556
v 0.01643162 -0.00982833 -0.00893646
v 0.01574319 -0.01069915 -0.00971609
v 0.01600283 -0.00864315 -0.01077556
v 0.01561290 -0.00654936 -0.01244592
v 0.01642864 -0.00594312 -0.01130449
v 0.01667553 -0.00794804 -0.00990343
v 0.01600283 -0.00864315 -0.01077556
v 0.01642864 -0.00594312 -0.01130449
v 0.01639795 -0.00983298 0.00860810
v 0.01643693 -0.00795138 0.00957346
v 0.01574617 -0.00864977 0.01044523
v 0.01667171 -0.01081192 -0.00646192
v 0.01696252 -0.01129007 0.00235450
v 0.01633167 -0.01229220 0.00257111
v 0.01643741 -0.01236784 -0.00016167
v 0.01653289 -0.00547290 0.01005893
v 0.01660817 -0.00279218 0.01030433
v 0.01594382 -0.00303227 0.01123815
v 0.01683533 -0.00302762 -0.01157081
v 0.01654767 -0.01073235 0.00692087
v 0.01586508 -0.01169133 0.00754464
v 0.01610648 -0.01205742 0.00518024
v 0.01684248 -0.01113891 -0.00418937
v 0.01694965 -0.01128876 -0.00267822
v 0.01631593 -0.01229017 -0.00289374
v 0.01594382 0.00303221 0.01123815
v 0.01574617 0.00864971 0.01044523
v 0.01639795 0.00983226 0.00860810
v 0.01654767 0.01073229 0.00692087
v 0.01586508 0.01169061 0.00754464
v 0.01631593 0.01229017 -0.00289374
v 0.01696252 0.01128941 0.00235450
v 0.01643162 0.00982893 -0.00893646
v 0.01667553 0.00794804 -0.00990343
v 0.01600283 0.00864381 -0.01077556
v 0.01705074 0.00546753 -0.01038926
v 0.01742631 0.00278950 -0.01063597
v 0.01683533 0.00302756 -0.01157045
v 0.01703763 0.00000000 -0.01163482
v 0.01683533 0.00302756 -0.01157045
v 0.01642864 0.00594378 -0.01130449
v 0.01683533 0.00302756 -0.01157045
v 0.01606637 0.00333995 -0.01274466
v 0.01642864 0.00594378 -0.01130449
v 0.01642864 0.00594378 -0.01130449
v 0.01600283 0.00864381 -0.01077556
v 0.01667553 0.00794804 -0.00990343
v 0.01574319 0.01069909 -0.00971609
v 0.01600283 0.00864381 -0.01077556
v 0.01515257 0.00952321 -0.01185929
v 0.01512074 0.01296734 -0.00786865
v 0.01667171 0.01081186 -0.00646192
v 0.01598113 0.01177155 -0.00708371
v 0.01512074 0.01296734 -0.00786865
v 0.01534390 0.01336532 -0.00516170
v 0.01643741 0.01236778 -0.00016167
v 0.01643741 0.01236778 -0.00016167
v 0.01633167 0.01229214 0.00257111
v 0.01696252 0.01128941 0.00235450
v 0.01633167 0.01229214 0.00257111
v 0.01631593 0.01229017 -0.00289374
v 0.01631593 0.01229017 -0.00289374
v 0.01694965 0.01128804 -0.00267822
v 0.01684248 0.01113885 -0.00418937
v 0.01549232 0.01355630 -0.00317401
v 0.01610648 0.01205801 0.00518024
v 0.01610648 0.01205801 0.00518024
v 0.01586508 0.01169061 0.00754464
v 0.01654767 0.01073229 0.00692087
v 0.01570987 0.01070505 0.00938845
v 0.01586508 0.01169061 0.00754464
v 0.01499855 0.01288312 0.00832886
v 0.01574617 0.00864971 0.01044523
v 0.01574617 0.00864971 0.01044523
v 0.01643693 0.00795132 0.00957346
v 0.01639795 0.00983226 0.00860810
v 0.01486808 0.00953054 0.01152998
v 0.01507979 0.00334322 0.01241046
v 0.01594382 0.00303221 0.01123815
v 0.01586407 0.00594908 0.01097357
v 0.01594382 0.00303221 0.01123815
v 0.01660817 0.00279277 0.01030433
v 0.01653289 0.00547290 0.01005893
v 0.01507979 0.00334322 0.01241046
v 0.01643741 -0.01236784 -0.00016167
v 0.01631593 -0.01229017 -0.00289374
v 0.01631593 -0.01229017 -0.00289374
v 0.01499855 -0.01288318 0.00832886
v 0.01586508 -0.01169133 0.00754464
v 0.01570987 -0.01070511 0.00938845
v 0.01586508 -0.01169133 0.00754464
v 0.01654767 -0.01073235 0.00692087
v 0.01639795 -0.00983298 0.00860810
v 0.01586508 -0.01169133 0.00754464
v 0.01499855 -0.01288318 0.00832886
v 0.01525932 -0.01329898 0.00572508
v 0.01606637 -0.00334060 -0.01274466
v 0.01683533 -0.00302762 -0.01157081
v 0.01642864 -0.00594312 -0.01130449
v 0.01683533 -0.00302762 -0.01157081
v 0.01742631 -0.00278884 -0.01063597
v 0.01705074 -0.00546759 -0.01038926
v 0.01606637 -0.00334060 -0.01274466
v 0.01597487 0.00000000 0.01130080
v 0.01594382 -0.00303227 0.01123815
v 0.01586407 -0.00594914 0.01097357
v 0.01594382 -0.00303227 0.01123815
v 0.01507979 -0.00334263 0.01241046
v 0.01633167 -0.01229220 0.00257111
v 0.01696252 -0.01129007 0.00235450
v 0.01550972 -0.01355832 0.00285262
v 0.01598113 -0.01177221 -0.00708371
v 0.01534390 -0.01336532 -0.00516170
v 0.01512074 -0.01296740 -0.00786865
v 0.01586407 -0.00594914 0.01097357
v 0.01574617 -0.00864977 0.01044523
v 0.01574617 -0.00864977 0.01044523
v 0.01515257 -0.00952327 -0.01185929
v 0.01600283 -0.00864315 -0.01077556
v 0.01574319 -0.01069915 -0.00971609
v 0.01600283 -0.00864315 -0.01077556
v 0.01667553 -0.00794804 -0.00990343
v 0.01643162 -0.00982833 -0.00893646
v 0.01515257 -0.00952327 -0.01185929
v 0.01794826 -0.00284326 0.00474811
v 0.01734220 -0.00542188 0.00710094
v 0.01773405 -0.00556904 0.00468379
v 0.01810789 -0.00558102 -0.00411880
v 0.01845991 -0.00289631 -0.00261855
v 0.01818305 -0.00567520 -0.00259537
v 0.01743507 -0.00808269 0.00462079
v 0.01692903 -0.00963068 0.00666887
v 0.01715534 -0.00993711 0.00458336
v 0.01818305 -0.00567520 -0.00259537
v 0.01768380 -0.00810259 -0.00405741
v 0.01810789 -0.00558102 -0.00411880
v 0.01782637 -0.00829494 -0.00016300
v 0.01736992 -0.01012879 0.00227064
v 0.01748073 -0.01019376 -0.00016300
v 0.01845365 -0.00292015 -0.00016300
v 0.01803201 -0.00567520 0.00226933
v 0.01819747 -0.00571829 -0.00016300
v 0.01810789 -0.00558102 -0.00411880
v 0.01729184 -0.00787514 -0.00639164
v 0.01732450 -0.00543910 -0.00662941
v 0.01734220 0.00542182 0.00710094
v 0.01794826 0.00284386 0.00474811
v 0.01773405 0.00556970 0.00468379
v 0.01810789 0.00558096 -0.00411880
v 0.01845991 0.00289690 -0.00261855
v 0.01839613 0.00284851 -0.00418210
v 0.01692903 0.00962996 0.00666887
v 0.01743507 0.00808269 0.00462079
v 0.01715534 0.00993705 0.00458336
v 0.01768380 0.00810254 -0.00405741
v 0.01818305 0.00567514 -0.00259537
v 0.01810789 0.00558096 -0.00411880
v 0.01736992 0.01012873 0.00227064
v 0.01782637 0.00829488 -0.00016300
v 0.01748073 0.01019370 -0.00016300
v 0.01803201 0.00567579 0.00226933
v 0.01845365 0.00291944 -0.00016300
v 0.01819747 0.00571823 -0.00016300
v 0.01810789 0.00558096 -0.00411880
v 0.01729184 0.00787508 -0.00639164
v 0.01768380 0.00810254 -0.00405741
v 0.01745051 -0.00530380 -0.00927597
v 0.01694476 -0.00766623 -0.00952512
v 0.01731187 -0.00529051 -0.01000189
v 0.01685941 -0.00766820 0.00854146
v 0.01668101 -0.00946021 0.00826657
v 0.01680004 -0.00903511 0.00791508
v 0.01708644 -0.00965786 -0.00619799
v 0.01672047 -0.00945759 -0.00859356
v 0.01688641 -0.00903445 -0.00824171
v 0.01748073 -0.01019376 -0.00016300
v 0.01722866 -0.01087492 0.00228024
v 0.01733130 -0.01094126 -0.00016268
v 0.01707959 -0.00271517 0.00915921
v 0.01681679 -0.00529319 0.00967395
v 0.01698625 -0.00530380 0.00894970
v 0.01797544 0.00000000 -0.00954098
v 0.01767849 -0.00270396 -0.01023870
v 0.01786619 0.00000000 -0.01029407
v 0.01715534 -0.00993711 0.00458336
v 0.01681214 -0.01032644 0.00666487
v 0.01702308 -0.01066935 0.00459528
v 0.01738703 -0.01012879 -0.00259668
v 0.01711708 -0.01071441 -0.00403350
v 0.01728969 -0.00995964 -0.00402027
v 0.01711839 0.00000000 0.00921398
v 0.01689195 0.00270653 0.00991237
v 0.01692473 0.00000000 0.00997275
v 0.01698625 0.00530308 0.00894970
v 0.01671451 0.00766879 0.00919706
v 0.01681679 0.00529379 0.00967395
v 0.01692903 0.00962996 0.00666887
v 0.01668101 0.00946015 0.00826657
v 0.01680004 0.00903505 0.00791508
v 0.01748073 0.01019370 -0.00016300
v 0.01722002 0.01087486 -0.00260526
v 0.01733130 0.01094120 -0.00016268
v 0.01736992 0.01012873 0.00227064
v 0.01702308 0.01066988 0.00459528
v 0.01715534 0.00993705 0.00458336
v 0.01728969 0.00996089 -0.00402027
v 0.01692706 0.01037877 -0.00619829
v 0.01711708 0.01071435 -0.00403350
v 0.01708191 0.00766748 -0.00886810
v 0.01672047 0.00945753 -0.00859356
v 0.01688641 0.00903440 -0.00824171
v 0.01780074 0.00271583 -0.00948661
v 0.01731187 0.00529045 -0.01000189
v 0.01745051 0.00530374 -0.00927597
v 0.01767849 0.00270456 -0.01023870
v 0.01767849 0.00270456 -0.01023870
v 0.01797544 0.00000000 -0.00954098
v 0.01786619 0.00000000 -0.01029407
v 0.01731187 0.00529045 -0.01000189
v 0.01694476 0.00766617 -0.00952512
v 0.01705074 0.00546753 -0.01038926
v 0.01667553 0.00794804 -0.00990343
v 0.01694476 0.00766617 -0.00952512
v 0.01745051 0.00530374 -0.00927597
v 0.01731187 0.00529045 -0.01000189
v 0.01672047 0.00945753 -0.00859356
v 0.01667553 0.00794804 -0.00990343
v 0.01643162 0.00982893 -0.00893646
v 0.01667171 0.01081186 -0.00646192
v 0.01672047 0.00945753 -0.00859356
v 0.01643162 0.00982893 -0.00893646
v 0.01672047 0.00945753 -0.00859356
v 0.01708644 0.00965852 -0.00619799
v 0.01688641 0.00903440 -0.00824171
v 0.01692706 0.01037877 -0.00619829
v 0.01684248 0.01113885 -0.00418937
v 0.01711708 0.01071435 -0.00403350
v 0.01722866 0.01087421 0.00228024
v 0.01706314 0.01135903 -0.00016201
v 0.01696252 0.01128941 0.00235450
v 0.01722866 0.01087421 0.00228024
v 0.01748073 0.01019370 -0.00016300
v 0.01733130 0.01094120 -0.00016268
v 0.01702308 0.01066988 0.00459528
v 0.01696252 0.01128941 0.00235450
v 0.01675444 0.01107513 0.00475150
v 0.01711708 0.01071435 -0.00403350
v 0.01711708 0.01071435 -0.00403350
v 0.01738703 0.01012939 -0.00259668
v 0.01728969 0.00996089 -0.00402027
v 0.01722002 0.01087486 -0.00260526
v 0.01706314 0.01135903 -0.00016201
v 0.01733130 0.01094120 -0.00016268
v 0.01681214 0.01032704 0.00666487
v 0.01675444 0.01107513 0.00475150
v 0.01654767 0.01073229 0.00692087
v 0.01681214 0.01032704 0.00666487
v 0.01715534 0.00993705 0.00458336
v 0.01702308 0.01066988 0.00459528
v 0.01668101 0.00946015 0.00826657
v 0.01654767 0.01073229 0.00692087
v 0.01639795 0.00983226 0.00860810
v 0.01643693 0.00795132 0.00957346
v 0.01668101 0.00946015 0.00826657
v 0.01639795 0.00983226 0.00860810
v 0.01668101 0.00946015 0.00826657
v 0.01685941 0.00766814 0.00854146
v 0.01680004 0.00903505 0.00791508
v 0.01671451 0.00766879 0.00919706
v 0.01681679 0.00529379 0.00967395
v 0.01660817 0.00279277 0.01030433
v 0.01681679 0.00529379 0.00967395
v 0.01653289 0.00547290 0.01005893
v 0.01681679 0.00529379 0.00967395
v 0.01707959 0.00271583 0.00915921
v 0.01698625 0.00530308 0.00894970
v 0.01689195 0.00270653 0.00991237
v 0.01663988 0.00000000 0.01036304
v 0.01692473 0.00000000 0.00997275
v 0.01722002 -0.01087558 -0.00260526
v 0.01706314 -0.01135903 -0.00016201
v 0.01694965 -0.01128876 -0.00267822
v 0.01722002 -0.01087558 -0.00260526
v 0.01748073 -0.01019376 -0.00016300
v 0.01733130 -0.01094126 -0.00016268
v 0.01711708 -0.01071441 -0.00403350
v 0.01654767 -0.01073235 0.00692087
v 0.01668101 -0.00946021 0.00826657
v 0.01639795 -0.00983298 0.00860810
v 0.01668101 -0.00946021 0.00826657
v 0.01692903 -0.00963068 0.00666887
v 0.01680004 -0.00903511 0.00791508
v 0.01681214 -0.01032644 0.00666487
v 0.01675444 -0.01107519 0.00475150
v 0.01702308 -0.01066935 0.00459528
v 0.01731187 -0.00529051 -0.01000189
v 0.01731187 -0.00529051 -0.01000189
v 0.01780074 -0.00271517 -0.00948661
v 0.01745051 -0.00530380 -0.00927597
v 0.01767849 -0.00270396 -0.01023870
v 0.01761585 0.00000000 -0.01069498
v 0.01786619 0.00000000 -0.01029407
v 0.01689195 -0.00270659 0.00991237
v 0.01663988 0.00000000 0.01036304
v 0.01660817 -0.00279218 0.01030433
v 0.01689195 -0.00270659 0.00991237
v 0.01711839 0.00000000 0.00921398
v 0.01692473 0.00000000 0.00997275
v 0.01681679 -0.00529319 0.00967395
v 0.01660817 -0.00279218 0.01030433
v 0.01653289 -0.00547290 0.01005893
v 0.01696252 -0.01129007 0.00235450
v 0.01702308 -0.01066935 0.00459528
v 0.01675444 -0.01107519 0.00475150
v 0.01702308 -0.01066935 0.00459528
v 0.01736992 -0.01012879 0.00227064
v 0.01715534 -0.00993711 0.00458336
v 0.01722866 -0.01087492 0.00228024
v 0.01706314 -0.01135903 -0.00016201
v 0.01733130 -0.01094126 -0.00016268
v 0.01692706 -0.01037883 -0.00619829
v 0.01684248 -0.01113891 -0.00418937
v 0.01667171 -0.01081192 -0.00646192
v 0.01692706 -0.01037883 -0.00619829
v 0.01728969 -0.00995964 -0.00402027
v 0.01711708 -0.01071441 -0.00403350
v 0.01672047 -0.00945759 -0.00859356
v 0.01667171 -0.01081192 -0.00646192
v 0.01643162 -0.00982833 -0.00893646
v 0.01671451 -0.00766951 0.00919706
v 0.01653289 -0.00547290 0.01005893
v 0.01643693 -0.00795138 0.00957346
v 0.01671451 -0.00766951 0.00919706
v 0.01698625 -0.00530380 0.00894970
v 0.01681679 -0.00529319 0.00967395
v 0.01668101 -0.00946021 0.00826657
v 0.01643693 -0.00795138 0.00957346
v 0.01639795 -0.00983298 0.00860810
v 0.01667553 -0.00794804 -0.00990343
v 0.01672047 -0.00945759 -0.00859356
v 0.01643162 -0.00982833 -0.00893646
v 0.01672047 -0.00945759 -0.00859356
v 0.01708191 -0.00766754 -0.00886810
v 0.01688641 -0.00903445 -0.00824171
v 0.01694476 -0.00766623 -0.00952512
v 0.01705074 -0.00546759 -0.01038926
v 0.01731187 -0.00529051 -0.01000189
v 0.01839613 0.00284851 -0.00418210
v 0.01732450 0.00543904 -0.00662941
v 0.01810789 0.00558096 -0.00411880
v 0.01700550 0.00278217 -0.00706452
v 0.01745051 0.00530374 -0.00927597
v 0.01732450 0.00543904 -0.00662941
v 0.01729184 0.00787508 -0.00639164
v 0.01688641 0.00903440 -0.00824171
v 0.01708644 0.00965852 -0.00619799
v 0.01708191 0.00766748 -0.00886810
v 0.01732450 0.00543904 -0.00662941
v 0.01745051 0.00530374 -0.00927597
v 0.01768380 0.00810254 -0.00405741
v 0.01708644 0.00965852 -0.00619799
v 0.01728969 0.00996089 -0.00402027
v 0.01836860 0.00000000 0.00230813
v 0.01794826 0.00284386 0.00474811
v 0.01803386 0.00000000 0.00477928
v 0.01827359 0.00289690 0.00229251
v 0.01773405 0.00556970 0.00468379
v 0.01794826 0.00284386 0.00474811
v 0.01827359 0.00289690 0.00229251
v 0.01855230 0.00000000 -0.00016300
v 0.01845365 0.00291944 -0.00016300
v 0.01803201 0.00567579 0.00226933
v 0.01743507 0.00808269 0.00462079
v 0.01773405 0.00556970 0.00468379
v 0.01768893 0.00823784 0.00226468
v 0.01715534 0.00993705 0.00458336
v 0.01743507 0.00808269 0.00462079
v 0.01768893 0.00823784 0.00226468
v 0.01819747 0.00571823 -0.00016300
v 0.01782637 0.00829488 -0.00016300
v 0.01782637 0.00829488 -0.00016300
v 0.01738703 0.01012939 -0.00259668
v 0.01748073 0.01019370 -0.00016300
v 0.01777130 0.00823849 -0.00259066
v 0.01728969 0.00996089 -0.00402027
v 0.01738703 0.01012939 -0.00259668
v 0.01777130 0.00823849 -0.00259066
v 0.01819747 0.00571823 -0.00016300
v 0.01818305 0.00567514 -0.00259537
v 0.01734220 0.00542182 0.00710094
v 0.01685941 0.00766814 0.00854146
v 0.01698625 0.00530308 0.00894970
v 0.01713168 0.00785053 0.00686288
v 0.01680004 0.00903505 0.00791508
v 0.01685941 0.00766814 0.00854146
v 0.01713168 0.00785053 0.00686288
v 0.01773405 0.00556970 0.00468379
v 0.01743507 0.00808269 0.00462079
v 0.01845991 0.00289690 -0.00261855
v 0.01855230 0.00000000 -0.00016300
v 0.01856470 0.00000000 -0.00263411
v 0.01845365 0.00291944 -0.00016300
v 0.01818305 0.00567514 -0.00259537
v 0.01819747 0.00571823 -0.00016300
v 0.01839613 0.00284851 -0.00418210
v 0.01856470 0.00000000 -0.00263411
v 0.01850801 0.00000000 -0.00421298
v 0.01755714 0.00000000 0.00728500
v 0.01707959 0.00271583 0.00915921
v 0.01711839 0.00000000 0.00921398
v 0.01749408 0.00277287 0.00724053
v 0.01698625 0.00530308 0.00894970
v 0.01707959 0.00271583 0.00915921
v 0.01749408 0.00277287 0.00724053
v 0.01803386 0.00000000 0.00477928
v 0.01794826 0.00284386 0.00474811
v 0.01732450 -0.00543910 -0.00662941
v 0.01839613 -0.00284851 -0.00418210
v 0.01810789 -0.00558102 -0.00411880
v 0.01700550 -0.00278157 -0.00706452
v 0.01745051 -0.00530380 -0.00927597
v 0.01780074 -0.00271517 -0.00948661
v 0.01729184 -0.00787514 -0.00639164
v 0.01688641 -0.00903445 -0.00824171
v 0.01708191 -0.00766754 -0.00886810
v 0.01708644 -0.00965786 -0.00619799
v 0.01768380 -0.00810259 -0.00405741
v 0.01728969 -0.00995964 -0.00402027
v 0.01732450 -0.00543910 -0.00662941
v 0.01708191 -0.00766754 -0.00886810
v 0.01745051 -0.00530380 -0.00927597
v 0.01794826 -0.00284326 0.00474811
v 0.01836860 0.00000000 0.00230813
v 0.01803386 0.00000000 0.00477928
v 0.01827359 -0.00289690 0.00229251
v 0.01855230 0.00000000 -0.00016300
v 0.01836860 0.00000000 0.00230813
v 0.01827359 -0.00289690 0.00229251
v 0.01773405 -0.00556904 0.00468379
v 0.01803201 -0.00567520 0.00226933
v 0.01743507 -0.00808269 0.00462079
v 0.01803201 -0.00567520 0.00226933
v 0.01773405 -0.00556904 0.00468379
v 0.01768893 -0.00823790 0.00226468
v 0.01819747 -0.00571829 -0.00016300
v 0.01803201 -0.00567520 0.00226933
v 0.01768893 -0.00823790 0.00226468
v 0.01715534 -0.00993711 0.00458336
v 0.01736992 -0.01012879 0.00227064
v 0.01738703 -0.01012879 -0.00259668
v 0.01782637 -0.00829494 -0.00016300
v 0.01748073 -0.01019376 -0.00016300
v 0.01777130 -0.00823855 -0.00259066
v 0.01819747 -0.00571829 -0.00016300
v 0.01782637 -0.00829494 -0.00016300
v 0.01777130 -0.00823855 -0.00259066
v 0.01728969 -0.00995964 -0.00402027
v 0.01768380 -0.00810259 -0.00405741
v 0.01685941 -0.00766820 0.00854146
v 0.01734220 -0.00542188 0.00710094
v 0.01698625 -0.00530380 0.00894970
v 0.01713168 -0.00785124 0.00686288
v 0.01773405 -0.00556904 0.00468379
v 0.01734220 -0.00542188 0.00710094
v 0.01713168 -0.00785124 0.00686288
v 0.01680004 -0.00903511 0.00791508
v 0.01692903 -0.00963068 0.00666887
v 0.01845991 -0.00289631 -0.00261855
v 0.01855230 0.00000000 -0.00016300
v 0.01845365 -0.00292015 -0.00016300
v 0.01856470 0.00000000 -0.00263411
v 0.01839613 -0.00284851 -0.00418210
v 0.01850801 0.00000000 -0.00421298
v 0.01818305 -0.00567520 -0.00259537
v 0.01845365 -0.00292015 -0.00016300
v 0.01819747 -0.00571829 -0.00016300
v 0.01707959 -0.00271517 0.00915921
v 0.01755714 0.00000000 0.00728500
v 0.01711839 0.00000000 0.00921398
v 0.01749408 -0.00277293 0.00724053
v 0.01803386 0.00000000 0.00477928
v 0.01755714 0.00000000 0.00728500
v 0.01749408 -0.00277293 0.00724053
v 0.01698625 -0.00530380 0.00894970
v 0.01734220 -0.00542188 0.00710094
v 0.01700550 -0.00278157 -0.00706452
v 0.01663291 -0.00129759 -0.00868207
v 0.01663291 -0.00158507 -0.00737602
v 0.01797544 0.00000000 -0.00954098
v 0.01663291 -0.00129759 -0.00868207
v 0.01780074 -0.00271517 -0.00948661
v 0.01797544 0.00000000 -0.00954098
v 0.01663291 0.00129688 -0.00868207
v 0.01663291 0.00000000 -0.00895685
v 0.01700550 0.00278217 -0.00706452
v 0.01663291 0.00129688 -0.00868207
v 0.01780074 0.00271583 -0.00948661
v 0.01700550 0.00278217 -0.00706452
v 0.01663291 0.00136083 -0.00614762
v 0.01663291 0.00158435 -0.00737602
v 0.01850801 0.00000000 -0.00421298
v 0.01663291 0.00136083 -0.00614762
v 0.01839613 0.00284851 -0.00418210
v 0.01700550 -0.00278157 -0.00706452
v 0.01663291 -0.00136125 -0.00614762
v 0.01839613 -0.00284851 -0.00418210
v 0.01850801 0.00000000 -0.00421298
v 0.01663291 -0.00136125 -0.00614762
v 0.01663291 0.00000000 -0.00592142
v 0.01663291 -0.00158507 -0.00737602
v 0.01466649 -0.00128001 -0.00866520
v 0.01466649 -0.00156319 -0.00737685
v 0.01663291 0.00000000 -0.00895685
v 0.01466649 -0.00128001 -0.00866520
v 0.01663291 -0.00129759 -0.00868207
v 0.01663291 0.00000000 -0.00895685
v 0.01466649 0.00127923 -0.00866520
v 0.01466649 0.00000000 -0.00893611
v 0.01663291 0.00158435 -0.00737602
v 0.01466649 0.00127923 -0.00866520
v 0.01663291 0.00129688 -0.00868207
v 0.01663291 0.00158435 -0.00737602
v 0.01466649 0.00134230 -0.00616515
v 0.01466649 0.00156248 -0.00737685
v 0.01663291 0.00000000 -0.00592142
v 0.01466649 0.00134230 -0.00616515
v 0.01663291 0.00136083 -0.00614762
v 0.01663291 -0.00158507 -0.00737602
v 0.01466649 -0.00134301 -0.00616515
v 0.01663291 -0.00136125 -0.00614762
v 0.01663291 0.00000000 -0.00592142
v 0.01466649 -0.00134301 -0.00616515
v 0.01466649 0.00000000 -0.00594199
v 0.01466649 0.00000000 -0.00741565
v 0.01466649 -0.00128001 -0.00866520
v 0.01466649 0.00000000 -0.00893611
v 0.01466649 0.00127923 -0.00866520
v 0.01466649 0.00156248 -0.00737685
v 0.01466649 0.00134230 -0.00616515
v 0.01466649 0.00000000 -0.00594199
v 0.01466649 -0.00134301 -0.00616515
v 0.01466649 -0.00156319 -0.00737685
v 0.01794826 -0.00284326 0.00474811
v 0.01749408 -0.00277293 0.00724053
v 0.01734220 -0.00542188 0.00710094
v 0.01810789 -0.00558102 -0.00411880
v 0.01839613 -0.00284851 -0.00418210
v 0.01845991 -0.00289631 -0.00261855
v 0.01743507 -0.00808269 0.00462079
v 0.01713168 -0.00785124 0.00686288
v 0.01692903 -0.00963068 0.00666887
v 0.01818305 -0.00567520 -0.00259537
v 0.01777130 -0.00823855 -0.00259066
v 0.01768380 -0.00810259 -0.00405741
v 0.01782637 -0.00829494 -0.00016300
v 0.01768893 -0.00823790 0.00226468
v 0.01736992 -0.01012879 0.00227064
v 0.01827359 -0.00289690 0.00229251
v 0.01810789 -0.00558102 -0.00411880
v 0.01768380 -0.00810259 -0.00405741
v 0.01729184 -0.00787514 -0.00639164
v 0.01734220 0.00542182 0.00710094
v 0.01749408 0.00277287 0.00724053
v 0.01794826 0.00284386 0.00474811
v 0.01810789 0.00558096 -0.00411880
v 0.01818305 0.00567514 -0.00259537
v 0.01845991 0.00289690 -0.00261855
v 0.01692903 0.00962996 0.00666887
v 0.01713168 0.00785053 0.00686288
v 0.01743507 0.00808269 0.00462079
v 0.01768380 0.00810254 -0.00405741
v 0.01777130 0.00823849 -0.00259066
v 0.01818305 0.00567514 -0.00259537
v 0.01736992 0.01012873 0.00227064
v 0.01768893 0.00823784 0.00226468
v 0.01782637 0.00829488 -0.00016300
v 0.01827359 0.00289690 0.00229251
v 0.01810789 0.00558096 -0.00411880
v 0.01732450 0.00543904 -0.00662941
v 0.01729184 0.00787508 -0.00639164
v 0.01745051 -0.00530380 -0.00927597
v 0.01708191 -0.00766754 -0.00886810
v 0.01694476 -0.00766623 -0.00952512
v 0.01685941 -0.00766820 0.00854146
v 0.01671451 -0.00766951 0.00919706
v 0.01668101 -0.00946021 0.00826657
v 0.01708644 -0.00965786 -0.00619799
v 0.01692706 -0.01037883 -0.00619829
v 0.01672047 -0.00945759 -0.00859356
v 0.01748073 -0.01019376 -0.00016300
v 0.01736992 -0.01012879 0.00227064
v 0.01722866 -0.01087492 0.00228024
v 0.01707959 -0.00271517 0.00915921
v 0.01689195 -0.00270659 0.00991237
v 0.01681679 -0.00529319 0.00967395
v 0.01797544 0.00000000 -0.00954098
v 0.01780074 -0.00271517 -0.00948661
v 0.01767849 -0.00270396 -0.01023870
v 0.01692903 -0.00963068 0.00666887
v 0.01722002 -0.01087558 -0.00260526
v 0.01711839 0.00000000 0.00921398
v 0.01707959 0.00271583 0.00915921
v 0.01689195 0.00270653 0.00991237
v 0.01698625 0.00530308 0.00894970
v 0.01685941 0.00766814 0.00854146
v 0.01671451 0.00766879 0.00919706
v 0.01692903 0.00962996 0.00666887
v 0.01681214 0.01032704 0.00666487
v 0.01668101 0.00946015 0.00826657
v 0.01748073 0.01019370 -0.00016300
v 0.01738703 0.01012939 -0.00259668
v 0.01722002 0.01087486 -0.00260526
v 0.01736992 0.01012873 0.00227064
v 0.01722866 0.01087421 0.00228024
v 0.01702308 0.01066988 0.00459528
v 0.01692706 0.01037877 -0.00619829
v 0.01708191 0.00766748 -0.00886810
v 0.01694476 0.00766617 -0.00952512
v 0.01672047 0.00945753 -0.00859356
v 0.01780074 0.00271583 -0.00948661
v 0.01767849 0.00270456 -0.01023870
v 0.01731187 0.00529045 -0.01000189
v 0.01767849 0.00270456 -0.01023870
v 0.01786619 0.00000000 -0.01029407
v 0.01761585 0.00000000 -0.01069498
v 0.01767849 0.00270456 -0.01023870
v 0.01780074 0.00271583 -0.00948661
v 0.01797544 0.00000000 -0.00954098
v 0.01767849 0.00270456 -0.01023870
v 0.01694476 0.00766617 -0.00952512
v 0.01731187 0.00529045 -0.01000189
v 0.01705074 0.00546753 -0.01038926
v 0.01694476 0.00766617 -0.00952512
v 0.01708191 0.00766748 -0.00886810
v 0.01745051 0.00530374 -0.00927597
v 0.01694476 0.00766617 -0.00952512
v 0.01667171 0.01081186 -0.00646192
v 0.01692706 0.01037877 -0.00619829
v 0.01672047 0.00945753 -0.00859356
v 0.01672047 0.00945753 -0.00859356
v 0.01692706 0.01037877 -0.00619829
v 0.01708644 0.00965852 -0.00619799
v 0.01692706 0.01037877 -0.00619829
v 0.01667171 0.01081186 -0.00646192
v 0.01684248 0.01113885 -0.00418937
v 0.01722866 0.01087421 0.00228024
v 0.01733130 0.01094120 -0.00016268
v 0.01706314 0.01135903 -0.00016201
v 0.01722866 0.01087421 0.00228024
v 0.01736992 0.01012873 0.00227064
v 0.01748073 0.01019370 -0.00016300
v 0.01722866 0.01087421 0.00228024
v 0.01694965 0.01128804 -0.00267822
v 0.01722002 0.01087486 -0.00260526
v 0.01711708 0.01071435 -0.00403350
v 0.01722002 0.01087486 -0.00260526
v 0.01694965 0.01128804 -0.00267822
v 0.01681214 0.01032704 0.00666487
v 0.01702308 0.01066988 0.00459528
v 0.01675444 0.01107513 0.00475150
v 0.01681214 0.01032704 0.00666487
v 0.01692903 0.00962996 0.00666887
v 0.01715534 0.00993705 0.00458336
v 0.01668101 0.00946015 0.00826657
v 0.01681214 0.01032704 0.00666487
v 0.01654767 0.01073229 0.00692087
v 0.01671451 0.00766879 0.00919706
v 0.01668101 0.00946015 0.00826657
v 0.01671451 0.00766879 0.00919706
v 0.01685941 0.00766814 0.00854146
v 0.01671451 0.00766879 0.00919706
v 0.01643693 0.00795132 0.00957346
v 0.01653289 0.00547290 0.01005893
v 0.01689195 0.00270653 0.00991237
v 0.01681679 0.00529379 0.00967395
v 0.01689195 0.00270653 0.00991237
v 0.01707959 0.00271583 0.00915921
v 0.01689195 0.00270653 0.00991237
v 0.01660817 0.00279277 0.01030433
v 0.01663988 0.00000000 0.01036304
v 0.01733130 -0.01094126 -0.00016268
v 0.01722002 -0.01087558 -0.00260526
v 0.01738703 -0.01012879 -0.00259668
v 0.01748073 -0.01019376 -0.00016300
v 0.01711708 -0.01071441 -0.00403350
v 0.01722002 -0.01087558 -0.00260526
v 0.01694965 -0.01128876 -0.00267822
v 0.01654767 -0.01073235 0.00692087
v 0.01681214 -0.01032644 0.00666487
v 0.01668101 -0.00946021 0.00826657
v 0.01668101 -0.00946021 0.00826657
v 0.01681214 -0.01032644 0.00666487
v 0.01692903 -0.00963068 0.00666887
v 0.01681214 -0.01032644 0.00666487
v 0.01654767 -0.01073235 0.00692087
v 0.01675444 -0.01107519 0.00475150
v 0.01767849 -0.00270396 -0.01023870
v 0.01731187 -0.00529051 -0.01000189
v 0.01767849 -0.00270396 -0.01023870
v 0.01780074 -0.00271517 -0.00948661
v 0.01767849 -0.00270396 -0.01023870
v 0.01689195 -0.00270659 0.00991237
v 0.01692473 0.00000000 0.00997275
v 0.01663988 0.00000000 0.01036304
v 0.01689195 -0.00270659 0.00991237
v 0.01707959 -0.00271517 0.00915921
v 0.01711839 0.00000000 0.00921398
v 0.01689195 -0.00270659 0.00991237
v 0.01722866 -0.01087492 0.00228024
v 0.01702308 -0.01066935 0.00459528
v 0.01722866 -0.01087492 0.00228024
v 0.01736992 -0.01012879 0.00227064
v 0.01722866 -0.01087492 0.00228024
v 0.01696252 -0.01129007 0.00235450
v 0.01706314 -0.01135903 -0.00016201
v 0.01692706 -0.01037883 -0.00619829
v 0.01711708 -0.01071441 -0.00403350
v 0.01684248 -0.01113891 -0.00418937
v 0.01692706 -0.01037883 -0.00619829
v 0.01672047 -0.00945759 -0.00859356
v 0.01692706 -0.01037883 -0.00619829
v 0.01667171 -0.01081192 -0.00646192
v 0.01671451 -0.00766951 0.00919706
v 0.01681679 -0.00529319 0.00967395
v 0.01671451 -0.00766951 0.00919706
v 0.01685941 -0.00766820 0.00854146
v 0.01698625 -0.00530380 0.00894970
v 0.01668101 -0.00946021 0.00826657
v 0.01671451 -0.00766951 0.00919706
v 0.01643693 -0.00795138 0.00957346
v 0.01694476 -0.00766623 -0.00952512
v 0.01672047 -0.00945759 -0.00859356
v 0.01694476 -0.00766623 -0.00952512
v 0.01708191 -0.00766754 -0.00886810
v 0.01694476 -0.00766623 -0.00952512
v 0.01667553 -0.00794804 -0.00990343
v 0.01705074 -0.00546759 -0.01038926
v 0.01839613 0.00284851 -0.00418210
v 0.01700550 0.00278217 -0.00706452
v 0.01732450 0.00543904 -0.00662941
v 0.01700550 0.00278217 -0.00706452
v 0.01780074 0.00271583 -0.00948661
v 0.01745051 0.00530374 -0.00927597
v 0.01729184 0.00787508 -0.00639164
v 0.01708191 0.00766748 -0.00886810
v 0.01688641 0.00903440 -0.00824171
v 0.01708191 0.00766748 -0.00886810
v 0.01729184 0.00787508 -0.00639164
v 0.01732450 0.00543904 -0.00662941
v 0.01768380 0.00810254 -0.00405741
v 0.01729184 0.00787508 -0.00639164
v 0.01708644 0.00965852 -0.00619799
v 0.01827359 0.00289690 0.00229251
v 0.01827359 0.00289690 0.00229251
v 0.01803201 0.00567579 0.00226933
v 0.01773405 0.00556970 0.00468379
v 0.01836860 0.00000000 0.00230813
v 0.01803201 0.00567579 0.00226933
v 0.01768893 0.00823784 0.00226468
v 0.01743507 0.00808269 0.00462079
v 0.01768893 0.00823784 0.00226468
v 0.01736992 0.01012873 0.00227064
v 0.01715534 0.00993705 0.00458336
v 0.01768893 0.00823784 0.00226468
v 0.01803201 0.00567579 0.00226933
v 0.01819747 0.00571823 -0.00016300
v 0.01782637 0.00829488 -0.00016300
v 0.01777130 0.00823849 -0.00259066
v 0.01738703 0.01012939 -0.00259668
v 0.01777130 0.00823849 -0.00259066
v 0.01768380 0.00810254 -0.00405741
v 0.01728969 0.00996089 -0.00402027
v 0.01777130 0.00823849 -0.00259066
v 0.01782637 0.00829488 -0.00016300
v 0.01819747 0.00571823 -0.00016300
v 0.01734220 0.00542182 0.00710094
v 0.01713168 0.00785053 0.00686288
v 0.01685941 0.00766814 0.00854146
v 0.01713168 0.00785053 0.00686288
v 0.01692903 0.00962996 0.00666887
v 0.01680004 0.00903505 0.00791508
v 0.01773405 0.00556970 0.00468379
v 0.01845991 0.00289690 -0.00261855
v 0.01845365 0.00291944 -0.00016300
v 0.01855230 0.00000000 -0.00016300
v 0.01845365 0.00291944 -0.00016300
v 0.01845991 0.00289690 -0.00261855
v 0.01818305 0.00567514 -0.00259537
v 0.01845991 0.00289690 -0.00261855
v 0.01755714 0.00000000 0.00728500
v 0.01749408 0.00277287 0.00724053
v 0.01707959 0.00271583 0.00915921
v 0.01749408 0.00277287 0.00724053
v 0.01734220 0.00542182 0.00710094
v 0.01698625 0.00530308 0.00894970
v 0.01749408 0.00277287 0.00724053
v 0.01755714 0.00000000 0.00728500
v 0.01803386 0.00000000 0.00477928
v 0.01732450 -0.00543910 -0.00662941
v 0.01700550 -0.00278157 -0.00706452
v 0.01839613 -0.00284851 -0.00418210
v 0.01700550 -0.00278157 -0.00706452
v 0.01732450 -0.00543910 -0.00662941
v 0.01745051 -0.00530380 -0.00927597
v 0.01729184 -0.00787514 -0.00639164
v 0.01708644 -0.00965786 -0.00619799
v 0.01688641 -0.00903445 -0.00824171
v 0.01708644 -0.00965786 -0.00619799
v 0.01729184 -0.00787514 -0.00639164
v 0.01768380 -0.00810259 -0.00405741
v 0.01732450 -0.00543910 -0.00662941
v 0.01729184 -0.00787514 -0.00639164
v 0.01708191 -0.00766754 -0.00886810
v 0.01827359 -0.00289690 0.00229251
v 0.01845365 -0.00292015 -0.00016300
v 0.01827359 -0.00289690 0.00229251
v 0.01794826 -0.00284326 0.00474811
v 0.01773405 -0.00556904 0.00468379
v 0.01743507 -0.00808269 0.00462079
v 0.01768893 -0.00823790 0.00226468
v 0.01803201 -0.00567520 0.00226933
v 0.01768893 -0.00823790 0.00226468
v 0.01782637 -0.00829494 -0.00016300
v 0.01819747 -0.00571829 -0.00016300
v 0.01768893 -0.00823790 0.00226468
v 0.01743507 -0.00808269 0.00462079
v 0.01715534 -0.00993711 0.00458336
v 0.01738703 -0.01012879 -0.00259668
v 0.01777130 -0.00823855 -0.00259066
v 0.01782637 -0.00829494 -0.00016300
v 0.01777130 -0.00823855 -0.00259066
v 0.01818305 -0.00567520 -0.00259537
v 0.01819747 -0.00571829 -0.00016300
v 0.01777130 -0.00823855 -0.00259066
v 0.01738703 -0.01012879 -0.00259668
v 0.01728969 -0.00995964 -0.00402027
v 0.01685941 -0.00766820 0.00854146
v 0.01713168 -0.00785124 0.00686288
v 0.01743507 -0.00808269 0.00462079
v 0.01773405 -0.00556904 0.00468379
v 0.01713168 -0.00785124 0.00686288
v 0.01685941 -0.00766820 0.00854146
v 0.01680004 -0.00903511 0.00791508
v 0.01845991 -0.00289631 -0.00261855
v 0.01856470 0.00000000 -0.00263411
v 0.01855230 0.00000000 -0.00016300
v 0.01845991 -0.00289631 -0.00261855
v 0.01818305 -0.00567520 -0.00259537
v 0.01845991 -0.00289631 -0.00261855
v 0.01845365 -0.00292015 -0.00016300
v 0.01707959 -0.00271517 0.00915921
v 0.01749408 -0.00277293 0.00724053
v 0.01755714 0.00000000 0.00728500
v 0.01749408 -0.00277293 0.00724053
v 0.01794826 -0.00284326 0.00474811
v 0.01803386 0.00000000 0.00477928
v 0.01749408 -0.00277293 0.00724053
v 0.01707959 -0.00271517 0.00915921
v 0.01698625 -0.00530380 0.00894970
v 0.01700550 -0.00278157 -0.00706452
v 0.01780074 -0.00271517 -0.00948661
v 0.01663291 -0.00129759 -0.00868207
v 0.01797544 0.00000000 -0.00954098
v 0.01663291 0.00000000 -0.00895685
v 0.01663291 -0.00129759 -0.00868207
v 0.01797544 0.00000000 -0.00954098
v 0.01780074 0.00271583 -0.00948661
v 0.01663291 0.00129688 -0.00868207
v 0.01700550 0.00278217 -0.00706452
v 0.01663291 0.00158435 -0.00737602
v 0.01663291 0.00129688 -0.00868207
v 0.01700550 0.00278217 -0.00706452
v 0.01839613 0.00284851 -0.00418210
v 0.01663291 0.00136083 -0.00614762
v 0.01850801 0.00000000 -0.00421298
v 0.01663291 0.00000000 -0.00592142
v 0.01663291 0.00136083 -0.00614762
v 0.01700550 -0.00278157 -0.00706452
v 0.01663291 -0.00158507 -0.00737602
v 0.01663291 -0.00136125 -0.00614762
v 0.01850801 0.00000000 -0.00421298
v 0.01839613 -0.00284851 -0.00418210
v 0.01663291 -0.00136125 -0.00614762
v 0.01663291 -0.00129759 -0.00868207
v 0.01466649 0.00000000 -0.00893611
v 0.01663291 0.00129688 -0.00868207
v 0.01466649 0.00156248 -0.00737685
v 0.01663291 0.00136083 -0.00614762
v 0.01466649 0.00000000 -0.00594199
v 0.01466649 -0.00156319 -0.00737685
v 0.01663291 -0.00136125 -0.00614762
v -0.01024806 -0.01715016 -0.01009446
v 0.00000078 -0.01715016 0.00000115
v -0.01267945 -0.01715016 0.00000115
v 0.00000078 -0.01715016 -0.01257693
v 0.00914454 -0.01715016 -0.00994122
v 0.01065444 -0.01715016 0.00000115
v 0.00899154 -0.01715016 0.00979102
v 0.00000078 -0.01715016 0.01263058
v -0.00948280 -0.01715016 0.00979102
v -0.01267945 0.01715016 0.00000115
v 0.00000078 0.01715016 0.00000115
v -0.01024806 0.01715016 -0.01009446
v 0.00000078 0.01715016 -0.01257693
v 0.00914454 0.01715016 -0.00994122
v 0.01065444 0.01715016 0.00000115
v 0.00899154 0.01715016 0.00979102
v 0.00000078 0.01715016 0.01263058
v -0.00948280 0.01715016 0.00979102
vt 0.46723790 0.34821429
vt 0.46723790 0.34821429
vt 0.46723790 0.34821429
vt 0.46723790 0.34821429
vt 0.46723790 0.34821429
vt 0.46723790 0.34821429
vt 0.46723790 0.34821429
vt 0.46723790 0.34821429
vt 0.46723790 0.34821429
vt 0.46723790 0.34821429
vt 0.46723790 0.34821429
vt 0.46723790 0.34821429
vt 0.46723790 0.34821429
vt 0.46723790 0.34821429
vt 0.46723790 0.34821429
vt 0.46723790 0.34821429
vt 0.46723790 0.34821429
vt 0.46723790 0.34821429
vt 0.46723790 0.34821429
vt 0.46723790 0.34821429
vt 0.46723790 0.34821429
vt 0.46723790 0.34821429
vt 0.46723790 0.34821429
vt 0.46723790 0.34821429
vt 0.46723790 0.34821429
vt 0.46723790 0.34821429
vt 0.46723790 0.34821429
vt 0.46723790 0.34821429
vt 0.46723790 0.34821429
vt 0.46723790 0.34821429
vt 0.46723790 0.34821429
vt 0.46723790 0.34821429
vt 0.46723790 0.34821429
vt 0.46723790 0.34821429
vt 0.46723790 0.34821429
vt 0.46723790 0.34821429
vt 0.46723790 0.34821429
vt 0.46723790 0.34821429
vt 0.46723790 0.34821429
vt 0.46723790 0.34821429
vt 0.46723790 0.34821429
vt 0.46723790 0.34821429
vt 0.46723790 0.34821429
vt 0.46723790 0.34821429
vt 0.46723790 0.34821429
vt 0.46723790 0.34821429
vt 0.46723790 0.34821429
vt 0.46723790 0.34821429
vt 0.46723790 0.34821429
vt 0.46723790 0.34821429
vt 0.46723790 0.34821429
vt 0.46723790 0.34821429
vt 0.46723790 0.34821429
vt 0.46723790 0.34821429
vt 0.46723790 0.34821429
vt 0.46723790 0.34821429
vt 0.46723790 0.34821429
vt 0.46723790 0.34821429
vt 0.46723790 0.34821429
vt 0.46723790 0.34821429
vt 0.46723790 0.34821429
vt 0.46723790 0.34821429
vt 0.46723790 0.34821429
vt 0.46723790 0.34821429
vt 0.46723790 0.34821429
vt 0.46723790 0.34821429
vt 0.46723790 0.34821429
vt 0.46723790 0.34821429
vt 0.46723790 0.34821429
vt 0.46723790 0.34821429
vt 0.46723790 0.34821429
vt 0.46723790 0.34821429
vt 0.46723790 0.34821429
vt 0.46723790 0.34821429
vt 0.46723790 0.34821429
vt 0.46723790 0.34821429
vt 0.46723790 0.34821429
vt 0.46723790 0.34821429
vt 0.46723790 0.34821429
vt 0.46723790 0.34821429
vt 0.46723790 0.34821429
vt 0.46723790 0.34821429
vt 0.46723790 0.34821429
vt 0.46723790 0.34821429
vt 0.46723790 0.34821429
vt 0.46723790 0.34821429
vt 0.46723790 0.34821429
vt 0.46723790 0.34821429
vt 0.46723790 0.34821429
vt 0.46723790 0.34821429
vt 0.46723790 0.34821429
vt 0.46723790 0.34821429
vt 0.46723790 0.34821429
vt 0.46723790 0.34821429
vt 0.46723790 0.34821429
vt 0.46723790 0.34821429
vt 0.46723790 0.34821429
vt 0.46723790 0.34821429
vt 0.46723790 0.34821429
vt 0.46723790 0.34821429
vt 0.46723790 0.34821429
vt 0.46723790 0.34821429
vt 0.46723790 0.34821429
vt 0.46723790 0.34821429
vt 0.46723790 0.34821429
vt 0.46723790 0.34821429
vt 0.46723790 0.34821429
vt 0.46723790 0.34821429
vt 0.46723790 0.34821429
vt 0.46723790 0.34821429
vt 0.46723790 0.34821429
vt 0.46723790 0.34821429
vt 0.46723790 0.34821429
vt 0.46723790 0.34821429
vt 0.46723790 0.34821429
vt 0.46723790 0.34821429
vt 0.46723790 0.34821429
vt 0.46723790 0.34821429
vt 0.46723790 0.34821429
vt 0.46723790 0.34821429
vt 0.46723790 0.34821429
vt 0.46723790 0.34821429
vt 0.46723790 0.34821429
vt 0.46723790 0.34821429
vt 0.46723790 0.34821429
vt 0.46723790 0.34821429
vt 0.46723790 0.34821429
vt 0.46723790 0.34821429
vt 0.46723790 0.34821429
vt 0.46723790 0.34821429
vt 0.46723790 0.34821429
vt 0.46723790 0.34821429
vt 0.46723790 0.34821429
vt 0.46723790 0.34821429
vt 0.46723790 0.34821429
vt 0.46723790 0.34821429
vt 0.46723790 0.34821429
vt 0.46723790 0.34821429
vt 0.46723790 0.34821429
vt 0.46723790 0.34821429
vt 0.46723790 0.34821429
vt 0.46723790 0.34821429
vt 0.46723790 0.34821429
vt 0.46723790 0.34821429
vt 0.46723790 0.34821429
vt 0.46723790 0.34821429
vt 0.46723790 0.34821429
vt 0.46723790 0.34821429
vt 0.46723790 0.34821429
vt 0.46723790 0.34821429
vt 0.46723790 0.34821429
vt 0.46723790 0.34821429
vt 0.46723790 0.34821429
vt 0.46723790 0.34821429
vt 0.46723790 0.34821429
vt 0.46723790 0.34821429
vt 0.46723790 0.34821429
vt 0.46723790 0.34821429
vt 0.46723790 0.34821429
vt 0.46723790 0.34821429
vt 0.46723790 0.34821429
vt 0.46723790 0.34821429
vt 0.46723790 0.34821429
vt 0.46723790 0.34821429
vt 0.46723790 0.34821429
vt 0.46723790 0.34821429
vt 0.46723790 0.34821429
vt 0.46723790 0.34821429
vt 0.46723790 0.34821429
vt 0.46723790 0.34821429
vt 0.46723790 0.34821429
vt 0.46723790 0.34821429
vt 0.46723790 0.34821429
vt 0.46723790 0.34821429
vt 0.46723790 0.34821429
vt 0.46723790 0.34821429
vt 0.46723790 0.34821429
vt 0.46723790 0.34821429
vt 0.46723790 0.34821429
vt 0.46723790 0.34821429
vt 0.46723790 0.34821429
vt 0.46723790 0.34821429
vt 0.46723790 0.34821429
vt 0.46723790 0.34821429
vt 0.46723790 0.34821429
vt 0.46723790 0.34821429
vt 0.46723790 0.34821429
vt 0.46723790 0.34821429
vt 0.46723790 0.34821429
vt 0.46723790 0.34821429
vt 0.46723790 0.34821429
vt 0.46723790 0.34821429
vt 0.46723790 0.34821429
vt 0.46723790 0.34821429
vt 0.46723790 0.34821429
vt 0.46723790 0.34821429
vt 0.46723790 0.34821429
vt 0.46723790 0.34821429
vt 0.46723790 0.34821429
vt 0.46723790 0.34821429
vt 0.46723790 0.34821429
vt 0.46723790 0.34821429
vt 0.46723790 0.34821429
vt 0.46723790 0.34821429
vt 0.46723790 0.34821429
vt 0.46723790 0.34821429
vt 0.46723790 0.34821429
vt 0.46723790 0.34821429
vt 0.46723790 0.34821429
vt 0.46723790 0.34821429
vt 0.46723790 0.34821429
vt 0.46723790 0.34821429
vt 0.46723790 0.34821429
vt 0.46723790 0.34821429
vt 0.46723790 0.34821429
vt 0.46723790 0.34821429
vt 0.46723790 0.34821429
vt 0.46723790 0.34821429
vt 0.46723790 0.34821429
vt 0.46723790 0.34821429
vt 0.46723790 0.34821429
vt 0.46723790 0.34821429
vt 0.46723790 0.34821429
vt 0.46723790 0.34821429
vt 0.46723790 0.34821429
vt 0.46723790 0.34821429
vt 0.46723790 0.34821429
vt 0.46723790 0.34821429
vt 0.46723790 0.34821429
vt 0.46723790 0.34821429
vt 0.46723790 0.34821429
vt 0.46723790 0.34821429
vt 0.46723790 0.34821429
vt 0.46723790 0.34821429
vt 0.46723790 0.34821429
vt 0.46723790 0.34821429
vt 0.46723790 0.34821429
vt 0.46723790 0.34821429
vt 0.46723790 0.34821429
vt 0.46723790 0.34821429
vt 0.46723790 0.34821429
vt 0.46723790 0.34821429
vt 0.46723790 0.34821429
vt 0.46723790 0.34821429
vt 0.46723790 0.34821429
vt 0.46723790 0.34821429
vt 0.46723790 0.34821429
vt 0.46723790 0.34821429
vt 0.46723790 0.34821429
vt 0.46723790 0.34821429
vt 0.46723790 0.34821429
vt 0.46723790 0.34821429
vt 0.46723790 0.34821429
vt 0.46723790 0.34821429
vt 0.46723790 0.34821429
vt 0.46723790 0.34821429
vt 0.46723790 0.34821429
vt 0.46723790 0.34821429
vt 0.46723790 0.34821429
vt 0.46723790 0.34821429
vt 0.46723790 0.34821429
vt 0.46723790 0.34821429
vt 0.46723790 0.34821429
vt 0.46723790 0.34821429
vt 0.46723790 0.34821429
vt 0.46723790 0.34821429
vt 0.46723790 0.34821429
vt 0.46723790 0.34821429
vt 0.46723790 0.34821429
vt 0.46723790 0.34821429
vt 0.46723790 0.34821429
vt 0.46723790 0.34821429
vt 0.46723790 0.34821429
vt 0.46723790 0.34821429
vt 0.46723790 0.34821429
vt 0.46723790 0.34821429
vt 0.46723790 0.34821429
vt 0.46723790 0.34821429
vt 0.46723790 0.34821429
vt 0.46723790 0.34821429
vt 0.46723790 0.34821429
vt 0.46723790 0.34821429
vt 0.46723790 0.34821429
vt 0.46723790 0.34821429
vt 0.46723790 0.34821429
vt 0.46723790 0.34821429
vt 0.46723790 0.34821429
vt 0.46723790 0.34821429
vt 0.46723790 0.34821429
vt 0.46723790 0.34821429
vt 0.46723790 0.34821429
vt 0.46723790 0.34821429
vt 0.46723790 0.34821429
vt 0.46723790 0.34821429
vt 0.46723790 0.34821429
vt 0.46723790 0.34821429
vt 0.46723790 0.34821429
vt 0.46723790 0.34821429
vt 0.46723790 0.34821429
vt 0.46723790 0.34821429
vt 0.46723790 0.34821429
vt 0.46723790 0.34821429
vt 0.46723790 0.34821429
vt 0.46723790 0.34821429
vt 0.46723790 0.34821429
vt 0.46723790 0.34821429
vt 0.46723790 0.34821429
vt 0.46723790 0.34821429
vt 0.46723790 0.34821429
vt 0.46723790 0.34821429
vt 0.46723790 0.34821429
vt 0.46723790 0.34821429
vt 0.46723790 0.34821429
vt 0.46723790 0.34821429
vt 0.46723790 0.34821429
vt 0.46723790 0.34821429
vt 0.46723790 0.34821429
vt 0.46723790 0.34821429
vt 0.46723790 0.34821429
vt 0.46723790 0.34821429
vt 0.46723790 0.34821429
vt 0.46723790 0.34821429
vt 0.46723790 0.34821429
vt 0.46723790 0.34821429
vt 0.46723790 0.34821429
vt 0.46723790 0.34821429
vt 0.46723790 0.34821429
vt 0.46723790 0.34821429
vt 0.46723790 0.34821429
vt 0.46723790 0.34821429
vt 0.46723790 0.34821429
vt 0.46723790 0.34821429
vt 0.46723790 0.34821429
vt 0.46723790 0.34821429
vt 0.46723790 0.34821429
vt 0.46723790 0.34821429
vt 0.46723790 0.34821429
vt 0.46723790 0.34821429
vt 0.46723790 0.34821429
vt 0.46723790 0.34821429
vt 0.46723790 0.34821429
vt 0.46723790 0.34821429
vt 0.46723790 0.34821429
vt 0.46723790 0.34821429
vt 0.46723790 0.34821429
vt 0.46723790 0.34821429
vt 0.46723790 0.34821429
vt 0.46723790 0.34821429
vt 0.46723790 0.34821429
vt 0.46723790 0.34821429
vt 0.46723790 0.34821429
vt 0.46723790 0.34821429
vt 0.46723790 0.34821429
vt 0.46723790 0.34821429
vt 0.46723790 0.34821429
vt 0.46723790 0.34821429
vt 0.46723790 0.34821429
vt 0.46723790 0.34821429
vt 0.46723790 0.34821429
vt 0.46723790 0.34821429
vt 0.46723790 0.34821429
vt 0.46723790 0.34821429
vt 0.46723790 0.34821429
vt 0.46723790 0.34821429
vt 0.46723790 0.34821429
vt 0.46723790 0.34821429
vt 0.46723790 0.34821429
vt 0.46723790 0.34821429
vt 0.46723790 0.34821429
vt 0.46723790 0.34821429
vt 0.46723790 0.34821429
vt 0.46723790 0.34821429
vt 0.46723790 0.34821429
vt 0.46723790 0.34821429
vt 0.46723790 0.34821429
vt 0.46723790 0.34821429
vt 0.46723790 0.34821429
vt 0.46723790 0.34821429
vt 0.46723790 0.34821429
vt 0.46723790 0.34821429
vt 0.46723790 0.34821429
vt 0.46723790 0.34821429
vt 0.46723790 0.34821429
vt 0.46723790 0.34821429
vt 0.46723790 0.34821429
vt 0.46723790 0.34821429
vt 0.46723790 0.34821429
vt 0.46723790 0.34821429
vt 0.46723790 0.34821429
vt 0.46723790 0.34821429
vt 0.46723790 0.34821429
vt 0.46723790 0.34821429
vt 0.46723790 0.34821429
vt 0.46723790 0.34821429
vt 0.46723790 0.34821429
vt 0.46723790 0.34821429
vt 0.46723790 0.34821429
vt 0.46723790 0.34821429
vt 0.46723790 0.34821429
vt 0.46723790 0.34821429
vt 0.46723790 0.34821429
vt 0.46723790 0.34821429
vt 0.46723790 0.34821429
vt 0.46723790 0.34821429
vt 0.46723790 0.34821429
vt 0.46723790 0.34821429
vt 0.46723790 0.34821429
vt 0.46723790 0.34821429
vt 0.46723790 0.34821429
vt 0.46723790 0.34821429
vt 0.46723790 0.34821429
vt 0.46723790 0.34821429
vt 0.46723790 0.34821429
vt 0.46723790 0.34821429
vt 0.46723790 0.34821429
vt 0.46723790 0.34821429
vt 0.46723790 0.34821429
vt 0.46723790 0.34821429
vt 0.46723790 0.34821429
vt 0.46723790 0.34821429
vt 0.46723790 0.34821429
vt 0.46723790 0.34821429
vt 0.46723790 0.34821429
vt 0.46723790 0.34821429
vt 0.46723790 0.34821429
vt 0.46723790 0.34821429
vt 0.46723790 0.34821429
vt 0.46723790 0.34821429
vt 0.46723790 0.34821429
vt 0.46723790 0.34821429
vt 0.46723790 0.34821429
vt 0.46723790 0.34821429
vt 0.46723790 0.34821429
vt 0.46723790 0.34821429
vt 0.46723790 0.34821429
vt 0.46723790 0.34821429
vt 0.46723790 0.34821429
vt 0.46723790 0.34821429
vt 0.46723790 0.34821429
vt 0.46723790 0.34821429
vt 0.46723790 0.34821429
vt 0.46723790 0.34821429
vt 0.46723790 0.34821429
vt 0.46723790 0.34821429
vt 0.46723790 0.34821429
vt 0.46723790 0.34821429
vt 0.46723790 0.34821429
vt 0.46723790 0.34821429
vt 0.46723790 0.34821429
vt 0.46723790 0.34821429
vt 0.46723790 0.34821429
vt 0.46723790 0.34821429
vt 0.46723790 0.34821429
vt 0.46723790 0.34821429
vt 0.46723790 0.34821429
vt 0.46723790 0.34821429
vt 0.46723790 0.34821429
vt 0.46723790 0.34821429
vt 0.46723790 0.34821429
vt 0.46723790 0.34821429
vt 0.46723790 0.34821429
vt 0.46723790 0.34821429
vt 0.46723790 0.34821429
vt 0.46723790 0.34821429
vt 0.46723790 0.34821429
vt 0.46723790 0.34821429
vt 0.46723790 0.34821429
vt 0.46723790 0.34821429
vt 0.46723790 0.34821429
vt 0.46723790 0.34821429
vt 0.46723790 0.34821429
vt 0.46723790 0.34821429
vt 0.46723790 0.34821429
vt 0.46723790 0.34821429
vt 0.46723790 0.34821429
vt 0.46723790 0.34821429
vt 0.46723790 0.34821429
vt 0.46723790 0.34821429
vt 0.46723790 0.34821429
vt 0.46723790 0.34821429
vt 0.46723790 0.34821429
vt 0.46723790 0.34821429
vt 0.46723790 0.34821429
vt 0.46723790 0.34821429
vt 0.46723790 0.34821429
vt 0.46723790 0.34821429
vt 0.46723790 0.34821429
vt 0.46723790 0.34821429
vt 0.46723790 0.34821429
vt 0.46723790 0.34821429
vt 0.46723790 0.34821429
vt 0.46723790 0.34821429
vt 0.46723790 0.34821429
vt 0.46723790 0.34821429
vt 0.46723790 0.34821429
vt 0.46723790 0.34821429
vt 0.46723790 0.34821429
vt 0.46723790 0.34821429
vt 0.46723790 0.34821429
vt 0.46723790 0.34821429
vt 0.46723790 0.34821429
vt 0.46723790 0.34821429
vt 0.46723790 0.34821429
vt 0.46723790 0.34821429
vt 0.46723790 0.34821429
vt 0.46723790 0.34821429
vt 0.46723790 0.34821429
vt 0.46723790 0.34821429
vt 0.46723790 0.34821429
vt 0.46723790 0.34821429
vt 0.46723790 0.34821429
vt 0.46723790 0.34821429
vt 0.46723790 0.34821429
vt 0.46723790 0.34821429
vt 0.46723790 0.34821429
vt 0.46723790 0.34821429
vt 0.46723790 0.34821429
vt 0.46723790 0.34821429
vt 0.46723790 0.34821429
vt 0.46723790 0.34821429
vt 0.46723790 0.34821429
vt 0.46723790 0.34821429
vt 0.46723790 0.34821429
vt 0.46723790 0.34821429
vt 0.46723790 0.34821429
vt 0.46723790 0.34821429
vt 0.46723790 0.34821429
vt 0.46723790 0.34821429
vt 0.46723790 0.34821429
vt 0.46723790 0.34821429
vt 0.46723790 0.34821429
vt 0.46723790 0.34821429
vt 0.46723790 0.34821429
vt 0.46723790 0.34821429
vt 0.46723790 0.34821429
vt 0.46723790 0.34821429
vt 0.46723790 0.34821429
vt 0.46723790 0.34821429
vt 0.46723790 0.34821429
vt 0.46723790 0.34821429
vt 0.46723790 0.34821429
vt 0.46723790 0.34821429
vt 0.46723790 0.34821429
vt 0.46723790 0.34821429
vt 0.46723790 0.34821429
vt 0.46723790 0.34821429
vt 0.46723790 0.34821429
vt 0.46723790 0.34821429
vt 0.46723790 0.34821429
vt 0.46723790 0.34821429
vt 0.46723790 0.34821429
vt 0.46723790 0.34821429
vt 0.46723790 0.34821429
vt 0.46723790 0.34821429
vt 0.46723790 0.34821429
vt 0.46723790 0.34821429
vt 0.46723790 0.34821429
vt 0.46723790 0.34821429
vt 0.46723790 0.34821429
vt 0.46723790 0.34821429
vt 0.46723790 0.34821429
vt 0.46723790 0.34821429
vt 0.46723790 0.34821429
vt 0.46723790 0.34821429
vt 0.46723790 0.34821429
vt 0.46723790 0.34821429
vt 0.46723790 0.34821429
vt 0.46723790 0.34821429
vt 0.46723790 0.34821429
vt 0.46723790 0.34821429
vt 0.46723790 0.34821429
vt 0.46723790 0.34821429
vt 0.46723790 0.34821429
vt 0.46723790 0.34821429
vt 0.46723790 0.34821429
vt 0.46723790 0.34821429
vt 0.46723790 0.34821429
vt 0.46723790 0.34821429
vt 0.46723790 0.34821429
vt 0.46723790 0.34821429
vt 0.46723790 0.34821429
vt 0.46723790 0.34821429
vt 0.46723790 0.34821429
vt 0.46723790 0.34821429
vt 0.46723790 0.34821429
vt 0.46723790 0.34821429
vt 0.46723790 0.34821429
vt 0.27368952 0.34821429
vt 0.27368952 0.34821429
vt 0.27368952 0.34821429
vt 0.27368952 0.34821429
vt 0.27368952 0.34821429
vt 0.27368952 0.34821429
vt 0.27368952 0.34821429
vt 0.27368952 0.34821429
vt 0.27368952 0.34821429
vt 0.27368952 0.34821429
vt 0.27368952 0.34821429
vt 0.27368952 0.34821429
vt 0.27368952 0.34821429
vt 0.27368952 0.34821429
vt 0.27368952 0.34821429
vt 0.27368952 0.34821429
vt 0.27368952 0.34821429
vt 0.27368952 0.34821429
vt 0.27368952 0.34821429
vt 0.27368952 0.34821429
vt 0.27368952 0.34821429
vt 0.27368952 0.34821429
vt 0.27368952 0.34821429
vt 0.27368952 0.34821429
vt 0.27368952 0.34821429
vt 0.27368952 0.34821429
vt 0.27368952 0.34821429
vt 0.27368952 0.34821429
vt 0.27368952 0.34821429
vt 0.27368952 0.34821429
vt 0.27368952 0.34821429
vt 0.27368952 0.34821429
vt 0.27368952 0.34821429
vt 0.27368952 0.34821429
vt 0.27368952 0.34821429
vt 0.27368952 0.34821429
vt 0.27368952 0.34821429
vt 0.27368952 0.34821429
vt 0.27368952 0.34821429
vt 0.27368952 0.34821429
vt 0.27368952 0.34821429
vt 0.27368952 0.34821429
vt 0.27368952 0.34821429
vt 0.27368952 0.34821429
vt 0.27368952 0.34821429
vt 0.27368952 0.34821429
vt 0.27368952 0.34821429
vt 0.27368952 0.34821429
vt 0.27368952 0.34821429
vt 0.27368952 0.34821429
vt 0.27368952 0.34821429
vt 0.27368952 0.34821429
vt 0.27368952 0.34821429
vt 0.27368952 0.34821429
vt 0.27368952 0.34821429
vt 0.27368952 0.34821429
vt 0.27368952 0.34821429
vt 0.27368952 0.34821429
vt 0.27368952 0.34821429
vt 0.27368952 0.34821429
vt 0.27368952 0.34821429
vt 0.27368952 0.34821429
vt 0.27368952 0.34821429
vt 0.27368952 0.34821429
vt 0.27368952 0.34821429
vt 0.27368952 0.34821429
vt 0.27368952 0.34821429
vt 0.27368952 0.34821429
vt 0.27368952 0.34821429
vt 0.27368952 0.34821429
vt 0.27368952 0.34821429
vt 0.27368952 0.34821429
vt 0.27368952 0.34821429
vt 0.27368952 0.34821429
vt 0.27368952 0.34821429
vt 0.27368952 0.34821429
vt 0.27368952 0.34821429
vt 0.27368952 0.34821429
vt 0.27368952 0.34821429
vt 0.27368952 0.34821429
vt 0.27368952 0.34821429
vt 0.27368952 0.34821429
vt 0.27368952 0.34821429
vt 0.27368952 0.34821429
vt 0.27368952 0.34821429
vt 0.27368952 0.34821429
vt 0.27368952 0.34821429
vt 0.27368952 0.34821429
vt 0.27368952 0.34821429
vt 0.27368952 0.34821429
vt 0.27368952 0.34821429
vt 0.27368952 0.34821429
vt 0.27368952 0.34821429
vt 0.27368952 0.34821429
vt 0.27368952 0.34821429
vt 0.27368952 0.34821429
vt 0.27368952 0.34821429
vt 0.27368952 0.34821429
vt 0.27368952 0.34821429
vt 0.27368952 0.34821429
vt 0.27368952 0.34821429
vt 0.27368952 0.34821429
vt 0.27368952 0.34821429
vt 0.27368952 0.34821429
vt 0.27368952 0.34821429
vt 0.27368952 0.34821429
vt 0.27368952 0.34821429
vt 0.27368952 0.34821429
vt 0.27368952 0.34821429
vt 0.27368952 0.34821429
vt 0.27368952 0.34821429
vt 0.27368952 0.34821429
vt 0.27368952 0.34821429
vt 0.27368952 0.34821429
vt 0.27368952 0.34821429
vt 0.27368952 0.34821429
vt 0.27368952 0.34821429
vt 0.27368952 0.34821429
vt 0.27368952 0.34821429
vt 0.27368952 0.34821429
vt 0.27368952 0.34821429
vt 0.27368952 0.34821429
vt 0.27368952 0.34821429
vt 0.27368952 0.34821429
vt 0.27368952 0.34821429
vt 0.27368952 0.34821429
vt 0.27368952 0.34821429
vt 0.27368952 0.34821429
vt 0.27368952 0.34821429
vt 0.27368952 0.34821429
vt 0.27368952 0.34821429
vt 0.27368952 0.34821429
vt 0.27368952 0.34821429
vt 0.27368952 0.34821429
vt 0.27368952 0.34821429
vt 0.27368952 0.34821429
vt 0.27368952 0.34821429
vt 0.27368952 0.34821429
vt 0.27368952 0.34821429
vt 0.27368952 0.34821429
vt 0.27368952 0.34821429
vt 0.27368952 0.34821429
vt 0.27368952 0.34821429
vt 0.27368952 0.34821429
vt 0.27368952 0.34821429
vt 0.27368952 0.34821429
vt 0.27368952 0.34821429
vt 0.27368952 0.34821429
vt 0.27368952 0.34821429
vt 0.27368952 0.34821429
vt 0.27368952 0.34821429
vt 0.27368952 0.34821429
vt 0.27368952 0.34821429
vt 0.27368952 0.34821429
vt 0.27368952 0.34821429
vt 0.27368952 0.34821429
vt 0.27368952 0.34821429
vt 0.27368952 0.34821429
vt 0.27368952 0.34821429
vt 0.27368952 0.34821429
vt 0.27368952 0.34821429
vt 0.27368952 0.34821429
vt 0.27368952 0.34821429
vt 0.27368952 0.34821429
vt 0.27368952 0.34821429
vt 0.27368952 0.34821429
vt 0.27368952 0.34821429
vt 0.27368952 0.34821429
vt 0.27368952 0.34821429
vt 0.27368952 0.34821429
vt 0.27368952 0.34821429
vt 0.27368952 0.34821429
vt 0.27368952 0.34821429
vt 0.27368952 0.34821429
vt 0.27368952 0.34821429
vt 0.27368952 0.34821429
vt 0.27368952 0.34821429
vt 0.27368952 0.34821429
vt 0.27368952 0.34821429
vt 0.27368952 0.34821429
vt 0.27368952 0.34821429
vt 0.27368952 0.34821429
vt 0.27368952 0.34821429
vt 0.27368952 0.34821429
vt 0.27368952 0.34821429
vt 0.27368952 0.34821429
vt 0.27368952 0.34821429
vt 0.27368952 0.34821429
vt 0.27368952 0.34821429
vt 0.27368952 0.34821429
vt 0.27368952 0.34821429
vt 0.27368952 0.34821429
vt 0.27368952 0.34821429
vt 0.27368952 0.34821429
vt 0.27368952 0.34821429
vt 0.27368952 0.34821429
vt 0.27368952 0.34821429
vt 0.27368952 0.34821429
vt 0.27368952 0.34821429
vt 0.27368952 0.34821429
vt 0.27368952 0.34821429
vt 0.27368952 0.34821429
vt 0.27368952 0.34821429
vt 0.27368952 0.34821429
vt 0.27368952 0.34821429
vt 0.27368952 0.34821429
vt 0.27368952 0.34821429
vt 0.27368952 0.34821429
vt 0.27368952 0.34821429
vt 0.27368952 0.34821429
vt 0.27368952 0.34821429
vt 0.27368952 0.34821429
vt 0.27368952 0.34821429
vt 0.27368952 0.34821429
vt 0.27368952 0.34821429
vt 0.27368952 0.34821429
vt 0.27368952 0.34821429
vt 0.27368952 0.34821429
vt 0.27368952 0.34821429
vt 0.27368952 0.34821429
vt 0.27368952 0.34821429
vt 0.27368952 0.34821429
vt 0.27368952 0.34821429
vt 0.27368952 0.34821429
vt 0.27368952 0.34821429
vt 0.27368952 0.34821429
vt 0.27368952 0.34821429
vt 0.27368952 0.34821429
vt 0.27368952 0.34821429
vt 0.27368952 0.34821429
vt 0.27368952 0.34821429
vt 0.27368952 0.34821429
vt 0.27368952 0.34821429
vt 0.27368952 0.34821429
vt 0.27368952 0.34821429
vt 0.27368952 0.34821429
vt 0.27368952 0.34821429
vt 0.27368952 0.34821429
vt 0.27368952 0.34821429
vt 0.27368952 0.34821429
vt 0.27368952 0.34821429
vt 0.27368952 0.34821429
vt 0.27368952 0.34821429
vt 0.27368952 0.34821429
vt 0.27368952 0.34821429
vt 0.27368952 0.34821429
vt 0.27368952 0.34821429
vt 0.27368952 0.34821429
vt 0.27368952 0.34821429
vt 0.27368952 0.34821429
vt 0.27368952 0.34821429
vt 0.27368952 0.34821429
vt 0.27368952 0.34821429
vt 0.27368952 0.34821429
vt 0.27368952 0.34821429
vt 0.27368952 0.34821429
vt 0.27368952 0.34821429
vt 0.27368952 0.34821429
vt 0.27368952 0.34821429
vt 0.27368952 0.34821429
vt 0.27368952 0.34821429
vt 0.27368952 0.34821429
vt 0.27368952 0.34821429
vt 0.27368952 0.34821429
vt 0.27368952 0.34821429
vt 0.27368952 0.34821429
vt 0.27368952 0.34821429
vt 0.27368952 0.34821429
vt 0.27368952 0.34821429
vt 0.27368952 0.34821429
vt 0.27368952 0.34821429
vt 0.27368952 0.34821429
vt 0.27368952 0.34821429
vt 0.27368952 0.34821429
vt 0.27368952 0.34821429
vt 0.27368952 0.34821429
vt 0.27368952 0.34821429
vt 0.27368952 0.34821429
vt 0.27368952 0.34821429
vt 0.27368952 0.34821429
vt 0.27368952 0.34821429
vt 0.27368952 0.34821429
vt 0.27368952 0.34821429
vt 0.27368952 0.34821429
vt 0.27368952 0.34821429
vt 0.27368952 0.34821429
vt 0.27368952 0.34821429
vt 0.27368952 0.34821429
vt 0.27368952 0.34821429
vt 0.27368952 0.34821429
vt 0.27368952 0.34821429
vt 0.27368952 0.34821429
vt 0.27368952 0.34821429
vt 0.27368952 0.34821429
vt 0.27368952 0.34821429
vt 0.27368952 0.34821429
vt 0.27368952 0.34821429
vt 0.27368952 0.34821429
vt 0.27368952 0.34821429
vt 0.27368952 0.34821429
vt 0.27368952 0.34821429
vt 0.27368952 0.34821429
vt 0.27368952 0.34821429
vt 0.27368952 0.34821429
vt 0.27368952 0.34821429
vt 0.27368952 0.34821429
vt 0.27368952 0.34821429
vt 0.27368952 0.34821429
vt 0.27368952 0.34821429
vt 0.27368952 0.34821429
vt 0.27368952 0.34821429
vt 0.27368952 0.34821429
vt 0.27368952 0.34821429
vt 0.27368952 0.34821429
vt 0.27368952 0.34821429
vt 0.27368952 0.34821429
vt 0.27368952 0.34821429
vt 0.27368952 0.34821429
vt 0.27368952 0.34821429
vt 0.27368952 0.34821429
vt 0.27368952 0.34821429
vt 0.27368952 0.34821429
vt 0.27368952 0.34821429
vt 0.27368952 0.34821429
vt 0.27368952 0.34821429
vt 0.27368952 0.34821429
vt 0.27368952 0.34821429
vt 0.27368952 0.34821429
vt 0.27368952 0.34821429
vt 0.27368952 0.34821429
vt 0.27368952 0.34821429
vt 0.27368952 0.34821429
vt 0.27368952 0.34821429
vt 0.27368952 0.34821429
vt 0.27368952 0.34821429
vt 0.27368952 0.34821429
vt 0.27368952 0.34821429
vt 0.27368952 0.34821429
vt 0.27368952 0.34821429
vt 0.27368952 0.34821429
vt 0.27368952 0.34821429
vt 0.27368952 0.34821429
vt 0.27368952 0.34821429
vt 0.27368952 0.34821429
vt 0.27368952 0.34821429
vt 0.27368952 0.34821429
vt 0.27368952 0.34821429
vt 0.27368952 0.34821429
vt 0.27368952 0.34821429
vt 0.27368952 0.34821429
vt 0.27368952 0.34821429
vt 0.27368952 0.34821429
vt 0.27368952 0.34821429
vt 0.27368952 0.34821429
vt 0.27368952 0.34821429
vt 0.27368952 0.34821429
vt 0.27368952 0.34821429
vt 0.27368952 0.34821429
vt 0.27368952 0.34821429
vt 0.27368952 0.34821429
vt 0.27368952 0.34821429
vt 0.27368952 0.34821429
vt 0.27368952 0.34821429
vt 0.27368952 0.34821429
vt 0.27368952 0.34821429
vt 0.27368952 0.34821429
vt 0.27368952 0.34821429
vt 0.27368952 0.34821429
vt 0.27368952 0.34821429
vt 0.27368952 0.34821429
vt 0.27368952 0.34821429
vt 0.27368952 0.34821429
vt 0.27368952 0.34821429
vt 0.27368952 0.34821429
vt 0.27368952 0.34821429
vt 0.27368952 0.34821429
vt 0.27368952 0.34821429
vt 0.27368952 0.34821429
vt 0.27368952 0.34821429
vt 0.27368952 0.34821429
vt 0.27368952 0.34821429
vt 0.27368952 0.34821429
vt 0.27368952 0.34821429
vt 0.27368952 0.34821429
vt 0.27368952 0.34821429
vt 0.27368952 0.34821429
vt 0.27368952 0.34821429
vt 0.27368952 0.34821429
vt 0.27368952 0.34821429
vt 0.27368952 0.34821429
vt 0.27368952 0.34821429
vt 0.27368952 0.34821429
vt 0.27368952 0.34821429
vt 0.27368952 0.34821429
vt 0.27368952 0.34821429
vt 0.27368952 0.34821429
vt 0.27368952 0.34821429
vt 0.27368952 0.34821429
vt 0.27368952 0.34821429
vt 0.27368952 0.34821429
vt 0.27368952 0.34821429
vt 0.27368952 0.34821429
vt 0.27368952 0.34821429
vt 0.27368952 0.34821429
vt 0.27368952 0.34821429
vt 0.27368952 0.34821429
vt 0.27368952 0.34821429
vt 0.27368952 0.34821429
vt 0.27368952 0.34821429
vt 0.27368952 0.34821429
vt 0.27368952 0.34821429
vt 0.27368952 0.34821429
vt 0.27368952 0.34821429
vt 0.27368952 0.34821429
vt 0.27368952 0.34821429
vt 0.27368952 0.34821429
vt 0.27368952 0.34821429
vt 0.27368952 0.34821429
vt 0.27368952 0.34821429
vt 0.27368952 0.34821429
vt 0.27368952 0.34821429
vt 0.27368952 0.34821429
vt 0.27368952 0.34821429
vt 0.27368952 0.34821429
vt 0.27368952 0.34821429
vt 0.27368952 0.34821429
vt 0.27368952 0.34821429
vt 0.27368952 0.34821429
vt 0.27368952 0.34821429
vt 0.27368952 0.34821429
vt 0.27368952 0.34821429
vt 0.27368952 0.34821429
vt 0.27368952 0.34821429
vt 0.27368952 0.34821429
vt 0.27368952 0.34821429
vt 0.27368952 0.34821429
vt 0.27368952 0.34821429
vt 0.27368952 0.34821429
vt 0.27368952 0.34821429
vt 0.27368952 0.34821429
vt 0.27368952 0.34821429
vt 0.27368952 0.34821429
vt 0.27368952 0.34821429
vt 0.27368952 0.34821429
vt 0.27368952 0.34821429
vt 0.27368952 0.34821429
vt 0.27368952 0.34821429
vt 0.27368952 0.34821429
vt 0.27368952 0.34821429
vt 0.27368952 0.34821429
vt 0.27368952 0.34821429
vt 0.27368952 0.34821429
vt 0.27368952 0.34821429
vt 0.27368952 0.34821429
vt 0.27368952 0.34821429
vt 0.27368952 0.34821429
vt 0.27368952 0.34821429
vt 0.27368952 0.34821429
vt 0.27368952 0.34821429
vt 0.27368952 0.34821429
vt 0.27368952 0.34821429
vt 0.27368952 0.34821429
vt 0.27368952 0.34821429
vt 0.27368952 0.34821429
vt 0.27368952 0.34821429
vt 0.27368952 0.34821429
vt 0.27368952 0.34821429
vt 0.27368952 0.34821429
vt 0.27368952 0.34821429
vt 0.27368952 0.34821429
vt 0.27368952 0.34821429
vt 0.27368952 0.34821429
vt 0.27368952 0.34821429
vt 0.27368952 0.34821429
vt 0.27368952 0.34821429
vt 0.27368952 0.34821429
vt 0.27368952 0.34821429
vt 0.27368952 0.34821429
vt 0.27368952 0.34821429
vt 0.27368952 0.34821429
vt 0.27368952 0.34821429
vt 0.27368952 0.34821429
vt 0.27368952 0.34821429
vt 0.27368952 0.34821429
vt 0.27368952 0.34821429
vt 0.27368952 0.34821429
vt 0.27368952 0.34821429
vt 0.27368952 0.34821429
vt 0.27368952 0.34821429
vt 0.27368952 0.34821429
vt 0.27368952 0.34821429
vt 0.27368952 0.34821429
vt 0.27368952 0.34821429
vt 0.27368952 0.34821429
vt 0.27368952 0.34821429
vt 0.27368952 0.34821429
vt 0.27368952 0.34821429
vt 0.27368952 0.34821429
vt 0.27368952 0.34821429
vt 0.27368952 0.34821429
vt 0.27368952 0.34821429
vt 0.27368952 0.34821429
vt 0.27368952 0.34821429
vt 0.27368952 0.34821429
vt 0.27368952 0.34821429
vt 0.27368952 0.34821429
vt 0.27368952 0.34821429
vt 0.27368952 0.34821429
vt 0.27368952 0.34821429
vt 0.27368952 0.34821429
vt 0.27368952 0.34821429
vt 0.27368952 0.34821429
vt 0.27368952 0.34821429
vt 0.27368952 0.34821429
vt 0.27368952 0.34821429
vt 0.27368952 0.34821429
vt 0.27368952 0.34821429
vt 0.27368952 0.34821429
vt 0.27368952 0.34821429
vt 0.27368952 0.34821429
vt 0.27368952 0.34821429
vt 0.27368952 0.34821429
vt 0.27368952 0.34821429
vt 0.27368952 0.34821429
vt 0.27368952 0.34821429
vt 0.27368952 0.34821429
vt 0.27368952 0.34821429
vt 0.27368952 0.34821429
vt 0.27368952 0.34821429
vt 0.27368952 0.34821429
vt 0.27368952 0.34821429
vt 0.27368952 0.34821429
vt 0.27368952 0.34821429
vt 0.27368952 0.34821429
vt 0.27368952 0.34821429
vt 0.27368952 0.34821429
vt 0.27368952 0.34821429
vt 0.27368952 0.34821429
vt 0.27368952 0.34821429
vt 0.27368952 0.34821429
vt 0.27368952 0.34821429
vt 0.27368952 0.34821429
vt 0.27368952 0.34821429
vt 0.27368952 0.34821429
vt 0.27368952 0.34821429
vt 0.27368952 0.34821429
vt 0.27368952 0.34821429
vt 0.27368952 0.34821429
vt 0.27368952 0.34821429
vt 0.27368952 0.34821429
vt 0.27368952 0.34821429
vt 0.27368952 0.34821429
vt 0.27368952 0.34821429
vt 0.27368952 0.34821429
vt 0.27368952 0.34821429
vt 0.27368952 0.34821429
vt 0.27368952 0.34821429
vt 0.27368952 0.34821429
vt 0.27368952 0.34821429
vt 0.27368952 0.34821429
vt 0.27368952 0.34821429
vt 0.27368952 0.34821429
vt 0.27368952 0.34821429
vt 0.27368952 0.34821429
vt 0.27368952 0.34821429
vt 0.27368952 0.34821429
vt 0.27368952 0.34821429
vt 0.27368952 0.34821429
vt 0.27368952 0.34821429
vt 0.27368952 0.34821429
vt 0.27368952 0.34821429
vt 0.27368952 0.34821429
vt 0.27368952 0.34821429
vt 0.27368952 0.34821429
vt 0.27368952 0.34821429
vt 0.27368952 0.34821429
vt 0.27368952 0.34821429
vt 0.27368952 0.34821429
vt 0.27368952 0.34821429
vt 0.27368952 0.34821429
vt 0.27368952 0.34821429
vt 0.27368952 0.34821429
vt 0.27368952 0.34821429
vt 0.27368952 0.34821429
vt 0.27368952 0.34821429
vt 0.27368952 0.34821429
vt 0.27368952 0.34821429
vt 0.27368952 0.34821429
vt 0.27368952 0.34821429
vt 0.27368952 0.34821429
vt 0.27368952 0.34821429
vt 0.27368952 0.34821429
vt 0.27368952 0.34821429
vt 0.27368952 0.34821429
vt 0.27368952 0.34821429
vt 0.27368952 0.34821429
vt 0.27368952 0.34821429
vt 0.27368952 0.34821429
vt 0.27368952 0.34821429
vt 0.27368952 0.34821429
vt 0.27368952 0.34821429
vt 0.27368952 0.34821429
vt 0.27368952 0.34821429
vt 0.27368952 0.34821429
vt 0.27368952 0.34821429
vt 0.27368952 0.34821429
vt 0.27368952 0.34821429
vt 0.27368952 0.34821429
vt 0.27368952 0.34821429
vt 0.27368952 0.34821429
vt 0.27368952 0.34821429
vt 0.27368952 0.34821429
vt 0.27368952 0.34821429
vt 0.27368952 0.34821429
vt 0.27368952 0.34821429
vt 0.27368952 0.34821429
vt 0.27368952 0.34821429
vt 0.27368952 0.34821429
vt 0.27368952 0.34821429
vt 0.27368952 0.34821429
vt 0.27368952 0.34821429
vt 0.27368952 0.34821429
vt 0.27368952 0.34821429
vt 0.27368952 0.34821429
vt 0.27368952 0.34821429
vt 0.27368952 0.34821429
vt 0.27368952 0.34821429
vt 0.27368952 0.34821429
vt 0.27368952 0.34821429
vt 0.27368952 0.34821429
vt 0.27368952 0.34821429
vt 0.27368952 0.34821429
vt 0.27368952 0.34821429
vt 0.27368952 0.34821429
vt 0.27368952 0.34821429
vt 0.27368952 0.34821429
vt 0.27368952 0.34821429
vt 0.27368952 0.34821429
vt 0.27368952 0.34821429
vt 0.27368952 0.34821429
vt 0.27368952 0.34821429
vt 0.27368952 0.34821429
vt 0.27368952 0.34821429
vt 0.27368952 0.34821429
vt 0.27368952 0.34821429
vt 0.27368952 0.34821429
vt 0.27368952 0.34821429
vt 0.27368952 0.34821429
vt 0.27368952 0.34821429
vt 0.27368952 0.34821429
vt 0.27368952 0.34821429
vt 0.27368952 0.34821429
vt 0.27368952 0.34821429
vt 0.27368952 0.34821429
vt 0.27368952 0.34821429
vt 0.27368952 0.34821429
vt 0.27368952 0.34821429
vt 0.27368952 0.34821429
vt 0.27368952 0.34821429
vt 0.27368952 0.34821429
vt 0.27368952 0.34821429
vt 0.27368952 0.34821429
vt 0.27368952 0.34821429
vt 0.27368952 0.34821429
vt 0.27368952 0.34821429
vt 0.27368952 0.34821429
vt 0.27368952 0.34821429
vt 0.27368952 0.34821429
vt 0.27368952 0.34821429
vt 0.27368952 0.34821429
vt 0.27368952 0.34821429
vt 0.27368952 0.34821429
vt 0.27368952 0.34821429
vt 0.27368952 0.34821429
vt 0.27368952 0.34821429
vt 0.27368952 0.34821429
vt 0.27368952 0.34821429
vt 0.27368952 0.34821429
vt 0.27368952 0.34821429
vt 0.27368952 0.34821429
vt 0.27368952 0.34821429
vt 0.27368952 0.34821429
vt 0.27368952 0.34821429
vt 0.27368952 0.34821429
vt 0.27368952 0.34821429
vt 0.27368952 0.34821429
vt 0.27368952 0.34821429
vt 0.27368952 0.34821429
vt 0.27368952 0.34821429
vt 0.27368952 0.34821429
vt 0.27368952 0.34821429
vt 0.27368952 0.34821429
vt 0.27368952 0.34821429
vt 0.27368952 0.34821429
vt 0.27368952 0.34821429
vt 0.27368952 0.34821429
vt 0.27368952 0.34821429
vt 0.27368952 0.34821429
vt 0.27368952 0.34821429
vt 0.27368952 0.34821429
vt 0.27368952 0.34821429
vt 0.27368952 0.34821429
vt 0.27368952 0.34821429
vt 0.27368952 0.34821429
vt 0.27368952 0.34821429
vt 0.27368952 0.34821429
vt 0.27368952 0.34821429
vt 0.27368952 0.34821429
vt 0.27368952 0.34821429
vt 0.27368952 0.34821429
vt 0.27368952 0.34821429
vt 0.27368952 0.34821429
vt 0.27368952 0.34821429
vt 0.27368952 0.34821429
vt 0.27368952 0.34821429
vt 0.27368952 0.34821429
vt 0.27368952 0.34821429
vt 0.27368952 0.34821429
vt 0.27368952 0.34821429
vt 0.27368952 0.34821429
vt 0.27368952 0.34821429
vt 0.27368952 0.34821429
vt 0.27368952 0.34821429
vt 0.27368952 0.34821429
vt 0.27368952 0.34821429
vt 0.27368952 0.34821429
vt 0.27368952 0.34821429
vt 0.27368952 0.34821429
vt 0.27368952 0.34821429
vt 0.27368952 0.34821429
vt 0.27368952 0.34821429
vt 0.27368952 0.34821429
vt 0.27368952 0.34821429
vt 0.27368952 0.34821429
vt 0.27368952 0.34821429
vt 0.27368952 0.34821429
vt 0.27368952 0.34821429
vt 0.27368952 0.34821429
vt 0.27368952 0.34821429
vt 0.27368952 0.34821429
vt 0.27368952 0.34821429
vt 0.27368952 0.34821429
vt 0.27368952 0.34821429
vt 0.27368952 0.34821429
vt 0.27368952 0.34821429
vt 0.27368952 0.34821429
vt 0.27368952 0.34821429
vt 0.27368952 0.34821429
vt 0.27368952 0.34821429
vt 0.27368952 0.34821429
vt 0.27368952 0.34821429
vt 0.27368952 0.34821429
vt 0.27368952 0.34821429
vt 0.27368952 0.34821429
vt 0.27368952 0.34821429
vt 0.27368952 0.34821429
vt 0.27368952 0.34821429
vt 0.27368952 0.34821429
vt 0.27368952 0.34821429
vt 0.27368952 0.34821429
vt 0.27368952 0.34821429
vt 0.27368952 0.34821429
vt 0.27368952 0.34821429
vt 0.27368952 0.34821429
vt 0.27368952 0.34821429
vt 0.27368952 0.34821429
vt 0.27368952 0.34821429
vt 0.27368952 0.34821429
vt 0.27368952 0.34821429
vt 0.27368952 0.34821429
vt 0.27368952 0.34821429
vt 0.27368952 0.34821429
vt 0.27368952 0.34821429
vt 0.27368952 0.34821429
vt 0.27368952 0.34821429
vt 0.27368952 0.34821429
vt 0.27368952 0.34821429
vt 0.27368952 0.34821429
vt 0.27368952 0.34821429
vt 0.27368952 0.34821429
vt 0.27368952 0.34821429
vt 0.27368952 0.34821429
vt 0.27368952 0.34821429
vt 0.27368952 0.34821429
vt 0.27368952 0.34821429
vt 0.27368952 0.34821429
vt 0.27368952 0.34821429
vt 0.27368952 0.34821429
vt 0.27368952 0.34821429
vt 0.27368952 0.34821429
vt 0.27368952 0.34821429
vt 0.27368952 0.34821429
vt 0.27368952 0.34821429
vt 0.27368952 0.34821429
vt 0.27368952 0.34821429
vt 0.27368952 0.34821429
vt 0.27368952 0.34821429
vt 0.27368952 0.34821429
vt 0.27368952 0.34821429
vt 0.27368952 0.34821429
vt 0.27368952 0.34821429
vt 0.27368952 0.34821429
vt 0.27368952 0.34821429
vt 0.27368952 0.34821429
vt 0.27368952 0.34821429
vt 0.27368952 0.34821429
vt 0.27368952 0.34821429
vt 0.27368952 0.34821429
vt 0.27368952 0.34821429
vt 0.27368952 0.34821429
vt 0.27368952 0.34821429
vt 0.27368952 0.34821429
vt 0.27368952 0.34821429
vt 0.27368952 0.34821429
vt 0.27368952 0.34821429
vt 0.27368952 0.34821429
vt 0.27368952 0.34821429
vt 0.27368952 0.34821429
vt 0.27368952 0.34821429
vt 0.27368952 0.34821429
vt 0.27368952 0.34821429
vt 0.27368952 0.34821429
vt 0.27368952 0.34821429
vt 0.27368952 0.34821429
vt 0.27368952 0.34821429
vt 0.27368952 0.34821429
vt 0.27368952 0.34821429
vt 0.27368952 0.34821429
vt 0.27368952 0.34821429
vt 0.27368952 0.34821429
vt 0.27368952 0.34821429
vt 0.27368952 0.34821429
vt 0.27368952 0.34821429
vt 0.27368952 0.34821429
vt 0.27368952 0.34821429
vt 0.27368952 0.34821429
vt 0.27368952 0.34821429
vt 0.27368952 0.34821429
vt 0.27368952 0.34821429
vt 0.27368952 0.34821429
vt 0.27368952 0.34821429
vt 0.27368952 0.34821429
vt 0.27368952 0.34821429
vt 0.27368952 0.34821429
vt 0.27368952 0.34821429
vt 0.27368952 0.34821429
vt 0.27368952 0.34821429
vt 0.27368952 0.34821429
vt 0.27368952 0.34821429
vt 0.27368952 0.34821429
vt 0.27368952 0.34821429
vt 0.27368952 0.34821429
vt 0.27368952 0.34821429
vt 0.27368952 0.34821429
vt 0.27368952 0.34821429
vt 0.27368952 0.34821429
vt 0.27368952 0.34821429
vt 0.27368952 0.34821429
vt 0.27368952 0.34821429
vt 0.27368952 0.34821429
vt 0.27368952 0.34821429
vt 0.27368952 0.34821429
vt 0.27368952 0.34821429
vt 0.27368952 0.34821429
vt 0.27368952 0.34821429
vt 0.27368952 0.34821429
vt 0.27368952 0.34821429
vt 0.27368952 0.34821429
vt 0.27368952 0.34821429
vt 0.27368952 0.34821429
vt 0.27368952 0.34821429
vt 0.27368952 0.34821429
vt 0.27368952 0.34821429
vt 0.27368952 0.34821429
vt 0.27368952 0.34821429
vt 0.27368952 0.34821429
vt 0.27368952 0.34821429
vt 0.27368952 0.34821429
vt 0.27368952 0.34821429
vt 0.27368952 0.34821429
vt 0.27368952 0.34821429
vt 0.27368952 0.34821429
vt 0.27368952 0.34821429
vt 0.27368952 0.34821429
vt 0.27368952 0.34821429
vt 0.27368952 0.34821429
vt 0.27368952 0.34821429
vt 0.27368952 0.34821429
vt 0.27368952 0.34821429
vt 0.27368952 0.34821429
vt 0.27368952 0.34821429
vt 0.27368952 0.34821429
vt 0.27368952 0.34821429
vt 0.27368952 0.34821429
vt 0.27368952 0.34821429
vt 0.27368952 0.34821429
vt 0.27368952 0.34821429
vt 0.27368952 0.34821429
vt 0.27368952 0.34821429
vt 0.27368952 0.34821429
vt 0.27368952 0.34821429
vt 0.27368952 0.34821429
vt 0.27368952 0.34821429
vt 0.27368952 0.34821429
vt 0.27368952 0.34821429
vt 0.27368952 0.34821429
vt 0.27368952 0.34821429
vt 0.27368952 0.34821429
vt 0.27368952 0.34821429
vt 0.27368952 0.34821429
vt 0.27368952 0.34821429
vt 0.27368952 0.34821429
vt 0.27368952 0.34821429
vt 0.27368952 0.34821429
vt 0.27368952 0.34821429
vt 0.27368952 0.34821429
vt 0.27368952 0.34821429
vt 0.27368952 0.34821429
vt 0.27368952 0.34821429
vt 0.27368952 0.34821429
vt 0.27368952 0.34821429
vt 0.27368952 0.34821429
vt 0.27368952 0.34821429
vt 0.27368952 0.34821429
vt 0.27368952 0.34821429
vt 0.27368952 0.34821429
vt 0.27368952 0.34821429
vt 0.27368952 0.34821429
vt 0.27368952 0.34821429
vt 0.27368952 0.34821429
vt 0.27368952 0.34821429
vt 0.27368952 0.34821429
vt 0.27368952 0.34821429
vt 0.27368952 0.34821429
vt 0.27368952 0.34821429
vt 0.27368952 0.34821429
vt 0.27368952 0.34821429
vt 0.27368952 0.34821429
vt 0.27368952 0.34821429
vt 0.27368952 0.34821429
vt 0.27368952 0.34821429
vt 0.27368952 0.34821429
vt 0.27368952 0.34821429
vt 0.27368952 0.34821429
vt 0.27368952 0.34821429
vt 0.27368952 0.34821429
vt 0.27368952 0.34821429
vt 0.27368952 0.34821429
vt 0.27368952 0.34821429
vt 0.27368952 0.34821429
vt 0.27368952 0.34821429
vt 0.27368952 0.34821429
vt 0.27368952 0.34821429
vt 0.27368952 0.34821429
vt 0.27368952 0.34821429
vt 0.27368952 0.34821429
vt 0.27368952 0.34821429
vt 0.27368952 0.34821429
vt 0.27368952 0.34821429
vt 0.27368952 0.34821429
vt 0.27368952 0.34821429
vt 0.27368952 0.34821429
vt 0.27368952 0.34821429
vt 0.27368952 0.34821429
vt 0.27368952 0.34821429
vt 0.27368952 0.34821429
vt 0.27368952 0.34821429
vt 0.27368952 0.34821429
vt 0.27368952 0.34821429
vt 0.27368952 0.34821429
vt 0.27368952 0.34821429
vt 0.27368952 0.34821429
vt 0.27368952 0.34821429
vt 0.27368952 0.34821429
vt 0.27368952 0.34821429
vt 0.27368952 0.34821429
vt 0.27368952 0.34821429
vt 0.27368952 0.34821429
vt 0.27368952 0.34821429
vt 0.27368952 0.34821429
vt 0.27368952 0.34821429
vt 0.27368952 0.34821429
vt 0.27368952 0.34821429
vt 0.27368952 0.34821429
vt 0.27368952 0.34821429
vt 0.27368952 0.34821429
vt 0.27368952 0.34821429
vt 0.27368952 0.34821429
vt 0.27368952 0.34821429
vt 0.27368952 0.34821429
vt 0.27368952 0.34821429
vt 0.27368952 0.34821429
vt 0.27368952 0.34821429
vt 0.27368952 0.34821429
vt 0.27368952 0.34821429
vt 0.27368952 0.34821429
vt 0.27368952 0.34821429
vt 0.27368952 0.34821429
vt 0.27368952 0.34821429
vt 0.27368952 0.34821429
vt 0.27368952 0.34821429
vt 0.27368952 0.34821429
vt 0.27368952 0.34821429
vt 0.27368952 0.34821429
vt 0.27368952 0.34821429
vt 0.27368952 0.34821429
vt 0.27368952 0.34821429
vt 0.27368952 0.34821429
vt 0.27368952 0.34821429
vt 0.27368952 0.34821429
vt 0.27368952 0.34821429
vt 0.27368952 0.34821429
vt 0.27368952 0.34821429
vt 0.27368952 0.34821429
vt 0.27368952 0.34821429
vt 0.27368952 0.34821429
vt 0.27368952 0.34821429
vt 0.27368952 0.34821429
vt 0.27368952 0.34821429
vt 0.27368952 0.34821429
vt 0.27368952 0.34821429
vt 0.27368952 0.34821429
vt 0.27368952 0.34821429
vt 0.27368952 0.34821429
vt 0.27368952 0.34821429
vt 0.27368952 0.34821429
vt 0.27368952 0.34821429
vt 0.27368952 0.34821429
vt 0.27368952 0.34821429
vt 0.27368952 0.34821429
vt 0.27368952 0.34821429
vt 0.27368952 0.34821429
vt 0.27368952 0.34821429
vt 0.27368952 0.34821429
vt 0.27368952 0.34821429
vt 0.27368952 0.34821429
vt 0.27368952 0.34821429
vt 0.27368952 0.34821429
vt 0.27368952 0.34821429
vt 0.27368952 0.34821429
vt 0.27368952 0.34821429
vt 0.27368952 0.34821429
vt 0.27368952 0.34821429
vt 0.27368952 0.34821429
vt 0.27368952 0.34821429
vt 0.27368952 0.34821429
vt 0.27368952 0.34821429
vt 0.27368952 0.34821429
vt 0.27368952 0.34821429
vt 0.27368952 0.34821429
vt 0.27368952 0.34821429
vt 0.27368952 0.34821429
vt 0.27368952 0.34821429
vt 0.27368952 0.34821429
vt 0.27368952 0.34821429
vt 0.27368952 0.34821429
vt 0.27368952 0.34821429
vt 0.27368952 0.34821429
vt 0.27368952 0.34821429
vt 0.27368952 0.34821429
vt 0.27368952 0.34821429
vt 0.27368952 0.34821429
vt 0.27368952 0.34821429
vt 0.27368952 0.34821429
vt 0.27368952 0.34821429
vt 0.27368952 0.34821429
vt 0.27368952 0.34821429
vt 0.27368952 0.34821429
vt 0.27368952 0.34821429
vt 0.27368952 0.34821429
vt 0.27368952 0.34821429
vt 0.27368952 0.34821429
vt 0.27368952 0.34821429
vt 0.27368952 0.34821429
vt 0.27368952 0.34821429
vt 0.27368952 0.34821429
vt 0.27368952 0.34821429
vt 0.08014113 0.34821429
vt 0.08014113 0.34821429
vt 0.08014113 0.34821429
vt 0.08014113 0.34821429
vt 0.08014113 0.34821429
vt 0.08014113 0.34821429
vt 0.08014113 0.34821429
vt 0.08014113 0.34821429
vt 0.08014113 0.34821429
vt 0.08014113 0.34821429
vt 0.08014113 0.34821429
vt 0.08014113 0.34821429
vt 0.08014113 0.34821429
vt 0.08014113 0.34821429
vt 0.08014113 0.34821429
vt 0.08014113 0.34821429
vt 0.08014113 0.34821429
vt 0.08014113 0.34821429
f 1/1 2/2 3/3
f 4/4 1/1 5/5
f 6/6 4/4 7/7
f 8/8 6/6 9/9
f 10/10 8/8 11/11
f 12/12 10/10 13/13
f 14/14 12/12 15/15
f 2/2 14/14 16/16
f 17/17 18/18 19/19
f 20/20 21/21 22/22
f 23/23 24/24 25/25
f 26/26 27/27 28/28
f 29/29 30/30 31/31
f 32/32 33/33 34/34
f 35/35 36/36 37/37
f 38/38 39/39 40/40
f 41/41 42/42 43/43
f 44/44 45/45 46/46
f 47/47 48/48 49/49
f 50/50 51/51 52/52
f 53/53 54/54 55/55
f 56/56 57/57 58/58
f 59/59 60/60 61/61
f 62/62 63/63 64/64
f 65/65 66/66 67/67
f 68/68 69/69 70/70
f 71/71 72/72 73/73
f 74/74 75/75 76/76
f 77/77 78/78 79/79
f 80/80 81/81 82/82
f 83/83 84/84 85/85
f 86/86 87/87 88/88
f 89/89 90/90 91/91
f 92/92 93/93 94/94
f 95/95 96/96 97/97
f 98/98 99/99 100/100
f 101/101 102/102 103/103
f 104/104 105/105 106/106
f 107/107 108/108 109/109
f 110/110 111/111 112/112
f 113/113 114/114 115/115
f 116/116 117/117 118/118
f 119/119 120/120 121/121
f 122/122 123/123 124/124
f 125/125 126/126 127/127
f 128/128 129/129 130/130
f 131/131 132/132 133/133
f 134/134 135/135 136/136
f 137/137 138/138 139/139
f 140/140 141/141 142/142
f 143/143 144/144 145/145
f 146/146 147/147 148/148
f 149/149 150/150 151/151
f 152/152 153/153 154/154
f 155/155 156/156 157/157
f 158/158 159/159 160/160
f 161/161 1/1 3/3
f 162/162 3/3 2/2
f 163/163 5/5 164/164
f 164/164 1/1 165/165
f 166/166 6/6 7/7
f 163/163 7/7 4/4
f 167/167 9/9 168/168
f 168/168 6/6 169/169
f 170/170 10/10 11/11
f 167/167 11/11 8/8
f 171/171 13/13 172/172
f 172/172 10/10 173/173
f 174/174 14/14 15/15
f 171/171 15/15 12/12
f 162/162 16/16 175/175
f 175/175 14/14 176/176
f 177/177 178/178 179/179
f 178/178 180/180 181/181
f 180/180 182/182 183/183
f 182/182 184/184 185/185
f 184/184 186/186 187/187
f 186/186 188/188 189/189
f 188/188 190/190 191/191
f 190/190 177/177 192/192
f 193/193 194/194 195/195
f 196/196 197/197 198/198
f 199/199 200/200 201/201
f 202/202 203/203 204/204
f 205/205 206/206 207/207
f 208/208 209/209 210/210
f 211/211 212/212 213/213
f 214/214 215/215 216/216
f 217/217 218/218 219/219
f 220/220 221/221 222/222
f 223/223 224/224 225/225
f 226/226 227/227 228/228
f 229/229 230/230 231/231
f 232/232 233/233 234/234
f 235/235 236/236 237/237
f 238/238 239/239 240/240
f 241/241 242/242 243/243
f 244/244 69/69 245/245
f 246/246 71/71 247/247
f 248/248 249/249 250/250
f 251/251 252/252 253/253
f 254/254 255/255 256/256
f 257/257 258/258 259/259
f 260/260 261/261 262/262
f 263/263 264/264 265/265
f 266/266 267/267 268/268
f 269/269 270/270 271/271
f 272/272 273/273 274/274
f 275/275 276/276 277/277
f 278/278 279/279 280/280
f 281/281 282/282 283/283
f 284/284 285/285 286/286
f 287/287 288/288 289/289
f 290/290 291/291 292/292
f 293/293 294/294 295/295
f 296/296 297/297 298/298
f 299/299 300/300 301/301
f 302/302 303/303 304/304
f 305/305 306/306 307/307
f 308/308 309/309 310/310
f 311/311 312/312 313/313
f 314/314 315/315 316/316
f 317/317 318/318 319/319
f 320/320 321/321 322/322
f 323/323 324/324 325/325
f 326/326 327/327 328/328
f 329/329 330/330 331/331
f 332/332 333/333 334/334
f 335/335 178/178 336/336
f 337/337 179/179 335/335
f 181/181 338/338 339/339
f 178/178 339/339 336/336
f 340/340 182/182 341/341
f 338/338 183/183 340/340
f 185/185 342/342 343/343
f 182/182 343/343 341/341
f 344/344 186/186 345/345
f 342/342 187/187 344/344
f 189/189 346/346 347/347
f 186/186 347/347 345/345
f 348/348 190/190 349/349
f 346/346 191/191 348/348
f 192/192 337/337 350/350
f 190/190 350/350 349/349
f 351/351 352/352 353/353
f 354/354 355/355 356/356
f 23/23 357/357 24/24
f 358/358 359/359 360/360
f 361/361 362/362 363/363
f 32/32 364/364 33/33
f 365/365 366/366 212/212
f 367/367 368/368 369/369
f 370/370 371/371 372/372
f 373/373 374/374 375/375
f 376/376 377/377 378/378
f 379/379 380/380 381/381
f 382/382 383/383 384/384
f 385/385 386/386 387/387
f 388/388 389/389 390/390
f 391/391 392/392 393/393
f 65/65 394/394 66/66
f 68/68 245/245 69/69
f 71/71 395/395 72/72
f 74/74 396/396 75/75
f 397/397 398/398 399/399
f 80/80 400/400 81/81
f 83/83 401/401 84/84
f 402/402 403/403 404/404
f 405/405 406/406 407/407
f 92/92 408/408 93/93
f 95/95 409/409 96/96
f 410/410 411/411 412/412
f 413/413 414/414 415/415
f 104/104 416/416 105/105
f 107/107 417/417 108/108
f 418/418 419/419 420/420
f 421/421 422/422 423/423
f 424/424 425/425 426/426
f 427/427 428/428 429/429
f 430/430 431/431 432/432
f 433/433 434/434 435/435
f 436/436 437/437 438/438
f 439/439 440/440 441/441
f 442/442 443/443 444/444
f 445/445 446/446 447/447
f 448/448 449/449 450/450
f 451/451 452/452 453/453
f 454/454 455/455 456/456
f 457/457 458/458 459/459
f 460/460 461/461 462/462
f 463/463 464/464 465/465
f 466/466 467/467 468/468
f 161/161 165/165 1/1
f 162/162 161/161 3/3
f 163/163 4/4 5/5
f 164/164 5/5 1/1
f 166/166 169/169 6/6
f 163/163 166/166 7/7
f 167/167 8/8 9/9
f 168/168 9/9 6/6
f 170/170 173/173 10/10
f 167/167 170/170 11/11
f 171/171 12/12 13/13
f 172/172 13/13 10/10
f 174/174 176/176 14/14
f 171/171 174/174 15/15
f 162/162 2/2 16/16
f 175/175 16/16 14/14
f 469/469 470/470 471/471
f 472/472 473/473 474/474
f 199/199 475/475 200/200
f 476/476 477/477 478/478
f 479/479 480/480 481/481
f 208/208 482/482 209/209
f 483/483 484/484 485/485
f 486/486 487/487 488/488
f 489/489 490/490 491/491
f 492/492 493/493 494/494
f 495/495 496/496 497/497
f 498/498 499/499 500/500
f 501/501 502/502 503/503
f 504/504 505/505 506/506
f 507/507 508/508 509/509
f 510/510 511/511 512/512
f 241/241 513/513 242/242
f 244/244 514/514 69/69
f 246/246 395/395 71/71
f 248/248 515/515 249/249
f 516/516 517/517 518/518
f 254/254 519/519 255/255
f 257/257 520/520 258/258
f 521/521 522/522 523/523
f 524/524 525/525 526/526
f 266/266 527/527 267/267
f 269/269 528/528 270/270
f 529/529 530/530 531/531
f 532/532 533/533 534/534
f 278/278 535/535 279/279
f 281/281 536/536 282/282
f 537/537 538/538 539/539
f 540/540 541/541 542/542
f 543/543 544/544 545/545
f 546/546 547/547 548/548
f 549/549 550/550 551/551
f 552/552 553/553 554/554
f 555/555 556/556 557/557
f 558/558 559/559 560/560
f 561/561 562/562 563/563
f 564/564 565/565 566/566
f 567/567 568/568 569/569
f 570/570 571/571 572/572
f 573/573 574/574 575/575
f 576/576 577/577 578/578
f 579/579 580/580 581/581
f 582/582 583/583 584/584
f 585/585 586/586 587/587
f 335/335 179/179 178/178
f 337/337 177/177 179/179
f 181/181 180/180 338/338
f 178/178 181/181 339/339
f 340/340 183/183 182/182
f 338/338 180/180 183/183
f 185/185 184/184 342/342
f 182/182 185/185 343/343
f 344/344 187/187 186/186
f 342/342 184/184 187/187
f 189/189 188/188 346/346
f 186/186 189/189 347/347
f 348/348 191/191 190/190
f 346/346 188/188 191/191
f 192/192 177/177 337/337
f 190/190 192/192 350/350
f 588/588 589/589 590/590
f 591/591 592/592 593/593
f 594/594 595/595 596/596
f 597/597 598/598 599/599
f 600/600 601/601 602/602
f 603/603 604/604 605/605
f 606/606 607/607 608/608
f 609/609 610/610 611/611
f 612/612 613/613 614/614
f 615/615 616/616 617/617
f 618/618 619/619 620/620
f 621/621 622/622 623/623
f 624/624 625/625 626/626
f 627/627 628/628 629/629
f 630/630 631/631 632/632
f 633/633 634/634 635/635
f 636/636 637/637 638/638
f 639/639 640/640 641/641
f 642/642 643/643 644/644
f 645/645 646/646 647/647
f 648/648 649/649 650/650
f 651/651 652/652 653/653
f 654/654 655/655 656/656
f 657/657 658/658 659/659
f 660/660 661/661 628/628
f 662/662 663/663 664/664
f 665/665 666/666 667/667
f 668/668 669/669 670/670
f 671/671 672/672 673/673
f 674/674 675/675 676/676
f 677/677 678/678 679/679
f 680/680 681/681 682/682
f 683/683 684/684 685/685
f 686/686 687/687 688/688
f 689/689 690/690 691/691
f 692/692 693/693 694/694
f 695/695 696/696 697/697
f 698/698 699/699 700/700
f 701/701 702/702 703/703
f 704/704 705/705 706/706
f 707/707 708/708 709/709
f 710/710 711/711 712/712
f 713/713 714/714 715/715
f 716/716 717/717 718/718
f 719/719 720/720 721/721
f 722/722 723/723 724/724
f 725/725 726/726 727/727
f 728/728 729/729 730/730
f 731/731 732/732 733/733
f 734/734 735/735 736/736
f 737/737 738/738 739/739
f 740/740 741/741 742/742
f 743/743 744/744 745/745
f 746/746 747/747 748/748
f 749/749 750/750 751/751
f 752/752 753/753 754/754
f 755/755 756/756 757/757
f 758/758 759/759 760/760
f 761/761 762/762 763/763
f 764/764 765/765 766/766
f 767/767 768/768 769/769
f 770/770 771/771 772/772
f 773/773 774/774 775/775
f 776/776 777/777 778/778
f 779/779 780/780 781/781
f 782/782 783/783 784/784
f 594/594 785/785 595/595
f 786/786 787/787 788/788
f 789/789 790/790 791/791
f 603/603 792/792 604/604
f 793/793 794/794 795/795
f 796/796 797/797 798/798
f 612/612 799/799 613/613
f 615/615 800/800 616/616
f 801/801 802/802 803/803
f 621/621 804/804 622/622
f 624/624 805/805 625/625
f 627/627 660/660 628/628
f 806/806 807/807 808/808
f 809/809 810/810 811/811
f 636/636 812/812 637/637
f 639/639 813/813 640/640
f 814/814 815/815 816/816
f 645/645 817/817 646/646
f 818/818 819/819 820/820
f 821/821 822/822 823/823
f 824/824 657/657 659/659
f 657/657 825/825 658/658
f 826/826 827/827 828/828
f 662/662 829/829 663/663
f 830/830 831/831 832/832
f 668/668 833/833 669/669
f 671/671 834/834 672/672
f 835/835 836/836 837/837
f 677/677 838/838 678/678
f 680/680 839/839 681/681
f 840/840 841/841 842/842
f 843/843 844/844 845/845
f 689/689 846/846 690/690
f 847/847 848/848 849/849
f 695/695 850/850 696/696
f 851/851 852/852 853/853
f 854/854 855/855 856/856
f 704/704 857/857 705/705
f 707/707 858/858 708/708
f 710/710 859/859 711/711
f 713/713 860/860 714/714
f 861/861 862/862 863/863
f 864/864 865/865 866/866
f 867/867 868/868 869/869
f 870/870 871/871 872/872
f 873/873 874/874 875/875
f 731/731 876/876 732/732
f 734/734 877/877 735/735
f 737/737 878/878 738/738
f 879/879 880/880 881/881
f 743/743 882/882 744/744
f 746/746 883/883 747/747
f 749/749 884/884 750/750
f 885/885 755/755 886/886
f 755/755 885/885 756/756
f 596/596 595/595 887/887
f 761/761 888/888 762/762
f 764/764 889/889 765/765
f 767/767 890/890 768/768
f 891/891 892/892 893/893
f 894/894 895/895 896/896
f 776/776 897/897 777/777
f 898/898 899/899 900/900
f 901/901 902/902 903/903
f 904/904 905/905 906/906
f 907/907 908/908 909/909
f 910/910 911/911 912/912
f 913/913 914/914 915/915
f 916/916 917/917 918/918
f 919/919 920/920 921/921
f 922/922 923/923 924/924
f 925/925 926/926 927/927
f 928/928 929/929 930/930
f 931/931 932/932 933/933
f 934/934 935/935 936/936
f 937/937 938/938 939/939
f 940/940 941/941 942/942
f 943/943 944/944 945/945
f 946/946 947/947 948/948
f 949/949 950/950 951/951
f 952/952 953/953 954/954
f 955/955 956/956 957/957
f 958/958 959/959 960/960
f 961/961 962/962 963/963
f 964/964 965/965 966/966
f 967/967 968/968 969/969
f 970/970 971/971 972/972
f 973/973 974/974 975/975
f 976/976 977/977 978/978
f 979/979 980/980 981/981
f 982/982 983/983 984/984
f 985/985 986/986 987/987
f 988/988 641/641 640/640
f 989/989 990/990 991/991
f 992/992 810/810 809/809
f 993/993 994/994 995/995
f 996/996 997/997 998/998
f 999/999 1000/1000 1001/1001
f 1002/1002 1003/1003 1004/1004
f 1005/1005 1006/1006 1007/1007
f 1008/1008 1009/1009 1010/1010
f 1011/1011 1012/1012 1013/1013
f 1014/1014 1015/1015 1016/1016
f 1017/1017 1018/1018 1019/1019
f 836/836 1020/1020 837/837
f 1021/1021 1022/1022 1023/1023
f 1024/1024 1025/1025 1026/1026
f 1027/1027 1028/1028 1029/1029
f 1030/1030 1031/1031 1032/1032
f 1033/1033 1034/1034 1035/1035
f 1036/1036 1037/1037 1038/1038
f 1039/1039 1040/1040 1041/1041
f 1042/1042 617/617 1043/1043
f 1044/1044 1045/1045 1046/1046
f 1047/1047 1048/1048 1049/1049
f 1050/1050 1051/1051 1052/1052
f 1053/1053 1054/1054 1055/1055
f 1056/1056 1057/1057 1058/1058
f 1059/1059 797/797 796/796
f 1060/1060 1061/1061 1062/1062
f 1063/1063 1064/1064 1065/1065
f 1066/1066 1067/1067 1068/1068
f 874/874 1069/1069 875/875
f 1070/1070 1071/1071 1072/1072
f 1073/1073 1074/1074 1075/1075
f 1076/1076 1077/1077 1078/1078
f 1079/1079 1080/1080 1081/1081
f 1082/1082 1083/1083 1084/1084
f 1085/1085 1086/1086 1087/1087
f 1088/1088 1089/1089 1090/1090
f 1091/1091 1092/1092 1093/1093
f 1094/1094 1095/1095 1096/1096
f 1097/1097 1098/1098 1099/1099
f 1100/1100 1101/1101 1102/1102
f 1103/1103 1104/1104 1105/1105
f 1106/1106 1107/1107 1108/1108
f 1109/1109 1110/1110 1111/1111
f 1112/1112 1113/1113 1114/1114
f 1115/1115 1116/1116 1117/1117
f 1118/1118 1119/1119 1120/1120
f 1121/1121 1122/1122 1123/1123
f 1124/1124 1125/1125 1126/1126
f 1127/1127 1128/1128 1129/1129
f 1130/1130 1131/1131 1132/1132
f 1133/1133 1134/1134 1135/1135
f 1136/1136 1137/1137 1138/1138
f 1139/1139 1140/1140 1141/1141
f 1142/1142 1143/1143 1144/1144
f 1145/1145 1146/1146 1147/1147
f 1148/1148 1149/1149 1150/1150
f 1151/1151 1152/1152 1153/1153
f 1154/1154 1155/1155 1156/1156
f 1157/1157 1158/1158 1159/1159
f 1160/1160 1161/1161 1162/1162
f 1163/1163 1164/1164 1165/1165
f 1166/1166 1167/1167 1168/1168
f 1169/1169 1170/1170 1171/1171
f 1172/1172 1173/1173 1174/1174
f 1175/1175 1176/1176 1177/1177
f 1178/1178 1179/1179 1180/1180
f 1181/1181 1182/1182 1183/1183
f 1184/1184 1185/1185 1186/1186
f 1187/1187 1188/1188 1189/1189
f 1190/1190 1191/1191 1192/1192
f 1193/1193 1194/1194 1195/1195
f 1196/1196 1197/1197 1198/1198
f 1199/1199 1200/1200 1201/1201
f 1202/1202 1203/1203 1204/1204
f 1205/1205 1206/1206 1207/1207
f 1208/1208 1209/1209 1210/1210
f 1211/1211 1212/1212 1213/1213
f 1214/1214 1215/1215 1216/1216
f 1217/1217 1218/1218 1219/1219
f 1220/1220 1221/1221 1222/1222
f 1223/1223 1224/1224 1225/1225
f 1226/1226 1227/1227 1228/1228
f 1229/1229 1230/1230 1231/1231
f 1232/1232 1233/1233 1234/1234
f 1235/1235 1236/1236 1237/1237
f 1238/1238 1239/1239 1240/1240
f 1241/1241 1242/1242 1243/1243
f 1244/1244 1245/1245 1246/1246
f 1247/1247 1248/1248 1249/1249
f 1250/1250 1251/1251 1252/1252
f 1253/1253 1254/1254 1255/1255
f 1256/1256 1257/1257 1258/1258
f 1259/1259 1260/1260 1261/1261
f 1262/1262 1263/1263 1264/1264
f 1265/1265 1266/1266 1267/1267
f 1268/1268 1269/1269 1270/1270
f 1271/1271 1272/1272 1273/1273
f 1274/1274 1275/1275 1276/1276
f 1277/1277 1278/1278 1279/1279
f 1280/1280 1281/1281 1282/1282
f 1283/1283 1284/1284 1285/1285
f 1286/1286 1287/1287 1288/1288
f 1289/1289 1290/1290 1291/1291
f 1292/1292 1293/1293 1294/1294
f 1295/1295 1296/1296 1297/1297
f 1298/1298 1299/1299 1300/1300
f 1301/1301 1302/1302 1303/1303
f 1304/1304 1305/1305 1306/1306
f 1307/1307 1308/1308 1309/1309
f 1307/1307 1310/1310 1311/1311
f 1307/1307 1312/1312 1313/1313
f 1307/1307 1314/1314 1315/1315
f 1316/1316 1317/1317 1318/1318
f 1319/1319 1320/1320 1321/1321
f 1322/1322 1323/1323 1324/1324
f 1325/1325 1326/1326 1327/1327
f 1328/1328 1329/1329 1330/1330
f 913/913 1331/1331 914/914
f 1332/1332 1333/1333 1334/1334
f 1335/1335 1336/1336 1337/1337
f 1338/1338 1339/1339 1340/1340
f 1341/1341 1342/1342 1343/1343
f 1344/1344 1345/1345 1346/1346
f 1347/1347 1348/1348 1349/1349
f 934/934 1350/1350 935/935
f 1351/1351 1352/1352 1353/1353
f 1354/1354 1355/1355 1356/1356
f 1357/1357 1358/1358 1359/1359
f 1360/1360 1361/1361 1362/1362
f 1363/1363 1364/1364 1365/1365
f 1366/1366 1367/1367 1368/1368
f 1369/1369 1370/1370 1371/1371
f 958/958 1372/1372 959/959
f 961/961 1373/1373 962/962
f 1374/1374 1375/1375 1376/1376
f 1377/1377 1378/1378 1379/1379
f 1380/1380 1381/1381 1382/1382
f 1383/1383 1384/1384 1385/1385
f 1386/1386 1387/1387 1388/1388
f 1135/1135 1134/1134 1389/1389
f 1390/1390 1391/1391 1392/1392
f 1393/1393 1394/1394 1395/1395
f 1396/1396 1397/1397 1398/1398
f 1399/1399 1400/1400 1401/1401
f 992/992 1402/1402 810/810
f 1403/1403 1404/1404 1405/1405
f 1406/1406 1407/1407 1408/1408
f 999/999 1409/1409 1000/1000
f 1410/1410 1411/1411 1412/1412
f 1413/1413 1414/1414 1415/1415
f 1416/1416 1417/1417 1418/1418
f 1419/1419 1420/1420 1421/1421
f 1422/1422 1423/1423 1424/1424
f 1017/1017 1425/1425 1018/1018
f 1426/1426 1427/1427 1428/1428
f 1021/1021 1429/1429 1022/1022
f 1024/1024 1430/1430 1025/1025
f 1431/1431 1432/1432 1433/1433
f 1434/1434 1435/1435 1436/1436
f 1437/1437 1438/1438 1439/1439
f 1036/1036 1440/1440 1037/1037
f 1441/1441 1442/1442 1443/1443
f 1444/1444 1445/1445 1446/1446
f 1044/1044 1447/1447 1045/1045
f 1448/1448 1449/1449 1450/1450
f 1451/1451 1452/1452 1453/1453
f 1053/1053 1454/1454 1054/1054
f 1455/1455 1456/1456 1457/1457
f 1458/1458 1459/1459 1460/1460
f 1461/1461 1462/1462 1463/1463
f 1464/1464 1465/1465 1466/1466
f 1467/1467 1468/1468 1469/1469
f 874/874 1470/1470 1069/1069
f 1471/1471 1472/1472 1473/1473
f 1474/1474 603/603 605/605
f 1475/1475 1476/1476 1477/1477
f 1478/1478 1479/1479 1480/1480
f 1082/1082 1481/1481 1083/1083
f 1085/1085 1482/1482 1086/1086
f 1483/1483 1484/1484 1485/1485
f 1486/1486 1487/1487 1488/1488
f 1489/1489 1490/1490 1491/1491
f 1492/1492 1199/1199 1201/1201
f 1493/1493 1494/1494 1495/1495
f 1496/1496 1497/1497 766/766
f 1498/1498 1499/1499 1500/1500
f 1501/1501 1502/1502 1503/1503
f 1112/1112 1504/1504 1113/1113
f 1505/1505 1506/1506 1507/1507
f 1508/1508 1509/1509 1510/1510
f 1511/1511 1512/1512 1513/1513
f 1514/1514 1515/1515 1516/1516
f 1517/1517 1518/1518 1519/1519
f 1520/1520 1521/1521 1522/1522
f 1523/1523 1524/1524 1525/1525
f 1136/1136 1526/1526 1137/1137
f 1527/1527 1528/1528 1529/1529
f 1142/1142 1530/1530 1143/1143
f 1531/1531 1532/1532 1533/1533
f 1534/1534 1535/1535 1536/1536
f 1537/1537 1538/1538 1539/1539
f 1540/1540 1541/1541 1542/1542
f 1543/1543 1544/1544 1545/1545
f 1546/1546 1547/1547 1548/1548
f 1549/1549 1550/1550 1551/1551
f 1552/1552 1553/1553 1554/1554
f 1550/1550 1549/1549 1555/1555
f 1556/1556 1557/1557 1558/1558
f 1559/1559 1560/1560 1561/1561
f 1178/1178 1562/1562 1179/1179
f 1563/1563 1564/1564 1565/1565
f 1566/1566 1567/1567 1568/1568
f 1569/1569 1570/1570 1571/1571
f 1572/1572 1573/1573 1574/1574
f 1575/1575 1576/1576 1577/1577
f 1578/1578 1579/1579 1580/1580
f 1581/1581 1582/1582 1583/1583
f 1584/1584 1585/1585 1586/1586
f 1205/1205 1587/1587 1206/1206
f 1208/1208 1588/1588 1209/1209
f 1589/1589 1590/1590 1591/1591
f 1592/1592 1593/1593 1594/1594
f 1595/1595 1596/1596 1597/1597
f 1598/1598 1599/1599 1600/1600
f 1601/1601 1602/1602 1603/1603
f 1604/1604 1605/1605 1606/1606
f 1607/1607 1608/1608 1609/1609
f 1610/1610 1235/1235 1237/1237
f 1611/1611 1612/1612 1613/1613
f 1614/1614 1615/1615 1616/1616
f 1617/1617 1618/1618 1619/1619
f 1244/1244 1620/1620 1245/1245
f 1621/1621 1622/1622 1623/1623
f 1624/1624 1625/1625 1626/1626
f 1627/1627 1628/1628 1629/1629
f 1630/1630 1631/1631 1632/1632
f 1633/1633 1634/1634 1635/1635
f 1636/1636 1637/1637 1638/1638
f 1639/1639 1640/1640 1641/1641
f 1642/1642 1643/1643 1644/1644
f 1645/1645 1646/1646 1647/1647
f 1648/1648 1649/1649 1650/1650
f 1651/1651 1652/1652 1653/1653
f 1654/1654 1655/1655 1656/1656
f 1283/1283 1657/1657 1284/1284
f 1286/1286 1658/1658 1287/1287
f 1289/1289 1659/1659 1290/1290
f 1292/1292 1660/1660 1293/1293
f 1295/1295 1661/1661 1296/1296
f 1298/1298 1662/1662 1299/1299
f 1301/1301 1663/1663 1302/1302
f 1304/1304 1664/1664 1305/1305
f 1307/1307 1315/1315 1308/1308
f 1307/1307 1309/1309 1310/1310
f 1307/1307 1311/1311 1312/1312
f 1307/1307 1313/1313 1314/1314
f 1665/1665 1666/1666 1667/1667
f 1668/1668 1666/1666 1665/1665
f 1669/1669 1666/1666 1668/1668
f 1670/1670 1666/1666 1669/1669
f 1671/1671 1666/1666 1670/1670
f 1672/1672 1666/1666 1671/1671
f 1673/1673 1666/1666 1672/1672
f 1667/1667 1666/1666 1673/1673
f 1674/1674 1675/1675 1676/1676
f 1676/1676 1675/1675 1677/1677
f 1677/1677 1675/1675 1678/1678
f 1678/1678 1675/1675 1679/1679
f 1679/1679 1675/1675 1680/1680
f 1680/1680 1675/1675 1681/1681
f 1681/1681 1675/1675 1682/1682
f 1682/1682 1675/1675 1674/1674

