# https://github.com/mikedh/trimesh
mtllib material.mtl
usemtl material_0
v -0.01024806 -0.01715016 -0.01009446
v -0.01267945 -0.01715016 0.00000115
v -0.01201641 -0.01715016 -0.00584513
v 0.00000078 -0.01715016 -0.01257693
v -0.00584561 -0.01715016 -0.01201581
v 0.00914454 -0.01715016 -0.00994122
v 0.00584716 -0.01715016 -0.01201581
v 0.01065444 -0.01715016 0.00000115
v 0.01056730 -0.01715016 -0.00584513
v 0.00899154 -0.01715016 0.00979102
v 0.01056730 -0.01715016 0.00584775
v 0.00000078 -0.01715016 0.01263058
v 0.00584716 -0.01715016 0.01201844
v -0.00948280 -0.01715016 0.00979102
v -0.00584561 -0.01715016 0.01201844
v -0.01201641 -0.01715016 0.00584775
v 0.01052421 -0.01715016 -0.01132470
v 0.01328033 -0.01619279 -0.00726008
v 0.01222765 -0.01715016 -0.00665986
v 0.01052421 -0.01715016 -0.01132470
v 0.00724661 -0.01619279 -0.01474446
v 0.01142030 -0.01619696 -0.01223003
v 0.00878048 -0.00999486 -0.01670414
v 0.01200371 0.00000000 -0.01444900
v 0.01162219 -0.01105070 -0.01406753
v 0.01162219 -0.01105070 -0.01406753
v 0.01359730 0.00000000 -0.00903225
v 0.01359730 -0.01184320 -0.00879383
v 0.01034992 -0.01715016 0.01114565
v 0.00724661 -0.01619279 0.01473665
v 0.00665134 -0.01715016 0.01368248
v 0.01034992 -0.01715016 0.01114565
v 0.01328033 -0.01619279 0.00725216
v 0.01125580 -0.01621037 0.01205754
v 0.01320421 -0.01093322 0.01405984
v 0.01420414 0.00000000 0.00902462
v 0.01358550 0.00000000 0.01444125
v 0.00878048 -0.00999486 0.01669621
v 0.01358550 0.00000000 0.01444125
v 0.00901878 0.00000000 0.01714915
v -0.01080578 -0.01715016 0.01114565
v -0.01475024 -0.01619279 0.00725216
v -0.01369094 -0.01715016 0.00665522
v -0.01080578 -0.01715016 0.01114565
v -0.00726575 -0.01619279 0.01473665
v -0.01174312 -0.01622712 0.01205259
v -0.00879955 -0.00999486 0.01669621
v -0.01445460 0.00000000 0.01444125
v -0.01407319 -0.01093322 0.01405984
v -0.01407319 -0.01093322 0.01405984
v -0.01716274 0.00000000 0.00902462
v -0.01670974 -0.01184320 0.00878620
v -0.01167714 -0.01715016 -0.01149880
v -0.00726575 -0.01619279 -0.01474446
v -0.00666392 -0.01715016 -0.01368695
v -0.01167714 -0.01715016 -0.01149880
v -0.01475024 -0.01619279 -0.00726008
v -0.01256108 -0.01618003 -0.01239520
v -0.01407319 -0.01105070 -0.01406753
v -0.01716274 0.00000000 -0.00903225
v -0.01445460 0.00000000 -0.01444900
v -0.00879955 -0.00999486 -0.01670414
v -0.01445460 0.00000000 -0.01444900
v -0.00903797 0.00000000 -0.01715713
v 0.01222765 -0.01715016 -0.00665986
v 0.01352620 -0.01616293 -0.00000383
v 0.01242089 -0.01715016 -0.00000217
v 0.01359730 -0.01184320 -0.00879383
v 0.01420414 0.00000000 -0.00000383
v 0.01420414 -0.01216477 -0.00000383
v 0.01420414 0.00000000 -0.00000383
v 0.01420414 -0.01184320 0.00878620
v 0.01420414 -0.01216477 -0.00000383
v 0.01352620 -0.01616293 -0.00000383
v 0.01222765 -0.01715016 0.00665522
v 0.01242089 -0.01715016 -0.00000217
v 0.00665134 -0.01715016 0.01368248
v -0.00000957 -0.01617091 0.01549839
v -0.00000629 -0.01715016 0.01437950
v 0.00901878 0.00000000 0.01714915
v -0.00000957 -0.00964689 0.01757496
v 0.00878048 -0.00999486 0.01669621
v -0.00000957 -0.00964689 0.01757496
v -0.00903797 0.00000000 0.01714915
v -0.00879955 -0.00999486 0.01669621
v -0.00000957 -0.01617091 0.01549839
v -0.00666392 -0.01715016 0.01368248
v -0.00000629 -0.01715016 0.01437950
v -0.01369094 -0.01715016 0.00665522
v -0.01556581 -0.01616811 -0.00000383
v -0.01444613 -0.01715016 -0.00000217
v -0.01670974 -0.01184320 0.00878620
v -0.01806539 0.00000000 -0.00000383
v -0.01758867 -0.01216477 -0.00000383
v -0.01806539 0.00000000 -0.00000383
v -0.01670974 -0.01184320 -0.00879383
v -0.01758867 -0.01216477 -0.00000383
v -0.01556581 -0.01616811 -0.00000383
v -0.01369094 -0.01715016 -0.00665986
v -0.01444613 -0.01715016 -0.00000217
v -0.00666392 -0.01715016 -0.01368695
v -0.00000957 -0.01617354 -0.01545166
v -0.00000629 -0.01715016 -0.01432597
v -0.00903797 0.00000000 -0.01715713
v -0.00000957 -0.00964689 -0.01758295
v -0.00879955 -0.00999486 -0.01670414
v -0.00000957 -0.00964689 -0.01758295
v 0.00901878 0.00000000 -0.01715713
v 0.00878048 -0.00999486 -0.01670414
v -0.00000957 -0.01617354 -0.01545166
v 0.00665134 -0.01715016 -0.01368695
v -0.00000629 -0.01715016 -0.01432597
v 0.00724661 -0.01619279 0.01473665
v 0.01320421 -0.01093322 0.01405984
v 0.00878048 -0.00999486 0.01669621
v 0.00724661 -0.01619279 0.01473665
v -0.00000957 -0.00964689 0.01757496
v -0.00000957 -0.01617091 0.01549839
v -0.00726575 -0.01619279 0.01473665
v -0.00000957 -0.00964689 0.01757496
v -0.00879955 -0.00999486 0.01669621
v -0.01174312 -0.01622712 0.01205259
v -0.00879955 -0.00999486 0.01669621
v -0.01407319 -0.01093322 0.01405984
v -0.01174312 -0.01622712 0.01205259
v -0.01670974 -0.01184320 0.00878620
v -0.01475024 -0.01619279 0.00725216
v -0.01475024 -0.01619279 0.00725216
v -0.01758867 -0.01216477 -0.00000383
v -0.01556581 -0.01616811 -0.00000383
v -0.01475024 -0.01619279 -0.00726008
v -0.01758867 -0.01216477 -0.00000383
v -0.01670974 -0.01184320 -0.00879383
v -0.01256108 -0.01618003 -0.01239520
v -0.01670974 -0.01184320 -0.00879383
v -0.01407319 -0.01105070 -0.01406753
v -0.01256108 -0.01618003 -0.01239520
v -0.00879955 -0.00999486 -0.01670414
v -0.00726575 -0.01619279 -0.01474446
v -0.00726575 -0.01619279 -0.01474446
v -0.00000957 -0.00964689 -0.01758295
v -0.00000957 -0.01617354 -0.01545166
v 0.00724661 -0.01619279 -0.01474446
v -0.00000957 -0.00964689 -0.01758295
v 0.00878048 -0.00999486 -0.01670414
v 0.00724661 -0.01619279 -0.01474446
v 0.01162219 -0.01105070 -0.01406753
v 0.01142030 -0.01619696 -0.01223003
v 0.01142030 -0.01619696 -0.01223003
v 0.01359730 -0.01184320 -0.00879383
v 0.01328033 -0.01619279 -0.00726008
v 0.01328033 -0.01619279 -0.00726008
v 0.01420414 -0.01216477 -0.00000383
v 0.01352620 -0.01616293 -0.00000383
v 0.01328033 -0.01619279 0.00725216
v 0.01420414 -0.01216477 -0.00000383
v 0.01420414 -0.01184320 0.00878620
v 0.01125580 -0.01621037 0.01205754
v 0.01420414 -0.01184320 0.00878620
v 0.01320421 -0.01093322 0.01405984
v -0.01369094 -0.01715016 -0.00665986
v -0.01444613 -0.01715016 -0.00000217
v -0.00000629 -0.01715016 -0.01432597
v -0.00666392 -0.01715016 -0.01368695
v -0.01167714 -0.01715016 -0.01149880
v 0.00665134 -0.01715016 -0.01368695
v 0.01242089 -0.01715016 -0.00000217
v 0.01222765 -0.01715016 -0.00665986
v 0.01052421 -0.01715016 -0.01132470
v 0.01222765 -0.01715016 0.00665522
v -0.00000629 -0.01715016 0.01437950
v 0.00665134 -0.01715016 0.01368248
v 0.01034992 -0.01715016 0.01114565
v -0.00666392 -0.01715016 0.01368248
v -0.01369094 -0.01715016 0.00665522
v -0.01080578 -0.01715016 0.01114565
v -0.01267945 0.01715016 0.00000115
v -0.01024806 0.01715016 -0.01009446
v -0.01201641 0.01715016 -0.00584513
v 0.00000078 0.01715016 -0.01257693
v -0.00584561 0.01715016 -0.01201581
v 0.00914454 0.01715016 -0.00994122
v 0.00584716 0.01715016 -0.01201581
v 0.01065444 0.01715016 0.00000115
v 0.01056730 0.01715016 -0.00584513
v 0.00899154 0.01715016 0.00979102
v 0.01056730 0.01715016 0.00584775
v 0.00000078 0.01715016 0.01263058
v 0.00584716 0.01715016 0.01201844
v -0.00948280 0.01715016 0.00979102
v -0.00584561 0.01715016 0.01201844
v -0.01201641 0.01715016 0.00584775
v 0.01328033 0.01619279 -0.00726008
v 0.01052421 0.01715016 -0.01132470
v 0.01222765 0.01715016 -0.00665986
v 0.01052421 0.01715016 -0.01132470
v 0.00724661 0.01619279 -0.01474446
v 0.00665134 0.01715016 -0.01368695
v 0.01200371 0.00000000 -0.01444900
v 0.00878048 0.00999486 -0.01670414
v 0.01162219 0.01105070 -0.01406753
v 0.01359730 0.00000000 -0.00903225
v 0.01162219 0.01105070 -0.01406753
v 0.01359730 0.01184320 -0.00879383
v 0.00724661 0.01619279 0.01473665
v 0.01034992 0.01715016 0.01114565
v 0.00665134 0.01715016 0.01368248
v 0.01034992 0.01715016 0.01114565
v 0.01328033 0.01619279 0.00725216
v 0.01222765 0.01715016 0.00665522
v 0.01320421 0.01093322 0.01405984
v 0.01420414 0.00000000 0.00902462
v 0.01420414 0.01184320 0.00878620
v 0.00878048 0.00999486 0.01669621
v 0.01358550 0.00000000 0.01444125
v 0.01320421 0.01093322 0.01405984
v -0.01475024 0.01619279 0.00725216
v -0.01080578 0.01715016 0.01114565
v -0.01369094 0.01715016 0.00665522
v -0.01080578 0.01715016 0.01114565
v -0.00726575 0.01619279 0.01473665
v -0.00666392 0.01715016 0.01368248
v -0.01445460 0.00000000 0.01444125
v -0.00879955 0.00999486 0.01669621
v -0.01407319 0.01093322 0.01405984
v -0.01716274 0.00000000 0.00902462
v -0.01407319 0.01093322 0.01405984
v -0.01670974 0.01184320 0.00878620
v -0.00726575 0.01619279 -0.01474446
v -0.01167714 0.01715016 -0.01149880
v -0.00666392 0.01715016 -0.01368695
v -0.01167714 0.01715016 -0.01149880
v -0.01475024 0.01619279 -0.00726008
v -0.01369094 0.01715016 -0.00665986
v -0.01407319 0.01105070 -0.01406753
v -0.01716274 0.00000000 -0.00903225
v -0.01670974 0.01184320 -0.00879383
v -0.00879955 0.00999486 -0.01670414
v -0.01445460 0.00000000 -0.01444900
v -0.01407319 0.01105070 -0.01406753
v 0.01222765 0.01715016 -0.00665986
v 0.01352620 0.01616293 -0.00000383
v 0.01328033 0.01619279 -0.00726008
v 0.01359730 0.01184320 -0.00879383
v 0.01359730 0.00000000 -0.00903225
v 0.01420414 0.01184320 0.00878620
v 0.01420414 0.01216477 -0.00000383
v 0.01222765 0.01715016 0.00665522
v 0.01352620 0.01616293 -0.00000383
v 0.01242089 0.01715016 -0.00000217
v 0.00665134 0.01715016 0.01368248
v -0.00000957 0.01617091 0.01549839
v 0.00724661 0.01619279 0.01473665
v -0.00000957 0.00964689 0.01757496
v 0.00901878 0.00000000 0.01714915
v 0.00878048 0.00999486 0.01669621
v -0.00000957 0.00964689 0.01757496
v -0.00903797 0.00000000 0.01714915
v -0.00000957 0.00000000 0.01805180
v -0.00666392 0.01715016 0.01368248
v -0.00000957 0.01617091 0.01549839
v -0.00000629 0.01715016 0.01437950
v -0.01369094 0.01715016 0.00665522
v -0.01556581 0.01616811 -0.00000383
v -0.01475024 0.01619279 0.00725216
v -0.01670974 0.01184320 0.00878620
v -0.01806539 0.00000000 -0.00000383
v -0.01716274 0.00000000 0.00902462
v -0.01670974 0.01184320 -0.00879383
v -0.01806539 0.00000000 -0.00000383
v -0.01758867 0.01216477 -0.00000383
v -0.01369094 0.01715016 -0.00665986
v -0.01556581 0.01616811 -0.00000383
v -0.01444613 0.01715016 -0.00000217
v -0.00666392 0.01715016 -0.01368695
v -0.00000957 0.01617354 -0.01545166
v -0.00726575 0.01619279 -0.01474446
v -0.00000957 0.00964689 -0.01758295
v -0.00903797 0.00000000 -0.01715713
v -0.00879955 0.00999486 -0.01670414
v -0.00000957 0.00964689 -0.01758295
v 0.00901878 0.00000000 -0.01715713
v -0.00000957 0.00000000 -0.01805984
v 0.00665134 0.01715016 -0.01368695
v -0.00000957 0.01617354 -0.01545166
v -0.00000629 0.01715016 -0.01432597
v 0.00724661 0.01619279 0.01473665
v 0.01320421 0.01093322 0.01405984
v 0.01125580 0.01621037 0.01205754
v -0.00000957 0.00964689 0.01757496
v 0.00724661 0.01619279 0.01473665
v -0.00000957 0.01617091 0.01549839
v -0.00726575 0.01619279 0.01473665
v -0.00000957 0.00964689 0.01757496
v -0.00000957 0.01617091 0.01549839
v -0.01174312 0.01622712 0.01205259
v -0.00879955 0.00999486 0.01669621
v -0.00726575 0.01619279 0.01473665
v -0.01670974 0.01184320 0.00878620
v -0.01174312 0.01622712 0.01205259
v -0.01475024 0.01619279 0.00725216
v -0.01758867 0.01216477 -0.00000383
v -0.01475024 0.01619279 0.00725216
v -0.01556581 0.01616811 -0.00000383
v -0.01475024 0.01619279 -0.00726008
v -0.01758867 0.01216477 -0.00000383
v -0.01556581 0.01616811 -0.00000383
v -0.01256108 0.01618003 -0.01239520
v -0.01670974 0.01184320 -0.00879383
v -0.01475024 0.01619279 -0.00726008
v -0.00879955 0.00999486 -0.01670414
v -0.01256108 0.01618003 -0.01239520
v -0.00726575 0.01619279 -0.01474446
v -0.00000957 0.00964689 -0.01758295
v -0.00726575 0.01619279 -0.01474446
v -0.00000957 0.01617354 -0.01545166
v 0.00724661 0.01619279 -0.01474446
v -0.00000957 0.00964689 -0.01758295
v -0.00000957 0.01617354 -0.01545166
v 0.01162219 0.01105070 -0.01406753
v 0.00724661 0.01619279 -0.01474446
v 0.01142030 0.01619696 -0.01223003
v 0.01359730 0.01184320 -0.00879383
v 0.01142030 0.01619696 -0.01223003
v 0.01328033 0.01619279 -0.00726008
v 0.01420414 0.01216477 -0.00000383
v 0.01328033 0.01619279 -0.00726008
v 0.01352620 0.01616293 -0.00000383
v 0.01328033 0.01619279 0.00725216
v 0.01420414 0.01216477 -0.00000383
v 0.01352620 0.01616293 -0.00000383
v 0.01125580 0.01621037 0.01205754
v 0.01420414 0.01184320 0.00878620
v 0.01328033 0.01619279 0.00725216
v -0.01369094 0.01715016 -0.00665986
v -0.01167714 0.01715016 -0.01149880
v -0.01444613 0.01715016 -0.00000217
v -0.00000629 0.01715016 -0.01432597
v -0.00666392 0.01715016 -0.01368695
v 0.00665134 0.01715016 -0.01368695
v 0.01052421 0.01715016 -0.01132470
v 0.01242089 0.01715016 -0.00000217
v 0.01222765 0.01715016 -0.00665986
v 0.01222765 0.01715016 0.00665522
v 0.01034992 0.01715016 0.01114565
v -0.00000629 0.01715016 0.01437950
v 0.00665134 0.01715016 0.01368248
v -0.00666392 0.01715016 0.01368248
v -0.01080578 0.01715016 0.01114565
v -0.01369094 0.01715016 0.00665522
v 0.00000078 -0.01715016 0.00000115
v 0.01052421 -0.01715016 -0.01132470
v 0.01142030 -0.01619696 -0.01223003
v 0.01328033 -0.01619279 -0.00726008
v 0.01052421 -0.01715016 -0.01132470
v 0.00665134 -0.01715016 -0.01368695
v 0.00724661 -0.01619279 -0.01474446
v 0.00901878 0.00000000 -0.01715713
v 0.01162219 -0.01105070 -0.01406753
v 0.01200371 0.00000000 -0.01444900
v 0.01359730 0.00000000 -0.00903225
v 0.01034992 -0.01715016 0.01114565
v 0.01125580 -0.01621037 0.01205754
v 0.00724661 -0.01619279 0.01473665
v 0.01222765 -0.01715016 0.00665522
v 0.01320421 -0.01093322 0.01405984
v 0.01420414 -0.01184320 0.00878620
v 0.00878048 -0.00999486 0.01669621
v 0.01320421 -0.01093322 0.01405984
v 0.01358550 0.00000000 0.01444125
v -0.01080578 -0.01715016 0.01114565
v -0.01174312 -0.01622712 0.01205259
v -0.01475024 -0.01619279 0.00725216
v -0.01080578 -0.01715016 0.01114565
v -0.00666392 -0.01715016 0.01368248
v -0.00726575 -0.01619279 0.01473665
v -0.00879955 -0.00999486 0.01669621
v -0.00903797 0.00000000 0.01714915
v -0.01445460 0.00000000 0.01444125
v -0.01407319 -0.01093322 0.01405984
v -0.01445460 0.00000000 0.01444125
v -0.01716274 0.00000000 0.00902462
v -0.01167714 -0.01715016 -0.01149880
v -0.01256108 -0.01618003 -0.01239520
v -0.00726575 -0.01619279 -0.01474446
v -0.01167714 -0.01715016 -0.01149880
v -0.01369094 -0.01715016 -0.00665986
v -0.01475024 -0.01619279 -0.00726008
v -0.01407319 -0.01105070 -0.01406753
v -0.01670974 -0.01184320 -0.00879383
v -0.01716274 0.00000000 -0.00903225
v -0.00879955 -0.00999486 -0.01670414
v -0.01407319 -0.01105070 -0.01406753
v -0.01445460 0.00000000 -0.01444900
v 0.01328033 -0.01619279 -0.00726008
v 0.01420414 0.00000000 0.00902462
v 0.01328033 -0.01619279 0.00725216
v 0.00665134 -0.01715016 0.01368248
v 0.00724661 -0.01619279 0.01473665
v -0.00000957 -0.01617091 0.01549839
v -0.00000957 0.00000000 0.01805180
v -0.00000957 0.00000000 0.01805180
v -0.00000957 -0.01617091 0.01549839
v -0.00726575 -0.01619279 0.01473665
v -0.00666392 -0.01715016 0.01368248
v -0.01369094 -0.01715016 0.00665522
v -0.01475024 -0.01619279 0.00725216
v -0.01556581 -0.01616811 -0.00000383
v -0.01716274 0.00000000 0.00902462
v -0.01716274 0.00000000 -0.00903225
v -0.01556581 -0.01616811 -0.00000383
v -0.01475024 -0.01619279 -0.00726008
v -0.01369094 -0.01715016 -0.00665986
v -0.00666392 -0.01715016 -0.01368695
v -0.00726575 -0.01619279 -0.01474446
v -0.00000957 -0.01617354 -0.01545166
v -0.00000957 0.00000000 -0.01805984
v -0.00000957 0.00000000 -0.01805984
v -0.00000957 -0.01617354 -0.01545166
v 0.00724661 -0.01619279 -0.01474446
v 0.00665134 -0.01715016 -0.01368695
v 0.00724661 -0.01619279 0.01473665
v 0.01125580 -0.01621037 0.01205754
v 0.01320421 -0.01093322 0.01405984
v 0.00724661 -0.01619279 0.01473665
v 0.00878048 -0.00999486 0.01669621
v -0.00000957 -0.00964689 0.01757496
v -0.00726575 -0.01619279 0.01473665
v -0.00000957 -0.01617091 0.01549839
v -0.00000957 -0.00964689 0.01757496
v -0.01174312 -0.01622712 0.01205259
v -0.00726575 -0.01619279 0.01473665
v -0.00879955 -0.00999486 0.01669621
v -0.01174312 -0.01622712 0.01205259
v -0.01407319 -0.01093322 0.01405984
v -0.01670974 -0.01184320 0.00878620
v -0.01475024 -0.01619279 0.00725216
v -0.01670974 -0.01184320 0.00878620
v -0.01758867 -0.01216477 -0.00000383
v -0.01475024 -0.01619279 -0.00726008
v -0.01556581 -0.01616811 -0.00000383
v -0.01758867 -0.01216477 -0.00000383
v -0.01256108 -0.01618003 -0.01239520
v -0.01475024 -0.01619279 -0.00726008
v -0.01670974 -0.01184320 -0.00879383
v -0.01256108 -0.01618003 -0.01239520
v -0.01407319 -0.01105070 -0.01406753
v -0.00879955 -0.00999486 -0.01670414
v -0.00726575 -0.01619279 -0.01474446
v -0.00879955 -0.00999486 -0.01670414
v -0.00000957 -0.00964689 -0.01758295
v 0.00724661 -0.01619279 -0.01474446
v -0.00000957 -0.01617354 -0.01545166
v -0.00000957 -0.00964689 -0.01758295
v 0.00724661 -0.01619279 -0.01474446
v 0.00878048 -0.00999486 -0.01670414
v 0.01162219 -0.01105070 -0.01406753
v 0.01142030 -0.01619696 -0.01223003
v 0.01162219 -0.01105070 -0.01406753
v 0.01359730 -0.01184320 -0.00879383
v 0.01328033 -0.01619279 -0.00726008
v 0.01359730 -0.01184320 -0.00879383
v 0.01420414 -0.01216477 -0.00000383
v 0.01328033 -0.01619279 0.00725216
v 0.01352620 -0.01616293 -0.00000383
v 0.01420414 -0.01216477 -0.00000383
v 0.01125580 -0.01621037 0.01205754
v 0.01328033 -0.01619279 0.00725216
v 0.01420414 -0.01184320 0.00878620
v 0.00000078 0.01715016 0.00000115
v 0.01328033 0.01619279 -0.00726008
v 0.01142030 0.01619696 -0.01223003
v 0.01052421 0.01715016 -0.01132470
v 0.01052421 0.01715016 -0.01132470
v 0.01142030 0.01619696 -0.01223003
v 0.00724661 0.01619279 -0.01474446
v 0.00901878 0.00000000 -0.01715713
v 0.01359730 0.00000000 -0.00903225
v 0.01200371 0.00000000 -0.01444900
v 0.01162219 0.01105070 -0.01406753
v 0.00724661 0.01619279 0.01473665
v 0.01125580 0.01621037 0.01205754
v 0.01034992 0.01715016 0.01114565
v 0.01125580 0.01621037 0.01205754
v 0.01320421 0.01093322 0.01405984
v 0.01358550 0.00000000 0.01444125
v 0.01420414 0.00000000 0.00902462
v 0.00878048 0.00999486 0.01669621
v 0.00901878 0.00000000 0.01714915
v 0.01358550 0.00000000 0.01444125
v -0.01475024 0.01619279 0.00725216
v -0.01174312 0.01622712 0.01205259
v -0.01080578 0.01715016 0.01114565
v -0.01080578 0.01715016 0.01114565
v -0.01174312 0.01622712 0.01205259
v -0.00726575 0.01619279 0.01473665
v -0.01445460 0.00000000 0.01444125
v -0.00903797 0.00000000 0.01714915
v -0.00879955 0.00999486 0.01669621
v -0.01716274 0.00000000 0.00902462
v -0.01445460 0.00000000 0.01444125
v -0.01407319 0.01093322 0.01405984
v -0.00726575 0.01619279 -0.01474446
v -0.01256108 0.01618003 -0.01239520
v -0.01167714 0.01715016 -0.01149880
v -0.01167714 0.01715016 -0.01149880
v -0.01256108 0.01618003 -0.01239520
v -0.01475024 0.01619279 -0.00726008
v -0.01407319 0.01105070 -0.01406753
v -0.01445460 0.00000000 -0.01444900
v -0.01716274 0.00000000 -0.00903225
v -0.00879955 0.00999486 -0.01670414
v -0.00903797 0.00000000 -0.01715713
v -0.01445460 0.00000000 -0.01444900
v 0.01242089 0.01715016 -0.00000217
v 0.01420414 0.01216477 -0.00000383
v 0.01328033 0.01619279 0.00725216
v 0.00665134 0.01715016 0.01368248
v -0.00000629 0.01715016 0.01437950
v -0.00000957 0.01617091 0.01549839
v -0.00000957 0.00000000 0.01805180
v -0.00879955 0.00999486 0.01669621
v -0.00666392 0.01715016 0.01368248
v -0.00726575 0.01619279 0.01473665
v -0.00000957 0.01617091 0.01549839
v -0.01369094 0.01715016 0.00665522
v -0.01444613 0.01715016 -0.00000217
v -0.01556581 0.01616811 -0.00000383
v -0.01758867 0.01216477 -0.00000383
v -0.01716274 0.00000000 -0.00903225
v -0.01369094 0.01715016 -0.00665986
v -0.01475024 0.01619279 -0.00726008
v -0.01556581 0.01616811 -0.00000383
v -0.00666392 0.01715016 -0.01368695
v -0.00000629 0.01715016 -0.01432597
v -0.00000957 0.01617354 -0.01545166
v -0.00000957 0.00000000 -0.01805984
v 0.00878048 0.00999486 -0.01670414
v 0.00665134 0.01715016 -0.01368695
v 0.00724661 0.01619279 -0.01474446
v -0.00000957 0.01617354 -0.01545166
v 0.00724661 0.01619279 0.01473665
v 0.00878048 0.00999486 0.01669621
v 0.01320421 0.01093322 0.01405984
v -0.00000957 0.00964689 0.01757496
v 0.00878048 0.00999486 0.01669621
v 0.00724661 0.01619279 0.01473665
v -0.00726575 0.01619279 0.01473665
v -0.00879955 0.00999486 0.01669621
v -0.00000957 0.00964689 0.01757496
v -0.01174312 0.01622712 0.01205259
v -0.01407319 0.01093322 0.01405984
v -0.00879955 0.00999486 0.01669621
v -0.01670974 0.01184320 0.00878620
v -0.01407319 0.01093322 0.01405984
v -0.01174312 0.01622712 0.01205259
v -0.01758867 0.01216477 -0.00000383
v -0.01670974 0.01184320 0.00878620
v -0.01475024 0.01619279 0.00725216
v -0.01475024 0.01619279 -0.00726008
v -0.01670974 0.01184320 -0.00879383
v -0.01758867 0.01216477 -0.00000383
v -0.01256108 0.01618003 -0.01239520
v -0.01407319 0.01105070 -0.01406753
v -0.01670974 0.01184320 -0.00879383
v -0.00879955 0.00999486 -0.01670414
v -0.01407319 0.01105070 -0.01406753
v -0.01256108 0.01618003 -0.01239520
v -0.00000957 0.00964689 -0.01758295
v -0.00879955 0.00999486 -0.01670414
v -0.00726575 0.01619279 -0.01474446
v 0.00724661 0.01619279 -0.01474446
v 0.00878048 0.00999486 -0.01670414
v -0.00000957 0.00964689 -0.01758295
v 0.01162219 0.01105070 -0.01406753
v 0.00878048 0.00999486 -0.01670414
v 0.00724661 0.01619279 -0.01474446
v 0.01359730 0.01184320 -0.00879383
v 0.01162219 0.01105070 -0.01406753
v 0.01142030 0.01619696 -0.01223003
v 0.01420414 0.01216477 -0.00000383
v 0.01359730 0.01184320 -0.00879383
v 0.01328033 0.01619279 -0.00726008
v 0.01328033 0.01619279 0.00725216
v 0.01420414 0.01184320 0.00878620
v 0.01420414 0.01216477 -0.00000383
v 0.01125580 0.01621037 0.01205754
v 0.01320421 0.01093322 0.01405984
v 0.01420414 0.01184320 0.00878620
v 0.01667553 -0.00794804 -0.00990343
v 0.01642864 -0.00594312 -0.01130449
v 0.01705074 -0.00546759 -0.01038926
v 0.01639795 -0.00983298 0.00860810
v 0.01574617 -0.00864977 0.01044523
v 0.01570987 -0.01070511 0.00938845
v 0.01643162 -0.00982833 -0.00893646
v 0.01598113 -0.01177221 -0.00708371
v 0.01574319 -0.01069915 -0.00971609
v 0.01696252 -0.01129007 0.00235450
v 0.01643741 -0.01236784 -0.00016167
v 0.01706314 -0.01135903 -0.00016201
v 0.01653289 -0.00547290 0.01005893
v 0.01594382 -0.00303227 0.01123815
v 0.01586407 -0.00594914 0.01097357
v 0.01742631 -0.00278884 -0.01063597
v 0.01703763 0.00000000 -0.01163482
v 0.01761585 0.00000000 -0.01069498
v 0.01654767 -0.01073235 0.00692087
v 0.01610648 -0.01205742 0.00518024
v 0.01675444 -0.01107519 0.00475150
v 0.01684248 -0.01113891 -0.00418937
v 0.01631593 -0.01229017 -0.00289374
v 0.01618987 -0.01212114 -0.00461751
v 0.01660817 0.00279277 0.01030433
v 0.01597487 0.00000000 0.01130080
v 0.01663988 0.00000000 0.01036304
v 0.01643693 0.00795132 0.00957346
v 0.01586407 0.00594908 0.01097357
v 0.01653289 0.00547290 0.01005893
v 0.01639795 0.00983226 0.00860810
v 0.01586508 0.01169061 0.00754464
v 0.01570987 0.01070505 0.00938845
v 0.01694965 0.01128804 -0.00267822
v 0.01643741 0.01236778 -0.00016167
v 0.01706314 0.01135903 -0.00016201
v 0.01675444 0.01107513 0.00475150
v 0.01633167 0.01229214 0.00257111
v 0.01610648 0.01205801 0.00518024
v 0.01667171 0.01081186 -0.00646192
v 0.01618987 0.01212108 -0.00461751
v 0.01684248 0.01113885 -0.00418937
v 0.01643162 0.00982893 -0.00893646
v 0.01600283 0.00864381 -0.01077556
v 0.01574319 0.01069909 -0.00971609
v 0.01705074 0.00546753 -0.01038926
v 0.01683533 0.00302756 -0.01157045
v 0.01642864 0.00594378 -0.01130449
v 0.01683533 0.00302756 -0.01157045
v 0.01629132 0.00000000 -0.01281267
v 0.01606637 0.00333995 -0.01274466
v 0.01703763 0.00000000 -0.01163482
v 0.01742631 0.00278950 -0.01063597
v 0.01761585 0.00000000 -0.01069498
v 0.01642864 0.00594378 -0.01130449
v 0.01606637 0.00333995 -0.01274466
v 0.01561290 0.00654864 -0.01244592
v 0.01600283 0.00864381 -0.01077556
v 0.01561290 0.00654864 -0.01244592
v 0.01515257 0.00952321 -0.01185929
v 0.01642864 0.00594378 -0.01130449
v 0.01667553 0.00794804 -0.00990343
v 0.01705074 0.00546753 -0.01038926
v 0.01574319 0.01069909 -0.00971609
v 0.01515257 0.00952321 -0.01185929
v 0.01486676 0.01179677 -0.01069599
v 0.01512074 0.01296734 -0.00786865
v 0.01574319 0.01069909 -0.00971609
v 0.01486676 0.01179677 -0.01069599
v 0.01598113 0.01177155 -0.00708371
v 0.01643162 0.00982893 -0.00893646
v 0.01574319 0.01069909 -0.00971609
v 0.01598113 0.01177155 -0.00708371
v 0.01534390 0.01336532 -0.00516170
v 0.01633167 0.01229214 0.00257111
v 0.01562827 0.01363915 -0.00016101
v 0.01550972 0.01355892 0.00285262
v 0.01643741 0.01236778 -0.00016167
v 0.01696252 0.01128941 0.00235450
v 0.01706314 0.01135903 -0.00016201
v 0.01610648 0.01205801 0.00518024
v 0.01550972 0.01355892 0.00285262
v 0.01525932 0.01329892 0.00572508
v 0.01549232 0.01355630 -0.00317401
v 0.01618987 0.01212108 -0.00461751
v 0.01534390 0.01336532 -0.00516170
v 0.01631593 0.01229017 -0.00289374
v 0.01684248 0.01113885 -0.00418937
v 0.01618987 0.01212108 -0.00461751
v 0.01631593 0.01229017 -0.00289374
v 0.01562827 0.01363915 -0.00016101
v 0.01643741 0.01236778 -0.00016167
v 0.01586508 0.01169061 0.00754464
v 0.01525932 0.01329892 0.00572508
v 0.01499855 0.01288312 0.00832886
v 0.01610648 0.01205801 0.00518024
v 0.01654767 0.01073229 0.00692087
v 0.01675444 0.01107513 0.00475150
v 0.01570987 0.01070505 0.00938845
v 0.01499855 0.01288312 0.00832886
v 0.01482981 0.01180267 0.01036834
v 0.01486808 0.00953054 0.01152998
v 0.01570987 0.01070505 0.00938845
v 0.01482981 0.01180267 0.01036834
v 0.01574617 0.00864971 0.01044523
v 0.01639795 0.00983226 0.00860810
v 0.01570987 0.01070505 0.00938845
v 0.01574617 0.00864971 0.01044523
v 0.01499038 0.00655591 0.01211524
v 0.01586407 0.00594908 0.01097357
v 0.01507979 0.00334322 0.01241046
v 0.01586407 0.00594908 0.01097357
v 0.01499038 0.00655591 0.01211524
v 0.01594382 0.00303221 0.01123815
v 0.01653289 0.00547290 0.01005893
v 0.01586407 0.00594908 0.01097357
v 0.01594382 0.00303221 0.01123815
v 0.01511758 0.00000000 0.01248002
v 0.01597487 0.00000000 0.01130080
v 0.01631593 -0.01229017 -0.00289374
v 0.01562827 -0.01363855 -0.00016101
v 0.01549232 -0.01355630 -0.00317401
v 0.01643741 -0.01236784 -0.00016167
v 0.01694965 -0.01128876 -0.00267822
v 0.01706314 -0.01135903 -0.00016201
v 0.01618987 -0.01212114 -0.00461751
v 0.01549232 -0.01355630 -0.00317401
v 0.01534390 -0.01336532 -0.00516170
v 0.01499855 -0.01288318 0.00832886
v 0.01570987 -0.01070511 0.00938845
v 0.01482981 -0.01180273 0.01036834
v 0.01586508 -0.01169133 0.00754464
v 0.01639795 -0.00983298 0.00860810
v 0.01570987 -0.01070511 0.00938845
v 0.01586508 -0.01169133 0.00754464
v 0.01525932 -0.01329898 0.00572508
v 0.01610648 -0.01205742 0.00518024
v 0.01606637 -0.00334060 -0.01274466
v 0.01642864 -0.00594312 -0.01130449
v 0.01561290 -0.00654936 -0.01244592
v 0.01683533 -0.00302762 -0.01157081
v 0.01705074 -0.00546759 -0.01038926
v 0.01642864 -0.00594312 -0.01130449
v 0.01683533 -0.00302762 -0.01157081
v 0.01629132 0.00000000 -0.01281267
v 0.01703763 0.00000000 -0.01163482
v 0.01594382 -0.00303227 0.01123815
v 0.01511758 0.00000000 0.01248002
v 0.01507979 -0.00334263 0.01241046
v 0.01597487 0.00000000 0.01130080
v 0.01660817 -0.00279218 0.01030433
v 0.01663988 0.00000000 0.01036304
v 0.01586407 -0.00594914 0.01097357
v 0.01507979 -0.00334263 0.01241046
v 0.01499038 -0.00655663 0.01211524
v 0.01550972 -0.01355832 0.00285262
v 0.01610648 -0.01205742 0.00518024
v 0.01525932 -0.01329898 0.00572508
v 0.01633167 -0.01229220 0.00257111
v 0.01675444 -0.01107519 0.00475150
v 0.01610648 -0.01205742 0.00518024
v 0.01633167 -0.01229220 0.00257111
v 0.01562827 -0.01363855 -0.00016101
v 0.01643741 -0.01236784 -0.00016167
v 0.01598113 -0.01177221 -0.00708371
v 0.01534390 -0.01336532 -0.00516170
v 0.01512074 -0.01296740 -0.00786865
v 0.01618987 -0.01212114 -0.00461751
v 0.01667171 -0.01081192 -0.00646192
v 0.01684248 -0.01113891 -0.00418937
v 0.01574319 -0.01069915 -0.00971609
v 0.01512074 -0.01296740 -0.00786865
v 0.01486676 -0.01179683 -0.01069599
v 0.01574617 -0.00864977 0.01044523
v 0.01499038 -0.00655663 0.01211524
v 0.01486808 -0.00953054 0.01152998
v 0.01586407 -0.00594914 0.01097357
v 0.01643693 -0.00795138 0.00957346
v 0.01653289 -0.00547290 0.01005893
v 0.01570987 -0.01070511 0.00938845
v 0.01486808 -0.00953054 0.01152998
v 0.01482981 -0.01180273 0.01036834
v 0.01515257 -0.00952327 -0.01185929
v 0.01574319 -0.01069915 -0.00971609
v 0.01486676 -0.01179683 -0.01069599
v 0.01600283 -0.00864315 -0.01077556
v 0.01643162 -0.00982833 -0.00893646
v 0.01574319 -0.01069915 -0.00971609
v 0.01600283 -0.00864315 -0.01077556
v 0.01561290 -0.00654936 -0.01244592
v 0.01642864 -0.00594312 -0.01130449
v 0.01667553 -0.00794804 -0.00990343
v 0.01600283 -0.00864315 -0.01077556
v 0.01642864 -0.00594312 -0.01130449
v 0.01639795 -0.00983298 0.00860810
v 0.01643693 -0.00795138 0.00957346
v 0.01574617 -0.00864977 0.01044523
v 0.01667171 -0.01081192 -0.00646192
v 0.01696252 -0.01129007 0.00235450
v 0.01633167 -0.01229220 0.00257111
v 0.01643741 -0.01236784 -0.00016167
v 0.01653289 -0.00547290 0.01005893
v 0.01660817 -0.00279218 0.01030433
v 0.01594382 -0.00303227 0.01123815
v 0.01683533 -0.00302762 -0.01157081
v 0.01654767 -0.01073235 0.00692087
v 0.01586508 -0.01169133 0.00754464
v 0.01610648 -0.01205742 0.00518024
v 0.01684248 -0.01113891 -0.00418937
v 0.01694965 -0.01128876 -0.00267822
v 0.01631593 -0.01229017 -0.00289374
v 0.01594382 0.00303221 0.01123815
v 0.01574617 0.00864971 0.01044523
v 0.01639795 0.00983226 0.00860810
v 0.01654767 0.01073229 0.00692087
v 0.01586508 0.01169061 0.00754464
v 0.01631593 0.01229017 -0.00289374
v 0.01696252 0.01128941 0.00235450
v 0.01643162 0.00982893 -0.00893646
v 0.01667553 0.00794804 -0.00990343
v 0.01600283 0.00864381 -0.01077556
v 0.01705074 0.00546753 -0.01038926
v 0.01742631 0.00278950 -0.01063597
v 0.01683533 0.00302756 -0.01157045
v 0.01703763 0.00000000 -0.01163482
v 0.01683533 0.00302756 -0.01157045
v 0.01642864 0.00594378 -0.01130449
v 0.01683533 0.00302756 -0.01157045
v 0.01606637 0.00333995 -0.01274466
v 0.01642864 0.00594378 -0.01130449
v 0.01642864 0.00594378 -0.01130449
v 0.01600283 0.00864381 -0.01077556
v 0.01667553 0.00794804 -0.00990343
v 0.01574319 0.01069909 -0.00971609
v 0.01600283 0.00864381 -0.01077556
v 0.01515257 0.00952321 -0.01185929
v 0.01512074 0.01296734 -0.00786865
v 0.01667171 0.01081186 -0.00646192
v 0.01598113 0.01177155 -0.00708371
v 0.01512074 0.01296734 -0.00786865
v 0.01534390 0.01336532 -0.00516170
v 0.01643741 0.01236778 -0.00016167
v 0.01643741 0.01236778 -0.00016167
v 0.01633167 0.01229214 0.00257111
v 0.01696252 0.01128941 0.00235450
v 0.01633167 0.01229214 0.00257111
v 0.01631593 0.01229017 -0.00289374
v 0.01631593 0.01229017 -0.00289374
v 0.01694965 0.01128804 -0.00267822
v 0.01684248 0.01113885 -0.00418937
v 0.01549232 0.01355630 -0.00317401
v 0.01610648 0.01205801 0.00518024
v 0.01610648 0.01205801 0.00518024
v 0.01586508 0.01169061 0.00754464
v 0.01654767 0.01073229 0.00692087
v 0.01570987 0.01070505 0.00938845
v 0.01586508 0.01169061 0.00754464
v 0.01499855 0.01288312 0.00832886
v 0.01574617 0.00864971 0.01044523
v 0.01574617 0.00864971 0.01044523
v 0.01643693 0.00795132 0.00957346
v 0.01639795 0.00983226 0.00860810
v 0.01486808 0.00953054 0.01152998
v 0.01507979 0.00334322 0.01241046
v 0.01594382 0.00303221 0.01123815
v 0.01586407 0.00594908 0.01097357
v 0.01594382 0.00303221 0.01123815
v 0.01660817 0.00279277 0.01030433
v 0.01653289 0.00547290 0.01005893
v 0.01507979 0.00334322 0.01241046
v 0.01643741 -0.01236784 -0.00016167
v 0.01631593 -0.01229017 -0.00289374
v 0.01631593 -0.01229017 -0.00289374
v 0.01499855 -0.01288318 0.00832886
v 0.01586508 -0.01169133 0.00754464
v 0.01570987 -0.01070511 0.00938845
v 0.01586508 -0.01169133 0.00754464
v 0.01654767 -0.01073235 0.00692087
v 0.01639795 -0.00983298 0.00860810
v 0.01586508 -0.01169133 0.00754464
v 0.01499855 -0.01288318 0.00832886
v 0.01525932 -0.01329898 0.00572508
v 0.01606637 -0.00334060 -0.01274466
v 0.01683533 -0.00302762 -0.01157081
v 0.01642864 -0.00594312 -0.01130449
v 0.01683533 -0.00302762 -0.01157081
v 0.01742631 -0.00278884 -0.01063597
v 0.01705074 -0.00546759 -0.01038926
v 0.01606637 -0.00334060 -0.01274466
v 0.01597487 0.00000000 0.01130080
v 0.01594382 -0.00303227 0.01123815
v 0.01586407 -0.00594914 0.01097357
v 0.01594382 -0.00303227 0.01123815
v 0.01507979 -0.00334263 0.01241046
v 0.01633167 -0.01229220 0.00257111
v 0.01696252 -0.01129007 0.00235450
v 0.01550972 -0.01355832 0.00285262
v 0.01598113 -0.01177221 -0.00708371
v 0.01534390 -0.01336532 -0.00516170
v 0.01512074 -0.01296740 -0.00786865
v 0.01586407 -0.00594914 0.01097357
v 0.01574617 -0.00864977 0.01044523
v 0.01574617 -0.00864977 0.01044523
v 0.01515257 -0.00952327 -0.01185929
v 0.01600283 -0.00864315 -0.01077556
v 0.01574319 -0.01069915 -0.00971609
v 0.01600283 -0.00864315 -0.01077556
v 0.01667553 -0.00794804 -0.00990343
v 0.01643162 -0.00982833 -0.00893646
v 0.01515257 -0.00952327 -0.01185929
v 0.01794826 -0.00284326 0.00474811
v 0.01734220 -0.00542188 0.00710094
v 0.01773405 -0.00556904 0.00468379
v 0.01810789 -0.00558102 -0.00411880
v 0.01845991 -0.00289631 -0.00261855
v 0.01818305 -0.00567520 -0.00259537
v 0.01743507 -0.00808269 0.00462079
v 0.01692903 -0.00963068 0.00666887
v 0.01715534 -0.00993711 0.00458336
v 0.01818305 -0.00567520 -0.00259537
v 0.01768380 -0.00810259 -0.00405741
v 0.01810789 -0.00558102 -0.00411880
v 0.01782637 -0.00829494 -0.00016300
v 0.01736992 -0.01012879 0.00227064
v 0.01748073 -0.01019376 -0.00016300
v 0.01845365 -0.00292015 -0.00016300
v 0.01803201 -0.00567520 0.00226933
v 0.01819747 -0.00571829 -0.00016300
v 0.01810789 -0.00558102 -0.00411880
v 0.01729184 -0.00787514 -0.00639164
v 0.01732450 -0.00543910 -0.00662941
v 0.01734220 0.00542182 0.00710094
v 0.01794826 0.00284386 0.00474811
v 0.01773405 0.00556970 0.00468379
v 0.01810789 0.00558096 -0.00411880
v 0.01845991 0.00289690 -0.00261855
v 0.01839613 0.00284851 -0.00418210
v 0.01692903 0.00962996 0.00666887
v 0.01743507 0.00808269 0.00462079
v 0.01715534 0.00993705 0.00458336
v 0.01768380 0.00810254 -0.00405741
v 0.01818305 0.00567514 -0.00259537
v 0.01810789 0.00558096 -0.00411880
v 0.01736992 0.01012873 0.00227064
v 0.01782637 0.00829488 -0.00016300
v 0.01748073 0.01019370 -0.00016300
v 0.01803201 0.00567579 0.00226933
v 0.01845365 0.00291944 -0.00016300
v 0.01819747 0.00571823 -0.00016300
v 0.01810789 0.00558096 -0.00411880
v 0.01729184 0.00787508 -0.00639164
v 0.01768380 0.00810254 -0.00405741
v 0.01745051 -0.00530380 -0.00927597
v 0.01694476 -0.00766623 -0.00952512
v 0.01731187 -0.00529051 -0.01000189
v 0.01685941 -0.00766820 0.00854146
v 0.01668101 -0.00946021 0.00826657
v 0.01680004 -0.00903511 0.00791508
v 0.01708644 -0.00965786 -0.00619799
v 0.01672047 -0.00945759 -0.00859356
v 0.01688641 -0.00903445 -0.00824171
v 0.01748073 -0.01019376 -0.00016300
v 0.01722866 -0.01087492 0.00228024
v 0.01733130 -0.01094126 -0.00016268
v 0.01707959 -0.00271517 0.00915921
v 0.01681679 -0.00529319 0.00967395
v 0.01698625 -0.00530380 0.00894970
v 0.01797544 0.00000000 -0.00954098
v 0.01767849 -0.00270396 -0.01023870
v 0.01786619 0.00000000 -0.01029407
v 0.01715534 -0.00993711 0.00458336
v 0.01681214 -0.01032644 0.00666487
v 0.01702308 -0.01066935 0.00459528
v 0.01738703 -0.01012879 -0.00259668
v 0.01711708 -0.01071441 -0.00403350
v 0.01728969 -0.00995964 -0.00402027
v 0.01711839 0.00000000 0.00921398
v 0.01689195 0.00270653 0.00991237
v 0.01692473 0.00000000 0.00997275
v 0.01698625 0.00530308 0.00894970
v 0.01671451 0.00766879 0.00919706
v 0.01681679 0.00529379 0.00967395
v 0.01692903 0.00962996 0.00666887
v 0.01668101 0.00946015 0.00826657
v 0.01680004 0.00903505 0.00791508
v 0.01748073 0.01019370 -0.00016300
v 0.01722002 0.01087486 -0.00260526
v 0.01733130 0.01094120 -0.00016268
v 0.01736992 0.01012873 0.00227064
v 0.01702308 0.01066988 0.00459528
v 0.01715534 0.00993705 0.00458336
v 0.01728969 0.00996089 -0.00402027
v 0.01692706 0.01037877 -0.00619829
v 0.01711708 0.01071435 -0.00403350
v 0.01708191 0.00766748 -0.00886810
v 0.01672047 0.00945753 -0.00859356
v 0.01688641 0.00903440 -0.00824171
v 0.01780074 0.00271583 -0.00948661
v 0.01731187 0.00529045 -0.01000189
v 0.01745051 0.00530374 -0.00927597
v 0.01767849 0.00270456 -0.01023870
v 0.01767849 0.00270456 -0.01023870
v 0.01797544 0.00000000 -0.00954098
v 0.01786619 0.00000000 -0.01029407
v 0.01731187 0.00529045 -0.01000189
v 0.01694476 0.00766617 -0.00952512
v 0.01705074 0.00546753 -0.01038926
v 0.01667553 0.00794804 -0.00990343
v 0.01694476 0.00766617 -0.00952512
v 0.01745051 0.00530374 -0.00927597
v 0.01731187 0.00529045 -0.01000189
v 0.01672047 0.00945753 -0.00859356
v 0.01667553 0.00794804 -0.00990343
v 0.01643162 0.00982893 -0.00893646
v 0.01667171 0.01081186 -0.00646192
v 0.01672047 0.00945753 -0.00859356
v 0.01643162 0.00982893 -0.00893646
v 0.01672047 0.00945753 -0.00859356
v 0.01708644 0.00965852 -0.00619799
v 0.01688641 0.00903440 -0.00824171
v 0.01692706 0.01037877 -0.00619829
v 0.01684248 0.01113885 -0.00418937
v 0.01711708 0.01071435 -0.00403350
v 0.01722866 0.01087421 0.00228024
v 0.01706314 0.01135903 -0.00016201
v 0.01696252 0.01128941 0.00235450
v 0.01722866 0.01087421 0.00228024
v 0.01748073 0.01019370 -0.00016300
v 0.01733130 0.01094120 -0.00016268
v 0.01702308 0.01066988 0.00459528
v 0.01696252 0.01128941 0.00235450
v 0.01675444 0.01107513 0.00475150
v 0.01711708 0.01071435 -0.00403350
v 0.01711708 0.01071435 -0.00403350
v 0.01738703 0.01012939 -0.00259668
v 0.01728969 0.00996089 -0.00402027
v 0.01722002 0.01087486 -0.00260526
v 0.01706314 0.01135903 -0.00016201
v 0.01733130 0.01094120 -0.00016268
v 0.01681214 0.01032704 0.00666487
v 0.01675444 0.01107513 0.00475150
v 0.01654767 0.01073229 0.00692087
v 0.01681214 0.01032704 0.00666487
v 0.01715534 0.00993705 0.00458336
v 0.01702308 0.01066988 0.00459528
v 0.01668101 0.00946015 0.00826657
v 0.01654767 0.01073229 0.00692087
v 0.01639795 0.00983226 0.00860810
v 0.01643693 0.00795132 0.00957346
v 0.01668101 0.00946015 0.00826657
v 0.01639795 0.00983226 0.00860810
v 0.01668101 0.00946015 0.00826657
v 0.01685941 0.00766814 0.00854146
v 0.01680004 0.00903505 0.00791508
v 0.01671451 0.00766879 0.00919706
v 0.01681679 0.00529379 0.00967395
v 0.01660817 0.00279277 0.01030433
v 0.01681679 0.00529379 0.00967395
v 0.01653289 0.00547290 0.01005893
v 0.01681679 0.00529379 0.00967395
v 0.01707959 0.00271583 0.00915921
v 0.01698625 0.00530308 0.00894970
v 0.01689195 0.00270653 0.00991237
v 0.01663988 0.00000000 0.01036304
v 0.01692473 0.00000000 0.00997275
v 0.01722002 -0.01087558 -0.00260526
v 0.01706314 -0.01135903 -0.00016201
v 0.01694965 -0.01128876 -0.00267822
v 0.01722002 -0.01087558 -0.00260526
v 0.01748073 -0.01019376 -0.00016300
v 0.01733130 -0.01094126 -0.00016268
v 0.01711708 -0.01071441 -0.00403350
v 0.01654767 -0.01073235 0.00692087
v 0.01668101 -0.00946021 0.00826657
v 0.01639795 -0.00983298 0.00860810
v 0.01668101 -0.00946021 0.00826657
v 0.01692903 -0.00963068 0.00666887
v 0.01680004 -0.00903511 0.00791508
v 0.01681214 -0.01032644 0.00666487
v 0.01675444 -0.01107519 0.00475150
v 0.01702308 -0.01066935 0.00459528
v 0.01731187 -0.00529051 -0.01000189
v 0.01731187 -0.00529051 -0.01000189
v 0.01780074 -0.00271517 -0.00948661
v 0.01745051 -0.00530380 -0.00927597
v 0.01767849 -0.00270396 -0.01023870
v 0.01761585 0.00000000 -0.01069498
v 0.01786619 0.00000000 -0.01029407
v 0.01689195 -0.00270659 0.00991237
v 0.01663988 0.00000000 0.01036304
v 0.01660817 -0.00279218 0.01030433
v 0.01689195 -0.00270659 0.00991237
v 0.01711839 0.00000000 0.00921398
v 0.01692473 0.00000000 0.00997275
v 0.01681679 -0.00529319 0.00967395
v 0.01660817 -0.00279218 0.01030433
v 0.01653289 -0.00547290 0.01005893
v 0.01696252 -0.01129007 0.00235450
v 0.01702308 -0.01066935 0.00459528
v 0.01675444 -0.01107519 0.00475150
v 0.01702308 -0.01066935 0.00459528
v 0.01736992 -0.01012879 0.00227064
v 0.01715534 -0.00993711 0.00458336
v 0.01722866 -0.01087492 0.00228024
v 0.01706314 -0.01135903 -0.00016201
v 0.01733130 -0.01094126 -0.00016268
v 0.01692706 -0.01037883 -0.00619829
v 0.01684248 -0.01113891 -0.00418937
v 0.01667171 -0.01081192 -0.00646192
v 0.01692706 -0.01037883 -0.00619829
v 0.01728969 -0.00995964 -0.00402027
v 0.01711708 -0.01071441 -0.00403350
v 0.01672047 -0.00945759 -0.00859356
v 0.01667171 -0.01081192 -0.00646192
v 0.01643162 -0.00982833 -0.00893646
v 0.01671451 -0.00766951 0.00919706
v 0.01653289 -0.00547290 0.01005893
v 0.01643693 -0.00795138 0.00957346
v 0.01671451 -0.00766951 0.00919706
v 0.01698625 -0.00530380 0.00894970
v 0.01681679 -0.00529319 0.00967395
v 0.01668101 -0.00946021 0.00826657
v 0.01643693 -0.00795138 0.00957346
v 0.01639795 -0.00983298 0.00860810
v 0.01667553 -0.00794804 -0.00990343
v 0.01672047 -0.00945759 -0.00859356
v 0.01643162 -0.00982833 -0.00893646
v 0.01672047 -0.00945759 -0.00859356
v 0.01708191 -0.00766754 -0.00886810
v 0.01688641 -0.00903445 -0.00824171
v 0.01694476 -0.00766623 -0.00952512
v 0.01705074 -0.00546759 -0.01038926
v 0.01731187 -0.00529051 -0.01000189
v 0.01839613 0.00284851 -0.00418210
v 0.01732450 0.00543904 -0.00662941
v 0.01810789 0.00558096 -0.00411880
v 0.01700550 0.00278217 -0.00706452
v 0.01745051 0.00530374 -0.00927597
v 0.01732450 0.00543904 -0.00662941
v 0.01729184 0.00787508 -0.00639164
v 0.01688641 0.00903440 -0.00824171
v 0.01708644 0.00965852 -0.00619799
v 0.01708191 0.00766748 -0.00886810
v 0.01732450 0.00543904 -0.00662941
v 0.01745051 0.00530374 -0.00927597
v 0.01768380 0.00810254 -0.00405741
v 0.01708644 0.00965852 -0.00619799
v 0.01728969 0.00996089 -0.00402027
v 0.01836860 0.00000000 0.00230813
v 0.01794826 0.00284386 0.00474811
v 0.01803386 0.00000000 0.00477928
v 0.01827359 0.00289690 0.00229251
v 0.01773405 0.00556970 0.00468379
v 0.01794826 0.00284386 0.00474811
v 0.01827359 0.00289690 0.00229251
v 0.01855230 0.00000000 -0.00016300
v 0.01845365 0.00291944 -0.00016300
v 0.01803201 0.00567579 0.00226933
v 0.01743507 0.00808269 0.00462079
v 0.01773405 0.00556970 0.00468379
v 0.01768893 0.00823784 0.00226468
v 0.01715534 0.00993705 0.00458336
v 0.01743507 0.00808269 0.00462079
v 0.01768893 0.00823784 0.00226468
v 0.01819747 0.00571823 -0.00016300
v 0.01782637 0.00829488 -0.00016300
v 0.01782637 0.00829488 -0.00016300
v 0.01738703 0.01012939 -0.00259668
v 0.01748073 0.01019370 -0.00016300
v 0.01777130 0.00823849 -0.00259066
v 0.01728969 0.00996089 -0.00402027
v 0.01738703 0.01012939 -0.00259668
v 0.01777130 0.00823849 -0.00259066
v 0.01819747 0.00571823 -0.00016300
v 0.01818305 0.00567514 -0.00259537
v 0.01734220 0.00542182 0.00710094
v 0.01685941 0.00766814 0.00854146
v 0.01698625 0.00530308 0.00894970
v 0.01713168 0.00785053 0.00686288
v 0.01680004 0.00903505 0.00791508
v 0.01685941 0.00766814 0.00854146
v 0.01713168 0.00785053 0.00686288
v 0.01773405 0.00556970 0.00468379
v 0.01743507 0.00808269 0.00462079
v 0.01845991 0.00289690 -0.00261855
v 0.01855230 0.00000000 -0.00016300
v 0.01856470 0.00000000 -0.00263411
v 0.01845365 0.00291944 -0.00016300
v 0.01818305 0.00567514 -0.00259537
v 0.01819747 0.00571823 -0.00016300
v 0.01839613 0.00284851 -0.00418210
v 0.01856470 0.00000000 -0.00263411
v 0.01850801 0.00000000 -0.00421298
v 0.01755714 0.00000000 0.00728500
v 0.01707959 0.00271583 0.00915921
v 0.01711839 0.00000000 0.00921398
v 0.01749408 0.00277287 0.00724053
v 0.01698625 0.00530308 0.00894970
v 0.01707959 0.00271583 0.00915921
v 0.01749408 0.00277287 0.00724053
v 0.01803386 0.00000000 0.00477928
v 0.01794826 0.00284386 0.00474811
v 0.01732450 -0.00543910 -0.00662941
v 0.01839613 -0.00284851 -0.00418210
v 0.01810789 -0.00558102 -0.00411880
v 0.01700550 -0.00278157 -0.00706452
v 0.01745051 -0.00530380 -0.00927597
v 0.01780074 -0.00271517 -0.00948661
v 0.01729184 -0.00787514 -0.00639164
v 0.01688641 -0.00903445 -0.00824171
v 0.01708191 -0.00766754 -0.00886810
v 0.01708644 -0.00965786 -0.00619799
v 0.01768380 -0.00810259 -0.00405741
v 0.01728969 -0.00995964 -0.00402027
v 0.01732450 -0.00543910 -0.00662941
v 0.01708191 -0.00766754 -0.00886810
v 0.01745051 -0.00530380 -0.00927597
v 0.01794826 -0.00284326 0.00474811
v 0.01836860 0.00000000 0.00230813
v 0.01803386 0.00000000 0.00477928
v 0.01827359 -0.00289690 0.00229251
v 0.01855230 0.00000000 -0.00016300
v 0.01836860 0.00000000 0.00230813
v 0.01827359 -0.00289690 0.00229251
v 0.01773405 -0.00556904 0.00468379
v 0.01803201 -0.00567520 0.00226933
v 0.01743507 -0.00808269 0.00462079
v 0.01803201 -0.00567520 0.00226933
v 0.01773405 -0.00556904 0.00468379
v 0.01768893 -0.00823790 0.00226468
v 0.01819747 -0.00571829 -0.00016300
v 0.01803201 -0.00567520 0.00226933
v 0.01768893 -0.00823790 0.00226468
v 0.01715534 -0.00993711 0.00458336
v 0.01736992 -0.01012879 0.00227064
v 0.01738703 -0.01012879 -0.00259668
v 0.01782637 -0.00829494 -0.00016300
v 0.01748073 -0.01019376 -0.00016300
v 0.01777130 -0.00823855 -0.00259066
v 0.01819747 -0.00571829 -0.00016300
v 0.01782637 -0.00829494 -0.00016300
v 0.01777130 -0.00823855 -0.00259066
v 0.01728969 -0.00995964 -0.00402027
v 0.01768380 -0.00810259 -0.00405741
v 0.01685941 -0.00766820 0.00854146
v 0.01734220 -0.00542188 0.00710094
v 0.01698625 -0.00530380 0.00894970
v 0.01713168 -0.00785124 0.00686288
v 0.01773405 -0.00556904 0.00468379
v 0.01734220 -0.00542188 0.00710094
v 0.01713168 -0.00785124 0.00686288
v 0.01680004 -0.00903511 0.00791508
v 0.01692903 -0.00963068 0.00666887
v 0.01845991 -0.00289631 -0.00261855
v 0.01855230 0.00000000 -0.00016300
v 0.01845365 -0.00292015 -0.00016300
v 0.01856470 0.00000000 -0.00263411
v 0.01839613 -0.00284851 -0.00418210
v 0.01850801 0.00000000 -0.00421298
v 0.01818305 -0.00567520 -0.00259537
v 0.01845365 -0.00292015 -0.00016300
v 0.01819747 -0.00571829 -0.00016300
v 0.01707959 -0.00271517 0.00915921
v 0.01755714 0.00000000 0.00728500
v 0.01711839 0.00000000 0.00921398
v 0.01749408 -0.00277293 0.00724053
v 0.01803386 0.00000000 0.00477928
v 0.01755714 0.00000000 0.00728500
v 0.01749408 -0.00277293 0.00724053
v 0.01698625 -0.00530380 0.00894970
v 0.01734220 -0.00542188 0.00710094
v 0.01700550 -0.00278157 -0.00706452
v 0.01663291 -0.00129759 -0.00868207
v 0.01663291 -0.00158507 -0.00737602
v 0.01797544 0.00000000 -0.00954098
v 0.01663291 -0.00129759 -0.00868207
v 0.01780074 -0.00271517 -0.00948661
v 0.01797544 0.00000000 -0.00954098
v 0.01663291 0.00129688 -0.00868207
v 0.01663291 0.00000000 -0.00895685
v 0.01700550 0.00278217 -0.00706452
v 0.01663291 0.00129688 -0.00868207
v 0.01780074 0.00271583 -0.00948661
v 0.01700550 0.00278217 -0.00706452
v 0.01663291 0.00136083 -0.00614762
v 0.01663291 0.00158435 -0.00737602
v 0.01850801 0.00000000 -0.00421298
v 0.01663291 0.00136083 -0.00614762
v 0.01839613 0.00284851 -0.00418210
v 0.01700550 -0.00278157 -0.00706452
v 0.01663291 -0.00136125 -0.00614762
v 0.01839613 -0.00284851 -0.00418210
v 0.01850801 0.00000000 -0.00421298
v 0.01663291 -0.00136125 -0.00614762
v 0.01663291 0.00000000 -0.00592142
v 0.01663291 -0.00158507 -0.00737602
v 0.01466649 -0.00128001 -0.00866520
v 0.01466649 -0.00156319 -0.00737685
v 0.01663291 0.00000000 -0.00895685
v 0.01466649 -0.00128001 -0.00866520
v 0.01663291 -0.00129759 -0.00868207
v 0.01663291 0.00000000 -0.00895685
v 0.01466649 0.00127923 -0.00866520
v 0.01466649 0.00000000 -0.00893611
v 0.01663291 0.00158435 -0.00737602
v 0.01466649 0.00127923 -0.00866520
v 0.01663291 0.00129688 -0.00868207
v 0.01663291 0.00158435 -0.00737602
v 0.01466649 0.00134230 -0.00616515
v 0.01466649 0.00156248 -0.00737685
v 0.01663291 0.00000000 -0.00592142
v 0.01466649 0.00134230 -0.00616515
v 0.01663291 0.00136083 -0.00614762
v 0.01663291 -0.00158507 -0.00737602
v 0.01466649 -0.00134301 -0.00616515
v 0.01663291 -0.00136125 -0.00614762
v 0.01663291 0.00000000 -0.00592142
v 0.01466649 -0.00134301 -0.00616515
v 0.01466649 0.00000000 -0.00594199
v 0.01466649 0.00000000 -0.00741565
v 0.01466649 -0.00128001 -0.00866520
v 0.01466649 0.00000000 -0.00893611
v 0.01466649 0.00127923 -0.00866520
v 0.01466649 0.00156248 -0.00737685
v 0.01466649 0.00134230 -0.00616515
v 0.01466649 0.00000000 -0.00594199
v 0.01466649 -0.00134301 -0.00616515
v 0.01466649 -0.00156319 -0.00737685
v 0.01794826 -0.00284326 0.00474811
v 0.01749408 -0.00277293 0.00724053
v 0.01734220 -0.00542188 0.00710094
v 0.01810789 -0.00558102 -0.00411880
v 0.01839613 -0.00284851 -0.00418210
v 0.01845991 -0.00289631 -0.00261855
v 0.01743507 -0.00808269 0.00462079
v 0.01713168 -0.00785124 0.00686288
v 0.01692903 -0.00963068 0.00666887
v 0.01818305 -0.00567520 -0.00259537
v 0.01777130 -0.00823855 -0.00259066
v 0.01768380 -0.00810259 -0.00405741
v 0.01782637 -0.00829494 -0.00016300
v 0.01768893 -0.00823790 0.00226468
v 0.01736992 -0.01012879 0.00227064
v 0.01827359 -0.00289690 0.00229251
v 0.01810789 -0.00558102 -0.00411880
v 0.01768380 -0.00810259 -0.00405741
v 0.01729184 -0.00787514 -0.00639164
v 0.01734220 0.00542182 0.00710094
v 0.01749408 0.00277287 0.00724053
v 0.01794826 0.00284386 0.00474811
v 0.01810789 0.00558096 -0.00411880
v 0.01818305 0.00567514 -0.00259537
v 0.01845991 0.00289690 -0.00261855
v 0.01692903 0.00962996 0.00666887
v 0.01713168 0.00785053 0.00686288
v 0.01743507 0.00808269 0.00462079
v 0.01768380 0.00810254 -0.00405741
v 0.01777130 0.00823849 -0.00259066
v 0.01818305 0.00567514 -0.00259537
v 0.01736992 0.01012873 0.00227064
v 0.01768893 0.00823784 0.00226468
v 0.01782637 0.00829488 -0.00016300
v 0.01827359 0.00289690 0.00229251
v 0.01810789 0.00558096 -0.00411880
v 0.01732450 0.00543904 -0.00662941
v 0.01729184 0.00787508 -0.00639164
v 0.01745051 -0.00530380 -0.00927597
v 0.01708191 -0.00766754 -0.00886810
v 0.01694476 -0.00766623 -0.00952512
v 0.01685941 -0.00766820 0.00854146
v 0.01671451 -0.00766951 0.00919706
v 0.01668101 -0.00946021 0.00826657
v 0.01708644 -0.00965786 -0.00619799
v 0.01692706 -0.01037883 -0.00619829
v 0.01672047 -0.00945759 -0.00859356
v 0.01748073 -0.01019376 -0.00016300
v 0.01736992 -0.01012879 0.00227064
v 0.01722866 -0.01087492 0.00228024
v 0.01707959 -0.00271517 0.00915921
v 0.01689195 -0.00270659 0.00991237
v 0.01681679 -0.00529319 0.00967395
v 0.01797544 0.00000000 -0.00954098
v 0.01780074 -0.00271517 -0.00948661
v 0.01767849 -0.00270396 -0.01023870
v 0.01692903 -0.00963068 0.00666887
v 0.01722002 -0.01087558 -0.00260526
v 0.01711839 0.00000000 0.00921398
v 0.01707959 0.00271583 0.00915921
v 0.01689195 0.00270653 0.00991237
v 0.01698625 0.00530308 0.00894970
v 0.01685941 0.00766814 0.00854146
v 0.01671451 0.00766879 0.00919706
v 0.01692903 0.00962996 0.00666887
v 0.01681214 0.01032704 0.00666487
v 0.01668101 0.00946015 0.00826657
v 0.01748073 0.01019370 -0.00016300
v 0.01738703 0.01012939 -0.00259668
v 0.01722002 0.01087486 -0.00260526
v 0.01736992 0.01012873 0.00227064
v 0.01722866 0.01087421 0.00228024
v 0.01702308 0.01066988 0.00459528
v 0.01692706 0.01037877 -0.00619829
v 0.01708191 0.00766748 -0.00886810
v 0.01694476 0.00766617 -0.00952512
v 0.01672047 0.00945753 -0.00859356
v 0.01780074 0.00271583 -0.00948661
v 0.01767849 0.00270456 -0.01023870
v 0.01731187 0.00529045 -0.01000189
v 0.01767849 0.00270456 -0.01023870
v 0.01786619 0.00000000 -0.01029407
v 0.01761585 0.00000000 -0.01069498
v 0.01767849 0.00270456 -0.01023870
v 0.01780074 0.00271583 -0.00948661
v 0.01797544 0.00000000 -0.00954098
v 0.01767849 0.00270456 -0.01023870
v 0.01694476 0.00766617 -0.00952512
v 0.01731187 0.00529045 -0.01000189
v 0.01705074 0.00546753 -0.01038926
v 0.01694476 0.00766617 -0.00952512
v 0.01708191 0.00766748 -0.00886810
v 0.01745051 0.00530374 -0.00927597
v 0.01694476 0.00766617 -0.00952512
v 0.01667171 0.01081186 -0.00646192
v 0.01692706 0.01037877 -0.00619829
v 0.01672047 0.00945753 -0.00859356
v 0.01672047 0.00945753 -0.00859356
v 0.01692706 0.01037877 -0.00619829
v 0.01708644 0.00965852 -0.00619799
v 0.01692706 0.01037877 -0.00619829
v 0.01667171 0.01081186 -0.00646192
v 0.01684248 0.01113885 -0.00418937
v 0.01722866 0.01087421 0.00228024
v 0.01733130 0.01094120 -0.00016268
v 0.01706314 0.01135903 -0.00016201
v 0.01722866 0.01087421 0.00228024
v 0.01736992 0.01012873 0.00227064
v 0.01748073 0.01019370 -0.00016300
v 0.01722866 0.01087421 0.00228024
v 0.01694965 0.01128804 -0.00267822
v 0.01722002 0.01087486 -0.00260526
v 0.01711708 0.01071435 -0.00403350
v 0.01722002 0.01087486 -0.00260526
v 0.01694965 0.01128804 -0.00267822
v 0.01681214 0.01032704 0.00666487
v 0.01702308 0.01066988 0.00459528
v 0.01675444 0.01107513 0.00475150
v 0.01681214 0.01032704 0.00666487
v 0.01692903 0.00962996 0.00666887
v 0.01715534 0.00993705 0.00458336
v 0.01668101 0.00946015 0.00826657
v 0.01681214 0.01032704 0.00666487
v 0.01654767 0.01073229 0.00692087
v 0.01671451 0.00766879 0.00919706
v 0.01668101 0.00946015 0.00826657
v 0.01671451 0.00766879 0.00919706
v 0.01685941 0.00766814 0.00854146
v 0.01671451 0.00766879 0.00919706
v 0.01643693 0.00795132 0.00957346
v 0.01653289 0.00547290 0.01005893
v 0.01689195 0.00270653 0.00991237
v 0.01681679 0.00529379 0.00967395
v 0.01689195 0.00270653 0.00991237
v 0.01707959 0.00271583 0.00915921
v 0.01689195 0.00270653 0.00991237
v 0.01660817 0.00279277 0.01030433
v 0.01663988 0.00000000 0.01036304
v 0.01733130 -0.01094126 -0.00016268
v 0.01722002 -0.01087558 -0.00260526
v 0.01738703 -0.01012879 -0.00259668
v 0.01748073 -0.01019376 -0.00016300
v 0.01711708 -0.01071441 -0.00403350
v 0.01722002 -0.01087558 -0.00260526
v 0.01694965 -0.01128876 -0.00267822
v 0.01654767 -0.01073235 0.00692087
v 0.01681214 -0.01032644 0.00666487
v 0.01668101 -0.00946021 0.00826657
v 0.01668101 -0.00946021 0.00826657
v 0.01681214 -0.01032644 0.00666487
v 0.01692903 -0.00963068 0.00666887
v 0.01681214 -0.01032644 0.00666487
v 0.01654767 -0.01073235 0.00692087
v 0.01675444 -0.01107519 0.00475150
v 0.01767849 -0.00270396 -0.01023870
v 0.01731187 -0.00529051 -0.01000189
v 0.01767849 -0.00270396 -0.01023870
v 0.01780074 -0.00271517 -0.00948661
v 0.01767849 -0.00270396 -0.01023870
v 0.01689195 -0.00270659 0.00991237
v 0.01692473 0.00000000 0.00997275
v 0.01663988 0.00000000 0.01036304
v 0.01689195 -0.00270659 0.00991237
v 0.01707959 -0.00271517 0.00915921
v 0.01711839 0.00000000 0.00921398
v 0.01689195 -0.00270659 0.00991237
v 0.01722866 -0.01087492 0.00228024
v 0.01702308 -0.01066935 0.00459528
v 0.01722866 -0.01087492 0.00228024
v 0.01736992 -0.01012879 0.00227064
v 0.01722866 -0.01087492 0.00228024
v 0.01696252 -0.01129007 0.00235450
v 0.01706314 -0.01135903 -0.00016201
v 0.01692706 -0.01037883 -0.00619829
v 0.01711708 -0.01071441 -0.00403350
v 0.01684248 -0.01113891 -0.00418937
v 0.01692706 -0.01037883 -0.00619829
v 0.01672047 -0.00945759 -0.00859356
v 0.01692706 -0.01037883 -0.00619829
v 0.01667171 -0.01081192 -0.00646192
v 0.01671451 -0.00766951 0.00919706
v 0.01681679 -0.00529319 0.00967395
v 0.01671451 -0.00766951 0.00919706
v 0.01685941 -0.00766820 0.00854146
v 0.01698625 -0.00530380 0.00894970
v 0.01668101 -0.00946021 0.00826657
v 0.01671451 -0.00766951 0.00919706
v 0.01643693 -0.00795138 0.00957346
v 0.01694476 -0.00766623 -0.00952512
v 0.01672047 -0.00945759 -0.00859356
v 0.01694476 -0.00766623 -0.00952512
v 0.01708191 -0.00766754 -0.00886810
v 0.01694476 -0.00766623 -0.00952512
v 0.01667553 -0.00794804 -0.00990343
v 0.01705074 -0.00546759 -0.01038926
v 0.01839613 0.00284851 -0.00418210
v 0.01700550 0.00278217 -0.00706452
v 0.01732450 0.00543904 -0.00662941
v 0.01700550 0.00278217 -0.00706452
v 0.01780074 0.00271583 -0.00948661
v 0.01745051 0.00530374 -0.00927597
v 0.01729184 0.00787508 -0.00639164
v 0.01708191 0.00766748 -0.00886810
v 0.01688641 0.00903440 -0.00824171
v 0.01708191 0.00766748 -0.00886810
v 0.01729184 0.00787508 -0.00639164
v 0.01732450 0.00543904 -0.00662941
v 0.01768380 0.00810254 -0.00405741
v 0.01729184 0.00787508 -0.00639164
v 0.01708644 0.00965852 -0.00619799
v 0.01827359 0.00289690 0.00229251
v 0.01827359 0.00289690 0.00229251
v 0.01803201 0.00567579 0.00226933
v 0.01773405 0.00556970 0.00468379
v 0.01836860 0.00000000 0.00230813
v 0.01803201 0.00567579 0.00226933
v 0.01768893 0.00823784 0.00226468
v 0.01743507 0.00808269 0.00462079
v 0.01768893 0.00823784 0.00226468
v 0.01736992 0.01012873 0.00227064
v 0.01715534 0.00993705 0.00458336
v 0.01768893 0.00823784 0.00226468
v 0.01803201 0.00567579 0.00226933
v 0.01819747 0.00571823 -0.00016300
v 0.01782637 0.00829488 -0.00016300
v 0.01777130 0.00823849 -0.00259066
v 0.01738703 0.01012939 -0.00259668
v 0.01777130 0.00823849 -0.00259066
v 0.01768380 0.00810254 -0.00405741
v 0.01728969 0.00996089 -0.00402027
v 0.01777130 0.00823849 -0.00259066
v 0.01782637 0.00829488 -0.00016300
v 0.01819747 0.00571823 -0.00016300
v 0.01734220 0.00542182 0.00710094
v 0.01713168 0.00785053 0.00686288
v 0.01685941 0.00766814 0.00854146
v 0.01713168 0.00785053 0.00686288
v 0.01692903 0.00962996 0.00666887
v 0.01680004 0.00903505 0.00791508
v 0.01773405 0.00556970 0.00468379
v 0.01845991 0.00289690 -0.00261855
v 0.01845365 0.00291944 -0.00016300
v 0.01855230 0.00000000 -0.00016300
v 0.01845365 0.00291944 -0.00016300
v 0.01845991 0.00289690 -0.00261855
v 0.01818305 0.00567514 -0.00259537
v 0.01845991 0.00289690 -0.00261855
v 0.01755714 0.00000000 0.00728500
v 0.01749408 0.00277287 0.00724053
v 0.01707959 0.00271583 0.00915921
v 0.01749408 0.00277287 0.00724053
v 0.01734220 0.00542182 0.00710094
v 0.01698625 0.00530308 0.00894970
v 0.01749408 0.00277287 0.00724053
v 0.01755714 0.00000000 0.00728500
v 0.01803386 0.00000000 0.00477928
v 0.01732450 -0.00543910 -0.00662941
v 0.01700550 -0.00278157 -0.00706452
v 0.01839613 -0.00284851 -0.00418210
v 0.01700550 -0.00278157 -0.00706452
v 0.01732450 -0.00543910 -0.00662941
v 0.01745051 -0.00530380 -0.00927597
v 0.01729184 -0.00787514 -0.00639164
v 0.01708644 -0.00965786 -0.00619799
v 0.01688641 -0.00903445 -0.00824171
v 0.01708644 -0.00965786 -0.00619799
v 0.01729184 -0.00787514 -0.00639164
v 0.01768380 -0.00810259 -0.00405741
v 0.01732450 -0.00543910 -0.00662941
v 0.01729184 -0.00787514 -0.00639164
v 0.01708191 -0.00766754 -0.00886810
v 0.01827359 -0.00289690 0.00229251
v 0.01845365 -0.00292015 -0.00016300
v 0.01827359 -0.00289690 0.00229251
v 0.01794826 -0.00284326 0.00474811
v 0.01773405 -0.00556904 0.00468379
v 0.01743507 -0.00808269 0.00462079
v 0.01768893 -0.00823790 0.00226468
v 0.01803201 -0.00567520 0.00226933
v 0.01768893 -0.00823790 0.00226468
v 0.01782637 -0.00829494 -0.00016300
v 0.01819747 -0.00571829 -0.00016300
v 0.01768893 -0.00823790 0.00226468
v 0.01743507 -0.00808269 0.00462079
v 0.01715534 -0.00993711 0.00458336
v 0.01738703 -0.01012879 -0.00259668
v 0.01777130 -0.00823855 -0.00259066
v 0.01782637 -0.00829494 -0.00016300
v 0.01777130 -0.00823855 -0.00259066
v 0.01818305 -0.00567520 -0.00259537
v 0.01819747 -0.00571829 -0.00016300
v 0.01777130 -0.00823855 -0.00259066
v 0.01738703 -0.01012879 -0.00259668
v 0.01728969 -0.00995964 -0.00402027
v 0.01685941 -0.00766820 0.00854146
v 0.01713168 -0.00785124 0.00686288
v 0.01743507 -0.00808269 0.00462079
v 0.01773405 -0.00556904 0.00468379
v 0.01713168 -0.00785124 0.00686288
v 0.01685941 -0.00766820 0.00854146
v 0.01680004 -0.00903511 0.00791508
v 0.01845991 -0.00289631 -0.00261855
v 0.01856470 0.00000000 -0.00263411
v 0.01855230 0.00000000 -0.00016300
v 0.01845991 -0.00289631 -0.00261855
v 0.01818305 -0.00567520 -0.00259537
v 0.01845991 -0.00289631 -0.00261855
v 0.01845365 -0.00292015 -0.00016300
v 0.01707959 -0.00271517 0.00915921
v 0.01749408 -0.00277293 0.00724053
v 0.01755714 0.00000000 0.00728500
v 0.01749408 -0.00277293 0.00724053
v 0.01794826 -0.00284326 0.00474811
v 0.01803386 0.00000000 0.00477928
v 0.01749408 -0.00277293 0.00724053
v 0.01707959 -0.00271517 0.00915921
v 0.01698625 -0.00530380 0.00894970
v 0.01700550 -0.00278157 -0.00706452
v 0.01780074 -0.00271517 -0.00948661
v 0.01663291 -0.00129759 -0.00868207
v 0.01797544 0.00000000 -0.00954098
v 0.01663291 0.00000000 -0.00895685
v 0.01663291 -0.00129759 -0.00868207
v 0.01797544 0.00000000 -0.00954098
v 0.01780074 0.00271583 -0.00948661
v 0.01663291 0.00129688 -0.00868207
v 0.01700550 0.00278217 -0.00706452
v 0.01663291 0.00158435 -0.00737602
v 0.01663291 0.00129688 -0.00868207
v 0.01700550 0.00278217 -0.00706452
v 0.01839613 0.00284851 -0.00418210
v 0.01663291 0.00136083 -0.00614762
v 0.01850801 0.00000000 -0.00421298
v 0.01663291 0.00000000 -0.00592142
v 0.01663291 0.00136083 -0.00614762
v 0.01700550 -0.00278157 -0.00706452
v 0.01663291 -0.00158507 -0.00737602
v 0.01663291 -0.00136125 -0.00614762
v 0.01850801 0.00000000 -0.00421298
v 0.01839613 -0.00284851 -0.00418210
v 0.01663291 -0.00136125 -0.00614762
v 0.01663291 -0.00129759 -0.00868207
v 0.01466649 0.00000000 -0.00893611
v 0.01663291 0.00129688 -0.00868207
v 0.01466649 0.00156248 -0.00737685
v 0.01663291 0.00136083 -0.00614762
v 0.01466649 0.00000000 -0.00594199
v 0.01466649 -0.00156319 -0.00737685
v 0.01663291 -0.00136125 -0.00614762
vt 0.56458333 0.34821429
vt 0.56458333 0.34821429
vt 0.56458333 0.34821429
vt 0.56458333 0.34821429
vt 0.56458333 0.34821429
vt 0.56458333 0.34821429
vt 0.56458333 0.34821429
vt 0.56458333 0.34821429
vt 0.56458333 0.34821429
vt 0.56458333 0.34821429
vt 0.56458333 0.34821429
vt 0.56458333 0.34821429
vt 0.56458333 0.34821429
vt 0.56458333 0.34821429
vt 0.56458333 0.34821429
vt 0.56458333 0.34821429
vt 0.56458333 0.34821429
vt 0.56458333 0.34821429
vt 0.56458333 0.34821429
vt 0.56458333 0.34821429
vt 0.56458333 0.34821429
vt 0.56458333 0.34821429
vt 0.56458333 0.34821429
vt 0.56458333 0.34821429
vt 0.56458333 0.34821429
vt 0.56458333 0.34821429
vt 0.56458333 0.34821429
vt 0.56458333 0.34821429
vt 0.56458333 0.34821429
vt 0.56458333 0.34821429
vt 0.56458333 0.34821429
vt 0.56458333 0.34821429
vt 0.56458333 0.34821429
vt 0.56458333 0.34821429
vt 0.56458333 0.34821429
vt 0.56458333 0.34821429
vt 0.56458333 0.34821429
vt 0.56458333 0.34821429
vt 0.56458333 0.34821429
vt 0.56458333 0.34821429
vt 0.56458333 0.34821429
vt 0.56458333 0.34821429
vt 0.56458333 0.34821429
vt 0.56458333 0.34821429
vt 0.56458333 0.34821429
vt 0.56458333 0.34821429
vt 0.56458333 0.34821429
vt 0.56458333 0.34821429
vt 0.56458333 0.34821429
vt 0.56458333 0.34821429
vt 0.56458333 0.34821429
vt 0.56458333 0.34821429
vt 0.56458333 0.34821429
vt 0.56458333 0.34821429
vt 0.56458333 0.34821429
vt 0.56458333 0.34821429
vt 0.56458333 0.34821429
vt 0.56458333 0.34821429
vt 0.56458333 0.34821429
vt 0.56458333 0.34821429
vt 0.56458333 0.34821429
vt 0.56458333 0.34821429
vt 0.56458333 0.34821429
vt 0.56458333 0.34821429
vt 0.56458333 0.34821429
vt 0.56458333 0.34821429
vt 0.56458333 0.34821429
vt 0.56458333 0.34821429
vt 0.56458333 0.34821429
vt 0.56458333 0.34821429
vt 0.56458333 0.34821429
vt 0.56458333 0.34821429
vt 0.56458333 0.34821429
vt 0.56458333 0.34821429
vt 0.56458333 0.34821429
vt 0.56458333 0.34821429
vt 0.56458333 0.34821429
vt 0.56458333 0.34821429
vt 0.56458333 0.34821429
vt 0.56458333 0.34821429
vt 0.56458333 0.34821429
vt 0.56458333 0.34821429
vt 0.56458333 0.34821429
vt 0.56458333 0.34821429
vt 0.56458333 0.34821429
vt 0.56458333 0.34821429
vt 0.56458333 0.34821429
vt 0.56458333 0.34821429
vt 0.56458333 0.34821429
vt 0.56458333 0.34821429
vt 0.56458333 0.34821429
vt 0.56458333 0.34821429
vt 0.56458333 0.34821429
vt 0.56458333 0.34821429
vt 0.56458333 0.34821429
vt 0.56458333 0.34821429
vt 0.56458333 0.34821429
vt 0.56458333 0.34821429
vt 0.56458333 0.34821429
vt 0.56458333 0.34821429
vt 0.56458333 0.34821429
vt 0.56458333 0.34821429
vt 0.56458333 0.34821429
vt 0.56458333 0.34821429
vt 0.56458333 0.34821429
vt 0.56458333 0.34821429
vt 0.56458333 0.34821429
vt 0.56458333 0.34821429
vt 0.56458333 0.34821429
vt 0.56458333 0.34821429
vt 0.56458333 0.34821429
vt 0.56458333 0.34821429
vt 0.56458333 0.34821429
vt 0.56458333 0.34821429
vt 0.56458333 0.34821429
vt 0.56458333 0.34821429
vt 0.56458333 0.34821429
vt 0.56458333 0.34821429
vt 0.56458333 0.34821429
vt 0.56458333 0.34821429
vt 0.56458333 0.34821429
vt 0.56458333 0.34821429
vt 0.56458333 0.34821429
vt 0.56458333 0.34821429
vt 0.56458333 0.34821429
vt 0.56458333 0.34821429
vt 0.56458333 0.34821429
vt 0.56458333 0.34821429
vt 0.56458333 0.34821429
vt 0.56458333 0.34821429
vt 0.56458333 0.34821429
vt 0.56458333 0.34821429
vt 0.56458333 0.34821429
vt 0.56458333 0.34821429
vt 0.56458333 0.34821429
vt 0.56458333 0.34821429
vt 0.56458333 0.34821429
vt 0.56458333 0.34821429
vt 0.56458333 0.34821429
vt 0.56458333 0.34821429
vt 0.56458333 0.34821429
vt 0.56458333 0.34821429
vt 0.56458333 0.34821429
vt 0.56458333 0.34821429
vt 0.56458333 0.34821429
vt 0.56458333 0.34821429
vt 0.56458333 0.34821429
vt 0.56458333 0.34821429
vt 0.56458333 0.34821429
vt 0.56458333 0.34821429
vt 0.56458333 0.34821429
vt 0.56458333 0.34821429
vt 0.56458333 0.34821429
vt 0.56458333 0.34821429
vt 0.56458333 0.34821429
vt 0.56458333 0.34821429
vt 0.56458333 0.34821429
vt 0.56458333 0.34821429
vt 0.56458333 0.34821429
vt 0.56458333 0.34821429
vt 0.56458333 0.34821429
vt 0.56458333 0.34821429
vt 0.56458333 0.34821429
vt 0.56458333 0.34821429
vt 0.56458333 0.34821429
vt 0.56458333 0.34821429
vt 0.56458333 0.34821429
vt 0.56458333 0.34821429
vt 0.56458333 0.34821429
vt 0.56458333 0.34821429
vt 0.56458333 0.34821429
vt 0.56458333 0.34821429
vt 0.56458333 0.34821429
vt 0.56458333 0.34821429
vt 0.56458333 0.34821429
vt 0.56458333 0.34821429
vt 0.56458333 0.34821429
vt 0.56458333 0.34821429
vt 0.56458333 0.34821429
vt 0.56458333 0.34821429
vt 0.56458333 0.34821429
vt 0.56458333 0.34821429
vt 0.56458333 0.34821429
vt 0.56458333 0.34821429
vt 0.56458333 0.34821429
vt 0.56458333 0.34821429
vt 0.56458333 0.34821429
vt 0.56458333 0.34821429
vt 0.56458333 0.34821429
vt 0.56458333 0.34821429
vt 0.56458333 0.34821429
vt 0.56458333 0.34821429
vt 0.56458333 0.34821429
vt 0.56458333 0.34821429
vt 0.56458333 0.34821429
vt 0.56458333 0.34821429
vt 0.56458333 0.34821429
vt 0.56458333 0.34821429
vt 0.56458333 0.34821429
vt 0.56458333 0.34821429
vt 0.56458333 0.34821429
vt 0.56458333 0.34821429
vt 0.56458333 0.34821429
vt 0.56458333 0.34821429
vt 0.56458333 0.34821429
vt 0.56458333 0.34821429
vt 0.56458333 0.34821429
vt 0.56458333 0.34821429
vt 0.56458333 0.34821429
vt 0.56458333 0.34821429
vt 0.56458333 0.34821429
vt 0.56458333 0.34821429
vt 0.56458333 0.34821429
vt 0.56458333 0.34821429
vt 0.56458333 0.34821429
vt 0.56458333 0.34821429
vt 0.56458333 0.34821429
vt 0.56458333 0.34821429
vt 0.56458333 0.34821429
vt 0.56458333 0.34821429
vt 0.56458333 0.34821429
vt 0.56458333 0.34821429
vt 0.56458333 0.34821429
vt 0.56458333 0.34821429
vt 0.56458333 0.34821429
vt 0.56458333 0.34821429
vt 0.56458333 0.34821429
vt 0.56458333 0.34821429
vt 0.56458333 0.34821429
vt 0.56458333 0.34821429
vt 0.56458333 0.34821429
vt 0.56458333 0.34821429
vt 0.56458333 0.34821429
vt 0.56458333 0.34821429
vt 0.56458333 0.34821429
vt 0.56458333 0.34821429
vt 0.56458333 0.34821429
vt 0.56458333 0.34821429
vt 0.56458333 0.34821429
vt 0.56458333 0.34821429
vt 0.56458333 0.34821429
vt 0.56458333 0.34821429
vt 0.56458333 0.34821429
vt 0.56458333 0.34821429
vt 0.56458333 0.34821429
vt 0.56458333 0.34821429
vt 0.56458333 0.34821429
vt 0.56458333 0.34821429
vt 0.56458333 0.34821429
vt 0.56458333 0.34821429
vt 0.56458333 0.34821429
vt 0.56458333 0.34821429
vt 0.56458333 0.34821429
vt 0.56458333 0.34821429
vt 0.56458333 0.34821429
vt 0.56458333 0.34821429
vt 0.56458333 0.34821429
vt 0.56458333 0.34821429
vt 0.56458333 0.34821429
vt 0.56458333 0.34821429
vt 0.56458333 0.34821429
vt 0.56458333 0.34821429
vt 0.56458333 0.34821429
vt 0.56458333 0.34821429
vt 0.56458333 0.34821429
vt 0.56458333 0.34821429
vt 0.56458333 0.34821429
vt 0.56458333 0.34821429
vt 0.56458333 0.34821429
vt 0.56458333 0.34821429
vt 0.56458333 0.34821429
vt 0.56458333 0.34821429
vt 0.56458333 0.34821429
vt 0.56458333 0.34821429
vt 0.56458333 0.34821429
vt 0.56458333 0.34821429
vt 0.56458333 0.34821429
vt 0.56458333 0.34821429
vt 0.56458333 0.34821429
vt 0.56458333 0.34821429
vt 0.56458333 0.34821429
vt 0.56458333 0.34821429
vt 0.56458333 0.34821429
vt 0.56458333 0.34821429
vt 0.56458333 0.34821429
vt 0.56458333 0.34821429
vt 0.56458333 0.34821429
vt 0.56458333 0.34821429
vt 0.56458333 0.34821429
vt 0.56458333 0.34821429
vt 0.56458333 0.34821429
vt 0.56458333 0.34821429
vt 0.56458333 0.34821429
vt 0.56458333 0.34821429
vt 0.56458333 0.34821429
vt 0.56458333 0.34821429
vt 0.56458333 0.34821429
vt 0.56458333 0.34821429
vt 0.56458333 0.34821429
vt 0.56458333 0.34821429
vt 0.56458333 0.34821429
vt 0.56458333 0.34821429
vt 0.56458333 0.34821429
vt 0.56458333 0.34821429
vt 0.56458333 0.34821429
vt 0.56458333 0.34821429
vt 0.56458333 0.34821429
vt 0.56458333 0.34821429
vt 0.56458333 0.34821429
vt 0.56458333 0.34821429
vt 0.56458333 0.34821429
vt 0.56458333 0.34821429
vt 0.56458333 0.34821429
vt 0.56458333 0.34821429
vt 0.56458333 0.34821429
vt 0.56458333 0.34821429
vt 0.56458333 0.34821429
vt 0.56458333 0.34821429
vt 0.56458333 0.34821429
vt 0.56458333 0.34821429
vt 0.56458333 0.34821429
vt 0.56458333 0.34821429
vt 0.56458333 0.34821429
vt 0.56458333 0.34821429
vt 0.56458333 0.34821429
vt 0.56458333 0.34821429
vt 0.56458333 0.34821429
vt 0.56458333 0.34821429
vt 0.56458333 0.34821429
vt 0.56458333 0.34821429
vt 0.56458333 0.34821429
vt 0.56458333 0.34821429
vt 0.56458333 0.34821429
vt 0.56458333 0.34821429
vt 0.56458333 0.34821429
vt 0.56458333 0.34821429
vt 0.56458333 0.34821429
vt 0.56458333 0.34821429
vt 0.56458333 0.34821429
vt 0.56458333 0.34821429
vt 0.56458333 0.34821429
vt 0.56458333 0.34821429
vt 0.56458333 0.34821429
vt 0.56458333 0.34821429
vt 0.56458333 0.34821429
vt 0.56458333 0.34821429
vt 0.56458333 0.34821429
vt 0.56458333 0.34821429
vt 0.56458333 0.34821429
vt 0.56458333 0.34821429
vt 0.56458333 0.34821429
vt 0.56458333 0.34821429
vt 0.56458333 0.34821429
vt 0.56458333 0.34821429
vt 0.56458333 0.34821429
vt 0.56458333 0.34821429
vt 0.56458333 0.34821429
vt 0.56458333 0.34821429
vt 0.56458333 0.34821429
vt 0.56458333 0.34821429
vt 0.56458333 0.34821429
vt 0.56458333 0.34821429
vt 0.56458333 0.34821429
vt 0.56458333 0.34821429
vt 0.56458333 0.34821429
vt 0.56458333 0.34821429
vt 0.56458333 0.34821429
vt 0.56458333 0.34821429
vt 0.56458333 0.34821429
vt 0.56458333 0.34821429
vt 0.56458333 0.34821429
vt 0.56458333 0.34821429
vt 0.56458333 0.34821429
vt 0.56458333 0.34821429
vt 0.56458333 0.34821429
vt 0.56458333 0.34821429
vt 0.56458333 0.34821429
vt 0.56458333 0.34821429
vt 0.56458333 0.34821429
vt 0.56458333 0.34821429
vt 0.56458333 0.34821429
vt 0.56458333 0.34821429
vt 0.56458333 0.34821429
vt 0.56458333 0.34821429
vt 0.56458333 0.34821429
vt 0.56458333 0.34821429
vt 0.56458333 0.34821429
vt 0.56458333 0.34821429
vt 0.56458333 0.34821429
vt 0.56458333 0.34821429
vt 0.56458333 0.34821429
vt 0.56458333 0.34821429
vt 0.56458333 0.34821429
vt 0.56458333 0.34821429
vt 0.56458333 0.34821429
vt 0.56458333 0.34821429
vt 0.56458333 0.34821429
vt 0.56458333 0.34821429
vt 0.56458333 0.34821429
vt 0.56458333 0.34821429
vt 0.56458333 0.34821429
vt 0.56458333 0.34821429
vt 0.56458333 0.34821429
vt 0.56458333 0.34821429
vt 0.56458333 0.34821429
vt 0.56458333 0.34821429
vt 0.56458333 0.34821429
vt 0.56458333 0.34821429
vt 0.56458333 0.34821429
vt 0.56458333 0.34821429
vt 0.56458333 0.34821429
vt 0.56458333 0.34821429
vt 0.56458333 0.34821429
vt 0.56458333 0.34821429
vt 0.56458333 0.34821429
vt 0.56458333 0.34821429
vt 0.56458333 0.34821429
vt 0.56458333 0.34821429
vt 0.56458333 0.34821429
vt 0.56458333 0.34821429
vt 0.56458333 0.34821429
vt 0.56458333 0.34821429
vt 0.56458333 0.34821429
vt 0.56458333 0.34821429
vt 0.56458333 0.34821429
vt 0.56458333 0.34821429
vt 0.56458333 0.34821429
vt 0.56458333 0.34821429
vt 0.56458333 0.34821429
vt 0.56458333 0.34821429
vt 0.56458333 0.34821429
vt 0.56458333 0.34821429
vt 0.56458333 0.34821429
vt 0.56458333 0.34821429
vt 0.56458333 0.34821429
vt 0.56458333 0.34821429
vt 0.56458333 0.34821429
vt 0.56458333 0.34821429
vt 0.56458333 0.34821429
vt 0.56458333 0.34821429
vt 0.56458333 0.34821429
vt 0.56458333 0.34821429
vt 0.56458333 0.34821429
vt 0.56458333 0.34821429
vt 0.56458333 0.34821429
vt 0.56458333 0.34821429
vt 0.56458333 0.34821429
vt 0.56458333 0.34821429
vt 0.56458333 0.34821429
vt 0.56458333 0.34821429
vt 0.56458333 0.34821429
vt 0.56458333 0.34821429
vt 0.56458333 0.34821429
vt 0.56458333 0.34821429
vt 0.56458333 0.34821429
vt 0.56458333 0.34821429
vt 0.56458333 0.34821429
vt 0.56458333 0.34821429
vt 0.56458333 0.34821429
vt 0.56458333 0.34821429
vt 0.56458333 0.34821429
vt 0.56458333 0.34821429
vt 0.56458333 0.34821429
vt 0.56458333 0.34821429
vt 0.56458333 0.34821429
vt 0.56458333 0.34821429
vt 0.56458333 0.34821429
vt 0.56458333 0.34821429
vt 0.56458333 0.34821429
vt 0.56458333 0.34821429
vt 0.56458333 0.34821429
vt 0.56458333 0.34821429
vt 0.56458333 0.34821429
vt 0.56458333 0.34821429
vt 0.56458333 0.34821429
vt 0.56458333 0.34821429
vt 0.56458333 0.34821429
vt 0.56458333 0.34821429
vt 0.56458333 0.34821429
vt 0.56458333 0.34821429
vt 0.56458333 0.34821429
vt 0.56458333 0.34821429
vt 0.56458333 0.34821429
vt 0.56458333 0.34821429
vt 0.56458333 0.34821429
vt 0.56458333 0.34821429
vt 0.56458333 0.34821429
vt 0.56458333 0.34821429
vt 0.56458333 0.34821429
vt 0.56458333 0.34821429
vt 0.56458333 0.34821429
vt 0.56458333 0.34821429
vt 0.56458333 0.34821429
vt 0.56458333 0.34821429
vt 0.56458333 0.34821429
vt 0.56458333 0.34821429
vt 0.56458333 0.34821429
vt 0.56458333 0.34821429
vt 0.56458333 0.34821429
vt 0.56458333 0.34821429
vt 0.56458333 0.34821429
vt 0.56458333 0.34821429
vt 0.56458333 0.34821429
vt 0.56458333 0.34821429
vt 0.56458333 0.34821429
vt 0.56458333 0.34821429
vt 0.56458333 0.34821429
vt 0.56458333 0.34821429
vt 0.56458333 0.34821429
vt 0.56458333 0.34821429
vt 0.56458333 0.34821429
vt 0.56458333 0.34821429
vt 0.56458333 0.34821429
vt 0.56458333 0.34821429
vt 0.56458333 0.34821429
vt 0.56458333 0.34821429
vt 0.56458333 0.34821429
vt 0.56458333 0.34821429
vt 0.56458333 0.34821429
vt 0.56458333 0.34821429
vt 0.56458333 0.34821429
vt 0.56458333 0.34821429
vt 0.56458333 0.34821429
vt 0.56458333 0.34821429
vt 0.56458333 0.34821429
vt 0.56458333 0.34821429
vt 0.56458333 0.34821429
vt 0.56458333 0.34821429
vt 0.56458333 0.34821429
vt 0.56458333 0.34821429
vt 0.56458333 0.34821429
vt 0.56458333 0.34821429
vt 0.56458333 0.34821429
vt 0.56458333 0.34821429
vt 0.56458333 0.34821429
vt 0.56458333 0.34821429
vt 0.56458333 0.34821429
vt 0.56458333 0.34821429
vt 0.56458333 0.34821429
vt 0.56458333 0.34821429
vt 0.56458333 0.34821429
vt 0.56458333 0.34821429
vt 0.56458333 0.34821429
vt 0.56458333 0.34821429
vt 0.56458333 0.34821429
vt 0.56458333 0.34821429
vt 0.56458333 0.34821429
vt 0.56458333 0.34821429
vt 0.56458333 0.34821429
vt 0.56458333 0.34821429
vt 0.56458333 0.34821429
vt 0.56458333 0.34821429
vt 0.56458333 0.34821429
vt 0.56458333 0.34821429
vt 0.56458333 0.34821429
vt 0.56458333 0.34821429
vt 0.56458333 0.34821429
vt 0.56458333 0.34821429
vt 0.56458333 0.34821429
vt 0.56458333 0.34821429
vt 0.56458333 0.34821429
vt 0.56458333 0.34821429
vt 0.56458333 0.34821429
vt 0.56458333 0.34821429
vt 0.56458333 0.34821429
vt 0.56458333 0.34821429
vt 0.56458333 0.34821429
vt 0.56458333 0.34821429
vt 0.56458333 0.34821429
vt 0.56458333 0.34821429
vt 0.56458333 0.34821429
vt 0.56458333 0.34821429
vt 0.56458333 0.34821429
vt 0.56458333 0.34821429
vt 0.56458333 0.34821429
vt 0.56458333 0.34821429
vt 0.56458333 0.34821429
vt 0.56458333 0.34821429
vt 0.56458333 0.34821429
vt 0.56458333 0.34821429
vt 0.56458333 0.34821429
vt 0.56458333 0.34821429
vt 0.56458333 0.34821429
vt 0.56458333 0.34821429
vt 0.56458333 0.34821429
vt 0.56458333 0.34821429
vt 0.56458333 0.34821429
vt 0.56458333 0.34821429
vt 0.56458333 0.34821429
vt 0.16458333 0.34821429
vt 0.16458333 0.34821429
vt 0.16458333 0.34821429
vt 0.16458333 0.34821429
vt 0.16458333 0.34821429
vt 0.16458333 0.34821429
vt 0.16458333 0.34821429
vt 0.16458333 0.34821429
vt 0.16458333 0.34821429
vt 0.16458333 0.34821429
vt 0.16458333 0.34821429
vt 0.16458333 0.34821429
vt 0.16458333 0.34821429
vt 0.16458333 0.34821429
vt 0.16458333 0.34821429
vt 0.16458333 0.34821429
vt 0.16458333 0.34821429
vt 0.16458333 0.34821429
vt 0.16458333 0.34821429
vt 0.16458333 0.34821429
vt 0.16458333 0.34821429
vt 0.16458333 0.34821429
vt 0.16458333 0.34821429
vt 0.16458333 0.34821429
vt 0.16458333 0.34821429
vt 0.16458333 0.34821429
vt 0.16458333 0.34821429
vt 0.16458333 0.34821429
vt 0.16458333 0.34821429
vt 0.16458333 0.34821429
vt 0.16458333 0.34821429
vt 0.16458333 0.34821429
vt 0.16458333 0.34821429
vt 0.16458333 0.34821429
vt 0.16458333 0.34821429
vt 0.16458333 0.34821429
vt 0.16458333 0.34821429
vt 0.16458333 0.34821429
vt 0.16458333 0.34821429
vt 0.16458333 0.34821429
vt 0.16458333 0.34821429
vt 0.16458333 0.34821429
vt 0.16458333 0.34821429
vt 0.16458333 0.34821429
vt 0.16458333 0.34821429
vt 0.16458333 0.34821429
vt 0.16458333 0.34821429
vt 0.16458333 0.34821429
vt 0.16458333 0.34821429
vt 0.16458333 0.34821429
vt 0.16458333 0.34821429
vt 0.16458333 0.34821429
vt 0.16458333 0.34821429
vt 0.16458333 0.34821429
vt 0.16458333 0.34821429
vt 0.16458333 0.34821429
vt 0.16458333 0.34821429
vt 0.16458333 0.34821429
vt 0.16458333 0.34821429
vt 0.16458333 0.34821429
vt 0.16458333 0.34821429
vt 0.16458333 0.34821429
vt 0.16458333 0.34821429
vt 0.16458333 0.34821429
vt 0.16458333 0.34821429
vt 0.16458333 0.34821429
vt 0.16458333 0.34821429
vt 0.16458333 0.34821429
vt 0.16458333 0.34821429
vt 0.16458333 0.34821429
vt 0.16458333 0.34821429
vt 0.16458333 0.34821429
vt 0.16458333 0.34821429
vt 0.16458333 0.34821429
vt 0.16458333 0.34821429
vt 0.16458333 0.34821429
vt 0.16458333 0.34821429
vt 0.16458333 0.34821429
vt 0.16458333 0.34821429
vt 0.16458333 0.34821429
vt 0.16458333 0.34821429
vt 0.16458333 0.34821429
vt 0.16458333 0.34821429
vt 0.16458333 0.34821429
vt 0.16458333 0.34821429
vt 0.16458333 0.34821429
vt 0.16458333 0.34821429
vt 0.16458333 0.34821429
vt 0.16458333 0.34821429
vt 0.16458333 0.34821429
vt 0.16458333 0.34821429
vt 0.16458333 0.34821429
vt 0.16458333 0.34821429
vt 0.16458333 0.34821429
vt 0.16458333 0.34821429
vt 0.16458333 0.34821429
vt 0.16458333 0.34821429
vt 0.16458333 0.34821429
vt 0.16458333 0.34821429
vt 0.16458333 0.34821429
vt 0.16458333 0.34821429
vt 0.16458333 0.34821429
vt 0.16458333 0.34821429
vt 0.16458333 0.34821429
vt 0.16458333 0.34821429
vt 0.16458333 0.34821429
vt 0.16458333 0.34821429
vt 0.16458333 0.34821429
vt 0.16458333 0.34821429
vt 0.16458333 0.34821429
vt 0.16458333 0.34821429
vt 0.16458333 0.34821429
vt 0.16458333 0.34821429
vt 0.16458333 0.34821429
vt 0.16458333 0.34821429
vt 0.16458333 0.34821429
vt 0.16458333 0.34821429
vt 0.16458333 0.34821429
vt 0.16458333 0.34821429
vt 0.16458333 0.34821429
vt 0.16458333 0.34821429
vt 0.16458333 0.34821429
vt 0.16458333 0.34821429
vt 0.16458333 0.34821429
vt 0.16458333 0.34821429
vt 0.16458333 0.34821429
vt 0.16458333 0.34821429
vt 0.16458333 0.34821429
vt 0.16458333 0.34821429
vt 0.16458333 0.34821429
vt 0.16458333 0.34821429
vt 0.16458333 0.34821429
vt 0.16458333 0.34821429
vt 0.16458333 0.34821429
vt 0.16458333 0.34821429
vt 0.16458333 0.34821429
vt 0.16458333 0.34821429
vt 0.16458333 0.34821429
vt 0.16458333 0.34821429
vt 0.16458333 0.34821429
vt 0.16458333 0.34821429
vt 0.16458333 0.34821429
vt 0.16458333 0.34821429
vt 0.16458333 0.34821429
vt 0.16458333 0.34821429
vt 0.16458333 0.34821429
vt 0.16458333 0.34821429
vt 0.16458333 0.34821429
vt 0.16458333 0.34821429
vt 0.16458333 0.34821429
vt 0.16458333 0.34821429
vt 0.16458333 0.34821429
vt 0.16458333 0.34821429
vt 0.16458333 0.34821429
vt 0.16458333 0.34821429
vt 0.16458333 0.34821429
vt 0.16458333 0.34821429
vt 0.16458333 0.34821429
vt 0.16458333 0.34821429
vt 0.16458333 0.34821429
vt 0.16458333 0.34821429
vt 0.16458333 0.34821429
vt 0.16458333 0.34821429
vt 0.16458333 0.34821429
vt 0.16458333 0.34821429
vt 0.16458333 0.34821429
vt 0.16458333 0.34821429
vt 0.16458333 0.34821429
vt 0.16458333 0.34821429
vt 0.16458333 0.34821429
vt 0.16458333 0.34821429
vt 0.16458333 0.34821429
vt 0.16458333 0.34821429
vt 0.16458333 0.34821429
vt 0.16458333 0.34821429
vt 0.16458333 0.34821429
vt 0.16458333 0.34821429
vt 0.16458333 0.34821429
vt 0.16458333 0.34821429
vt 0.16458333 0.34821429
vt 0.16458333 0.34821429
vt 0.16458333 0.34821429
vt 0.16458333 0.34821429
vt 0.16458333 0.34821429
vt 0.16458333 0.34821429
vt 0.16458333 0.34821429
vt 0.16458333 0.34821429
vt 0.16458333 0.34821429
vt 0.16458333 0.34821429
vt 0.16458333 0.34821429
vt 0.16458333 0.34821429
vt 0.16458333 0.34821429
vt 0.16458333 0.34821429
vt 0.16458333 0.34821429
vt 0.16458333 0.34821429
vt 0.16458333 0.34821429
vt 0.16458333 0.34821429
vt 0.16458333 0.34821429
vt 0.16458333 0.34821429
vt 0.16458333 0.34821429
vt 0.16458333 0.34821429
vt 0.16458333 0.34821429
vt 0.16458333 0.34821429
vt 0.16458333 0.34821429
vt 0.16458333 0.34821429
vt 0.16458333 0.34821429
vt 0.16458333 0.34821429
vt 0.16458333 0.34821429
vt 0.16458333 0.34821429
vt 0.16458333 0.34821429
vt 0.16458333 0.34821429
vt 0.16458333 0.34821429
vt 0.16458333 0.34821429
vt 0.16458333 0.34821429
vt 0.16458333 0.34821429
vt 0.16458333 0.34821429
vt 0.16458333 0.34821429
vt 0.16458333 0.34821429
vt 0.16458333 0.34821429
vt 0.16458333 0.34821429
vt 0.16458333 0.34821429
vt 0.16458333 0.34821429
vt 0.16458333 0.34821429
vt 0.16458333 0.34821429
vt 0.16458333 0.34821429
vt 0.16458333 0.34821429
vt 0.16458333 0.34821429
vt 0.16458333 0.34821429
vt 0.16458333 0.34821429
vt 0.16458333 0.34821429
vt 0.16458333 0.34821429
vt 0.16458333 0.34821429
vt 0.16458333 0.34821429
vt 0.16458333 0.34821429
vt 0.16458333 0.34821429
vt 0.16458333 0.34821429
vt 0.16458333 0.34821429
vt 0.16458333 0.34821429
vt 0.16458333 0.34821429
vt 0.16458333 0.34821429
vt 0.16458333 0.34821429
vt 0.16458333 0.34821429
vt 0.16458333 0.34821429
vt 0.16458333 0.34821429
vt 0.16458333 0.34821429
vt 0.16458333 0.34821429
vt 0.16458333 0.34821429
vt 0.16458333 0.34821429
vt 0.16458333 0.34821429
vt 0.16458333 0.34821429
vt 0.16458333 0.34821429
vt 0.16458333 0.34821429
vt 0.16458333 0.34821429
vt 0.16458333 0.34821429
vt 0.16458333 0.34821429
vt 0.16458333 0.34821429
vt 0.16458333 0.34821429
vt 0.16458333 0.34821429
vt 0.16458333 0.34821429
vt 0.16458333 0.34821429
vt 0.16458333 0.34821429
vt 0.16458333 0.34821429
vt 0.16458333 0.34821429
vt 0.16458333 0.34821429
vt 0.16458333 0.34821429
vt 0.16458333 0.34821429
vt 0.16458333 0.34821429
vt 0.16458333 0.34821429
vt 0.16458333 0.34821429
vt 0.16458333 0.34821429
vt 0.16458333 0.34821429
vt 0.16458333 0.34821429
vt 0.16458333 0.34821429
vt 0.16458333 0.34821429
vt 0.16458333 0.34821429
vt 0.16458333 0.34821429
vt 0.16458333 0.34821429
vt 0.16458333 0.34821429
vt 0.16458333 0.34821429
vt 0.16458333 0.34821429
vt 0.16458333 0.34821429
vt 0.16458333 0.34821429
vt 0.16458333 0.34821429
vt 0.16458333 0.34821429
vt 0.16458333 0.34821429
vt 0.16458333 0.34821429
vt 0.16458333 0.34821429
vt 0.16458333 0.34821429
vt 0.16458333 0.34821429
vt 0.16458333 0.34821429
vt 0.16458333 0.34821429
vt 0.16458333 0.34821429
vt 0.16458333 0.34821429
vt 0.16458333 0.34821429
vt 0.16458333 0.34821429
vt 0.16458333 0.34821429
vt 0.16458333 0.34821429
vt 0.16458333 0.34821429
vt 0.16458333 0.34821429
vt 0.16458333 0.34821429
vt 0.16458333 0.34821429
vt 0.16458333 0.34821429
vt 0.16458333 0.34821429
vt 0.16458333 0.34821429
vt 0.16458333 0.34821429
vt 0.16458333 0.34821429
vt 0.16458333 0.34821429
vt 0.16458333 0.34821429
vt 0.16458333 0.34821429
vt 0.16458333 0.34821429
vt 0.16458333 0.34821429
vt 0.16458333 0.34821429
vt 0.16458333 0.34821429
vt 0.16458333 0.34821429
vt 0.16458333 0.34821429
vt 0.16458333 0.34821429
vt 0.16458333 0.34821429
vt 0.16458333 0.34821429
vt 0.16458333 0.34821429
vt 0.16458333 0.34821429
vt 0.16458333 0.34821429
vt 0.16458333 0.34821429
vt 0.16458333 0.34821429
vt 0.16458333 0.34821429
vt 0.16458333 0.34821429
vt 0.16458333 0.34821429
vt 0.16458333 0.34821429
vt 0.16458333 0.34821429
vt 0.16458333 0.34821429
vt 0.16458333 0.34821429
vt 0.16458333 0.34821429
vt 0.16458333 0.34821429
vt 0.16458333 0.34821429
vt 0.16458333 0.34821429
vt 0.16458333 0.34821429
vt 0.16458333 0.34821429
vt 0.16458333 0.34821429
vt 0.16458333 0.34821429
vt 0.16458333 0.34821429
vt 0.16458333 0.34821429
vt 0.16458333 0.34821429
vt 0.16458333 0.34821429
vt 0.16458333 0.34821429
vt 0.16458333 0.34821429
vt 0.16458333 0.34821429
vt 0.16458333 0.34821429
vt 0.16458333 0.34821429
vt 0.16458333 0.34821429
vt 0.16458333 0.34821429
vt 0.16458333 0.34821429
vt 0.16458333 0.34821429
vt 0.16458333 0.34821429
vt 0.16458333 0.34821429
vt 0.16458333 0.34821429
vt 0.16458333 0.34821429
vt 0.16458333 0.34821429
vt 0.16458333 0.34821429
vt 0.16458333 0.34821429
vt 0.16458333 0.34821429
vt 0.16458333 0.34821429
vt 0.16458333 0.34821429
vt 0.16458333 0.34821429
vt 0.16458333 0.34821429
vt 0.16458333 0.34821429
vt 0.16458333 0.34821429
vt 0.16458333 0.34821429
vt 0.16458333 0.34821429
vt 0.16458333 0.34821429
vt 0.16458333 0.34821429
vt 0.16458333 0.34821429
vt 0.16458333 0.34821429
vt 0.16458333 0.34821429
vt 0.16458333 0.34821429
vt 0.16458333 0.34821429
vt 0.16458333 0.34821429
vt 0.16458333 0.34821429
vt 0.16458333 0.34821429
vt 0.16458333 0.34821429
vt 0.16458333 0.34821429
vt 0.16458333 0.34821429
vt 0.16458333 0.34821429
vt 0.16458333 0.34821429
vt 0.16458333 0.34821429
vt 0.16458333 0.34821429
vt 0.16458333 0.34821429
vt 0.16458333 0.34821429
vt 0.16458333 0.34821429
vt 0.16458333 0.34821429
vt 0.16458333 0.34821429
vt 0.16458333 0.34821429
vt 0.16458333 0.34821429
vt 0.16458333 0.34821429
vt 0.16458333 0.34821429
vt 0.16458333 0.34821429
vt 0.16458333 0.34821429
vt 0.16458333 0.34821429
vt 0.16458333 0.34821429
vt 0.16458333 0.34821429
vt 0.16458333 0.34821429
vt 0.16458333 0.34821429
vt 0.16458333 0.34821429
vt 0.16458333 0.34821429
vt 0.16458333 0.34821429
vt 0.16458333 0.34821429
vt 0.16458333 0.34821429
vt 0.16458333 0.34821429
vt 0.16458333 0.34821429
vt 0.16458333 0.34821429
vt 0.16458333 0.34821429
vt 0.16458333 0.34821429
vt 0.16458333 0.34821429
vt 0.16458333 0.34821429
vt 0.16458333 0.34821429
vt 0.16458333 0.34821429
vt 0.16458333 0.34821429
vt 0.16458333 0.34821429
vt 0.16458333 0.34821429
vt 0.16458333 0.34821429
vt 0.16458333 0.34821429
vt 0.16458333 0.34821429
vt 0.16458333 0.34821429
vt 0.16458333 0.34821429
vt 0.16458333 0.34821429
vt 0.16458333 0.34821429
vt 0.16458333 0.34821429
vt 0.16458333 0.34821429
vt 0.16458333 0.34821429
vt 0.16458333 0.34821429
vt 0.16458333 0.34821429
vt 0.16458333 0.34821429
vt 0.16458333 0.34821429
vt 0.16458333 0.34821429
vt 0.16458333 0.34821429
vt 0.16458333 0.34821429
vt 0.16458333 0.34821429
vt 0.16458333 0.34821429
vt 0.16458333 0.34821429
vt 0.16458333 0.34821429
vt 0.16458333 0.34821429
vt 0.16458333 0.34821429
vt 0.16458333 0.34821429
vt 0.16458333 0.34821429
vt 0.16458333 0.34821429
vt 0.16458333 0.34821429
vt 0.16458333 0.34821429
vt 0.16458333 0.34821429
vt 0.16458333 0.34821429
vt 0.16458333 0.34821429
vt 0.16458333 0.34821429
vt 0.16458333 0.34821429
vt 0.16458333 0.34821429
vt 0.16458333 0.34821429
vt 0.16458333 0.34821429
vt 0.16458333 0.34821429
vt 0.16458333 0.34821429
vt 0.16458333 0.34821429
vt 0.16458333 0.34821429
vt 0.16458333 0.34821429
vt 0.16458333 0.34821429
vt 0.16458333 0.34821429
vt 0.16458333 0.34821429
vt 0.16458333 0.34821429
vt 0.16458333 0.34821429
vt 0.16458333 0.34821429
vt 0.16458333 0.34821429
vt 0.16458333 0.34821429
vt 0.16458333 0.34821429
vt 0.16458333 0.34821429
vt 0.16458333 0.34821429
vt 0.16458333 0.34821429
vt 0.16458333 0.34821429
vt 0.16458333 0.34821429
vt 0.16458333 0.34821429
vt 0.16458333 0.34821429
vt 0.16458333 0.34821429
vt 0.16458333 0.34821429
vt 0.16458333 0.34821429
vt 0.16458333 0.34821429
vt 0.16458333 0.34821429
vt 0.16458333 0.34821429
vt 0.16458333 0.34821429
vt 0.16458333 0.34821429
vt 0.16458333 0.34821429
vt 0.16458333 0.34821429
vt 0.16458333 0.34821429
vt 0.16458333 0.34821429
vt 0.16458333 0.34821429
vt 0.16458333 0.34821429
vt 0.16458333 0.34821429
vt 0.16458333 0.34821429
vt 0.16458333 0.34821429
vt 0.16458333 0.34821429
vt 0.16458333 0.34821429
vt 0.16458333 0.34821429
vt 0.16458333 0.34821429
vt 0.16458333 0.34821429
vt 0.16458333 0.34821429
vt 0.16458333 0.34821429
vt 0.16458333 0.34821429
vt 0.16458333 0.34821429
vt 0.16458333 0.34821429
vt 0.16458333 0.34821429
vt 0.16458333 0.34821429
vt 0.16458333 0.34821429
vt 0.16458333 0.34821429
vt 0.16458333 0.34821429
vt 0.16458333 0.34821429
vt 0.16458333 0.34821429
vt 0.16458333 0.34821429
vt 0.16458333 0.34821429
vt 0.16458333 0.34821429
vt 0.16458333 0.34821429
vt 0.16458333 0.34821429
vt 0.16458333 0.34821429
vt 0.16458333 0.34821429
vt 0.16458333 0.34821429
vt 0.16458333 0.34821429
vt 0.16458333 0.34821429
vt 0.16458333 0.34821429
vt 0.16458333 0.34821429
vt 0.16458333 0.34821429
vt 0.16458333 0.34821429
vt 0.16458333 0.34821429
vt 0.16458333 0.34821429
vt 0.16458333 0.34821429
vt 0.16458333 0.34821429
vt 0.16458333 0.34821429
vt 0.16458333 0.34821429
vt 0.16458333 0.34821429
vt 0.16458333 0.34821429
vt 0.16458333 0.34821429
vt 0.16458333 0.34821429
vt 0.16458333 0.34821429
vt 0.16458333 0.34821429
vt 0.16458333 0.34821429
vt 0.16458333 0.34821429
vt 0.16458333 0.34821429
vt 0.16458333 0.34821429
vt 0.16458333 0.34821429
vt 0.16458333 0.34821429
vt 0.16458333 0.34821429
vt 0.16458333 0.34821429
vt 0.16458333 0.34821429
vt 0.16458333 0.34821429
vt 0.16458333 0.34821429
vt 0.16458333 0.34821429
vt 0.16458333 0.34821429
vt 0.16458333 0.34821429
vt 0.16458333 0.34821429
vt 0.16458333 0.34821429
vt 0.16458333 0.34821429
vt 0.16458333 0.34821429
vt 0.16458333 0.34821429
vt 0.16458333 0.34821429
vt 0.16458333 0.34821429
vt 0.16458333 0.34821429
vt 0.16458333 0.34821429
vt 0.16458333 0.34821429
vt 0.16458333 0.34821429
vt 0.16458333 0.34821429
vt 0.16458333 0.34821429
vt 0.16458333 0.34821429
vt 0.16458333 0.34821429
vt 0.16458333 0.34821429
vt 0.16458333 0.34821429
vt 0.16458333 0.34821429
vt 0.16458333 0.34821429
vt 0.16458333 0.34821429
vt 0.16458333 0.34821429
vt 0.16458333 0.34821429
vt 0.16458333 0.34821429
vt 0.16458333 0.34821429
vt 0.16458333 0.34821429
vt 0.16458333 0.34821429
vt 0.16458333 0.34821429
vt 0.16458333 0.34821429
vt 0.16458333 0.34821429
vt 0.16458333 0.34821429
vt 0.16458333 0.34821429
vt 0.16458333 0.34821429
vt 0.16458333 0.34821429
vt 0.16458333 0.34821429
vt 0.16458333 0.34821429
vt 0.16458333 0.34821429
vt 0.16458333 0.34821429
vt 0.16458333 0.34821429
vt 0.16458333 0.34821429
vt 0.16458333 0.34821429
vt 0.16458333 0.34821429
vt 0.16458333 0.34821429
vt 0.16458333 0.34821429
vt 0.16458333 0.34821429
vt 0.16458333 0.34821429
vt 0.16458333 0.34821429
vt 0.16458333 0.34821429
vt 0.16458333 0.34821429
vt 0.16458333 0.34821429
vt 0.16458333 0.34821429
vt 0.16458333 0.34821429
vt 0.16458333 0.34821429
vt 0.16458333 0.34821429
vt 0.16458333 0.34821429
vt 0.16458333 0.34821429
vt 0.16458333 0.34821429
vt 0.16458333 0.34821429
vt 0.16458333 0.34821429
vt 0.16458333 0.34821429
vt 0.16458333 0.34821429
vt 0.16458333 0.34821429
vt 0.16458333 0.34821429
vt 0.16458333 0.34821429
vt 0.16458333 0.34821429
vt 0.16458333 0.34821429
vt 0.16458333 0.34821429
vt 0.16458333 0.34821429
vt 0.16458333 0.34821429
vt 0.16458333 0.34821429
vt 0.16458333 0.34821429
vt 0.16458333 0.34821429
vt 0.16458333 0.34821429
vt 0.16458333 0.34821429
vt 0.16458333 0.34821429
vt 0.16458333 0.34821429
vt 0.16458333 0.34821429
vt 0.16458333 0.34821429
vt 0.16458333 0.34821429
vt 0.16458333 0.34821429
vt 0.16458333 0.34821429
vt 0.16458333 0.34821429
vt 0.16458333 0.34821429
vt 0.16458333 0.34821429
vt 0.16458333 0.34821429
vt 0.16458333 0.34821429
vt 0.16458333 0.34821429
vt 0.16458333 0.34821429
vt 0.16458333 0.34821429
vt 0.16458333 0.34821429
vt 0.16458333 0.34821429
vt 0.16458333 0.34821429
vt 0.16458333 0.34821429
vt 0.16458333 0.34821429
vt 0.16458333 0.34821429
vt 0.16458333 0.34821429
vt 0.16458333 0.34821429
vt 0.16458333 0.34821429
vt 0.16458333 0.34821429
vt 0.16458333 0.34821429
vt 0.16458333 0.34821429
vt 0.16458333 0.34821429
vt 0.16458333 0.34821429
vt 0.16458333 0.34821429
vt 0.16458333 0.34821429
vt 0.16458333 0.34821429
vt 0.16458333 0.34821429
vt 0.16458333 0.34821429
vt 0.16458333 0.34821429
vt 0.16458333 0.34821429
vt 0.16458333 0.34821429
vt 0.16458333 0.34821429
vt 0.16458333 0.34821429
vt 0.16458333 0.34821429
vt 0.16458333 0.34821429
vt 0.16458333 0.34821429
vt 0.16458333 0.34821429
vt 0.16458333 0.34821429
vt 0.16458333 0.34821429
vt 0.16458333 0.34821429
vt 0.16458333 0.34821429
vt 0.16458333 0.34821429
vt 0.16458333 0.34821429
vt 0.16458333 0.34821429
vt 0.16458333 0.34821429
vt 0.16458333 0.34821429
vt 0.16458333 0.34821429
vt 0.16458333 0.34821429
vt 0.16458333 0.34821429
vt 0.16458333 0.34821429
vt 0.16458333 0.34821429
vt 0.16458333 0.34821429
vt 0.16458333 0.34821429
vt 0.16458333 0.34821429
vt 0.16458333 0.34821429
vt 0.16458333 0.34821429
vt 0.16458333 0.34821429
vt 0.16458333 0.34821429
vt 0.16458333 0.34821429
vt 0.16458333 0.34821429
vt 0.16458333 0.34821429
vt 0.16458333 0.34821429
vt 0.16458333 0.34821429
vt 0.16458333 0.34821429
vt 0.16458333 0.34821429
vt 0.16458333 0.34821429
vt 0.16458333 0.34821429
vt 0.16458333 0.34821429
vt 0.16458333 0.34821429
vt 0.16458333 0.34821429
vt 0.16458333 0.34821429
vt 0.16458333 0.34821429
vt 0.16458333 0.34821429
vt 0.16458333 0.34821429
vt 0.16458333 0.34821429
vt 0.16458333 0.34821429
vt 0.16458333 0.34821429
vt 0.16458333 0.34821429
vt 0.16458333 0.34821429
vt 0.16458333 0.34821429
vt 0.16458333 0.34821429
vt 0.16458333 0.34821429
vt 0.16458333 0.34821429
vt 0.16458333 0.34821429
vt 0.16458333 0.34821429
vt 0.16458333 0.34821429
vt 0.16458333 0.34821429
vt 0.16458333 0.34821429
vt 0.16458333 0.34821429
vt 0.16458333 0.34821429
vt 0.16458333 0.34821429
vt 0.16458333 0.34821429
vt 0.16458333 0.34821429
vt 0.16458333 0.34821429
vt 0.16458333 0.34821429
vt 0.16458333 0.34821429
vt 0.16458333 0.34821429
vt 0.16458333 0.34821429
vt 0.16458333 0.34821429
vt 0.16458333 0.34821429
vt 0.16458333 0.34821429
vt 0.16458333 0.34821429
vt 0.16458333 0.34821429
vt 0.16458333 0.34821429
vt 0.16458333 0.34821429
vt 0.16458333 0.34821429
vt 0.16458333 0.34821429
vt 0.16458333 0.34821429
vt 0.16458333 0.34821429
vt 0.16458333 0.34821429
vt 0.16458333 0.34821429
vt 0.16458333 0.34821429
vt 0.16458333 0.34821429
vt 0.16458333 0.34821429
vt 0.16458333 0.34821429
vt 0.16458333 0.34821429
vt 0.16458333 0.34821429
vt 0.16458333 0.34821429
vt 0.16458333 0.34821429
vt 0.16458333 0.34821429
vt 0.16458333 0.34821429
vt 0.16458333 0.34821429
vt 0.16458333 0.34821429
vt 0.16458333 0.34821429
vt 0.16458333 0.34821429
vt 0.16458333 0.34821429
vt 0.16458333 0.34821429
vt 0.16458333 0.34821429
vt 0.16458333 0.34821429
vt 0.16458333 0.34821429
vt 0.16458333 0.34821429
vt 0.16458333 0.34821429
vt 0.16458333 0.34821429
vt 0.16458333 0.34821429
vt 0.16458333 0.34821429
vt 0.16458333 0.34821429
vt 0.16458333 0.34821429
vt 0.16458333 0.34821429
vt 0.16458333 0.34821429
vt 0.16458333 0.34821429
vt 0.16458333 0.34821429
vt 0.16458333 0.34821429
vt 0.16458333 0.34821429
vt 0.16458333 0.34821429
vt 0.16458333 0.34821429
vt 0.16458333 0.34821429
vt 0.16458333 0.34821429
vt 0.16458333 0.34821429
vt 0.16458333 0.34821429
vt 0.16458333 0.34821429
vt 0.16458333 0.34821429
vt 0.16458333 0.34821429
vt 0.16458333 0.34821429
vt 0.16458333 0.34821429
vt 0.16458333 0.34821429
vt 0.16458333 0.34821429
vt 0.16458333 0.34821429
vt 0.16458333 0.34821429
vt 0.16458333 0.34821429
vt 0.16458333 0.34821429
vt 0.16458333 0.34821429
vt 0.16458333 0.34821429
vt 0.16458333 0.34821429
vt 0.16458333 0.34821429
vt 0.16458333 0.34821429
vt 0.16458333 0.34821429
vt 0.16458333 0.34821429
vt 0.16458333 0.34821429
vt 0.16458333 0.34821429
vt 0.16458333 0.34821429
vt 0.16458333 0.34821429
vt 0.16458333 0.34821429
vt 0.16458333 0.34821429
vt 0.16458333 0.34821429
vt 0.16458333 0.34821429
vt 0.16458333 0.34821429
vt 0.16458333 0.34821429
vt 0.16458333 0.34821429
vt 0.16458333 0.34821429
vt 0.16458333 0.34821429
vt 0.16458333 0.34821429
vt 0.16458333 0.34821429
vt 0.16458333 0.34821429
vt 0.16458333 0.34821429
vt 0.16458333 0.34821429
vt 0.16458333 0.34821429
vt 0.16458333 0.34821429
vt 0.16458333 0.34821429
vt 0.16458333 0.34821429
vt 0.16458333 0.34821429
vt 0.16458333 0.34821429
vt 0.16458333 0.34821429
vt 0.16458333 0.34821429
vt 0.16458333 0.34821429
vt 0.16458333 0.34821429
vt 0.16458333 0.34821429
vt 0.16458333 0.34821429
vt 0.16458333 0.34821429
vt 0.16458333 0.34821429
vt 0.16458333 0.34821429
vt 0.16458333 0.34821429
vt 0.16458333 0.34821429
vt 0.16458333 0.34821429
vt 0.16458333 0.34821429
vt 0.16458333 0.34821429
vt 0.16458333 0.34821429
vt 0.16458333 0.34821429
vt 0.16458333 0.34821429
vt 0.16458333 0.34821429
vt 0.16458333 0.34821429
vt 0.16458333 0.34821429
vt 0.16458333 0.34821429
vt 0.16458333 0.34821429
vt 0.16458333 0.34821429
vt 0.16458333 0.34821429
vt 0.16458333 0.34821429
vt 0.16458333 0.34821429
vt 0.16458333 0.34821429
vt 0.16458333 0.34821429
vt 0.16458333 0.34821429
vt 0.16458333 0.34821429
vt 0.16458333 0.34821429
vt 0.16458333 0.34821429
vt 0.16458333 0.34821429
vt 0.16458333 0.34821429
vt 0.16458333 0.34821429
vt 0.16458333 0.34821429
vt 0.16458333 0.34821429
vt 0.16458333 0.34821429
vt 0.16458333 0.34821429
vt 0.16458333 0.34821429
vt 0.16458333 0.34821429
vt 0.16458333 0.34821429
vt 0.16458333 0.34821429
vt 0.16458333 0.34821429
vt 0.16458333 0.34821429
vt 0.16458333 0.34821429
vt 0.16458333 0.34821429
vt 0.16458333 0.34821429
vt 0.16458333 0.34821429
vt 0.16458333 0.34821429
vt 0.16458333 0.34821429
vt 0.16458333 0.34821429
vt 0.16458333 0.34821429
vt 0.16458333 0.34821429
vt 0.16458333 0.34821429
vt 0.16458333 0.34821429
vt 0.16458333 0.34821429
vt 0.16458333 0.34821429
vt 0.16458333 0.34821429
vt 0.16458333 0.34821429
vt 0.16458333 0.34821429
vt 0.16458333 0.34821429
vt 0.16458333 0.34821429
vt 0.16458333 0.34821429
vt 0.16458333 0.34821429
vt 0.16458333 0.34821429
vt 0.16458333 0.34821429
vt 0.16458333 0.34821429
vt 0.16458333 0.34821429
vt 0.16458333 0.34821429
vt 0.16458333 0.34821429
vt 0.16458333 0.34821429
vt 0.16458333 0.34821429
vt 0.16458333 0.34821429
vt 0.16458333 0.34821429
vt 0.16458333 0.34821429
vt 0.16458333 0.34821429
vt 0.16458333 0.34821429
vt 0.16458333 0.34821429
vt 0.16458333 0.34821429
vt 0.16458333 0.34821429
vt 0.16458333 0.34821429
vt 0.16458333 0.34821429
vt 0.16458333 0.34821429
vt 0.16458333 0.34821429
vt 0.16458333 0.34821429
vt 0.16458333 0.34821429
vt 0.16458333 0.34821429
vt 0.16458333 0.34821429
vt 0.16458333 0.34821429
vt 0.16458333 0.34821429
vt 0.16458333 0.34821429
vt 0.16458333 0.34821429
vt 0.16458333 0.34821429
vt 0.16458333 0.34821429
vt 0.16458333 0.34821429
vt 0.16458333 0.34821429
vt 0.16458333 0.34821429
vt 0.16458333 0.34821429
vt 0.16458333 0.34821429
vt 0.16458333 0.34821429
vt 0.16458333 0.34821429
vt 0.16458333 0.34821429
vt 0.16458333 0.34821429
vt 0.16458333 0.34821429
vt 0.16458333 0.34821429
vt 0.16458333 0.34821429
vt 0.16458333 0.34821429
vt 0.16458333 0.34821429
vt 0.16458333 0.34821429
vt 0.16458333 0.34821429
vt 0.16458333 0.34821429
vt 0.16458333 0.34821429
vt 0.16458333 0.34821429
vt 0.16458333 0.34821429
vt 0.16458333 0.34821429
vt 0.16458333 0.34821429
vt 0.16458333 0.34821429
vt 0.16458333 0.34821429
vt 0.16458333 0.34821429
vt 0.16458333 0.34821429
vt 0.16458333 0.34821429
vt 0.16458333 0.34821429
vt 0.16458333 0.34821429
vt 0.16458333 0.34821429
vt 0.16458333 0.34821429
vt 0.16458333 0.34821429
vt 0.16458333 0.34821429
vt 0.16458333 0.34821429
vt 0.16458333 0.34821429
vt 0.16458333 0.34821429
vt 0.16458333 0.34821429
vt 0.16458333 0.34821429
vt 0.16458333 0.34821429
vt 0.16458333 0.34821429
vt 0.16458333 0.34821429
vt 0.16458333 0.34821429
vt 0.16458333 0.34821429
vt 0.16458333 0.34821429
vt 0.16458333 0.34821429
vt 0.16458333 0.34821429
vt 0.16458333 0.34821429
vt 0.16458333 0.34821429
vt 0.16458333 0.34821429
vt 0.16458333 0.34821429
vt 0.16458333 0.34821429
vt 0.16458333 0.34821429
vt 0.16458333 0.34821429
vt 0.16458333 0.34821429
vt 0.16458333 0.34821429
vt 0.16458333 0.34821429
vt 0.16458333 0.34821429
vt 0.16458333 0.34821429
vt 0.16458333 0.34821429
vt 0.16458333 0.34821429
vt 0.16458333 0.34821429
vt 0.16458333 0.34821429
vt 0.16458333 0.34821429
vt 0.16458333 0.34821429
vt 0.16458333 0.34821429
vt 0.16458333 0.34821429
vt 0.16458333 0.34821429
vt 0.16458333 0.34821429
vt 0.16458333 0.34821429
vt 0.16458333 0.34821429
vt 0.16458333 0.34821429
vt 0.16458333 0.34821429
vt 0.16458333 0.34821429
vt 0.16458333 0.34821429
vt 0.16458333 0.34821429
vt 0.16458333 0.34821429
vt 0.16458333 0.34821429
vt 0.16458333 0.34821429
vt 0.16458333 0.34821429
vt 0.16458333 0.34821429
vt 0.16458333 0.34821429
vt 0.16458333 0.34821429
vt 0.16458333 0.34821429
vt 0.16458333 0.34821429
vt 0.16458333 0.34821429
vt 0.16458333 0.34821429
vt 0.16458333 0.34821429
vt 0.16458333 0.34821429
vt 0.16458333 0.34821429
vt 0.16458333 0.34821429
vt 0.16458333 0.34821429
vt 0.16458333 0.34821429
vt 0.16458333 0.34821429
vt 0.16458333 0.34821429
vt 0.16458333 0.34821429
vt 0.16458333 0.34821429
vt 0.16458333 0.34821429
vt 0.16458333 0.34821429
vt 0.16458333 0.34821429
vt 0.16458333 0.34821429
vt 0.16458333 0.34821429
vt 0.16458333 0.34821429
vt 0.16458333 0.34821429
vt 0.16458333 0.34821429
vt 0.16458333 0.34821429
vt 0.16458333 0.34821429
vt 0.16458333 0.34821429
vt 0.16458333 0.34821429
vt 0.16458333 0.34821429
vt 0.16458333 0.34821429
vt 0.16458333 0.34821429
vt 0.16458333 0.34821429
vt 0.16458333 0.34821429
vt 0.16458333 0.34821429
vt 0.16458333 0.34821429
vt 0.16458333 0.34821429
vt 0.16458333 0.34821429
vt 0.16458333 0.34821429
vt 0.16458333 0.34821429
vt 0.16458333 0.34821429
vt 0.16458333 0.34821429
vt 0.16458333 0.34821429
vt 0.16458333 0.34821429
vt 0.16458333 0.34821429
vt 0.16458333 0.34821429
vt 0.16458333 0.34821429
vt 0.16458333 0.34821429
vt 0.16458333 0.34821429
vt 0.16458333 0.34821429
vt 0.16458333 0.34821429
vt 0.16458333 0.34821429
vt 0.16458333 0.34821429
vt 0.16458333 0.34821429
vt 0.16458333 0.34821429
vt 0.16458333 0.34821429
vt 0.16458333 0.34821429
vt 0.16458333 0.34821429
vt 0.16458333 0.34821429
vt 0.16458333 0.34821429
vt 0.16458333 0.34821429
vt 0.16458333 0.34821429
vt 0.16458333 0.34821429
vt 0.16458333 0.34821429
vt 0.16458333 0.34821429
vt 0.16458333 0.34821429
vt 0.16458333 0.34821429
vt 0.16458333 0.34821429
vt 0.16458333 0.34821429
vt 0.16458333 0.34821429
vt 0.16458333 0.34821429
vt 0.16458333 0.34821429
vt 0.16458333 0.34821429
vt 0.16458333 0.34821429
vt 0.16458333 0.34821429
vt 0.16458333 0.34821429
vt 0.16458333 0.34821429
vt 0.16458333 0.34821429
vt 0.16458333 0.34821429
vt 0.16458333 0.34821429
vt 0.16458333 0.34821429
vt 0.16458333 0.34821429
vt 0.16458333 0.34821429
vt 0.16458333 0.34821429
vt 0.16458333 0.34821429
f 1/1 2/2 3/3
f 4/4 1/1 5/5
f 6/6 4/4 7/7
f 8/8 6/6 9/9
f 10/10 8/8 11/11
f 12/12 10/10 13/13
f 14/14 12/12 15/15
f 2/2 14/14 16/16
f 17/17 18/18 19/19
f 20/20 21/21 22/22
f 23/23 24/24 25/25
f 26/26 27/27 28/28
f 29/29 30/30 31/31
f 32/32 33/33 34/34
f 35/35 36/36 37/37
f 38/38 39/39 40/40
f 41/41 42/42 43/43
f 44/44 45/45 46/46
f 47/47 48/48 49/49
f 50/50 51/51 52/52
f 53/53 54/54 55/55
f 56/56 57/57 58/58
f 59/59 60/60 61/61
f 62/62 63/63 64/64
f 65/65 66/66 67/67
f 68/68 69/69 70/70
f 71/71 72/72 73/73
f 74/74 75/75 76/76
f 77/77 78/78 79/79
f 80/80 81/81 82/82
f 83/83 84/84 85/85
f 86/86 87/87 88/88
f 89/89 90/90 91/91
f 92/92 93/93 94/94
f 95/95 96/96 97/97
f 98/98 99/99 100/100
f 101/101 102/102 103/103
f 104/104 105/105 106/106
f 107/107 108/108 109/109
f 110/110 111/111 112/112
f 113/113 114/114 115/115
f 116/116 117/117 118/118
f 119/119 120/120 121/121
f 122/122 123/123 124/124
f 125/125 126/126 127/127
f 128/128 129/129 130/130
f 131/131 132/132 133/133
f 134/134 135/135 136/136
f 137/137 138/138 139/139
f 140/140 141/141 142/142
f 143/143 144/144 145/145
f 146/146 147/147 148/148
f 149/149 150/150 151/151
f 152/152 153/153 154/154
f 155/155 156/156 157/157
f 158/158 159/159 160/160
f 161/161 1/1 3/3
f 162/162 3/3 2/2
f 163/163 5/5 164/164
f 164/164 1/1 165/165
f 166/166 6/6 7/7
f 163/163 7/7 4/4
f 167/167 9/9 168/168
f 168/168 6/6 169/169
f 170/170 10/10 11/11
f 167/167 11/11 8/8
f 171/171 13/13 172/172
f 172/172 10/10 173/173
f 174/174 14/14 15/15
f 171/171 15/15 12/12
f 162/162 16/16 175/175
f 175/175 14/14 176/176
f 177/177 178/178 179/179
f 178/178 180/180 181/181
f 180/180 182/182 183/183
f 182/182 184/184 185/185
f 184/184 186/186 187/187
f 186/186 188/188 189/189
f 188/188 190/190 191/191
f 190/190 177/177 192/192
f 193/193 194/194 195/195
f 196/196 197/197 198/198
f 199/199 200/200 201/201
f 202/202 203/203 204/204
f 205/205 206/206 207/207
f 208/208 209/209 210/210
f 211/211 212/212 213/213
f 214/214 215/215 216/216
f 217/217 218/218 219/219
f 220/220 221/221 222/222
f 223/223 224/224 225/225
f 226/226 227/227 228/228
f 229/229 230/230 231/231
f 232/232 233/233 234/234
f 235/235 236/236 237/237
f 238/238 239/239 240/240
f 241/241 242/242 243/243
f 244/244 69/69 245/245
f 246/246 71/71 247/247
f 248/248 249/249 250/250
f 251/251 252/252 253/253
f 254/254 255/255 256/256
f 257/257 258/258 259/259
f 260/260 261/261 262/262
f 263/263 264/264 265/265
f 266/266 267/267 268/268
f 269/269 270/270 271/271
f 272/272 273/273 274/274
f 275/275 276/276 277/277
f 278/278 279/279 280/280
f 281/281 282/282 283/283
f 284/284 285/285 286/286
f 287/287 288/288 289/289
f 290/290 291/291 292/292
f 293/293 294/294 295/295
f 296/296 297/297 298/298
f 299/299 300/300 301/301
f 302/302 303/303 304/304
f 305/305 306/306 307/307
f 308/308 309/309 310/310
f 311/311 312/312 313/313
f 314/314 315/315 316/316
f 317/317 318/318 319/319
f 320/320 321/321 322/322
f 323/323 324/324 325/325
f 326/326 327/327 328/328
f 329/329 330/330 331/331
f 332/332 333/333 334/334
f 335/335 178/178 336/336
f 337/337 179/179 335/335
f 181/181 338/338 339/339
f 178/178 339/339 336/336
f 340/340 182/182 341/341
f 338/338 183/183 340/340
f 185/185 342/342 343/343
f 182/182 343/343 341/341
f 344/344 186/186 345/345
f 342/342 187/187 344/344
f 189/189 346/346 347/347
f 186/186 347/347 345/345
f 348/348 190/190 349/349
f 346/346 191/191 348/348
f 192/192 337/337 350/350
f 190/190 350/350 349/349
f 1/1 351/351 2/2
f 4/4 351/351 1/1
f 6/6 351/351 4/4
f 8/8 351/351 6/6
f 10/10 351/351 8/8
f 12/12 351/351 10/10
f 14/14 351/351 12/12
f 2/2 351/351 14/14
f 352/352 353/353 354/354
f 355/355 356/356 357/357
f 23/23 358/358 24/24
f 359/359 360/360 361/361
f 362/362 363/363 364/364
f 32/32 365/365 33/33
f 366/366 367/367 212/212
f 368/368 369/369 370/370
f 371/371 372/372 373/373
f 374/374 375/375 376/376
f 377/377 378/378 379/379
f 380/380 381/381 382/382
f 383/383 384/384 385/385
f 386/386 387/387 388/388
f 389/389 390/390 391/391
f 392/392 393/393 394/394
f 65/65 395/395 66/66
f 68/68 245/245 69/69
f 71/71 396/396 72/72
f 74/74 397/397 75/75
f 398/398 399/399 400/400
f 80/80 401/401 81/81
f 83/83 402/402 84/84
f 403/403 404/404 405/405
f 406/406 407/407 408/408
f 92/92 409/409 93/93
f 95/95 410/410 96/96
f 411/411 412/412 413/413
f 414/414 415/415 416/416
f 104/104 417/417 105/105
f 107/107 418/418 108/108
f 419/419 420/420 421/421
f 422/422 423/423 424/424
f 425/425 426/426 427/427
f 428/428 429/429 430/430
f 431/431 432/432 433/433
f 434/434 435/435 436/436
f 437/437 438/438 439/439
f 440/440 441/441 442/442
f 443/443 444/444 445/445
f 446/446 447/447 448/448
f 449/449 450/450 451/451
f 452/452 453/453 454/454
f 455/455 456/456 457/457
f 458/458 459/459 460/460
f 461/461 462/462 463/463
f 464/464 465/465 466/466
f 467/467 468/468 469/469
f 161/161 165/165 1/1
f 162/162 161/161 3/3
f 163/163 4/4 5/5
f 164/164 5/5 1/1
f 166/166 169/169 6/6
f 163/163 166/166 7/7
f 167/167 8/8 9/9
f 168/168 9/9 6/6
f 170/170 173/173 10/10
f 167/167 170/170 11/11
f 171/171 12/12 13/13
f 172/172 13/13 10/10
f 174/174 176/176 14/14
f 171/171 174/174 15/15
f 162/162 2/2 16/16
f 175/175 16/16 14/14
f 177/177 470/470 178/178
f 178/178 470/470 180/180
f 180/180 470/470 182/182
f 182/182 470/470 184/184
f 184/184 470/470 186/186
f 186/186 470/470 188/188
f 188/188 470/470 190/190
f 190/190 470/470 177/177
f 471/471 472/472 473/473
f 474/474 475/475 476/476
f 199/199 477/477 200/200
f 478/478 479/479 480/480
f 481/481 482/482 483/483
f 208/208 484/484 209/209
f 485/485 486/486 487/487
f 488/488 489/489 490/490
f 491/491 492/492 493/493
f 494/494 495/495 496/496
f 497/497 498/498 499/499
f 500/500 501/501 502/502
f 503/503 504/504 505/505
f 506/506 507/507 508/508
f 509/509 510/510 511/511
f 512/512 513/513 514/514
f 241/241 515/515 242/242
f 244/244 516/516 69/69
f 246/246 396/396 71/71
f 248/248 517/517 249/249
f 518/518 519/519 520/520
f 254/254 521/521 255/255
f 257/257 522/522 258/258
f 523/523 524/524 525/525
f 526/526 527/527 528/528
f 266/266 529/529 267/267
f 269/269 530/530 270/270
f 531/531 532/532 533/533
f 534/534 535/535 536/536
f 278/278 537/537 279/279
f 281/281 538/538 282/282
f 539/539 540/540 541/541
f 542/542 543/543 544/544
f 545/545 546/546 547/547
f 548/548 549/549 550/550
f 551/551 552/552 553/553
f 554/554 555/555 556/556
f 557/557 558/558 559/559
f 560/560 561/561 562/562
f 563/563 564/564 565/565
f 566/566 567/567 568/568
f 569/569 570/570 571/571
f 572/572 573/573 574/574
f 575/575 576/576 577/577
f 578/578 579/579 580/580
f 581/581 582/582 583/583
f 584/584 585/585 586/586
f 587/587 588/588 589/589
f 335/335 179/179 178/178
f 337/337 177/177 179/179
f 181/181 180/180 338/338
f 178/178 181/181 339/339
f 340/340 183/183 182/182
f 338/338 180/180 183/183
f 185/185 184/184 342/342
f 182/182 185/185 343/343
f 344/344 187/187 186/186
f 342/342 184/184 187/187
f 189/189 188/188 346/346
f 186/186 189/189 347/347
f 348/348 191/191 190/190
f 346/346 188/188 191/191
f 192/192 177/177 337/337
f 190/190 192/192 350/350
f 590/590 591/591 592/592
f 593/593 594/594 595/595
f 596/596 597/597 598/598
f 599/599 600/600 601/601
f 602/602 603/603 604/604
f 605/605 606/606 607/607
f 608/608 609/609 610/610
f 611/611 612/612 613/613
f 614/614 615/615 616/616
f 617/617 618/618 619/619
f 620/620 621/621 622/622
f 623/623 624/624 625/625
f 626/626 627/627 628/628
f 629/629 630/630 631/631
f 632/632 633/633 634/634
f 635/635 636/636 637/637
f 638/638 639/639 640/640
f 641/641 642/642 643/643
f 644/644 645/645 646/646
f 647/647 648/648 649/649
f 650/650 651/651 652/652
f 653/653 654/654 655/655
f 656/656 657/657 658/658
f 659/659 660/660 661/661
f 662/662 663/663 630/630
f 664/664 665/665 666/666
f 667/667 668/668 669/669
f 670/670 671/671 672/672
f 673/673 674/674 675/675
f 676/676 677/677 678/678
f 679/679 680/680 681/681
f 682/682 683/683 684/684
f 685/685 686/686 687/687
f 688/688 689/689 690/690
f 691/691 692/692 693/693
f 694/694 695/695 696/696
f 697/697 698/698 699/699
f 700/700 701/701 702/702
f 703/703 704/704 705/705
f 706/706 707/707 708/708
f 709/709 710/710 711/711
f 712/712 713/713 714/714
f 715/715 716/716 717/717
f 718/718 719/719 720/720
f 721/721 722/722 723/723
f 724/724 725/725 726/726
f 727/727 728/728 729/729
f 730/730 731/731 732/732
f 733/733 734/734 735/735
f 736/736 737/737 738/738
f 739/739 740/740 741/741
f 742/742 743/743 744/744
f 745/745 746/746 747/747
f 748/748 749/749 750/750
f 751/751 752/752 753/753
f 754/754 755/755 756/756
f 757/757 758/758 759/759
f 760/760 761/761 762/762
f 763/763 764/764 765/765
f 766/766 767/767 768/768
f 769/769 770/770 771/771
f 772/772 773/773 774/774
f 775/775 776/776 777/777
f 778/778 779/779 780/780
f 781/781 782/782 783/783
f 784/784 785/785 786/786
f 596/596 787/787 597/597
f 788/788 789/789 790/790
f 791/791 792/792 793/793
f 605/605 794/794 606/606
f 795/795 796/796 797/797
f 798/798 799/799 800/800
f 614/614 801/801 615/615
f 617/617 802/802 618/618
f 803/803 804/804 805/805
f 623/623 806/806 624/624
f 626/626 807/807 627/627
f 629/629 662/662 630/630
f 808/808 809/809 810/810
f 811/811 812/812 813/813
f 638/638 814/814 639/639
f 641/641 815/815 642/642
f 816/816 817/817 818/818
f 647/647 819/819 648/648
f 820/820 821/821 822/822
f 823/823 824/824 825/825
f 826/826 659/659 661/661
f 659/659 827/827 660/660
f 828/828 829/829 830/830
f 664/664 831/831 665/665
f 832/832 833/833 834/834
f 670/670 835/835 671/671
f 673/673 836/836 674/674
f 837/837 838/838 839/839
f 679/679 840/840 680/680
f 682/682 841/841 683/683
f 842/842 843/843 844/844
f 845/845 846/846 847/847
f 691/691 848/848 692/692
f 849/849 850/850 851/851
f 697/697 852/852 698/698
f 853/853 854/854 855/855
f 856/856 857/857 858/858
f 706/706 859/859 707/707
f 709/709 860/860 710/710
f 712/712 861/861 713/713
f 715/715 862/862 716/716
f 863/863 864/864 865/865
f 866/866 867/867 868/868
f 869/869 870/870 871/871
f 872/872 873/873 874/874
f 875/875 876/876 877/877
f 733/733 878/878 734/734
f 736/736 879/879 737/737
f 739/739 880/880 740/740
f 881/881 882/882 883/883
f 745/745 884/884 746/746
f 748/748 885/885 749/749
f 751/751 886/886 752/752
f 887/887 757/757 888/888
f 757/757 887/887 758/758
f 598/598 597/597 889/889
f 763/763 890/890 764/764
f 766/766 891/891 767/767
f 769/769 892/892 770/770
f 893/893 894/894 895/895
f 896/896 897/897 898/898
f 778/778 899/899 779/779
f 900/900 901/901 902/902
f 903/903 904/904 905/905
f 906/906 907/907 908/908
f 909/909 910/910 911/911
f 912/912 913/913 914/914
f 915/915 916/916 917/917
f 918/918 919/919 920/920
f 921/921 922/922 923/923
f 924/924 925/925 926/926
f 927/927 928/928 929/929
f 930/930 931/931 932/932
f 933/933 934/934 935/935
f 936/936 937/937 938/938
f 939/939 940/940 941/941
f 942/942 943/943 944/944
f 945/945 946/946 947/947
f 948/948 949/949 950/950
f 951/951 952/952 953/953
f 954/954 955/955 956/956
f 957/957 958/958 959/959
f 960/960 961/961 962/962
f 963/963 964/964 965/965
f 966/966 967/967 968/968
f 969/969 970/970 971/971
f 972/972 973/973 974/974
f 975/975 976/976 977/977
f 978/978 979/979 980/980
f 981/981 982/982 983/983
f 984/984 985/985 986/986
f 987/987 988/988 989/989
f 990/990 643/643 642/642
f 991/991 992/992 993/993
f 994/994 812/812 811/811
f 995/995 996/996 997/997
f 998/998 999/999 1000/1000
f 1001/1001 1002/1002 1003/1003
f 1004/1004 1005/1005 1006/1006
f 1007/1007 1008/1008 1009/1009
f 1010/1010 1011/1011 1012/1012
f 1013/1013 1014/1014 1015/1015
f 1016/1016 1017/1017 1018/1018
f 1019/1019 1020/1020 1021/1021
f 838/838 1022/1022 839/839
f 1023/1023 1024/1024 1025/1025
f 1026/1026 1027/1027 1028/1028
f 1029/1029 1030/1030 1031/1031
f 1032/1032 1033/1033 1034/1034
f 1035/1035 1036/1036 1037/1037
f 1038/1038 1039/1039 1040/1040
f 1041/1041 1042/1042 1043/1043
f 1044/1044 619/619 1045/1045
f 1046/1046 1047/1047 1048/1048
f 1049/1049 1050/1050 1051/1051
f 1052/1052 1053/1053 1054/1054
f 1055/1055 1056/1056 1057/1057
f 1058/1058 1059/1059 1060/1060
f 1061/1061 799/799 798/798
f 1062/1062 1063/1063 1064/1064
f 1065/1065 1066/1066 1067/1067
f 1068/1068 1069/1069 1070/1070
f 876/876 1071/1071 877/877
f 1072/1072 1073/1073 1074/1074
f 1075/1075 1076/1076 1077/1077
f 1078/1078 1079/1079 1080/1080
f 1081/1081 1082/1082 1083/1083
f 1084/1084 1085/1085 1086/1086
f 1087/1087 1088/1088 1089/1089
f 1090/1090 1091/1091 1092/1092
f 1093/1093 1094/1094 1095/1095
f 1096/1096 1097/1097 1098/1098
f 1099/1099 1100/1100 1101/1101
f 1102/1102 1103/1103 1104/1104
f 1105/1105 1106/1106 1107/1107
f 1108/1108 1109/1109 1110/1110
f 1111/1111 1112/1112 1113/1113
f 1114/1114 1115/1115 1116/1116
f 1117/1117 1118/1118 1119/1119
f 1120/1120 1121/1121 1122/1122
f 1123/1123 1124/1124 1125/1125
f 1126/1126 1127/1127 1128/1128
f 1129/1129 1130/1130 1131/1131
f 1132/1132 1133/1133 1134/1134
f 1135/1135 1136/1136 1137/1137
f 1138/1138 1139/1139 1140/1140
f 1141/1141 1142/1142 1143/1143
f 1144/1144 1145/1145 1146/1146
f 1147/1147 1148/1148 1149/1149
f 1150/1150 1151/1151 1152/1152
f 1153/1153 1154/1154 1155/1155
f 1156/1156 1157/1157 1158/1158
f 1159/1159 1160/1160 1161/1161
f 1162/1162 1163/1163 1164/1164
f 1165/1165 1166/1166 1167/1167
f 1168/1168 1169/1169 1170/1170
f 1171/1171 1172/1172 1173/1173
f 1174/1174 1175/1175 1176/1176
f 1177/1177 1178/1178 1179/1179
f 1180/1180 1181/1181 1182/1182
f 1183/1183 1184/1184 1185/1185
f 1186/1186 1187/1187 1188/1188
f 1189/1189 1190/1190 1191/1191
f 1192/1192 1193/1193 1194/1194
f 1195/1195 1196/1196 1197/1197
f 1198/1198 1199/1199 1200/1200
f 1201/1201 1202/1202 1203/1203
f 1204/1204 1205/1205 1206/1206
f 1207/1207 1208/1208 1209/1209
f 1210/1210 1211/1211 1212/1212
f 1213/1213 1214/1214 1215/1215
f 1216/1216 1217/1217 1218/1218
f 1219/1219 1220/1220 1221/1221
f 1222/1222 1223/1223 1224/1224
f 1225/1225 1226/1226 1227/1227
f 1228/1228 1229/1229 1230/1230
f 1231/1231 1232/1232 1233/1233
f 1234/1234 1235/1235 1236/1236
f 1237/1237 1238/1238 1239/1239
f 1240/1240 1241/1241 1242/1242
f 1243/1243 1244/1244 1245/1245
f 1246/1246 1247/1247 1248/1248
f 1249/1249 1250/1250 1251/1251
f 1252/1252 1253/1253 1254/1254
f 1255/1255 1256/1256 1257/1257
f 1258/1258 1259/1259 1260/1260
f 1261/1261 1262/1262 1263/1263
f 1264/1264 1265/1265 1266/1266
f 1267/1267 1268/1268 1269/1269
f 1270/1270 1271/1271 1272/1272
f 1273/1273 1274/1274 1275/1275
f 1276/1276 1277/1277 1278/1278
f 1279/1279 1280/1280 1281/1281
f 1282/1282 1283/1283 1284/1284
f 1285/1285 1286/1286 1287/1287
f 1288/1288 1289/1289 1290/1290
f 1291/1291 1292/1292 1293/1293
f 1294/1294 1295/1295 1296/1296
f 1297/1297 1298/1298 1299/1299
f 1300/1300 1301/1301 1302/1302
f 1303/1303 1304/1304 1305/1305
f 1306/1306 1307/1307 1308/1308
f 1309/1309 1310/1310 1311/1311
f 1309/1309 1312/1312 1313/1313
f 1309/1309 1314/1314 1315/1315
f 1309/1309 1316/1316 1317/1317
f 1318/1318 1319/1319 1320/1320
f 1321/1321 1322/1322 1323/1323
f 1324/1324 1325/1325 1326/1326
f 1327/1327 1328/1328 1329/1329
f 1330/1330 1331/1331 1332/1332
f 915/915 1333/1333 916/916
f 1334/1334 1335/1335 1336/1336
f 1337/1337 1338/1338 1339/1339
f 1340/1340 1341/1341 1342/1342
f 1343/1343 1344/1344 1345/1345
f 1346/1346 1347/1347 1348/1348
f 1349/1349 1350/1350 1351/1351
f 936/936 1352/1352 937/937
f 1353/1353 1354/1354 1355/1355
f 1356/1356 1357/1357 1358/1358
f 1359/1359 1360/1360 1361/1361
f 1362/1362 1363/1363 1364/1364
f 1365/1365 1366/1366 1367/1367
f 1368/1368 1369/1369 1370/1370
f 1371/1371 1372/1372 1373/1373
f 960/960 1374/1374 961/961
f 963/963 1375/1375 964/964
f 1376/1376 1377/1377 1378/1378
f 1379/1379 1380/1380 1381/1381
f 1382/1382 1383/1383 1384/1384
f 1385/1385 1386/1386 1387/1387
f 1388/1388 1389/1389 1390/1390
f 1137/1137 1136/1136 1391/1391
f 1392/1392 1393/1393 1394/1394
f 1395/1395 1396/1396 1397/1397
f 1398/1398 1399/1399 1400/1400
f 1401/1401 1402/1402 1403/1403
f 994/994 1404/1404 812/812
f 1405/1405 1406/1406 1407/1407
f 1408/1408 1409/1409 1410/1410
f 1001/1001 1411/1411 1002/1002
f 1412/1412 1413/1413 1414/1414
f 1415/1415 1416/1416 1417/1417
f 1418/1418 1419/1419 1420/1420
f 1421/1421 1422/1422 1423/1423
f 1424/1424 1425/1425 1426/1426
f 1019/1019 1427/1427 1020/1020
f 1428/1428 1429/1429 1430/1430
f 1023/1023 1431/1431 1024/1024
f 1026/1026 1432/1432 1027/1027
f 1433/1433 1434/1434 1435/1435
f 1436/1436 1437/1437 1438/1438
f 1439/1439 1440/1440 1441/1441
f 1038/1038 1442/1442 1039/1039
f 1443/1443 1444/1444 1445/1445
f 1446/1446 1447/1447 1448/1448
f 1046/1046 1449/1449 1047/1047
f 1450/1450 1451/1451 1452/1452
f 1453/1453 1454/1454 1455/1455
f 1055/1055 1456/1456 1056/1056
f 1457/1457 1458/1458 1459/1459
f 1460/1460 1461/1461 1462/1462
f 1463/1463 1464/1464 1465/1465
f 1466/1466 1467/1467 1468/1468
f 1469/1469 1470/1470 1471/1471
f 876/876 1472/1472 1071/1071
f 1473/1473 1474/1474 1475/1475
f 1476/1476 605/605 607/607
f 1477/1477 1478/1478 1479/1479
f 1480/1480 1481/1481 1482/1482
f 1084/1084 1483/1483 1085/1085
f 1087/1087 1484/1484 1088/1088
f 1485/1485 1486/1486 1487/1487
f 1488/1488 1489/1489 1490/1490
f 1491/1491 1492/1492 1493/1493
f 1494/1494 1201/1201 1203/1203
f 1495/1495 1496/1496 1497/1497
f 1498/1498 1499/1499 768/768
f 1500/1500 1501/1501 1502/1502
f 1503/1503 1504/1504 1505/1505
f 1114/1114 1506/1506 1115/1115
f 1507/1507 1508/1508 1509/1509
f 1510/1510 1511/1511 1512/1512
f 1513/1513 1514/1514 1515/1515
f 1516/1516 1517/1517 1518/1518
f 1519/1519 1520/1520 1521/1521
f 1522/1522 1523/1523 1524/1524
f 1525/1525 1526/1526 1527/1527
f 1138/1138 1528/1528 1139/1139
f 1529/1529 1530/1530 1531/1531
f 1144/1144 1532/1532 1145/1145
f 1533/1533 1534/1534 1535/1535
f 1536/1536 1537/1537 1538/1538
f 1539/1539 1540/1540 1541/1541
f 1542/1542 1543/1543 1544/1544
f 1545/1545 1546/1546 1547/1547
f 1548/1548 1549/1549 1550/1550
f 1551/1551 1552/1552 1553/1553
f 1554/1554 1555/1555 1556/1556
f 1552/1552 1551/1551 1557/1557
f 1558/1558 1559/1559 1560/1560
f 1561/1561 1562/1562 1563/1563
f 1180/1180 1564/1564 1181/1181
f 1565/1565 1566/1566 1567/1567
f 1568/1568 1569/1569 1570/1570
f 1571/1571 1572/1572 1573/1573
f 1574/1574 1575/1575 1576/1576
f 1577/1577 1578/1578 1579/1579
f 1580/1580 1581/1581 1582/1582
f 1583/1583 1584/1584 1585/1585
f 1586/1586 1587/1587 1588/1588
f 1207/1207 1589/1589 1208/1208
f 1210/1210 1590/1590 1211/1211
f 1591/1591 1592/1592 1593/1593
f 1594/1594 1595/1595 1596/1596
f 1597/1597 1598/1598 1599/1599
f 1600/1600 1601/1601 1602/1602
f 1603/1603 1604/1604 1605/1605
f 1606/1606 1607/1607 1608/1608
f 1609/1609 1610/1610 1611/1611
f 1612/1612 1237/1237 1239/1239
f 1613/1613 1614/1614 1615/1615
f 1616/1616 1617/1617 1618/1618
f 1619/1619 1620/1620 1621/1621
f 1246/1246 1622/1622 1247/1247
f 1623/1623 1624/1624 1625/1625
f 1626/1626 1627/1627 1628/1628
f 1629/1629 1630/1630 1631/1631
f 1632/1632 1633/1633 1634/1634
f 1635/1635 1636/1636 1637/1637
f 1638/1638 1639/1639 1640/1640
f 1641/1641 1642/1642 1643/1643
f 1644/1644 1645/1645 1646/1646
f 1647/1647 1648/1648 1649/1649
f 1650/1650 1651/1651 1652/1652
f 1653/1653 1654/1654 1655/1655
f 1656/1656 1657/1657 1658/1658
f 1285/1285 1659/1659 1286/1286
f 1288/1288 1660/1660 1289/1289
f 1291/1291 1661/1661 1292/1292
f 1294/1294 1662/1662 1295/1295
f 1297/1297 1663/1663 1298/1298
f 1300/1300 1664/1664 1301/1301
f 1303/1303 1665/1665 1304/1304
f 1306/1306 1666/1666 1307/1307
f 1309/1309 1317/1317 1310/1310
f 1309/1309 1311/1311 1312/1312
f 1309/1309 1313/1313 1314/1314
f 1309/1309 1315/1315 1316/1316

