# Exported from 3D Builder
o Object.1
v 50.510300 17.842100 23.529551
v 50.530300 18.802099 23.489550
v 51.710300 18.802099 22.209551
v 51.730301 17.842100 22.209551
v 51.730301 17.842100 21.949551
v 52.770302 17.842100 23.229549
v 52.770302 17.842100 21.349550
v 52.890301 17.842100 23.069550
v 50.970299 19.282101 25.169550
v 52.910301 18.562099 23.089550
v 52.930302 19.282101 23.089550
v 52.930302 19.762100 23.089550
v 53.110302 20.242100 22.769550
v 53.130299 19.282101 22.769550
v 53.210300 19.282101 22.409550
v 53.190300 19.762100 22.409550
v 53.190300 20.242100 22.409550
v 52.810299 20.582100 22.989550
v 53.030300 20.582100 22.409550
v 52.690300 20.722099 22.409550
v 52.650299 20.722099 22.589550
v 52.550301 20.722099 22.749550
v 50.750301 20.582100 25.169550
v 50.450302 20.722099 24.989550
v 48.710300 20.582100 27.349550
v 50.330299 20.722099 25.109550
v 49.770302 20.722099 25.709551
v 48.390301 20.722099 27.169550
v 47.730301 20.582100 28.349550
v 47.490299 20.722099 28.109550
v 44.610298 21.422100 31.589550
v 45.970299 20.962099 29.789551
v 44.510300 21.602100 31.369551
v 42.750298 22.582100 33.009548
v 42.750298 22.442101 33.349548
v 41.030300 23.382099 34.489548
v 40.770302 23.302099 35.049549
v 39.290298 24.042101 35.849548
v 38.650299 24.002100 36.669548
v 37.730301 24.482100 36.889549
v 36.290298 24.522100 38.049549
v 35.270302 24.982100 38.109547
v 33.650299 24.882099 38.949547
v 33.070301 25.262100 38.669548
v 30.870300 25.102100 39.169548
v 30.170300 25.482100 38.729549
v 28.110300 25.222099 38.969547
v 27.750301 25.582100 38.509548
v 25.450300 25.602100 38.209549
v 25.390301 25.242100 38.629547
v 23.570301 25.602100 37.989548
v 22.630260 25.242100 38.289547
v 21.950260 25.602100 37.789547
v 20.450260 25.602100 37.609547
v 19.850260 25.242100 37.949547
v 22.270260 24.722099 38.429550
v 23.910301 24.722099 38.629547
v 25.370300 24.722099 38.809547
v 25.250301 20.942101 38.849548
v 23.130301 20.942101 38.589550
v 25.390301 20.942101 38.109547
v 25.790300 20.942101 37.409550
v 26.310301 20.942101 37.409550
v 27.430302 20.942101 39.129547
v 27.970301 20.942101 37.669548
v 26.310301 22.642099 37.449547
v 26.350300 24.362101 37.429550
v 28.430302 24.322100 37.669548
v 29.030300 24.302099 37.729549
v 29.650301 20.902100 37.849548
v 29.510300 20.922100 39.329548
v 31.590300 20.862101 39.389549
v 30.830301 24.602100 39.329548
v 28.190300 24.682100 39.149548
v 32.570301 24.502100 39.269547
v 33.450302 20.782101 39.209549
v 34.010300 24.382099 39.029549
v 35.350300 24.242100 38.609547
v 35.350300 20.642099 38.689548
v 37.210300 20.442101 37.789547
v 37.150299 23.962099 37.749550
v 38.970299 20.162100 36.669548
v 39.410301 23.422100 36.269547
v 40.710300 23.002100 35.249550
v 40.690300 19.782101 35.329548
v 42.410301 19.282101 33.849548
v 41.990303 22.482100 34.149548
v 43.270302 21.882099 32.989548
v 43.990303 19.282101 32.369549
v 44.590302 21.162100 31.749550
v 45.630299 19.282101 30.749550
v 46.190300 20.482100 30.149549
v 47.330299 19.282101 29.009550
v 47.850300 20.242100 28.449551
v 49.110302 19.282101 27.149549
v 48.750301 20.242100 27.509550
v 50.130299 20.242100 26.049551
v 50.810299 20.242100 25.329550
v 52.910301 20.242100 23.089550
v 50.430302 17.842100 25.689550
v 51.650299 17.842100 24.409550
v 49.770302 17.842100 24.309549
v 49.770302 17.842100 26.409550
v 49.310299 17.842100 24.809549
v 49.290302 18.802099 24.809549
v 49.230301 18.942101 24.809549
v 47.030300 17.842100 24.809549
v 49.070301 19.082100 24.809549
v 51.710300 19.042101 22.069550
v 51.710300 18.922100 22.169550
v 51.710300 18.782101 21.969551
v 51.730301 18.322100 21.949551
v 51.470299 17.042101 21.969551
v 52.650299 17.042101 21.469551
v 50.270302 17.042101 21.469551
v 50.290302 18.782101 21.509550
v 50.950302 18.782101 21.909550
v 50.210300 19.042101 21.589550
v 51.490299 19.102100 22.169550
v 51.150299 19.142099 22.309549
v 50.050301 19.142099 21.749550
v 49.450302 19.142099 20.669550
v 49.570301 19.102100 20.329550
v 49.670300 19.042101 20.089550
v 49.870300 18.782101 20.869551
v 49.750301 18.922100 20.089550
v 49.570301 18.922100 20.089550
v 49.530300 18.802099 20.089550
v 49.790302 18.782101 20.089550
v 49.530300 17.842100 20.069550
v 49.790302 18.322100 20.089550
v 49.790302 17.842100 20.189550
v 49.770302 17.842100 20.289551
v 49.790302 17.042101 20.289551
v 50.950302 17.042101 20.789551
v 51.470299 17.042101 21.009550
v 51.470299 19.142099 20.989550
v 50.970299 19.142099 20.789551
v 50.750301 17.042101 20.289551
v 50.770302 19.142099 20.289551
v 50.950302 21.522100 20.789551
v 50.750301 21.522100 20.289551
v 50.270302 21.522100 21.469551
v 51.470299 21.522100 21.009550
v 52.650299 21.522100 21.469551
v 51.470299 21.522100 21.969551
v 52.150299 20.722099 21.829550
v 51.490299 20.722099 21.969551
v 50.390301 20.722099 23.289551
v 50.370300 20.722099 21.569550
v 47.390301 20.722099 23.109550
v 47.390301 20.722099 25.369551
v 44.390301 20.722099 23.809549
v 46.130299 20.722099 25.429550
v 47.030300 20.722099 26.229549
v 45.790302 20.922100 27.469551
v 44.610298 21.502100 28.649549
v 44.710300 21.502100 28.849550
v 43.030300 22.502100 30.229549
v 44.730301 21.522100 29.089550
v 47.170300 20.722099 26.389549
v 45.930302 20.922100 27.869551
v 44.670300 21.542101 29.989550
v 43.590302 22.242100 30.209551
v 47.210300 20.722099 26.589550
v 47.310299 20.722099 27.249550
v 47.370300 20.722099 27.609550
v 41.670300 23.282101 31.549551
v 41.610298 23.342100 32.109550
v 40.170300 24.022100 32.929550
v 39.490303 24.302099 33.969551
v 37.970299 24.842100 34.709549
v 38.010300 24.802099 35.089550
v 36.690300 25.202101 35.549549
v 36.750298 25.162100 35.949547
v 35.470299 25.442101 36.629547
v 35.410301 25.502100 36.249550
v 33.310303 25.842100 36.949547
v 33.330299 25.762100 37.349548
v 31.850300 26.002100 37.129547
v 31.790300 25.922100 37.529549
v 29.130301 26.162100 37.049549
v 29.050301 26.082100 37.429550
v 27.350300 26.202101 36.849548
v 27.290300 26.122101 37.229549
v 25.590302 26.142099 37.029549
v 25.650299 26.222099 36.649548
v 25.610300 26.202101 36.849548
v 25.390301 26.222099 36.629547
v 25.390301 24.762100 32.209549
v 26.050301 25.862101 34.389549
v 26.390301 24.762100 32.369549
v 25.450300 24.002100 31.829550
v 24.290300 24.762100 32.049549
v 24.690300 26.222099 36.529549
v 24.930302 26.222099 36.569550
v 25.170300 26.222099 36.589550
v 24.890301 26.142099 36.949547
v 24.650299 26.142099 36.909550
v 25.130301 26.142099 36.969547
v 25.350300 26.142099 37.009548
v 24.410301 26.142099 36.889549
v 24.110300 26.142099 36.849548
v 23.790300 26.142099 36.809547
v 24.150299 26.222099 36.469547
v 23.830299 26.222099 36.429550
v 23.450300 26.142099 36.769547
v 23.110300 26.142099 36.729549
v 23.490299 26.222099 36.389549
v 23.130301 26.222099 36.349548
v 22.750301 26.142099 36.689548
v 22.770300 26.222099 36.309547
v 22.390261 26.142099 36.649548
v 22.430260 26.222099 36.269547
v 22.050261 26.142099 36.589550
v 21.690260 26.142099 36.549549
v 21.310261 26.142099 36.509548
v 20.910259 26.142099 36.469547
v 21.330261 26.222099 36.129547
v 20.930260 26.222099 36.089550
v 20.490261 26.122101 36.409550
v 20.030260 26.122101 36.349548
v 19.530260 26.122101 36.289547
v 19.070261 25.602100 37.429550
v 18.990261 26.122101 36.229549
v 18.410259 26.122101 36.149548
v 17.790260 25.602100 37.269547
v 17.090260 25.242100 37.609547
v 18.410259 24.702101 37.949547
v 20.410259 24.702101 38.189548
v 19.130260 20.942101 38.109547
v 17.330261 20.942101 37.889549
v 16.550261 24.702101 37.729549
v 15.710260 20.942101 37.689548
v 14.910260 24.702101 37.509548
v 14.290260 20.942101 37.509548
v 13.450260 24.702101 37.349548
v 13.510260 20.942101 37.409550
v 13.030260 20.942101 37.349548
v 12.170260 24.702101 37.189548
v 11.890260 20.942101 37.209549
v 11.070260 24.702101 37.049549
v 10.850261 20.942101 37.089550
v 10.090261 24.702101 36.929550
v 9.950260 20.942101 36.969547
v 9.210260 24.702101 36.829548
v 9.130260 20.942101 36.869549
v 8.450260 24.702101 36.729549
v 8.390261 20.942101 36.789547
v 7.770260 24.702101 36.649548
v 7.750260 20.942101 36.709549
v 7.170260 24.702101 36.569550
v 7.170260 20.942101 36.629547
v 6.650260 20.942101 36.569550
v 6.610260 24.702101 36.509548
v 6.210260 20.942101 36.509548
v 6.070261 24.702101 36.429550
v 5.790260 20.942101 36.469547
v 5.530261 24.702101 36.369549
v 5.370260 20.942101 36.429550
v 4.970261 24.702101 36.309547
v 4.950260 20.942101 36.369549
v 4.350261 24.702101 36.269547
v 4.530260 20.942101 36.349548
v 4.110260 20.942101 36.309547
v 3.710260 24.702101 36.229549
v 3.690260 20.942101 36.289547
v 3.130260 24.702101 36.209549
v 3.250260 20.942101 36.289547
v 2.770261 20.942101 36.289547
v 2.630301 24.702101 36.229549
v 2.250300 20.942101 36.309547
v 2.190300 24.702101 36.249550
v 1.770300 24.702101 36.269547
v 1.690300 20.942101 36.329548
v 1.350301 24.702101 36.289547
v 1.090301 20.942101 36.369549
v 0.910300 24.702101 36.309547
v 0.450300 20.942101 36.429550
v 0.430301 24.702101 36.349548
v -0.069699 24.702101 36.389549
v -0.209700 20.942101 36.469547
v -0.589700 24.702101 36.449547
v -0.889700 20.942101 36.529549
v -1.149699 24.702101 36.489548
v -1.569699 20.942101 36.589550
v -1.749700 24.702101 36.549549
v -2.229700 20.942101 36.649548
v -2.389700 24.702101 36.609547
v -2.909699 20.942101 36.709549
v -3.069699 24.702101 36.669548
v -3.629700 20.942101 36.789547
v -3.769699 24.702101 36.729549
v -4.449699 20.942101 36.869549
v -4.529699 24.702101 36.809547
v -5.309700 24.702101 36.869549
v -5.389700 20.942101 36.949547
v -6.129700 24.702101 36.949547
v -6.489700 20.942101 37.049549
v -6.989700 24.702101 37.029549
v -7.729700 20.942101 37.169548
v -6.789700 20.942101 35.429550
v -7.209700 20.942101 36.189548
v -6.869699 20.942101 35.129547
v -6.929699 19.882099 35.309547
v -7.409700 19.882099 36.569550
v -6.749701 19.882099 33.529549
v -7.969700 19.882099 33.749550
v -7.969700 19.882099 33.529549
v -8.309700 17.002100 31.949551
v -8.349699 19.882099 31.849550
v -9.269699 17.002100 30.369551
v -9.149700 19.882099 30.509550
v -9.269699 18.482100 30.369551
v -9.429699 19.882099 30.229549
v -10.449699 18.482100 29.429550
v -8.889700 18.482100 29.709551
v -10.069700 18.482100 28.789551
v -11.869699 18.482100 28.889549
v -11.029699 19.882099 29.149549
v -12.949699 19.882099 28.769550
v -10.629700 19.882099 28.009550
v -8.609699 19.882099 29.309549
v -8.609699 22.882099 29.429550
v -8.549700 20.402100 29.349550
v -8.589699 22.442101 29.429550
v -8.529699 20.942101 29.389549
v -7.769699 20.942101 30.249550
v -6.449699 20.942101 29.189550
v -7.229700 20.942101 30.909550
v -6.949699 20.942101 30.749550
v -6.909700 22.242100 30.769550
v -4.269699 20.942101 30.489550
v -6.869699 23.482100 30.789551
v -3.929699 23.482100 30.509550
v -1.689699 23.642099 30.349550
v -6.849699 23.642099 30.829550
v -1.749700 23.722099 30.409550
v -1.809700 23.782101 30.489550
v -4.029699 23.782101 30.689550
v -6.849699 23.782101 30.949551
v -7.089699 23.702101 31.109550
v -6.309700 24.602100 33.109550
v -6.689699 24.542101 35.089550
v -6.749701 24.342100 35.069550
v -6.649700 24.282101 33.209549
v -7.149700 23.482100 31.269550
v -7.129700 23.482100 30.949551
v -7.029699 23.602100 30.889549
v -7.189699 22.242100 31.249550
v -6.769699 19.882099 33.149548
v -7.229700 20.942101 31.229549
v -7.349699 19.882099 31.069550
v -7.649700 19.882099 30.489550
v -6.809700 22.582100 35.089550
v -6.669699 24.342100 35.369549
v -6.589699 24.582100 35.309547
v -6.409700 24.682100 35.169548
v -6.389700 24.522100 35.429550
v -5.829700 24.642099 35.249550
v -5.909700 24.562099 35.349548
v -5.989700 24.342100 35.449547
v -6.189699 24.342100 35.469547
v -6.389700 24.342100 35.489548
v -6.429699 22.582100 35.509548
v -6.249701 20.942101 35.529549
v -6.489700 20.942101 35.549549
v -5.989700 20.942101 35.509548
v -5.989700 22.642099 35.469547
v -5.709700 24.682100 35.109547
v -5.089699 20.942101 34.429550
v -4.869699 20.942101 35.389549
v -4.049700 20.942101 34.429550
v -4.809700 22.642099 35.369549
v -4.769699 24.342100 35.329548
v -2.709700 20.942101 35.189548
v -1.769700 24.342100 35.049549
v -4.689699 24.562099 35.249550
v -1.809700 24.582100 34.969547
v -4.609699 24.642099 35.129547
v -1.789700 24.682100 34.749550
v 1.270300 24.682100 34.489548
v 1.190300 24.582100 34.709549
v 3.270261 24.642099 34.549549
v 3.330260 24.562099 34.649548
v 3.390261 24.342100 34.729549
v 2.810261 24.342100 34.729549
v 2.190300 24.342100 34.749550
v 1.290300 24.342100 34.789551
v 1.490300 20.942101 34.849548
v -0.509700 20.942101 34.989548
v 0.850301 24.342100 34.829548
v -1.569699 24.342100 35.029549
v 2.470301 20.942101 34.789551
v 3.430261 22.642099 34.769550
v 3.470261 20.942101 34.789551
v 3.210260 20.942101 34.429550
v 4.190260 20.942101 34.429550
v 2.790260 20.942101 32.429550
v 3.490260 24.722099 33.369549
v 2.830260 24.622101 32.409550
v 3.150260 23.782101 30.149549
v 3.950260 23.782101 30.169550
v 4.250260 24.682100 34.449551
v 5.030261 23.782101 30.289551
v 4.710260 24.682100 34.489548
v 5.270260 24.642099 34.669548
v 5.370260 24.682100 34.549549
v 5.130260 20.942101 34.889549
v 5.210260 24.562099 34.749550
v 5.150260 24.342100 34.829548
v 4.430261 24.562099 34.689548
v 4.770260 24.342100 34.809547
v 4.470261 24.342100 34.769550
v 4.350261 24.642099 34.589550
v 4.490260 22.642099 34.809547
v 4.490260 20.942101 34.829548
v 4.810260 20.942101 34.869549
v 5.530261 20.942101 34.429550
v 6.990261 24.582100 32.629551
v 7.230260 23.782101 30.629551
v 6.130260 23.782101 30.449551
v 5.690260 23.782101 30.389549
v 5.690260 23.662100 30.249550
v 2.710260 23.642099 30.029551
v 5.710260 23.482100 30.209551
v 8.570261 23.722099 30.769550
v 8.510261 23.782101 30.829550
v 8.030260 20.942101 31.429550
v 6.910260 20.942101 32.769550
v 7.850260 20.942101 32.889549
v 9.070260 20.942101 31.429550
v 8.050261 24.562099 32.709549
v 9.490260 23.782101 30.969551
v 8.830260 24.682100 34.949547
v 6.410260 24.682100 34.669548
v 9.150261 24.582100 35.209549
v 9.130260 24.682100 34.989548
v 12.110260 24.582100 35.589550
v 10.770260 24.682100 35.189548
v 12.030260 24.682100 35.349548
v 13.570260 24.642099 35.669548
v 13.650260 24.562099 35.789547
v 13.710260 24.342100 35.869549
v 12.050260 24.342100 35.669548
v 11.670260 20.942101 35.689548
v 11.610260 24.342100 35.609547
v 9.730261 20.942101 35.449547
v 9.970261 24.342100 35.409550
v 9.090261 24.342100 35.309547
v 7.910260 20.942101 35.209549
v 8.650261 24.342100 35.249550
v 7.170260 24.342100 35.069550
v 6.990261 20.942101 35.109547
v 6.170260 24.342100 34.949547
v 6.230260 24.562099 34.869549
v 6.570261 20.942101 34.429550
v 6.310260 24.642099 34.769550
v 6.130260 22.642099 34.969547
v 6.090261 20.942101 34.989548
v 13.750260 22.642099 35.909550
v 13.790260 20.942101 35.949547
v 13.470260 24.702101 35.529549
v 12.730261 20.942101 34.429550
v 13.710260 20.942101 34.429550
v 14.870260 20.942101 36.069550
v 14.850261 24.362101 36.009548
v 14.790260 24.562099 35.929550
v 14.730261 24.642099 35.809547
v 14.630260 24.702101 35.669548
v 15.650261 24.662100 35.929550
v 15.590261 24.582100 36.009548
v 15.510261 20.942101 36.149548
v 15.510261 24.362101 36.089550
v 15.190260 24.362101 36.049549
v 15.930261 20.942101 37.409550
v 16.950260 20.942101 34.429550
v 16.450260 20.942101 36.269547
v 18.310261 20.942101 37.409550
v 18.390261 20.942101 36.509548
v 20.250259 20.942101 36.729549
v 20.710260 20.942101 37.409550
v 22.010262 20.942101 36.949547
v 23.110300 20.942101 37.409550
v 23.610300 20.942101 37.149548
v 24.690300 20.942101 37.269547
v 25.330299 20.942101 37.349548
v 25.510300 20.942101 37.389549
v 21.090260 20.942101 38.349548
v 26.850300 20.942101 35.529549
v 25.550301 24.702101 37.009548
v 25.390301 24.562099 37.229549
v 25.330299 24.362101 37.289547
v 24.610300 24.582100 37.129547
v 25.030300 24.362101 37.269547
v 24.670300 24.362101 37.209549
v 23.070301 20.942101 34.969547
v 24.530300 24.662100 37.009548
v 24.430302 24.702101 36.869549
v 25.030300 24.702101 36.949547
v 25.690300 24.682100 35.789547
v 26.230301 23.842100 33.629551
v 26.930302 24.562099 35.389549
v 27.170300 23.842100 33.749550
v 26.250301 23.722099 33.509548
v 21.550261 23.702101 32.769550
v 26.270300 23.562099 33.469551
v 28.290300 23.702101 33.769550
v 28.210300 23.822100 33.889549
v 27.790300 20.942101 34.429550
v 27.810301 20.942101 35.629547
v 26.410301 24.582100 37.349548
v 26.490299 24.662100 37.249550
v 26.590302 24.702101 37.129547
v 28.470301 24.662100 37.349548
v 28.370300 24.562099 37.569550
v 29.090300 24.642099 37.409550
v 31.350300 24.422100 37.749550
v 30.870300 24.562099 37.509548
v 31.350300 24.522100 37.509548
v 34.110298 24.182100 37.269547
v 34.210300 24.102100 37.349548
v 34.290298 23.862101 37.409550
v 31.330301 24.182100 37.849548
v 30.910301 24.222099 37.849548
v 31.710300 20.842100 37.889549
v 32.610298 24.062099 37.769547
v 33.010300 20.782101 37.769547
v 34.330299 22.282101 37.429550
v 34.370300 20.682100 37.429550
v 35.230301 20.602100 37.109547
v 33.890301 20.662100 35.989548
v 32.930298 20.742100 36.229549
v 33.990303 24.242100 37.149548
v 32.110298 24.282101 35.589550
v 32.270302 20.782101 35.689548
v 33.210300 20.702101 35.429550
v 31.210300 20.822100 33.749550
v 30.010300 20.882099 33.789551
v 30.030300 23.482100 33.829548
v 30.090300 23.642099 33.889549
v 30.150301 23.702101 33.929550
v 30.230301 23.762100 34.009548
v 29.750299 23.782101 33.989548
v 29.230301 23.802099 33.969551
v 29.330301 23.662100 33.849548
v 29.370300 20.942101 33.769550
v 29.370300 22.222099 33.789551
v 29.710300 23.482100 33.829548
v 29.370300 23.502100 33.809547
v 28.890301 20.942101 33.749550
v 28.390301 20.942101 33.709549
v 28.230301 20.922100 33.689548
v 28.930300 20.922100 33.569550
v 31.530300 20.782101 33.469551
v 31.150301 20.802099 32.249550
v 32.650299 20.642099 31.969551
v 33.970299 20.502100 32.829548
v 32.450302 20.722099 33.549549
v 31.250299 22.102100 33.769550
v 31.290300 23.402100 33.789551
v 31.330301 23.562099 33.829548
v 36.190300 22.842100 32.149548
v 32.430298 23.302099 33.609550
v 34.850300 22.942101 32.789551
v 36.210300 22.642099 32.069550
v 36.030300 20.342100 34.309547
v 36.190300 22.942101 32.229549
v 36.170300 23.002100 32.369549
v 34.890301 23.282101 33.009548
v 33.650299 23.462099 33.489548
v 31.470301 23.682100 33.949551
v 33.130302 24.142099 35.329548
v 34.930298 24.082100 36.829548
v 35.050301 24.022100 36.929550
v 35.370300 24.002100 36.649548
v 35.810303 23.882099 36.569550
v 35.810303 23.902100 36.429550
v 35.810303 20.522100 36.849548
v 35.790298 23.802099 36.689548
v 35.790298 22.062099 36.829548
v 35.790298 23.582100 36.789547
v 35.130302 23.942101 37.009548
v 35.490303 23.642099 36.949547
v 35.210300 23.702101 37.069550
v 35.510300 20.562099 36.989548
v 35.950302 20.402100 35.189548
v 36.650299 20.402100 36.389549
v 38.050301 20.162100 35.469547
v 37.750298 23.102100 35.629547
v 37.450302 23.182100 35.829548
v 36.690300 23.382099 36.309547
v 36.790298 20.262100 34.769550
v 36.690300 23.602100 36.209549
v 36.730301 23.682100 35.929550
v 37.450302 23.402100 35.709549
v 37.290298 23.542101 35.569550
v 38.810303 23.042101 34.449551
v 39.770302 22.602100 33.989548
v 38.950302 22.702101 34.769550
v 39.730301 22.402100 34.129551
v 39.330299 19.882099 34.529549
v 40.610298 19.542101 33.449551
v 40.310303 22.162100 33.649548
v 41.890301 21.402100 32.249550
v 41.950302 19.102100 32.249550
v 43.230301 19.002100 33.089550
v 41.410301 19.022100 31.269550
v 42.630302 18.842100 31.609550
v 42.830299 18.762100 31.429550
v 43.050301 18.662100 31.209551
v 43.510300 18.682100 31.729549
v 43.770302 18.682100 31.949551
v 44.070301 18.662100 32.269550
v 45.070301 18.302099 31.269550
v 45.790302 18.042101 29.989550
v 46.090302 18.042101 30.249550
v 47.830299 17.842100 27.969551
v 48.070301 17.842100 28.189550
v 47.170300 17.842100 27.049551
v 49.250301 17.842100 26.949551
v 47.870300 17.842100 26.329550
v 48.550301 17.842100 25.589550
v 48.530300 18.802099 25.589550
v 48.490299 18.942101 25.589550
v 47.090302 19.042101 26.969551
v 47.870300 18.802099 26.309549
v 47.170300 18.802099 27.029551
v 46.030300 19.042101 28.069550
v 46.570301 18.802099 27.649549
v 46.070301 18.802099 28.189550
v 45.590302 19.362101 28.529551
v 45.830299 18.962099 28.429550
v 45.570301 19.142099 28.669550
v 43.850300 20.442101 30.329550
v 43.830299 20.522100 30.169550
v 43.830299 20.522100 29.949551
v 44.690300 19.962099 29.069550
v 45.430302 19.442101 28.329550
v 43.510300 19.482100 26.489550
v 43.750298 19.322100 26.269550
v 44.010300 19.142099 26.029551
v 45.670300 19.282101 28.089550
v 44.910301 19.142099 26.949551
v 45.170300 19.142099 27.189550
v 45.870300 19.142099 27.889549
v 46.350300 19.142099 27.389549
v 46.910301 19.142099 26.789551
v 48.310299 19.082100 25.589550
v 47.490299 19.142099 26.189550
v 48.050301 19.142099 25.589550
v 46.770302 17.842100 25.589550
v 45.170300 19.142099 25.589550
v 46.250301 17.842100 25.589550
v 44.330299 17.842100 25.209551
v 44.750301 17.842100 24.789551
v 46.770302 17.842100 24.809549
v 45.270302 19.142099 24.809549
v 48.170300 19.142099 24.809549
v 45.550301 19.142099 24.529551
v 45.850300 19.142099 24.249550
v 47.650299 19.142099 22.449551
v 48.170300 19.142099 21.949551
v 48.810299 19.142099 24.809549
v 50.010300 19.142099 23.529551
v 45.670300 19.042101 24.069550
v 45.010300 19.082100 24.809549
v 44.830299 18.942101 24.809549
v 44.770302 18.802099 24.809549
v 45.170300 18.802099 24.429550
v 45.610302 18.802099 23.989550
v 47.570301 18.802099 22.049551
v 46.770302 17.842100 22.809549
v 45.590302 17.842100 23.989550
v 43.790298 17.842100 23.749550
v 46.130299 17.842100 21.429550
v 45.150299 19.282101 22.349550
v 43.230301 19.282101 24.229549
v 42.650299 17.902100 24.829550
v 41.530300 18.082100 25.889549
v 41.410301 19.282101 25.949551
v 40.410301 18.382099 26.889549
v 39.690300 19.282101 27.509550
v 39.310303 18.782101 27.849550
v 38.670300 19.042101 28.389549
v 38.350300 19.462099 30.249550
v 39.870300 18.762100 28.349550
v 40.230301 18.742100 28.669550
v 39.430298 19.122101 29.689550
v 38.430298 19.482100 30.469551
v 37.610298 19.722099 31.089550
v 37.350300 19.802099 31.269550
v 37.090302 19.882099 31.449551
v 36.250298 20.062099 31.709551
v 36.870300 20.182100 33.829548
v 36.230301 20.082100 31.989550
v 34.890301 20.362101 32.729549
v 33.650299 20.562099 33.229549
v 33.550301 23.162100 33.309547
v 34.510300 20.302099 31.249550
v 36.290298 19.862101 30.189550
v 35.370300 23.422100 30.849550
v 33.830299 23.682100 31.629551
v 32.490303 23.822100 32.069550
v 34.010300 24.242100 31.809549
v 31.550301 24.522100 32.509548
v 31.110300 23.922100 32.309547
v 29.390301 23.982100 32.329548
v 28.990301 24.642099 32.569550
v 26.470301 24.002100 31.989550
v 26.410301 24.682100 32.269550
v 28.590302 24.762100 32.649548
v 30.070301 24.722099 32.749550
v 26.450300 24.422100 32.089550
v 24.490299 20.942101 31.629551
v 24.330299 24.002100 31.649549
v 23.250301 20.942101 31.429550
v 23.150299 24.002100 31.469551
v 22.510262 20.942101 31.309549
v 21.870260 24.002100 31.269550
v 19.970261 20.942101 30.909550
v 20.490261 23.982100 31.049551
v 19.010262 23.982100 30.809549
v 18.410259 20.942101 30.669550
v 17.530260 23.982100 30.569550
v 16.810261 20.942101 30.409550
v 16.150261 23.982100 30.349550
v 13.890261 20.942101 29.949551
v 14.910260 23.982100 30.169550
v 13.790260 23.982100 29.989550
v 11.730261 20.942101 29.609550
v 12.770260 23.982100 29.829550
v 11.830260 23.982100 29.669550
v 10.950260 23.982100 29.529551
v 10.070260 20.942101 29.349550
v 10.170260 23.982100 29.409550
v 9.430261 23.962099 29.289551
v 8.530260 20.942101 29.109550
v 8.750260 23.962099 29.189550
v 8.110260 23.962099 29.089550
v 7.090261 20.942101 28.869551
v 7.510261 23.962099 28.989550
v 6.970261 23.962099 28.909550
v 5.870260 20.942101 28.689550
v 6.470261 23.962099 28.829550
v 6.010261 23.962099 28.749550
v 5.590261 23.962099 28.689550
v 5.030261 20.942101 28.569550
v 5.210260 23.962099 28.649549
v 4.850260 23.962099 28.589550
v 4.190260 20.942101 28.469551
v 4.490260 23.962099 28.549551
v 4.130260 23.962099 28.529551
v 3.450260 20.942101 28.449551
v 3.770261 23.962099 28.509550
v 3.410260 23.962099 28.489550
v 2.370300 20.942101 28.449551
v 3.030260 23.962099 28.489550
v 2.630301 23.962099 28.489550
v 2.190300 23.962099 28.509550
v 1.230300 20.942101 28.509550
v 1.690300 23.962099 28.529551
v 1.150300 23.962099 28.569550
v -1.049700 20.942101 28.689550
v 0.570300 23.962099 28.609550
v -0.069699 23.962099 28.669550
v -0.769700 23.962099 28.729549
v -1.509700 23.962099 28.789551
v -2.529699 20.942101 28.829550
v -2.329700 23.962099 28.869551
v -3.189699 23.962099 28.949551
v -4.429699 20.942101 29.009550
v -4.129700 23.962099 29.029551
v -5.149700 23.962099 29.129551
v -6.229700 23.962099 29.229549
v -7.389700 23.962099 29.349550
v -7.069700 24.762100 29.749550
v -8.289700 24.762100 29.869551
v -7.249701 25.762100 31.769550
v -7.109699 25.922100 32.209549
v -6.909700 26.202101 33.749550
v -6.549700 26.222099 34.849548
v -6.089699 26.222099 34.809547
v -5.649700 26.222099 34.769550
v -5.929699 24.762100 29.629551
v -5.249701 26.222099 34.729549
v -4.889700 26.222099 34.689548
v -4.549700 26.222099 34.669548
v -4.869699 24.762100 29.529551
v -4.229700 26.222099 34.629551
v -3.929699 26.222099 34.609550
v -3.669699 26.222099 34.589550
v -3.889700 24.762100 29.449551
v -3.409700 26.222099 34.549549
v -3.169700 26.222099 34.529549
v -2.949699 26.222099 34.509548
v -2.749700 26.222099 34.489548
v -2.569699 26.222099 34.489548
v -2.969700 24.762100 29.349550
v -2.389700 26.222099 34.469551
v -2.249700 26.222099 34.449551
v -2.089700 26.222099 34.429550
v -1.949699 26.222099 34.429550
v -1.789700 26.222099 34.409550
v -1.649699 26.222099 34.389549
v -2.109699 24.762100 29.269550
v -1.509700 26.222099 34.389549
v -1.369699 26.222099 34.369549
v -1.209700 26.222099 34.369549
v -1.069699 26.222099 34.349548
v -0.929700 26.222099 34.329548
v -1.329700 24.762100 29.209551
v -0.789700 26.222099 34.329548
v -0.629700 26.222099 34.309547
v -0.489699 26.222099 34.289551
v -0.349700 26.222099 34.289551
v -0.209700 26.222099 34.269550
v -0.589700 24.762100 29.149549
v -0.049700 26.222099 34.269550
v 0.110300 26.222099 34.249550
v 0.270300 26.222099 34.229549
v 0.450300 26.222099 34.229549
v 0.090301 24.762100 29.089550
v 0.630301 26.222099 34.209549
v 0.790300 26.222099 34.189548
v 0.970301 26.222099 34.189548
v 0.710300 24.762100 29.029551
v 1.110300 26.222099 34.169548
v 1.270300 26.222099 34.169548
v 1.410300 26.222099 34.149548
v 1.550301 26.222099 34.149548
v 1.290300 24.762100 28.989550
v 1.710300 26.222099 34.129551
v 1.850301 26.222099 34.129551
v 1.990300 26.222099 34.129551
v 1.810301 24.762100 28.969551
v 2.130301 26.222099 34.109550
v 2.250300 26.222099 34.109550
v 2.370300 26.222099 34.109550
v 2.290300 24.762100 28.949551
v 2.490300 26.222099 34.109550
v 2.590301 26.222099 34.089550
v 2.710260 26.222099 34.089550
v 2.710260 24.762100 28.929550
v 2.810261 26.222099 34.089550
v 2.910260 26.222099 34.089550
v 3.010261 26.222099 34.089550
v 3.090261 24.762100 28.929550
v 3.110260 26.222099 34.089550
v 3.230261 26.222099 34.089550
v 3.330260 26.222099 34.089550
v 3.470261 24.762100 28.929550
v 3.430261 26.222099 34.089550
v 3.630260 26.222099 34.089550
v 3.810261 24.762100 28.949551
v 3.810261 26.222099 34.109550
v 4.150260 24.762100 28.969551
v 3.910260 26.222099 34.109550
v 4.030260 26.222099 34.109550
v 4.490260 24.762100 28.989550
v 4.130260 26.222099 34.109550
v 4.230261 26.222099 34.129551
v 4.330260 26.222099 34.129551
v 4.850260 24.762100 29.029551
v 4.450260 26.222099 34.129551
v 4.550261 26.222099 34.149548
v 5.210260 24.762100 29.069550
v 4.690260 26.222099 34.149548
v 4.830260 26.222099 34.169548
v 4.950260 26.222099 34.169548
v 5.570261 24.762100 29.129551
v 5.090261 26.222099 34.189548
v 5.290260 26.222099 34.209549
v 5.990261 24.762100 29.189550
v 5.550261 26.222099 34.229549
v 5.730260 26.222099 34.249550
v 6.450260 24.762100 29.249550
v 6.010261 26.222099 34.289551
v 6.190260 26.222099 34.309547
v 6.950260 24.762100 29.329550
v 6.370260 26.222099 34.329548
v 6.490261 26.222099 34.329548
v 6.610260 26.222099 34.349548
v 6.750260 26.222099 34.369549
v 7.510261 24.762100 29.429550
v 6.890260 26.222099 34.389549
v 7.050261 26.222099 34.409550
v 7.210260 26.222099 34.429550
v 7.370260 26.222099 34.449551
v 8.090261 24.762100 29.509550
v 7.530261 26.222099 34.469551
v 7.690260 26.222099 34.489548
v 7.870260 26.222099 34.509548
v 8.030260 26.222099 34.529549
v 8.730261 24.762100 29.609550
v 8.190260 26.222099 34.549549
v 8.350260 26.222099 34.569550
v 8.190260 26.122101 34.909550
v 8.030260 26.122101 34.889549
v 8.050261 25.602100 36.089550
v 8.670260 25.602100 36.149548
v 8.350260 26.122101 34.929550
v 8.510261 26.122101 34.949547
v 8.510261 26.222099 34.589550
v 8.690260 26.222099 34.609550
v 9.410260 24.762100 29.709551
v 8.850261 26.222099 34.629551
v 9.010261 26.222099 34.649548
v 9.170260 26.222099 34.669548
v 9.350261 26.222099 34.689548
v 10.150261 24.762100 29.829550
v 9.510261 26.222099 34.709549
v 9.690260 26.222099 34.729549
v 9.910260 26.222099 34.749550
v 10.130260 26.222099 34.769550
v 10.950260 24.762100 29.949551
v 10.370260 26.222099 34.809547
v 10.650261 26.222099 34.849548
v 10.930261 26.222099 34.869549
v 11.810260 24.762100 30.089550
v 11.230261 26.222099 34.909550
v 11.510261 26.222099 34.949547
v 11.790260 26.222099 34.969547
v 12.070260 26.222099 35.009548
v 12.750260 24.762100 30.249550
v 12.350260 26.222099 35.049549
v 12.650260 26.222099 35.089550
v 12.950260 26.222099 35.109547
v 13.790260 24.762100 30.409550
v 13.250260 26.222099 35.149548
v 13.550260 26.222099 35.189548
v 13.870260 26.222099 35.229549
v 13.570260 26.122101 35.569550
v 13.250260 26.122101 35.529549
v 14.370260 25.602100 36.849548
v 13.870260 26.122101 35.589550
v 14.170260 26.122101 35.629547
v 14.470261 26.122101 35.669548
v 14.790260 26.122101 35.709549
v 15.530260 25.602100 36.989548
v 15.110260 26.122101 35.749550
v 15.470261 26.122101 35.789547
v 15.870260 26.122101 35.849548
v 16.630260 25.602100 37.129547
v 16.290260 26.122101 35.889549
v 16.770260 26.122101 35.949547
v 17.290260 26.122101 36.009548
v 17.850260 26.122101 36.089550
v 17.830261 26.222099 35.709549
v 17.290260 26.222099 35.649548
v 17.530260 24.762100 30.989550
v 18.990261 24.762100 31.209551
v 18.410259 26.222099 35.769547
v 18.990261 26.222099 35.849548
v 19.530260 26.222099 35.909550
v 20.470261 24.762100 31.449551
v 20.030260 26.222099 35.969547
v 20.490261 26.222099 36.029549
v 21.830261 24.762100 31.649549
v 16.770260 26.222099 35.589550
v 16.150261 24.762100 30.769550
v 16.290260 26.222099 35.529549
v 15.850261 26.222099 35.469547
v 15.470261 26.222099 35.429550
v 14.910260 24.762100 30.569550
v 15.110260 26.222099 35.389549
v 14.790260 26.222099 35.349548
v 14.470261 26.222099 35.309547
v 14.170260 26.222099 35.269547
v 14.310261 25.242100 37.269547
v 13.110260 25.602100 36.709549
v 11.990260 25.602100 36.569550
v 11.550261 25.242100 36.929550
v 11.050261 25.602100 36.449547
v 10.210260 25.602100 36.349548
v 9.390261 25.602100 36.249550
v 8.790260 25.242100 36.589550
v 8.850261 26.122101 34.989548
v 9.010261 26.122101 35.009548
v 9.170260 26.122101 35.029549
v 9.330260 26.122101 35.049549
v 9.510261 26.122101 35.069550
v 9.690260 26.122101 35.089550
v 8.670260 26.122101 34.969547
v 9.910260 26.122101 35.109547
v 10.130260 26.122101 35.149548
v 10.390261 26.122101 35.169548
v 10.670260 26.122101 35.209549
v 10.950260 26.122101 35.249550
v 11.230261 26.122101 35.269547
v 11.510261 26.122101 35.309547
v 11.790260 26.122101 35.349548
v 12.070260 26.122101 35.369549
v 12.350260 26.122101 35.409550
v 12.650260 26.122101 35.449547
v 12.950260 26.122101 35.489548
v 7.350260 25.602100 35.989548
v 6.550261 25.602100 35.889549
v 6.010261 25.242100 36.269547
v 5.850260 25.602100 35.809547
v 5.270260 25.602100 35.749550
v 4.770260 25.602100 35.709549
v 4.350261 25.602100 35.669548
v 3.950260 25.602100 35.649548
v 3.450260 25.602100 35.629547
v 3.270261 25.242100 36.049549
v 3.010261 25.602100 35.629547
v 2.630301 25.602100 35.629547
v 2.210300 25.602100 35.649548
v 1.710300 25.602100 35.669548
v 1.110300 25.602100 35.709549
v 0.530300 25.242100 36.189548
v 0.410300 25.602100 35.769547
v -0.369699 25.602100 35.829548
v -1.029699 25.602100 35.889549
v -1.609699 25.602100 35.929550
v -2.269700 25.602100 35.989548
v -2.249700 25.242100 36.429550
v -3.049700 25.602100 36.069550
v -3.909700 25.602100 36.149548
v -4.949699 25.602100 36.249550
v -5.029699 25.242100 36.689548
v -6.149700 25.602100 36.369549
v -7.569700 25.602100 36.489548
v -7.809700 25.242100 36.949547
v -8.849699 25.862101 38.169548
v -7.289700 25.862101 35.869549
v -8.689699 27.062099 37.989548
v -10.649700 27.062099 39.289547
v -11.249701 25.862101 39.549549
v -12.949699 27.062099 39.749550
v -14.029699 25.862101 39.689548
v -15.249701 27.062099 39.289547
v -16.569700 25.862101 38.569550
v -17.189699 27.062099 37.989548
v -18.349699 25.862101 36.449547
v -18.489700 27.062099 36.049549
v -18.949699 27.062099 33.749550
v -18.989700 25.862101 33.749550
v -18.509699 22.882099 36.269547
v -16.969700 22.882099 38.349548
v -17.049700 19.882099 38.389549
v -18.469700 19.882099 36.569550
v -18.589699 19.882099 36.289547
v -19.069700 22.882099 33.749550
v -19.129700 19.882099 33.749550
v -19.129700 19.882099 33.529549
v -17.929699 19.882099 33.529549
v -17.929699 19.882099 33.749550
v -17.929699 18.482100 33.749550
v -17.869699 18.482100 34.509548
v -18.469700 18.482100 35.249550
v -17.869699 18.482100 35.249550
v -18.469700 17.002100 35.249550
v -18.669699 18.482100 33.749550
v -18.669699 17.002100 33.749550
v -18.469700 18.482100 32.249550
v -18.469700 17.002100 32.249550
v -17.709700 17.002100 32.249550
v -17.009699 17.002100 33.549549
v -17.009699 17.002100 33.749550
v -16.809700 17.202101 35.009548
v -16.809700 17.202101 32.489548
v -15.829700 17.002100 30.869551
v -15.329700 17.202101 30.449551
v -14.049700 17.002100 29.829550
v -12.949699 17.002100 29.689550
v -12.949699 17.202101 29.689550
v -10.829700 17.002100 30.269550
v -10.549700 17.202101 30.449551
v -10.069700 17.002100 30.869551
v -9.189699 17.002100 32.189548
v -9.069700 17.202101 32.489548
v -8.869699 17.002100 33.749550
v -9.069700 17.202101 35.009548
v -9.189699 17.002100 35.309547
v -10.069700 17.002100 36.629547
v -10.549700 17.202101 37.029549
v -10.829700 17.002100 37.229549
v -12.949699 17.002100 37.809547
v -12.949699 17.202101 37.809547
v -10.569700 20.182100 37.009548
v -12.949699 20.182100 37.789547
v -10.589699 23.182100 36.989548
v -12.949699 23.182100 37.769547
v -11.849699 26.182100 37.589550
v -10.129700 26.182100 36.569550
v -9.269699 26.182100 35.269547
v -9.129700 23.182100 34.989548
v -8.949699 26.182100 33.749550
v -9.129700 23.182100 32.509548
v -9.109699 20.182100 34.989548
v -9.109699 20.182100 32.509548
v -10.589699 23.182100 30.509550
v -10.569700 20.182100 30.489550
v -12.949699 23.182100 29.729549
v -12.949699 20.182100 29.709551
v -15.309700 23.182100 30.509550
v -15.309700 20.182100 30.489550
v -16.769699 23.182100 32.509548
v -16.789700 20.182100 32.509548
v -16.769699 23.182100 34.989548
v -16.929699 26.182100 33.749550
v -16.629700 26.182100 35.269547
v -15.769699 26.182100 36.569550
v -15.309700 23.182100 36.989548
v -16.789700 20.182100 34.989548
v -15.309700 20.182100 37.009548
v -15.329700 17.202101 37.029549
v -15.829700 17.002100 36.629547
v -17.009699 17.002100 33.949551
v -17.189699 17.002100 36.369549
v -17.709700 17.002100 35.249550
v -17.709700 18.482100 35.249550
v -17.549700 19.882099 35.649548
v -17.049700 19.882099 36.589550
v -15.429699 17.002100 38.069550
v -16.469700 19.882099 37.269547
v -14.849699 19.882099 38.349548
v -14.009699 17.002100 38.629547
v -12.949699 19.882099 38.729549
v -11.869699 17.002100 38.609547
v -11.869699 18.482100 38.609547
v -11.469700 18.482100 39.289547
v -11.469700 17.002100 39.289547
v -10.929699 17.002100 39.109547
v -10.069700 17.002100 38.709549
v -10.069700 18.482100 38.709549
v -8.889700 17.002100 37.789547
v -8.889700 18.482100 37.789547
v -9.269699 18.482100 37.109547
v -10.449699 18.482100 38.069550
v -11.029699 19.882099 38.349548
v -9.429699 19.882099 37.269547
v -9.749701 19.882099 39.049549
v -8.849699 19.882099 36.589550
v -7.829700 19.882099 37.269547
v -9.729700 22.882099 38.949547
v -12.149700 22.882099 39.809547
v -11.069700 19.882099 39.649548
v -12.209700 19.882099 39.889549
v -14.729700 22.882099 39.609547
v -14.789700 19.882099 39.669548
v -15.049700 19.882099 39.569550
v -13.069700 19.882099 39.529549
v -7.789700 20.402100 37.229549
v -7.869699 22.882099 37.149548
v -7.909700 24.702101 37.129547
v -8.349699 19.882099 35.649548
v -8.309700 17.002100 35.549549
v -7.969700 17.002100 33.749550
v -9.269699 17.002100 37.109547
v -14.049700 17.002100 37.669548
v -12.949699 26.182100 37.729549
v -15.049700 26.182100 37.129547
v -11.949699 26.182100 34.929550
v -14.949699 26.182100 34.809547
v -14.949699 26.182100 32.689548
v -11.949699 26.182100 32.549549
v -9.269699 26.182100 32.229549
v -11.849699 26.182100 29.909550
v -15.049700 26.182100 30.369551
v -12.949699 26.182100 29.769550
v -10.129700 26.182100 30.929550
v -15.769699 26.182100 30.929550
v -16.629700 26.182100 32.229549
v -10.929699 17.002100 28.389549
v -8.889700 17.002100 29.709551
v -10.069700 17.002100 28.789551
v -11.469700 17.002100 28.209551
v -11.469700 18.482100 28.209551
v -11.869699 17.002100 28.889549
v -14.009699 17.002100 28.869551
v -15.429699 17.002100 29.429550
v -14.849699 19.882099 29.149549
v -16.469700 19.882099 30.229549
v -17.189699 17.002100 31.129551
v -16.729700 19.882099 30.509550
v -17.549700 19.882099 31.849550
v -17.709700 18.482100 32.249550
v -17.869699 18.482100 32.249550
v -17.869699 18.482100 32.949551
v -18.209700 19.882099 30.489550
v -17.349699 19.882099 29.389549
v -15.349699 19.882099 28.049551
v -16.529699 22.882099 28.789551
v -13.889700 22.882099 27.709551
v -12.989700 19.882099 27.549551
v -11.029699 22.882099 27.929550
v -13.729700 25.862101 27.769550
v -16.409700 25.862101 28.789551
v -15.249701 27.062099 28.189550
v -17.189699 27.062099 29.509550
v -18.289700 25.862101 30.949551
v -18.489700 27.062099 31.449551
v -18.389700 22.882099 30.969551
v -18.669699 19.882099 31.389549
v -18.309700 27.242100 31.169550
v -18.909700 27.242100 33.749550
v -18.329700 27.362101 31.509550
v -17.069700 27.362101 29.629551
v -16.649700 27.242100 29.089550
v -15.169699 27.362101 28.369551
v -14.269699 27.242100 27.949551
v -12.949699 27.062099 27.749550
v -11.629700 27.242100 27.949551
v -10.649700 27.062099 28.189550
v -10.869699 25.862101 28.069550
v -8.689699 27.062099 29.509550
v -8.489700 25.862101 29.689550
v -8.629700 23.962099 29.449551
v -8.549700 24.402100 29.549551
v -7.389700 27.062099 31.449551
v -6.929699 27.062099 33.749550
v -6.989700 27.242100 33.749550
v -7.569700 27.242100 31.169550
v -7.129700 27.362101 33.749550
v -7.569700 27.362101 35.969547
v -7.569700 27.242100 36.329548
v -8.829700 27.362101 37.869549
v -9.229700 27.242100 38.409550
v -7.389700 27.062099 36.049549
v -6.949699 26.222099 34.329548
v -7.029699 26.222099 34.909550
v -6.649700 26.122101 35.229549
v -7.069700 26.182100 35.089550
v -7.109699 26.122101 35.269547
v -6.169699 26.122101 35.169548
v -10.709700 27.362101 39.129547
v -11.629700 27.242100 39.549549
v -12.949699 27.362101 39.569550
v -14.269699 27.242100 39.549549
v -15.169699 27.362101 39.129547
v -16.649700 27.242100 38.409550
v -17.069700 27.362101 37.869549
v -18.309700 27.242100 36.329548
v -18.329700 27.362101 35.969547
v -18.769699 27.362101 33.749550
v -17.729700 27.922100 33.749550
v -17.369699 27.922100 31.909550
v -17.049700 28.022100 32.049549
v -16.089699 28.022100 30.609550
v -16.329700 27.922100 30.369551
v -14.629700 28.022100 29.649549
v -14.769699 27.922100 29.329550
v -12.949699 28.022100 29.309549
v -12.949699 27.922100 28.949551
v -12.949699 27.362101 27.929550
v -11.109699 27.922100 29.329550
v -10.709700 27.362101 28.369551
v -9.549700 27.922100 30.369551
v -8.829700 27.362101 29.629551
v -8.509699 27.922100 31.909550
v -7.569700 27.362101 31.509550
v -8.149700 27.922100 33.749550
v -8.509699 27.922100 35.589550
v -8.849699 28.022100 35.449547
v -9.809700 28.022100 36.889549
v -9.549700 27.922100 37.129547
v -11.369699 28.022100 37.889549
v -11.109699 27.922100 38.169548
v -12.949699 28.022100 38.189548
v -12.949699 27.922100 38.529549
v -14.629700 28.022100 37.849548
v -14.769699 27.922100 38.169548
v -16.089699 28.022100 36.889549
v -16.329700 27.922100 37.129547
v -17.369699 27.922100 35.589550
v -17.049700 28.022100 35.449547
v -17.369699 28.022100 33.749550
v -17.569700 28.002100 33.749550
v -14.489700 28.022100 32.489548
v -11.509699 28.022100 32.469551
v -11.369699 28.022100 29.609550
v -9.809700 28.022100 30.609550
v -8.849699 28.022100 32.049549
v -8.509699 28.022100 33.749550
v -8.329700 28.002100 33.749550
v -11.509699 28.022100 35.029549
v -14.489700 28.022100 35.009548
v -9.229700 27.242100 29.089550
v -5.729700 26.122101 35.129547
v -5.329700 26.122101 35.089550
v -4.949699 26.122101 35.069550
v -4.609699 26.122101 35.029549
v -4.289700 26.122101 34.989548
v -3.989700 26.122101 34.969547
v -3.709700 26.122101 34.949547
v -3.449699 26.122101 34.909550
v -3.209700 26.122101 34.889549
v -2.989699 26.122101 34.869549
v -2.789700 26.122101 34.849548
v -2.589700 26.122101 34.849548
v -2.429700 26.122101 34.829548
v -2.249700 26.122101 34.809547
v -2.109699 26.122101 34.789551
v -1.969700 26.122101 34.789551
v -1.809700 26.122101 34.769550
v -1.669700 26.122101 34.749550
v -1.529699 26.122101 34.749550
v -1.389700 26.122101 34.729549
v -1.229700 26.122101 34.709549
v -1.089700 26.122101 34.709549
v -0.949699 26.122101 34.689548
v -0.809700 26.122101 34.669548
v -0.669700 26.122101 34.669548
v -0.529699 26.122101 34.649548
v -0.369699 26.122101 34.649548
v -0.229700 26.122101 34.629551
v -0.089700 26.122101 34.609550
v 0.070300 26.122101 34.609550
v 0.230300 26.122101 34.589550
v 0.390301 26.122101 34.569550
v 0.570300 26.122101 34.569550
v 0.750300 26.122101 34.549549
v 0.910300 26.122101 34.549549
v 1.070300 26.122101 34.529549
v 1.210300 26.122101 34.509548
v 1.370300 26.122101 34.509548
v 1.510301 26.122101 34.509548
v 1.650300 26.122101 34.489548
v 1.790300 26.122101 34.489548
v 1.930301 26.122101 34.469551
v 2.070300 26.122101 34.469551
v 2.210300 26.122101 34.469551
v 2.330300 26.122101 34.469551
v 2.450300 26.122101 34.449551
v 2.550301 26.122101 34.449551
v 2.650300 26.122101 34.449551
v 2.750260 26.122101 34.449551
v 2.870260 26.122101 34.449551
v 2.970261 26.122101 34.449551
v 3.070260 26.122101 34.449551
v 3.170260 26.122101 34.449551
v 3.270261 26.122101 34.449551
v 3.370260 26.122101 34.449551
v 3.570260 26.122101 34.449551
v 3.750260 26.122101 34.449551
v 3.950260 26.122101 34.469551
v 4.050261 26.122101 34.469551
v 4.150260 26.122101 34.469551
v 4.250260 26.122101 34.469551
v 4.350261 26.122101 34.489548
v 4.470261 26.122101 34.489548
v 4.590261 26.122101 34.509548
v 4.710260 26.122101 34.509548
v 4.850260 26.122101 34.529549
v 4.970261 26.122101 34.529549
v 5.090261 26.122101 34.549549
v 5.190260 26.122101 34.549549
v 5.470261 26.122101 34.589550
v 5.650260 26.122101 34.609550
v 5.810260 26.122101 34.609550
v 5.990261 26.122101 34.629551
v 6.170260 26.122101 34.669548
v 6.370260 26.122101 34.689548
v 6.490261 26.122101 34.689548
v 6.610260 26.122101 34.709549
v 6.750260 26.122101 34.729549
v 6.890260 26.122101 34.749550
v 7.050261 26.122101 34.769550
v 7.210260 26.122101 34.789551
v 7.370260 26.122101 34.809547
v 7.530261 26.122101 34.829548
v 7.710260 26.122101 34.849548
v 7.870260 26.122101 34.869549
v -1.589700 20.942101 30.249550
v -1.529699 20.942101 31.429550
v -0.449699 20.942101 30.149549
v -0.629700 23.782101 30.369551
v -0.549700 23.722099 30.289551
v -0.509700 23.642099 30.229549
v -0.469700 23.482100 30.189550
v -0.129700 23.482100 30.169550
v -0.129700 20.942101 30.109550
v 0.190300 20.942101 30.089550
v 0.190300 23.482100 30.129551
v 0.210300 23.642099 30.169550
v 1.130301 20.942101 31.429550
v 0.310301 23.782101 30.289551
v -0.149699 23.782101 30.329550
v -1.629700 24.682100 34.729549
v 0.650300 24.682100 34.529549
v 1.930301 24.642099 32.649548
v 1.830300 20.942101 32.449551
v 3.170260 24.682100 34.429550
v 2.670260 24.682100 34.429550
v 1.990300 24.682100 34.449551
v -2.429700 24.562099 32.549549
v -3.469700 24.622101 33.769550
v -3.429699 24.622101 33.729549
v -2.669700 20.942101 32.769550
v -2.569699 20.942101 31.429550
v -3.789700 20.942101 32.869549
v -3.649700 24.562099 32.669548
v -4.669699 24.722099 33.869549
v -6.049700 24.682100 35.149548
v -4.489700 24.682100 34.989548
v 2.090301 20.942101 31.429550
v 1.110300 20.942101 30.009550
v 1.290300 23.782101 30.229549
v 1.190300 23.642099 30.109550
v 1.130301 22.222099 30.029551
v 1.170300 23.482100 30.069550
v 2.310301 23.482100 29.989550
v 2.010301 20.942101 29.969551
v 2.890261 20.942101 29.929550
v 2.750260 23.482100 29.969551
v 3.130260 23.482100 29.969551
v 3.950260 23.482100 30.009550
v 4.470261 23.482100 30.049551
v 5.070261 23.482100 30.129551
v 5.610260 20.942101 30.149549
v 6.630260 20.942101 30.309549
v 6.190260 23.482100 30.289551
v 7.310260 23.502100 30.469551
v 8.650261 23.502100 30.669550
v 7.670260 20.942101 30.469551
v 8.670260 22.222099 30.649549
v 8.690260 20.942101 30.629551
v 4.670260 20.942101 30.029551
v 3.790260 20.942101 29.949551
v 2.750260 23.782101 30.149549
v 2.370300 23.782101 30.169550
v -1.609699 22.202101 30.269550
v -1.649699 23.482100 30.289551
v 9.610260 20.942101 30.789551
v 9.930261 20.942101 30.829550
v 10.250260 20.942101 30.889549
v 9.930261 23.502100 30.869551
v 10.270260 23.502100 30.929550
v 10.290260 23.662100 30.989550
v 9.610260 23.502100 30.829550
v 9.570260 23.662100 30.869551
v 9.930261 23.782101 31.049551
v 10.390261 23.802099 31.129551
v 10.330260 23.742100 31.029551
v 10.630260 20.942101 31.429550
v 11.890260 24.562099 33.269550
v 12.030260 20.942101 33.409550
v 13.110260 20.942101 33.569550
v 11.610260 20.942101 31.429550
v 13.050260 24.562099 33.409550
v 11.550261 23.802099 31.309549
v 12.690260 23.802099 31.489550
v 14.510261 23.802099 31.769550
v 15.610260 23.802099 31.949551
v 15.190260 24.702101 35.729549
v 15.750260 24.702101 35.809547
v 18.610260 23.822100 32.409550
v 17.270260 24.562099 34.009548
v 17.150261 20.942101 34.189548
v 18.010262 20.942101 34.429550
v 18.790260 20.942101 32.229549
v 18.090260 20.942101 34.329548
v 16.770260 24.702101 35.929550
v 18.270260 24.562099 34.129551
v 19.710260 20.942101 32.389549
v 19.590260 23.822100 32.569550
v 20.030260 23.822100 32.649548
v 19.670261 23.682100 32.469551
v 20.470261 23.822100 32.709549
v 19.710260 24.702101 36.289547
v 19.510262 24.582100 36.489548
v 22.490261 24.582100 36.849548
v 20.650261 24.702101 36.409550
v 22.610260 24.702101 36.649548
v 23.390301 24.662100 36.869549
v 23.470301 24.582100 36.989548
v 23.530300 24.362101 37.069550
v 22.610260 24.362101 36.969547
v 20.750259 24.362101 36.729549
v 19.550261 24.362101 36.589550
v 16.590260 24.582100 36.149548
v 16.670261 24.662100 36.049549
v 16.530260 24.362101 36.209549
v 18.910259 24.362101 36.509548
v 23.570301 22.642099 37.109547
v 23.290300 24.702101 36.729549
v 21.990261 20.942101 34.809547
v 22.690300 20.942101 34.429550
v 22.990299 24.562099 34.789551
v 21.650261 23.822100 32.889549
v 24.130301 23.822100 33.289551
v 21.450260 20.942101 32.649548
v 21.470261 22.242100 32.689548
v 23.830299 20.942101 33.029549
v 21.510262 23.542101 32.709549
v 24.110300 23.542101 33.129551
v 26.210300 20.942101 33.409550
v 27.250301 23.542101 33.609550
v 28.330299 23.542101 33.749550
v 28.370300 22.242100 33.729549
v 28.830301 20.942101 34.429550
v 26.250301 20.942101 33.269550
v 28.090302 20.942101 32.169548
v 29.630301 20.902100 32.289551
v 26.470301 20.942101 31.929550
v 26.350300 20.942101 32.669548
v 20.850262 20.942101 31.429550
v 20.350260 20.942101 32.489548
v 18.450260 20.942101 31.429550
v 16.950260 20.942101 31.949551
v 16.070261 20.942101 31.429550
v 15.110260 20.942101 31.649549
v 13.690260 20.942101 31.429550
v 13.230261 20.942101 31.349550
v 12.690260 23.502100 31.309549
v 14.450260 23.522100 31.589550
v 12.810260 23.682100 31.389549
v 15.610260 23.522100 31.789551
v 15.770260 23.682100 31.849550
v 18.690260 23.682100 32.309547
v 18.730261 23.522100 32.269550
v 17.090260 23.522100 32.009548
v 11.450260 23.662100 31.169550
v 11.430261 23.502100 31.109550
v 11.390261 22.222099 31.089550
v 11.350261 20.942101 31.049551
v 11.490260 23.742100 31.229549
v 20.030260 23.522100 32.469551
v 20.350260 23.542101 32.529549
v 20.390261 23.682100 32.569550
v 19.710260 23.522100 32.429550
v 21.710260 20.942101 34.429550
v 21.810261 24.562099 34.629551
v 23.110300 24.762100 31.849550
v 22.070259 26.222099 36.229549
v 21.710260 26.222099 36.169548
v 32.190300 24.602100 32.569550
v 34.090302 24.402100 32.009548
v 35.710300 24.122101 31.189550
v 36.210300 23.782101 30.549551
v 37.190300 22.942101 29.609550
v 38.230301 23.102100 29.049551
v 39.310303 22.122101 27.909550
v 38.030300 19.282101 28.889549
v 40.430298 21.582100 26.909550
v 40.070301 22.242100 27.449551
v 41.830299 21.242100 25.789551
v 41.630302 20.922100 25.789551
v 42.830299 20.402100 24.649549
v 44.050301 20.242100 23.449551
v 45.050301 20.242100 22.469551
v 44.150299 20.582100 23.569550
v 45.230301 20.582100 22.509550
v 46.430302 20.242100 21.109550
v 47.190300 19.282101 20.329550
v 47.190300 20.242100 20.349550
v 49.370300 20.242100 18.189550
v 49.350300 19.282101 18.169550
v 47.570301 17.842100 19.989550
v 46.730301 17.842100 20.829550
v 47.550301 17.842100 22.029551
v 49.770302 17.842100 20.069550
v 49.370300 17.842100 18.209549
v 49.590302 17.842100 18.009550
v 49.770302 17.842100 17.869549
v 50.110302 17.842100 19.289551
v 50.270302 17.042101 19.109550
v 50.950302 17.042101 19.789551
v 51.470299 17.042101 19.569550
v 50.970299 19.142099 19.789551
v 51.470299 19.142099 19.589550
v 51.970299 17.042101 19.789551
v 51.950302 19.142099 19.789551
v 52.170300 17.042101 20.289551
v 52.170300 19.142099 20.289551
v 51.970299 21.522100 19.789551
v 52.190300 21.522100 20.289551
v 52.650299 21.522100 19.109550
v 51.470299 21.522100 19.569550
v 50.270302 21.522100 19.109550
v 51.470299 21.522100 18.609550
v 50.350300 20.722099 19.029551
v 51.210300 20.722099 18.629549
v 51.570301 20.682100 18.609550
v 50.650299 20.722099 18.229549
v 50.850300 20.582100 17.949551
v 51.930302 20.562099 18.669550
v 52.430302 20.422100 18.909550
v 52.450302 20.242100 18.889549
v 52.950302 20.422100 19.509550
v 52.990299 20.242100 19.489550
v 52.470299 19.282101 18.869551
v 50.950302 19.282101 17.789549
v 50.950302 18.522100 17.829550
v 50.950302 17.842100 17.849550
v 50.390301 17.842100 17.669550
v 49.830299 18.522100 17.809549
v 49.830299 19.282101 17.789549
v 50.390301 19.282101 17.629549
v 50.950302 19.762100 17.809549
v 50.950302 20.242100 17.829550
v 50.390301 20.242100 17.649549
v 50.370300 20.582100 17.789549
v 49.910301 20.582100 17.929550
v 50.090302 20.722099 18.229549
v 50.370300 20.722099 18.149549
v 49.890301 20.722099 18.369549
v 49.710300 20.722099 18.529551
v 49.470299 20.582100 18.289549
v 47.550301 20.722099 20.709551
v 50.190300 20.722099 19.189550
v 49.790302 20.722099 20.289551
v 49.790302 21.522100 20.289551
v 50.950302 21.522100 19.789551
v 49.910301 20.722099 20.949551
v 47.350300 20.722099 20.909550
v 50.290302 20.722099 21.489550
v 46.790302 20.722099 21.449551
v 45.390301 20.722099 22.829550
v 47.350300 20.582100 20.409550
v 49.570301 20.242100 17.989550
v 49.810299 20.242100 17.809549
v 49.590302 19.282101 17.969549
v 49.830299 19.762100 17.789549
v 52.370300 17.842100 18.869551
v 51.570301 17.842100 18.609550
v 50.750301 17.842100 18.769550
v 51.470299 17.042101 18.609550
v 52.650299 17.042101 19.109550
v 52.790302 17.842100 19.269550
v 52.930302 17.842100 19.469551
v 53.170300 17.842100 20.289551
v 53.130299 17.042101 20.289551
v 53.170300 17.842100 22.389549
v 53.190300 18.562099 22.389549
v 53.210300 19.282101 20.289551
v 53.090302 17.842100 22.749550
v 51.970299 17.042101 20.789551
v 51.950302 19.142099 20.789551
v 53.010300 19.282101 19.489550
v 53.190300 20.242100 20.289551
v 53.150299 20.422100 20.289551
v 53.050301 20.562099 20.849550
v 52.890301 20.682100 21.169550
v 52.690300 20.722099 21.449551
v 53.130299 21.522100 20.289551
v 51.970299 21.522100 20.789551
v 43.250298 20.902100 24.929550
v 43.790298 21.482100 27.729549
v 42.130302 21.402100 26.009550
v 40.930298 22.082100 27.129551
v 39.790298 22.682100 28.149549
v 37.630302 23.582100 29.909550
v 35.990303 23.682100 34.529549
v 36.890301 23.402100 33.889549
v 37.070301 22.762100 31.829550
v 37.510300 22.622101 31.529551
v 37.990303 22.462099 31.209551
v 39.630302 22.722099 33.809547
v 39.710300 22.282101 31.669550
v 40.070301 22.542101 33.429550
v 41.510300 21.862101 32.149548
v 41.670300 21.782101 32.189548
v 41.790298 21.682100 32.229549
v 40.690300 19.282101 31.909550
v 39.630302 19.422100 31.629551
v 40.390301 19.182100 31.009550
v 38.850300 22.122101 30.569550
v 38.610298 22.042101 30.509550
v 38.510300 21.842100 30.469551
v 40.370300 20.902100 28.929550
v 40.430298 18.742100 28.829550
v 40.430298 19.142099 28.849550
v 40.590302 20.782101 28.749550
v 40.750298 20.982100 28.729549
v 42.710300 19.702101 26.869551
v 42.730301 19.902100 27.049551
v 40.910301 21.102100 28.889549
v 40.610298 21.262100 29.129551
v 40.410301 21.902100 30.989550
v 42.230301 21.462099 31.469551
v 42.390301 21.402100 31.509550
v 42.630302 21.242100 31.089550
v 43.070301 21.002100 30.909550
v 43.050301 21.002100 30.709551
v 43.070301 20.902100 31.069550
v 43.110298 19.142099 31.149549
v 43.090302 20.742100 31.129551
v 42.850300 20.882099 31.349550
v 42.610298 21.022100 31.569550
v 42.510300 21.282101 31.549551
v 43.010300 19.142099 31.249550
v 42.910301 18.302099 29.009550
v 43.850300 18.382099 30.449551
v 42.890301 18.242100 28.649549
v 43.650299 18.102100 28.289551
v 43.850300 19.142099 30.409550
v 44.710300 19.142099 29.549551
v 45.450302 17.982100 28.829550
v 47.070301 17.842100 27.169550
v 47.530300 17.842100 27.669550
v 47.770302 17.842100 27.909550
v 44.790302 19.682100 29.469551
v 43.850300 20.282101 30.389549
v 43.630302 18.062099 27.929550
v 43.670300 20.022100 28.189550
v 43.450302 17.922100 26.049551
v 43.490303 19.382099 26.309549
v 43.490303 19.242100 26.169550
v 43.470299 18.962099 26.069550
v 43.830299 19.042101 25.869551
v 43.590302 18.882099 25.949551
v 43.710300 18.802099 25.829550
v 44.010300 18.942101 25.589550
v 44.170300 19.082100 25.589550
v 44.450302 19.142099 25.589550
v 44.230301 19.142099 25.809549
v 43.950302 18.802099 25.589550
v 43.830299 18.802099 25.709551
v 43.930298 18.342100 25.589550
v 43.930298 17.842100 25.589550
v 43.690300 17.902100 25.829550
v 44.270302 17.842100 24.269550
v 42.710300 18.042101 26.749550
v 42.710300 18.582100 26.769550
v 42.710300 19.142099 26.769550
v 41.590302 19.142099 27.809549
v 42.590302 19.542101 26.889549
v 42.710300 19.482100 26.789551
v 41.570301 18.342100 27.809549
v 42.890301 20.542101 28.969551
v 42.750298 19.982100 27.229549
v 41.630302 20.682100 28.249550
v 37.750298 22.382099 31.149549
v 37.090302 22.682100 31.689550
v 37.090302 22.582100 31.569550
v 37.110298 22.362101 31.489550
v 37.370300 22.282101 31.309549
v 37.650299 22.182100 31.109550
v 45.170300 17.842100 24.389549
v 44.770302 18.322100 24.789551
v 27.910301 24.562099 35.569550
v 24.450300 26.222099 36.509548
v 51.710300 18.922100 21.989550

f 1 2 3
f 4 1 3
f 4 3 5
f 6 4 5
f 6 5 7
f 7 8 6
f 9 6 8
f 9 8 10
f 9 10 11
f 12 9 11
f 13 12 11
f 13 11 14
f 13 14 15
f 13 15 16
f 13 16 17
f 18 13 17
f 18 17 19
f 18 19 20
f 18 20 21
f 18 21 22
f 23 18 22
f 23 22 24
f 25 23 24
f 25 24 26
f 25 26 27
f 25 27 28
f 29 25 28
f 29 28 30
f 31 29 30
f 31 30 32
f 31 32 33
f 31 33 34
f 35 31 34
f 35 34 36
f 37 35 36
f 37 36 38
f 39 37 38
f 39 38 40
f 41 39 40
f 41 40 42
f 43 41 42
f 43 42 44
f 45 43 44
f 45 44 46
f 47 45 46
f 47 46 48
f 47 48 49
f 50 47 49
f 50 49 51
f 52 50 51
f 52 51 53
f 52 53 54
f 52 54 55
f 52 55 56
f 52 56 57
f 52 57 58
f 59 58 57
f 60 59 57
f 59 60 61
f 59 61 62
f 62 63 59
f 63 64 59
f 65 64 63
f 65 63 66
f 66 67 65
f 67 68 65
f 68 69 65
f 69 70 65
f 65 70 71
f 70 72 71
f 71 72 73
f 71 73 74
f 64 71 74
f 64 74 58
f 47 58 74
f 47 74 73
f 72 75 73
f 45 73 75
f 72 76 75
f 76 77 75
f 43 75 77
f 43 77 78
f 79 78 77
f 79 80 78
f 80 81 78
f 41 78 81
f 80 82 81
f 82 83 81
f 39 81 83
f 39 83 84
f 85 84 83
f 85 86 84
f 87 84 86
f 88 87 86
f 88 86 89
f 90 88 89
f 90 89 91
f 92 90 91
f 92 91 93
f 94 92 93
f 94 93 95
f 96 94 95
f 97 96 95
f 97 95 9
f 98 97 9
f 99 98 9
f 18 98 99
f 23 97 98
f 9 95 100
f 9 100 101
f 102 101 100
f 102 100 103
f 103 104 102
f 102 104 2
f 104 105 2
f 106 2 105
f 107 106 105
f 107 108 106
f 108 109 106
f 106 109 110
f 106 110 3
f 110 111 3
f 3 111 112
f 112 111 113
f 112 113 5
f 5 113 114
f 115 114 113
f 116 115 113
f 117 116 113
f 118 116 117
f 118 117 109
f 118 109 119
f 118 119 120
f 118 120 121
f 118 121 122
f 118 122 123
f 118 123 124
f 118 124 125
f 126 125 124
f 126 124 127
f 126 127 128
f 126 128 129
f 128 130 129
f 130 131 129
f 129 131 132
f 129 132 133
f 125 129 133
f 125 133 115
f 133 134 115
f 134 135 115
f 135 136 115
f 137 136 135
f 138 137 135
f 138 135 139
f 138 139 140
f 141 138 140
f 141 140 142
f 142 143 141
f 141 143 144
f 145 144 143
f 143 146 145
f 147 145 146
f 147 146 148
f 20 147 148
f 148 149 20
f 150 149 148
f 149 150 151
f 151 152 149
f 149 152 26
f 152 151 153
f 153 154 152
f 155 152 154
f 156 155 154
f 156 154 157
f 156 157 158
f 158 157 159
f 158 159 160
f 158 160 161
f 158 161 155
f 162 161 160
f 162 160 33
f 33 160 163
f 33 163 164
f 163 160 164
f 162 165 161
f 165 152 161
f 166 152 165
f 167 152 166
f 162 167 166
f 162 30 167
f 152 167 27
f 162 166 165
f 160 159 164
f 164 159 168
f 164 168 169
f 34 164 169
f 169 168 170
f 169 170 171
f 36 169 171
f 171 170 172
f 171 172 173
f 38 171 173
f 173 172 174
f 173 174 175
f 40 173 175
f 40 175 176
f 175 177 176
f 176 177 178
f 176 178 179
f 42 176 179
f 179 178 180
f 179 180 181
f 44 179 181
f 181 180 182
f 181 182 183
f 46 181 183
f 183 182 184
f 183 184 185
f 48 183 185
f 48 185 186
f 185 187 186
f 188 186 187
f 188 187 189
f 190 189 187
f 190 187 191
f 190 191 192
f 190 192 193
f 190 193 194
f 190 194 195
f 190 195 196
f 190 196 197
f 198 197 196
f 198 196 199
f 198 199 49
f 200 198 49
f 201 200 49
f 186 201 49
f 186 189 201
f 201 189 200
f 200 189 197
f 199 202 49
f 202 203 49
f 203 204 49
f 203 205 204
f 204 205 206
f 204 206 207
f 204 207 51
f 208 51 207
f 207 209 208
f 208 209 210
f 208 210 211
f 211 210 212
f 211 212 213
f 211 213 51
f 213 212 214
f 213 214 215
f 213 215 53
f 215 216 53
f 216 217 53
f 217 218 53
f 217 219 218
f 218 219 220
f 218 220 221
f 218 221 54
f 221 222 54
f 222 223 54
f 223 224 54
f 223 225 224
f 225 226 224
f 226 227 224
f 55 224 227
f 55 227 228
f 55 228 229
f 55 229 230
f 231 230 229
f 232 231 229
f 232 229 233
f 234 232 233
f 234 233 235
f 236 234 235
f 236 235 237
f 238 236 237
f 239 238 237
f 239 237 240
f 241 239 240
f 241 240 242
f 243 241 242
f 243 242 244
f 245 243 244
f 245 244 246
f 247 245 246
f 247 246 248
f 249 247 248
f 249 248 250
f 251 249 250
f 251 250 252
f 253 251 252
f 254 253 252
f 254 252 255
f 256 254 255
f 256 255 257
f 258 256 257
f 258 257 259
f 260 258 259
f 260 259 261
f 262 260 261
f 262 261 263
f 264 262 263
f 265 264 263
f 265 263 266
f 267 265 266
f 267 266 268
f 269 267 268
f 270 269 268
f 270 268 271
f 272 270 271
f 272 271 273
f 272 273 274
f 275 272 274
f 275 274 276
f 277 275 276
f 277 276 278
f 279 277 278
f 279 278 280
f 279 280 281
f 282 279 281
f 282 281 283
f 284 282 283
f 284 283 285
f 286 284 285
f 286 285 287
f 288 286 287
f 288 287 289
f 290 288 289
f 290 289 291
f 292 290 291
f 292 291 293
f 294 292 293
f 294 293 295
f 294 295 296
f 297 294 296
f 297 296 298
f 299 297 298
f 299 298 300
f 299 300 301
f 302 299 301
f 301 303 302
f 304 302 303
f 305 304 303
f 306 305 303
f 307 305 306
f 306 308 307
f 309 307 308
f 309 308 310
f 311 309 310
f 311 310 312
f 313 311 312
f 313 312 314
f 315 313 314
f 316 315 314
f 316 314 317
f 317 318 316
f 316 318 319
f 316 319 320
f 319 321 320
f 320 321 322
f 315 320 322
f 322 323 315
f 322 324 323
f 325 323 324
f 325 324 326
f 325 326 327
f 325 327 328
f 328 327 329
f 330 328 329
f 329 331 330
f 332 330 331
f 332 331 333
f 332 333 334
f 334 333 335
f 334 335 336
f 337 334 336
f 337 336 338
f 337 338 339
f 337 339 340
f 337 340 341
f 342 337 341
f 342 341 343
f 342 343 344
f 342 344 345
f 342 345 346
f 342 346 347
f 348 342 347
f 348 347 330
f 348 330 334
f 349 348 334
f 350 330 347
f 351 350 347
f 351 352 350
f 351 353 352
f 353 354 352
f 354 328 352
f 354 323 328
f 323 354 313
f 354 353 309
f 353 351 307
f 307 351 346
f 350 352 330
f 349 342 348
f 351 347 346
f 307 346 345
f 355 307 345
f 356 355 345
f 356 304 355
f 355 304 307
f 344 356 345
f 357 356 344
f 357 344 358
f 357 358 359
f 359 358 360
f 359 360 361
f 359 361 362
f 359 362 363
f 359 363 364
f 356 359 364
f 356 364 302
f 365 302 364
f 365 364 366
f 365 366 367
f 299 367 366
f 299 366 368
f 363 368 366
f 363 369 368
f 361 368 369
f 365 367 302
f 363 366 364
f 363 362 369
f 361 369 362
f 361 360 368
f 360 370 368
f 370 371 368
f 297 368 371
f 371 372 297
f 371 373 372
f 374 372 373
f 374 373 375
f 374 375 376
f 377 376 375
f 378 377 375
f 379 377 378
f 379 378 380
f 379 380 381
f 379 381 382
f 383 379 382
f 383 382 384
f 383 384 385
f 383 385 386
f 383 386 387
f 383 387 388
f 383 388 389
f 389 388 390
f 389 390 391
f 392 389 391
f 393 392 391
f 393 391 376
f 288 376 391
f 379 392 393
f 379 389 392
f 282 391 390
f 388 394 390
f 275 390 394
f 388 387 394
f 387 386 394
f 386 395 394
f 395 396 394
f 270 394 396
f 385 396 395
f 385 395 386
f 385 384 396
f 384 397 396
f 397 398 396
f 267 396 398
f 398 397 399
f 400 398 399
f 400 399 401
f 400 401 402
f 400 402 403
f 400 403 404
f 403 405 404
f 405 406 404
f 407 404 406
f 407 406 408
f 407 408 409
f 410 407 409
f 410 409 411
f 412 410 411
f 412 411 413
f 412 413 414
f 412 414 398
f 415 412 398
f 415 398 404
f 416 398 414
f 416 417 398
f 398 417 265
f 413 417 416
f 413 418 417
f 417 418 264
f 413 416 414
f 413 411 418
f 415 410 412
f 411 409 418
f 418 409 262
f 415 407 410
f 408 419 409
f 260 409 419
f 420 419 408
f 421 420 408
f 422 421 408
f 423 422 408
f 424 422 423
f 425 424 423
f 425 423 405
f 425 426 424
f 424 426 427
f 424 427 428
f 424 428 421
f 427 429 428
f 428 429 420
f 420 429 430
f 431 430 429
f 429 432 431
f 433 431 432
f 433 432 434
f 433 434 435
f 433 435 436
f 437 436 435
f 437 435 438
f 439 437 438
f 439 438 440
f 439 440 441
f 439 441 442
f 439 442 443
f 439 443 444
f 439 444 445
f 445 444 446
f 447 445 446
f 447 446 448
f 449 447 448
f 450 449 448
f 450 448 451
f 452 450 451
f 453 452 451
f 453 451 454
f 453 454 455
f 456 453 455
f 456 455 457
f 458 456 457
f 458 457 436
f 436 457 431
f 437 456 458
f 437 450 456
f 459 457 455
f 459 460 457
f 419 457 460
f 419 460 258
f 457 419 430
f 459 454 460
f 460 454 256
f 459 455 454
f 454 451 253
f 456 452 453
f 456 450 452
f 451 448 249
f 437 449 450
f 437 447 449
f 448 446 245
f 437 445 447
f 444 461 446
f 461 462 446
f 446 462 241
f 443 462 461
f 443 461 444
f 443 442 462
f 442 463 462
f 463 464 462
f 464 465 462
f 466 462 465
f 467 466 465
f 468 467 465
f 469 468 465
f 469 465 470
f 469 470 471
f 469 471 472
f 472 471 473
f 472 473 474
f 468 472 474
f 468 474 475
f 475 474 473
f 475 473 466
f 466 473 238
f 476 238 473
f 476 473 477
f 477 478 476
f 479 476 478
f 478 480 479
f 480 481 479
f 482 479 481
f 481 483 482
f 484 482 483
f 483 485 484
f 485 486 484
f 486 487 484
f 487 488 484
f 60 484 488
f 60 489 484
f 489 60 56
f 489 56 230
f 488 487 490
f 62 488 490
f 491 490 487
f 492 491 487
f 492 487 493
f 494 492 493
f 494 493 495
f 494 495 496
f 494 496 497
f 498 494 497
f 498 497 499
f 498 499 491
f 491 499 500
f 501 491 500
f 502 501 500
f 502 491 501
f 503 491 502
f 504 503 502
f 505 504 502
f 505 502 506
f 505 506 507
f 505 507 508
f 505 508 509
f 508 510 509
f 509 510 503
f 503 510 490
f 63 490 510
f 510 511 63
f 67 63 511
f 512 67 511
f 513 512 511
f 513 511 514
f 513 514 515
f 516 513 515
f 516 515 517
f 516 517 518
f 516 518 68
f 516 68 512
f 518 517 519
f 518 519 520
f 518 520 521
f 518 521 522
f 518 522 523
f 518 523 524
f 518 524 69
f 69 524 525
f 525 524 70
f 524 526 70
f 524 527 526
f 527 528 526
f 526 528 72
f 527 523 528
f 529 528 523
f 529 530 528
f 528 530 76
f 530 79 76
f 531 79 530
f 532 531 530
f 533 532 530
f 534 533 530
f 521 534 530
f 535 533 534
f 520 535 534
f 535 536 533
f 537 533 536
f 538 537 536
f 539 538 536
f 540 539 536
f 541 540 536
f 542 541 536
f 542 536 543
f 542 543 544
f 542 544 545
f 542 545 546
f 546 545 547
f 548 546 547
f 548 547 549
f 549 550 548
f 549 541 550
f 541 546 550
f 549 547 539
f 539 547 551
f 539 551 552
f 539 552 553
f 539 553 554
f 539 554 555
f 554 556 555
f 555 556 557
f 555 557 558
f 555 558 559
f 555 559 538
f 560 538 559
f 560 559 561
f 560 561 562
f 563 562 561
f 564 563 561
f 564 565 563
f 565 566 563
f 563 566 567
f 568 563 567
f 568 567 569
f 568 569 570
f 568 570 571
f 568 571 572
f 568 572 562
f 562 572 538
f 573 538 572
f 573 572 571
f 574 573 571
f 574 537 573
f 574 532 537
f 575 532 574
f 575 574 576
f 577 575 576
f 577 576 578
f 577 578 579
f 580 577 579
f 580 579 581
f 581 582 580
f 580 582 583
f 580 583 575
f 583 582 584
f 583 584 585
f 583 585 532
f 585 584 531
f 584 586 531
f 584 582 586
f 581 586 582
f 581 579 586
f 586 579 79
f 578 587 579
f 579 587 80
f 587 588 80
f 588 589 80
f 590 589 588
f 591 590 588
f 592 591 588
f 592 588 593
f 594 592 593
f 594 593 595
f 596 594 595
f 596 595 597
f 596 597 598
f 596 598 599
f 596 599 590
f 599 600 590
f 599 601 600
f 600 601 602
f 600 602 589
f 589 602 82
f 602 85 82
f 602 603 85
f 604 603 602
f 604 605 603
f 605 606 603
f 603 606 86
f 606 607 86
f 606 608 607
f 608 609 607
f 609 610 607
f 610 611 607
f 611 612 607
f 612 613 607
f 613 614 607
f 89 607 614
f 89 614 615
f 616 615 614
f 616 617 615
f 91 615 617
f 617 616 618
f 618 619 617
f 93 617 619
f 619 618 620
f 619 620 621
f 95 619 621
f 95 621 103
f 622 103 621
f 103 622 623
f 623 622 624
f 625 623 624
f 626 625 624
f 626 624 627
f 626 627 628
f 629 626 628
f 629 628 630
f 629 630 631
f 632 629 631
f 632 631 633
f 632 633 634
f 632 634 635
f 632 635 636
f 632 636 637
f 632 637 638
f 632 638 639
f 639 638 640
f 641 639 640
f 641 640 642
f 641 642 643
f 642 644 643
f 644 645 643
f 645 646 643
f 629 643 646
f 629 639 643
f 645 647 646
f 626 646 647
f 626 647 648
f 626 648 649
f 649 648 650
f 649 650 651
f 651 623 649
f 652 623 651
f 651 653 652
f 652 653 654
f 652 654 655
f 652 655 656
f 656 657 652
f 657 656 658
f 659 657 658
f 659 658 660
f 659 660 661
f 659 661 662
f 659 662 663
f 664 659 663
f 663 665 664
f 119 664 665
f 119 108 664
f 663 120 665
f 107 659 664
f 666 663 662
f 666 122 663
f 666 662 661
f 666 661 667
f 666 667 668
f 666 668 669
f 666 669 670
f 666 670 671
f 666 671 127
f 672 127 671
f 673 672 671
f 674 673 671
f 674 675 673
f 676 673 675
f 677 676 675
f 678 677 675
f 678 675 679
f 678 679 680
f 681 678 680
f 681 680 682
f 683 681 682
f 683 682 684
f 685 683 684
f 686 685 684
f 687 686 684
f 687 688 686
f 686 688 689
f 686 689 690
f 686 690 691
f 686 691 692
f 686 692 693
f 694 686 693
f 694 693 695
f 694 695 696
f 694 696 697
f 558 694 697
f 558 697 698
f 565 698 697
f 699 698 565
f 699 559 698
f 564 559 699
f 558 700 694
f 694 700 701
f 702 701 700
f 703 702 700
f 703 700 557
f 704 703 557
f 705 703 704
f 706 705 704
f 706 704 707
f 706 707 708
f 709 706 708
f 709 708 710
f 709 710 711
f 709 711 712
f 709 712 713
f 713 712 182
f 711 192 712
f 712 192 184
f 184 192 187
f 711 710 714
f 711 714 193
f 714 710 193
f 193 710 715
f 716 193 715
f 716 715 717
f 718 716 717
f 718 717 719
f 720 718 719
f 720 719 721
f 722 720 721
f 723 722 721
f 723 721 724
f 725 723 724
f 725 724 726
f 727 725 726
f 727 726 728
f 729 727 728
f 730 729 728
f 730 728 731
f 732 730 731
f 733 732 731
f 734 733 731
f 734 731 735
f 736 734 735
f 737 736 735
f 737 735 738
f 739 737 738
f 740 739 738
f 740 738 741
f 742 740 741
f 743 742 741
f 743 741 744
f 745 743 744
f 746 745 744
f 747 746 744
f 747 744 748
f 749 747 748
f 750 749 748
f 750 748 751
f 752 750 751
f 753 752 751
f 753 751 754
f 755 753 754
f 756 755 754
f 756 754 757
f 758 756 757
f 759 758 757
f 760 759 757
f 760 757 761
f 762 760 761
f 763 762 761
f 763 761 764
f 765 763 764
f 766 765 764
f 767 766 764
f 768 767 764
f 768 764 769
f 770 768 769
f 771 770 769
f 771 769 772
f 773 771 772
f 774 773 772
f 774 772 329
f 775 774 329
f 776 775 329
f 777 775 776
f 777 776 778
f 777 778 779
f 777 779 780
f 777 780 781
f 777 781 782
f 777 782 783
f 777 783 784
f 785 777 784
f 785 784 786
f 785 786 787
f 785 787 788
f 789 785 788
f 789 788 790
f 789 790 791
f 789 791 792
f 793 789 792
f 793 792 794
f 793 794 795
f 793 795 796
f 793 796 797
f 793 797 798
f 799 793 798
f 799 798 800
f 799 800 801
f 799 801 802
f 799 802 803
f 799 803 804
f 799 804 805
f 806 799 805
f 806 805 807
f 806 807 808
f 806 808 809
f 806 809 810
f 806 810 811
f 812 806 811
f 812 811 813
f 812 813 814
f 812 814 815
f 812 815 816
f 812 816 817
f 818 812 817
f 818 817 819
f 818 819 820
f 818 820 821
f 818 821 822
f 823 818 822
f 823 822 824
f 823 824 825
f 823 825 826
f 827 823 826
f 827 826 828
f 827 828 829
f 827 829 830
f 827 830 831
f 832 827 831
f 832 831 833
f 832 833 834
f 832 834 835
f 836 832 835
f 836 835 837
f 836 837 838
f 836 838 839
f 840 836 839
f 840 839 841
f 840 841 842
f 840 842 843
f 844 840 843
f 844 843 845
f 844 845 846
f 844 846 847
f 848 844 847
f 848 847 849
f 848 849 850
f 848 850 851
f 852 848 851
f 852 851 853
f 852 853 854
f 855 852 854
f 855 854 856
f 857 855 856
f 857 856 858
f 857 858 859
f 860 857 859
f 860 859 861
f 860 861 862
f 860 862 863
f 864 860 863
f 864 863 865
f 864 865 866
f 867 864 866
f 867 866 868
f 867 868 869
f 867 869 870
f 871 867 870
f 871 870 872
f 871 872 873
f 874 871 873
f 874 873 875
f 874 875 876
f 877 874 876
f 877 876 878
f 877 878 879
f 880 877 879
f 880 879 881
f 880 881 882
f 880 882 883
f 880 883 884
f 885 880 884
f 885 884 886
f 885 886 887
f 885 887 888
f 885 888 889
f 890 885 889
f 890 889 891
f 890 891 892
f 890 892 893
f 890 893 894
f 895 890 894
f 895 894 896
f 897 895 896
f 898 897 896
f 898 896 899
f 899 900 898
f 898 900 901
f 898 901 902
f 902 901 903
f 903 904 902
f 902 904 897
f 903 905 904
f 895 904 905
f 906 895 905
f 906 905 907
f 906 907 908
f 906 908 909
f 906 909 910
f 911 906 910
f 911 910 912
f 911 912 913
f 911 913 914
f 911 914 915
f 916 911 915
f 916 915 917
f 916 917 918
f 916 918 919
f 920 916 919
f 920 919 921
f 920 921 922
f 920 922 923
f 920 923 924
f 925 920 924
f 925 924 926
f 925 926 927
f 925 927 928
f 929 925 928
f 929 928 930
f 929 930 931
f 932 929 931
f 933 932 931
f 933 931 934
f 933 934 935
f 936 933 935
f 937 936 935
f 938 937 935
f 939 938 935
f 939 935 940
f 941 939 940
f 942 941 940
f 943 942 940
f 943 940 944
f 945 943 944
f 946 945 944
f 946 944 227
f 947 946 227
f 948 947 227
f 948 949 947
f 947 949 950
f 951 950 949
f 952 951 949
f 952 949 953
f 952 953 954
f 952 954 955
f 956 952 955
f 956 955 957
f 956 957 958
f 956 958 220
f 959 956 220
f 959 720 956
f 222 958 957
f 223 957 955
f 956 722 952
f 225 955 954
f 226 954 953
f 226 953 948
f 952 723 951
f 951 960 950
f 946 950 960
f 951 961 960
f 961 962 960
f 945 960 962
f 961 963 962
f 943 962 963
f 961 964 963
f 942 963 964
f 961 965 964
f 965 966 964
f 941 964 966
f 965 967 966
f 939 966 967
f 965 968 967
f 938 967 968
f 965 969 968
f 969 937 968
f 965 929 969
f 965 729 929
f 961 727 965
f 951 725 961
f 948 953 949
f 947 950 946
f 946 960 945
f 945 962 943
f 228 944 940
f 228 940 970
f 228 970 233
f 943 963 942
f 942 964 941
f 941 966 939
f 970 940 935
f 970 935 971
f 970 971 972
f 970 972 973
f 970 973 237
f 973 972 974
f 973 974 975
f 973 975 976
f 973 976 977
f 973 977 242
f 977 976 901
f 978 901 976
f 979 978 976
f 980 979 976
f 981 980 976
f 982 981 976
f 983 982 976
f 983 913 982
f 982 912 981
f 981 910 980
f 980 909 979
f 979 908 978
f 984 901 978
f 978 907 984
f 983 976 975
f 985 983 975
f 986 985 975
f 987 986 975
f 987 917 986
f 986 915 985
f 985 914 983
f 987 975 974
f 988 987 974
f 989 988 974
f 990 989 974
f 990 921 989
f 989 919 988
f 988 918 987
f 990 974 972
f 991 990 972
f 992 991 972
f 993 992 972
f 994 993 972
f 994 926 993
f 993 924 992
f 992 923 991
f 991 922 990
f 994 972 971
f 995 994 971
f 996 995 971
f 934 996 971
f 934 930 996
f 996 928 995
f 995 927 994
f 939 967 938
f 938 968 937
f 937 969 936
f 936 969 932
f 934 971 935
f 936 932 933
f 969 929 932
f 934 931 930
f 996 930 928
f 929 730 925
f 995 928 927
f 926 994 927
f 993 926 924
f 925 732 920
f 992 924 923
f 991 923 922
f 990 922 921
f 989 921 919
f 920 733 916
f 988 919 918
f 987 918 917
f 986 917 915
f 916 734 911
f 985 915 914
f 983 914 913
f 982 913 912
f 981 912 910
f 911 736 906
f 980 910 909
f 979 909 908
f 978 908 907
f 984 907 905
f 906 737 895
f 984 905 903
f 903 901 984
f 977 901 900
f 977 900 997
f 977 997 998
f 977 998 999
f 977 999 248
f 999 998 1000
f 999 1000 1001
f 999 1001 1002
f 999 1002 1003
f 999 1003 1004
f 999 1004 1005
f 999 1005 1006
f 999 1006 259
f 1006 1005 1007
f 1006 1007 1008
f 1006 1008 1009
f 1006 1009 1010
f 1006 1010 1011
f 1006 1011 1012
f 1006 1012 268
f 1012 1011 1013
f 1012 1013 1014
f 1012 1014 1015
f 1012 1015 1016
f 1012 1016 1017
f 1012 1017 1018
f 1012 1018 280
f 1018 1017 1019
f 1018 1019 1020
f 1018 1020 1021
f 1018 1021 1022
f 1018 1022 289
f 1022 1021 1023
f 1022 1023 1024
f 1022 1024 1025
f 1022 1025 296
f 1026 1025 1024
f 1026 1024 1027
f 1026 1027 1028
f 1026 1028 1029
f 1030 1026 1029
f 1030 1029 1031
f 1032 1030 1031
f 1032 1031 1033
f 1034 1032 1033
f 1034 1033 1035
f 1036 1034 1035
f 1036 1035 1037
f 1036 1037 1038
f 1036 1038 1039
f 1036 1039 1040
f 1036 1040 1041
f 1042 1041 1040
f 1043 1042 1040
f 1044 1043 1040
f 1044 1040 1045
f 1044 1045 1046
f 1044 1046 1047
f 1047 1048 1044
f 1048 1049 1044
f 1048 1050 1049
f 1051 1049 1050
f 1050 1052 1051
f 1053 1051 1052
f 1054 1053 1052
f 1052 1055 1054
f 1056 1054 1055
f 1055 1057 1056
f 1058 1056 1057
f 1058 1057 1059
f 1058 1059 1060
f 1058 1060 1061
f 1062 1061 1060
f 1063 1062 1060
f 1063 1060 1064
f 1065 1063 1064
f 1065 1064 1066
f 1065 1066 1067
f 1068 1065 1067
f 1068 1067 1069
f 1070 1068 1069
f 1070 1069 1071
f 1070 1071 1072
f 1073 1070 1072
f 1073 1072 1074
f 1075 1073 1074
f 1075 1074 1076
f 1075 1076 1077
f 1078 1075 1077
f 1078 1077 1079
f 1078 1079 1080
f 1078 1080 1081
f 1082 1078 1081
f 1082 1081 1083
f 1084 1082 1083
f 1084 1083 1085
f 1084 1085 1086
f 1084 1086 1087
f 1084 1087 1088
f 1084 1088 1089
f 1089 1088 1090
f 1089 1090 1091
f 1089 1091 1092
f 1089 1092 1082
f 1093 1092 1091
f 1091 1094 1093
f 1094 1095 1093
f 1093 1095 1073
f 1094 1096 1095
f 1095 1096 1097
f 1095 1097 1070
f 1096 1098 1097
f 1098 1099 1097
f 1097 1099 1068
f 1098 1100 1099
f 1100 1101 1099
f 1099 1101 1065
f 1102 1101 1100
f 1100 1103 1102
f 1102 1103 1104
f 1102 1104 1105
f 1102 1105 1106
f 1102 1106 1107
f 1106 1108 1107
f 1107 1108 1062
f 1108 1109 1062
f 1062 1109 1110
f 1062 1110 1111
f 1110 1112 1111
f 1112 1113 1111
f 1056 1111 1113
f 1056 1061 1111
f 1114 1113 1112
f 1114 1112 1115
f 1114 1115 1049
f 1049 1115 1043
f 1116 1043 1115
f 1116 1115 1112
f 1116 1112 1117
f 1118 1116 1117
f 1119 1118 1117
f 1119 1117 1120
f 1121 1119 1120
f 1121 1120 1122
f 1123 1121 1122
f 1124 1123 1122
f 1122 1125 1124
f 1124 1125 1126
f 1124 1126 1127
f 1128 1124 1127
f 1127 1129 1128
f 1130 1128 1129
f 1130 1129 1131
f 1131 1132 1130
f 1123 1130 1132
f 1123 1132 1133
f 1132 1134 1133
f 1135 1133 1134
f 1135 1134 1136
f 1136 1137 1135
f 1135 1137 1138
f 1135 1138 1139
f 1140 1135 1139
f 1141 1140 1139
f 1141 1139 1142
f 1143 1141 1142
f 1143 1142 1041
f 1144 1143 1041
f 1143 1144 1145
f 1119 1145 1144
f 1034 1041 1142
f 1141 1143 1145
f 1032 1142 1139
f 1145 1140 1141
f 1140 1145 1121
f 1140 1121 1133
f 1030 1139 1138
f 1138 1137 1146
f 1138 1146 301
f 1138 301 1147
f 1026 1138 1147
f 1026 1147 1148
f 301 1148 1147
f 1146 306 301
f 1146 1137 306
f 1137 1136 306
f 1149 306 1136
f 1149 1136 1150
f 1149 1150 1151
f 308 1149 1151
f 1074 1151 1150
f 1131 1150 1136
f 1131 1152 1150
f 1152 1077 1150
f 1131 1136 1134
f 1133 1135 1140
f 1132 1131 1134
f 1152 1131 1129
f 1129 1079 1152
f 1128 1130 1123
f 1079 1129 1127
f 1079 1127 1126
f 1122 1126 1125
f 1126 1122 1080
f 1123 1124 1128
f 1123 1133 1121
f 1080 1122 1120
f 1153 1080 1120
f 1119 1121 1145
f 1120 1117 1153
f 1118 1119 1144
f 1144 1042 1118
f 1116 1118 1042
f 1112 1153 1117
f 1114 1054 1113
f 1112 1110 1153
f 1109 1153 1110
f 1109 1081 1153
f 1108 1083 1109
f 1106 1085 1108
f 1106 1154 1085
f 1106 1155 1154
f 1155 1086 1154
f 1086 1155 1156
f 1157 1156 1155
f 1155 1104 1157
f 1156 1157 1158
f 1156 1158 1159
f 1159 1090 1156
f 1090 1159 1160
f 1161 1160 1159
f 1159 1162 1161
f 1163 1161 1162
f 1096 1163 1162
f 1094 1161 1163
f 1094 1164 1161
f 1161 1164 1160
f 1091 1160 1164
f 1162 1159 1158
f 1158 1165 1162
f 1098 1162 1165
f 1098 1165 1166
f 1158 1166 1165
f 1166 1158 1103
f 1157 1103 1158
f 1106 1105 1155
f 1155 1105 1104
f 1103 1157 1104
f 1100 1166 1103
f 1101 1102 1107
f 1107 1063 1101
f 1098 1166 1100
f 1096 1162 1098
f 1094 1163 1096
f 1091 1164 1094
f 1092 1093 1075
f 1091 1090 1160
f 1088 1156 1090
f 1156 1088 1087
f 1156 1087 1086
f 1085 1154 1086
f 1085 1083 1108
f 1084 1089 1082
f 1083 1081 1109
f 1082 1092 1078
f 1081 1080 1153
f 1126 1080 1079
f 1077 1152 1079
f 1092 1075 1078
f 1076 1150 1077
f 1150 1076 1074
f 1073 1075 1093
f 1151 1074 1072
f 1151 1072 310
f 1095 1070 1073
f 1071 310 1072
f 1069 312 1071
f 312 1069 1167
f 1167 1168 312
f 1168 317 312
f 317 1168 1169
f 1167 1169 1168
f 318 1169 1167
f 318 1167 1170
f 1171 318 1170
f 319 1171 1170
f 1170 1172 319
f 319 1172 1173
f 1173 1172 1069
f 1170 1167 1172
f 1069 1172 1167
f 1070 1097 1068
f 1069 1067 1173
f 1099 1065 1068
f 1173 1067 1066
f 1066 1174 1173
f 1175 1173 1174
f 1176 1175 1174
f 1176 1174 1177
f 1178 1176 1177
f 1179 1178 1177
f 1179 1177 1059
f 1180 1179 1059
f 1180 1059 1181
f 1181 1182 1180
f 1181 1055 1182
f 1050 1182 1055
f 1180 1182 1179
f 1182 1048 1179
f 1183 1179 1048
f 1183 1178 1179
f 1178 1183 1184
f 1178 1184 1185
f 1185 1184 1186
f 1185 1186 1187
f 1188 1185 1187
f 1188 1187 1189
f 322 1188 1189
f 1190 1189 1187
f 1191 1190 1187
f 1192 1190 1191
f 1193 1192 1191
f 1193 1191 1194
f 1195 1193 1194
f 1195 1194 1039
f 1039 1194 1045
f 1194 1196 1045
f 1194 1186 1196
f 1183 1196 1186
f 1183 1197 1196
f 1197 1047 1196
f 1047 1197 1183
f 1198 1193 1195
f 1198 1195 1038
f 1198 1038 1199
f 1198 1199 1200
f 1198 1200 1201
f 1198 1201 1202
f 1202 1201 1203
f 1202 1203 1204
f 1202 1204 1192
f 1204 1205 1192
f 1204 1206 1205
f 1206 1207 1205
f 1205 1207 1208
f 1205 1208 1190
f 1207 1209 1208
f 1209 1210 1208
f 1208 1210 1211
f 1208 1211 324
f 1208 324 1189
f 324 1211 776
f 1210 1212 1211
f 1212 778 1211
f 1210 778 1212
f 1209 1213 1210
f 1213 780 1210
f 1213 1214 780
f 1215 1214 1213
f 1216 1215 1213
f 1216 1217 1215
f 1215 1217 1218
f 1215 1218 1219
f 1219 1218 1220
f 1219 1220 1221
f 1028 1219 1221
f 1028 1222 1219
f 1222 1214 1219
f 1222 781 1214
f 1222 1223 781
f 1222 1224 1223
f 1223 1224 782
f 1225 782 1224
f 1226 1225 1224
f 1226 1227 1225
f 1225 1227 1023
f 1228 1225 1023
f 1227 1027 1023
f 1222 1027 1227
f 1222 1227 1226
f 1228 782 1225
f 1222 1226 1224
f 1221 1220 1229
f 1221 1229 1230
f 1029 1221 1230
f 1230 1229 1231
f 1230 1231 1232
f 1031 1230 1232
f 1232 1231 1233
f 1232 1233 1234
f 1033 1232 1234
f 1234 1233 1235
f 1234 1235 1236
f 1035 1234 1236
f 1236 1235 1237
f 1236 1237 1238
f 1236 1238 1199
f 1037 1236 1199
f 1237 1239 1238
f 1240 1238 1239
f 1240 1239 1241
f 1240 1241 1242
f 1240 1242 1243
f 1200 1240 1243
f 1243 1242 1244
f 1243 1244 1245
f 1201 1243 1245
f 1245 1244 1246
f 1245 1246 1247
f 1203 1245 1247
f 1248 1203 1247
f 1248 1247 1249
f 1250 1248 1249
f 1250 1249 1251
f 1252 1250 1251
f 1252 1251 1253
f 1254 1252 1253
f 1254 1253 1255
f 1254 1255 1217
f 1217 1255 1256
f 1255 1257 1256
f 1256 1257 1258
f 1256 1258 1259
f 1218 1256 1259
f 1259 1258 1260
f 1259 1260 1261
f 1220 1259 1261
f 1261 1260 1262
f 1261 1262 1263
f 1229 1261 1263
f 1263 1262 1264
f 1263 1264 1265
f 1231 1263 1265
f 1265 1264 1266
f 1265 1266 1267
f 1233 1265 1267
f 1267 1266 1268
f 1235 1267 1268
f 1268 1266 1269
f 1268 1269 1270
f 1271 1268 1270
f 1271 1270 1241
f 1241 1270 1272
f 1272 1244 1241
f 1244 1272 1273
f 1273 1274 1244
f 1274 1273 1275
f 1249 1274 1275
f 1275 1273 1276
f 1253 1275 1276
f 1253 1276 1277
f 1278 1253 1277
f 1278 1277 1257
f 1257 1277 1279
f 1279 1260 1257
f 1260 1279 1264
f 1280 1264 1279
f 1279 1273 1280
f 1273 1279 1277
f 1277 1276 1273
f 1280 1273 1272
f 1280 1272 1270
f 1271 1239 1268
f 1270 1269 1280
f 1266 1280 1269
f 1264 1280 1266
f 1264 1262 1260
f 1257 1260 1258
f 1278 1257 1255
f 1278 1255 1253
f 1216 1252 1254
f 1281 1252 1216
f 1281 1216 1209
f 1251 1275 1253
f 1281 1250 1252
f 1206 1250 1281
f 1249 1275 1251
f 1206 1248 1250
f 1247 1274 1249
f 1247 1246 1274
f 1246 1244 1274
f 1241 1244 1242
f 1271 1241 1239
f 1200 1238 1240
f 1237 1268 1239
f 1237 1235 1268
f 1235 1233 1267
f 1233 1231 1265
f 1231 1229 1263
f 1229 1220 1261
f 1220 1218 1259
f 1218 1217 1256
f 1216 1254 1217
f 1215 1219 1214
f 1216 1213 1209
f 1281 1209 1207
f 1206 1281 1207
f 1204 1248 1206
f 1204 1203 1248
f 1203 1201 1245
f 1201 1200 1243
f 1199 1238 1200
f 1198 1202 1193
f 1194 1191 1186
f 1202 1192 1193
f 1192 1205 1190
f 1190 1208 1189
f 1175 1185 1188
f 1188 321 1175
f 1191 1187 1186
f 1184 1183 1186
f 1185 1176 1178
f 1174 1064 1177
f 1185 1175 1176
f 1175 321 1173
f 1174 1066 1064
f 1101 1063 1065
f 1060 1177 1064
f 1063 1107 1062
f 1062 1111 1061
f 1060 1059 1177
f 1057 1181 1059
f 1061 1056 1058
f 1057 1055 1181
f 1113 1054 1056
f 1054 1114 1053
f 1114 1051 1053
f 1055 1052 1050
f 1051 1114 1049
f 1182 1050 1048
f 1048 1047 1183
f 1047 1046 1196
f 1046 1045 1196
f 1043 1044 1049
f 1043 1116 1042
f 1042 1144 1041
f 1040 1039 1045
f 1038 1195 1039
f 1037 1199 1038
f 1037 1035 1236
f 1036 1041 1034
f 1035 1033 1234
f 1034 1142 1032
f 1033 1031 1232
f 1032 1139 1030
f 1031 1029 1230
f 1030 1138 1026
f 1029 1028 1221
f 1028 1027 1222
f 1026 1148 1025
f 1025 1148 300
f 1027 1024 1023
f 1228 1023 1021
f 1282 1228 1021
f 1283 1282 1021
f 1284 1283 1021
f 1284 786 1283
f 1283 784 1282
f 1282 783 1228
f 1284 1021 1020
f 1285 1284 1020
f 1286 1285 1020
f 1287 1286 1020
f 1287 790 1286
f 1286 788 1285
f 1285 787 1284
f 1287 1020 1019
f 1288 1287 1019
f 1289 1288 1019
f 1290 1289 1019
f 1291 1290 1019
f 1291 795 1290
f 1290 794 1289
f 1289 792 1288
f 1288 791 1287
f 1291 1019 1017
f 1292 1291 1017
f 1293 1292 1017
f 1294 1293 1017
f 1295 1294 1017
f 1295 800 1294
f 1294 798 1293
f 1293 797 1292
f 1292 796 1291
f 1295 1017 1016
f 1296 1295 1016
f 1297 1296 1016
f 1298 1297 1016
f 1299 1298 1016
f 1299 804 1298
f 1298 803 1297
f 802 1296 1297
f 1296 801 1295
f 1299 1016 1015
f 1015 1300 1299
f 1300 805 1299
f 1015 1301 1300
f 1301 807 1300
f 1302 1301 1015
f 1303 1302 1015
f 1303 809 1302
f 1302 808 1301
f 1303 1015 1014
f 1304 1303 1014
f 1305 1304 1014
f 1014 1306 1305
f 1306 813 1305
f 1014 1307 1306
f 1307 814 1306
f 1014 1308 1307
f 1308 815 1307
f 1305 811 1304
f 1304 810 1303
f 1308 1014 1013
f 1309 1308 1013
f 1310 1309 1013
f 1311 1310 1013
f 1312 1311 1013
f 1313 1312 1013
f 1313 821 1312
f 1312 820 1311
f 1311 819 1310
f 1310 817 1309
f 1309 816 1308
f 1313 1013 1011
f 1314 1313 1011
f 1315 1314 1011
f 1316 1315 1011
f 1317 1316 1011
f 1317 826 1316
f 1316 825 1315
f 1315 824 1314
f 1314 822 1313
f 1317 1011 1010
f 1318 1317 1010
f 1319 1318 1010
f 1320 1319 1010
f 1321 1320 1010
f 1321 831 1320
f 1320 830 1319
f 1319 829 1318
f 1318 828 1317
f 1321 1010 1009
f 1322 1321 1009
f 1323 1322 1009
f 1324 1323 1009
f 1325 1324 1009
f 1325 837 1324
f 1324 835 1323
f 1323 834 1322
f 1322 833 1321
f 1325 1009 1008
f 1326 1325 1008
f 1327 1326 1008
f 1328 1327 1008
f 1329 1328 1008
f 1329 842 1328
f 1328 841 1327
f 1327 839 1326
f 1326 838 1325
f 1329 1008 1007
f 1330 1329 1007
f 1331 1330 1007
f 1007 1332 1331
f 1332 846 1331
f 1007 1333 1332
f 1333 847 1332
f 1331 845 1330
f 1330 843 1329
f 1333 1007 1005
f 1334 1333 1005
f 1334 1005 1335
f 1335 850 1334
f 1335 1005 1336
f 1336 851 1335
f 1337 1336 1005
f 1337 853 1336
f 1334 849 1333
f 1337 1005 1004
f 1338 1337 1004
f 1339 1338 1004
f 1340 1339 1004
f 1340 859 1339
f 1339 858 1338
f 1338 854 1337
f 1340 1004 1003
f 1341 1340 1003
f 1342 1341 1003
f 1343 1342 1003
f 1344 1343 1003
f 1344 865 1343
f 1343 863 1342
f 1342 862 1341
f 1341 861 1340
f 1344 1003 1002
f 1345 1344 1002
f 1346 1345 1002
f 1347 1346 1002
f 1348 1347 1002
f 1348 870 1347
f 1347 869 1346
f 1346 868 1345
f 1345 866 1344
f 1348 1002 1001
f 1349 1348 1001
f 1350 1349 1001
f 1351 1350 1001
f 1351 873 1350
f 1350 873 1349
f 1349 872 1348
f 1351 1001 1000
f 1352 1351 1000
f 1353 1352 1000
f 1354 1353 1000
f 1354 878 1353
f 1353 876 1352
f 1352 875 1351
f 1354 1000 998
f 1355 1354 998
f 1356 1355 998
f 1357 1356 998
f 1358 1357 998
f 1359 1358 998
f 1359 884 1358
f 1358 883 1357
f 1357 882 1356
f 1356 881 1355
f 1355 879 1354
f 1359 998 997
f 1360 1359 997
f 1361 1360 997
f 1362 1361 997
f 1363 1362 997
f 1364 1363 997
f 1364 891 1363
f 1363 889 1362
f 1362 888 1361
f 1361 887 1360
f 1360 886 1359
f 1364 997 900
f 1365 1364 900
f 1366 1365 900
f 1366 893 1365
f 1365 892 1364
f 1366 900 899
f 899 894 1366
f 902 897 898
f 904 895 897
f 899 896 894
f 895 739 890
f 1366 894 893
f 892 1365 893
f 891 1364 892
f 1363 891 889
f 890 740 885
f 888 1362 889
f 1361 888 887
f 1360 887 886
f 1359 886 884
f 885 742 880
f 1358 884 883
f 1357 883 882
f 1356 882 881
f 1355 881 879
f 880 743 877
f 1354 879 878
f 1353 878 876
f 877 745 874
f 1352 876 875
f 1351 875 873
f 874 746 871
f 1349 873 872
f 1348 872 870
f 871 747 867
f 1347 870 869
f 1346 869 868
f 1345 868 866
f 867 749 864
f 1344 866 865
f 1343 865 863
f 864 750 860
f 1342 863 862
f 1341 862 861
f 1340 861 859
f 860 752 857
f 1339 859 858
f 1338 858 856
f 857 753 855
f 1338 856 854
f 855 755 852
f 1337 854 853
f 1336 853 851
f 852 756 848
f 1335 851 850
f 849 1334 850
f 1333 849 847
f 848 758 844
f 1332 847 846
f 1331 846 845
f 1330 845 843
f 844 759 840
f 1329 843 842
f 1328 842 841
f 1327 841 839
f 840 760 836
f 1326 839 838
f 1325 838 837
f 1324 837 835
f 836 762 832
f 1323 835 834
f 1322 834 833
f 1321 833 831
f 832 763 827
f 1320 831 830
f 1319 830 829
f 1318 829 828
f 1317 828 826
f 827 765 823
f 1316 826 825
f 1315 825 824
f 1314 824 822
f 823 766 818
f 1313 822 821
f 1312 821 820
f 1311 820 819
f 1310 819 817
f 818 767 812
f 1309 817 816
f 1308 816 815
f 1307 815 814
f 1306 814 813
f 1305 813 811
f 812 768 806
f 1304 811 810
f 1303 810 809
f 1302 809 808
f 1301 808 807
f 1300 807 805
f 806 770 799
f 1299 805 804
f 1298 804 803
f 1297 803 802
f 1296 802 801
f 1295 801 800
f 1294 800 798
f 799 771 793
f 1293 798 797
f 1292 797 796
f 1291 796 795
f 1290 795 794
f 1289 794 792
f 793 773 789
f 1288 792 791
f 1287 791 790
f 1286 790 788
f 789 774 785
f 1285 788 787
f 1284 787 786
f 1283 786 784
f 1282 784 783
f 1228 783 782
f 781 1223 782
f 1214 781 780
f 1210 780 779
f 1210 779 778
f 778 776 1211
f 785 775 777
f 785 774 775
f 789 773 774
f 793 771 773
f 333 772 769
f 769 1367 333
f 799 770 771
f 806 768 770
f 1367 769 764
f 1368 1367 764
f 764 1369 1368
f 1370 1368 1369
f 1371 1370 1369
f 1372 1371 1369
f 1373 1372 1369
f 1374 1373 1369
f 1374 1369 1375
f 1374 1375 1376
f 1374 1376 1377
f 1374 1377 1378
f 1378 1377 1379
f 1378 1379 1380
f 1371 1378 1380
f 1371 1380 1381
f 1382 1381 1380
f 1383 1382 1380
f 1384 1383 1380
f 1384 1380 1385
f 1384 1385 397
f 1384 397 1386
f 1384 1386 1387
f 1384 1387 1388
f 1384 1388 382
f 382 1388 1387
f 384 1387 1386
f 1384 382 1383
f 381 1382 1383
f 1382 381 1370
f 381 1389 1370
f 381 1390 1389
f 1390 1391 1389
f 1391 1392 1389
f 1389 1392 1368
f 1393 1368 1392
f 1393 1392 1394
f 1395 1393 1394
f 1395 1394 1396
f 340 1395 1396
f 340 1396 370
f 340 370 1397
f 343 340 1397
f 343 1397 358
f 1396 1394 371
f 339 1393 1395
f 373 1394 1392
f 1392 1391 373
f 1390 373 1391
f 1398 373 1390
f 380 373 1398
f 1390 381 1398
f 1382 1370 1381
f 1380 1379 1385
f 1379 1399 1385
f 1399 399 1385
f 1399 1379 1400
f 1401 1399 1400
f 1402 1401 1400
f 1402 1400 1403
f 1403 1404 1402
f 425 1402 1404
f 1405 425 1404
f 1405 1404 1406
f 1405 1406 1407
f 1405 1407 1408
f 1408 1407 1409
f 1408 1409 1410
f 1408 1410 1411
f 1408 1411 1412
f 1408 1412 426
f 1412 1413 426
f 426 1413 1414
f 426 1414 1415
f 1415 1414 1416
f 1415 1416 427
f 1416 1417 427
f 1416 1418 1417
f 1419 1417 1418
f 1418 1420 1419
f 1419 1420 429
f 1420 1418 738
f 1419 429 1417
f 1416 1414 1418
f 1418 1414 741
f 1414 1413 744
f 1412 1421 1413
f 1413 1421 748
f 1411 1421 1412
f 1410 1421 1411
f 1410 1422 1421
f 1421 1422 751
f 1409 1422 1410
f 1409 1407 1422
f 1422 1407 754
f 757 1407 1406
f 1405 1408 425
f 425 1423 1402
f 1402 1423 1424
f 1401 1424 1423
f 401 1401 1423
f 425 402 1423
f 1403 1406 1404
f 1403 1400 1406
f 761 1406 1400
f 761 1400 1376
f 1402 1424 1401
f 401 1399 1401
f 1379 1376 1400
f 1377 1376 1379
f 761 1376 1375
f 761 1375 1369
f 1374 1378 1373
f 1373 1378 1372
f 1372 1378 1371
f 1371 1381 1370
f 1389 1368 1370
f 1368 1393 1367
f 1425 1367 1393
f 1425 1393 1426
f 335 1425 1426
f 336 1426 1393
f 335 1367 1425
f 812 767 768
f 818 766 767
f 823 765 766
f 827 763 765
f 1369 764 761
f 832 762 763
f 836 760 762
f 1406 761 757
f 840 759 760
f 844 758 759
f 848 756 758
f 1407 757 754
f 852 755 756
f 855 753 755
f 754 751 1422
f 857 752 753
f 860 750 752
f 751 748 1421
f 864 749 750
f 867 747 749
f 748 744 1413
f 871 746 747
f 874 745 746
f 877 743 745
f 744 741 1414
f 880 742 743
f 885 740 742
f 741 738 1418
f 890 739 740
f 895 737 739
f 738 735 1420
f 432 1420 735
f 735 1427 432
f 1428 1427 735
f 1429 1428 735
f 1430 1428 1429
f 1430 1429 1431
f 1430 1431 1432
f 1432 1433 1430
f 1433 1432 1434
f 1433 1434 1427
f 1434 434 1427
f 1434 1435 434
f 434 1435 438
f 1435 1436 438
f 1434 1436 1435
f 1434 1437 1436
f 1437 1438 1436
f 1436 1438 1439
f 1436 1439 440
f 1439 1438 1440
f 1439 1440 464
f 1440 1441 464
f 1441 1440 1442
f 1443 1441 1442
f 1443 1442 1444
f 1443 1444 1445
f 1443 1445 1446
f 1443 1446 470
f 1446 1447 470
f 1447 1448 470
f 1447 1449 1448
f 471 1448 1449
f 1447 1450 1449
f 1450 1451 1449
f 1451 477 1449
f 1451 1452 477
f 1453 477 1452
f 1453 1452 1454
f 1454 1455 1453
f 1456 1453 1455
f 1457 1456 1455
f 1457 1455 1458
f 1457 1458 1459
f 1457 1459 1460
f 1461 1460 1459
f 1461 1462 1460
f 1460 1462 1463
f 1460 1463 1456
f 1464 1456 1463
f 1465 1464 1463
f 1465 1463 1466
f 1465 1466 1467
f 1465 1467 1468
f 1465 1468 1469
f 1465 1469 1470
f 1465 1470 1471
f 1471 1470 483
f 1472 1471 483
f 1464 1471 1472
f 1464 1472 1473
f 1464 1473 1474
f 1464 1474 1475
f 1475 1474 1453
f 1474 1476 1453
f 1476 478 1453
f 1474 1477 1476
f 1477 480 1476
f 1477 1473 480
f 1474 1473 1477
f 1473 1472 481
f 1470 1478 483
f 1478 1470 1469
f 1469 485 1478
f 1469 1468 485
f 1468 1479 485
f 1479 1480 485
f 1480 497 485
f 497 1480 1481
f 1482 497 1481
f 1482 1481 1483
f 1484 1482 1483
f 506 1484 1483
f 506 1483 1485
f 1486 506 1485
f 1486 1485 1487
f 1486 1487 1488
f 1489 1488 1487
f 1489 1487 1490
f 1489 1490 507
f 507 1490 553
f 507 553 1491
f 1491 553 1492
f 1491 1492 508
f 1492 553 1493
f 1492 1493 510
f 1493 552 510
f 1494 510 552
f 1490 1487 715
f 715 1495 1490
f 554 1490 1495
f 554 1495 1496
f 554 1496 1497
f 708 1497 1496
f 708 1496 1498
f 1499 1498 1496
f 715 1498 1499
f 1496 1495 1499
f 715 1499 1495
f 506 1488 1489
f 1487 1485 717
f 1500 717 1485
f 1485 1501 1500
f 1501 1458 1500
f 1458 1454 1500
f 1502 1500 1454
f 1454 1503 1502
f 1504 1502 1503
f 1503 1505 1504
f 1505 1506 1504
f 728 1504 1506
f 1506 1507 728
f 1508 1507 1506
f 1508 1506 1509
f 1510 1508 1509
f 1509 1511 1510
f 1510 1511 1512
f 1510 1512 1447
f 1512 1511 1513
f 1512 1513 1450
f 1513 1452 1450
f 1513 1514 1452
f 1515 1514 1513
f 1515 1454 1514
f 1513 1511 1515
f 1511 1503 1515
f 1509 1505 1511
f 1510 1516 1508
f 1508 1516 1517
f 1518 1517 1516
f 1516 1519 1518
f 1518 1519 1507
f 1507 1519 731
f 731 1519 1438
f 1438 1429 731
f 1442 1438 1519
f 1516 1520 1519
f 1520 1444 1519
f 1518 1507 1517
f 1510 1520 1516
f 1510 1445 1520
f 1508 1517 1507
f 1509 1506 1505
f 1511 1505 1503
f 1502 1504 724
f 1515 1503 1454
f 1500 1502 721
f 1521 1458 1501
f 1521 1501 1522
f 1521 1522 1523
f 1523 1524 1521
f 1524 1523 1461
f 1524 1461 1458
f 1523 1522 1525
f 1523 1525 1462
f 1462 1525 1526
f 1462 1526 1466
f 1526 1525 1480
f 1522 1501 1525
f 1521 1524 1458
f 1501 1485 1525
f 1481 1525 1485
f 1486 1488 506
f 1484 499 1482
f 1484 502 499
f 1483 1481 1485
f 1525 1481 1480
f 1526 1480 1479
f 1526 1479 1467
f 1468 1467 1479
f 1526 1467 1466
f 1465 1471 1464
f 1464 1475 1456
f 1462 1466 1463
f 1461 1523 1462
f 1461 1459 1458
f 1457 1460 1456
f 1475 1453 1456
f 1454 1458 1455
f 1514 1454 1452
f 1450 1452 1451
f 1512 1450 1447
f 1510 1447 1446
f 1510 1446 1445
f 1520 1445 1444
f 1444 1442 1519
f 1443 470 1441
f 1438 1442 1440
f 1437 1432 1438
f 1434 1432 1437
f 1432 1431 1438
f 1431 1429 1438
f 1430 1433 1428
f 1433 1427 1428
f 906 736 737
f 911 734 736
f 735 731 1429
f 916 733 734
f 920 732 733
f 925 730 732
f 731 728 1507
f 929 729 730
f 965 727 729
f 728 726 1504
f 961 725 727
f 726 724 1504
f 951 723 725
f 724 721 1502
f 952 722 723
f 956 720 722
f 721 719 1500
f 959 718 720
f 1527 718 959
f 1527 959 214
f 959 1528 214
f 959 1529 1528
f 216 1528 1529
f 1529 959 219
f 717 1500 719
f 1527 716 718
f 194 716 1527
f 194 1527 209
f 194 209 206
f 717 715 1487
f 710 1498 715
f 710 708 1498
f 709 713 706
f 706 713 1530
f 706 1530 1531
f 1531 1530 178
f 1530 713 180
f 708 707 1497
f 707 556 1497
f 707 704 556
f 706 1531 705
f 705 1531 1532
f 705 1532 1533
f 705 1533 702
f 1533 1534 702
f 1533 1535 1534
f 1535 1536 1534
f 1534 1536 1537
f 1534 1537 701
f 686 701 1537
f 1536 683 1537
f 1536 1538 683
f 1539 1538 1536
f 1539 1540 1538
f 1540 1541 1538
f 1538 1541 681
f 1541 1542 681
f 1541 1543 1542
f 1542 1543 678
f 1543 1544 678
f 1545 1544 1543
f 1545 1546 1544
f 1546 1547 1544
f 1544 1547 677
f 1547 1548 677
f 1547 1549 1548
f 1549 1550 1548
f 1550 1551 1548
f 1548 1551 1552
f 1548 1552 1553
f 1548 1553 676
f 1552 130 1553
f 1554 1553 130
f 1553 1554 673
f 1555 130 1552
f 1555 1552 1556
f 1555 1556 1557
f 1555 1557 1558
f 1558 1559 1555
f 1559 134 1555
f 132 1555 134
f 1559 1560 134
f 139 134 1560
f 1560 1561 139
f 1560 1562 1561
f 1563 1561 1562
f 1564 1563 1562
f 1564 1562 1565
f 1566 1564 1565
f 1566 1565 1567
f 1566 1567 1568
f 1569 1566 1568
f 1569 1568 1570
f 1570 1571 1569
f 1569 1571 1572
f 1573 1572 1571
f 1571 1574 1573
f 1575 1573 1574
f 1576 1575 1574
f 1577 1576 1574
f 1577 1578 1576
f 1579 1578 1577
f 1579 1577 1580
f 1579 1580 1581
f 1582 1579 1581
f 1582 1581 1583
f 1582 1583 1584
f 1582 1584 1585
f 1586 1582 1585
f 1587 1586 1585
f 1587 1585 1588
f 1589 1587 1588
f 1589 1588 1558
f 1589 1558 1590
f 1589 1590 1591
f 1589 1591 1592
f 1589 1592 1586
f 1592 1593 1586
f 1592 1594 1593
f 1593 1594 1582
f 1595 1594 1592
f 1579 1594 1595
f 1596 1579 1595
f 1596 1595 1597
f 1596 1597 1598
f 1596 1598 1599
f 1600 1599 1598
f 1601 1599 1600
f 1597 1601 1600
f 1597 1602 1601
f 1602 1603 1601
f 1601 1603 1604
f 1601 1604 1575
f 1604 1603 1605
f 1605 1573 1604
f 1605 1606 1573
f 1573 1606 1607
f 142 1607 1606
f 142 1563 1607
f 1608 1606 1605
f 1608 1605 1609
f 1609 151 1608
f 1608 151 1610
f 1610 143 1608
f 150 143 1610
f 151 1609 1611
f 151 1611 1612
f 1613 1612 1611
f 1546 1612 1613
f 1546 1613 1549
f 1546 153 1612
f 1613 1611 1609
f 1613 1609 1603
f 1608 143 1606
f 1609 1605 1603
f 1613 1603 1602
f 1613 1602 1550
f 1602 1614 1550
f 1602 1615 1614
f 1614 1615 1616
f 1614 1616 1551
f 1616 1556 1551
f 1617 1616 1615
f 1595 1617 1615
f 1595 1591 1617
f 1617 1591 1616
f 1558 1616 1591
f 1597 1615 1602
f 1575 1599 1601
f 1599 1575 1578
f 1597 1600 1598
f 1597 1595 1615
f 1596 1599 1579
f 1595 1592 1591
f 1558 1591 1590
f 1618 1558 1588
f 1618 1619 1558
f 1558 1619 1620
f 1620 1619 1621
f 1620 1621 1560
f 1622 1560 1621
f 1618 1622 1621
f 1618 1623 1622
f 1623 1624 1622
f 1624 1625 1622
f 1625 1626 1622
f 1626 1565 1622
f 7 1626 1625
f 1627 7 1625
f 1628 1627 1625
f 1625 15 1628
f 15 1625 1629
f 14 1627 1628
f 1630 1627 14
f 7 1627 1630
f 7 114 1626
f 1567 1626 114
f 114 1631 1567
f 114 136 1631
f 1632 1631 136
f 1632 1568 1631
f 1624 1629 1625
f 1624 1633 1629
f 1634 1629 1633
f 1584 1634 1633
f 17 1629 1634
f 1634 1635 17
f 17 1635 1636
f 1636 1635 145
f 1637 1636 145
f 1637 145 1638
f 19 1637 1638
f 19 1636 1637
f 1635 1639 145
f 145 1639 1640
f 1570 1640 1639
f 1640 1570 1632
f 1640 1632 137
f 1640 137 144
f 1583 1639 1635
f 1583 1571 1639
f 1634 1583 1635
f 1624 1623 1633
f 1623 1618 1633
f 1618 1585 1633
f 1619 1618 1621
f 1588 1585 1618
f 1589 1586 1587
f 1582 1586 1593
f 1584 1633 1585
f 1634 1584 1583
f 1583 1581 1571
f 1579 1582 1594
f 1581 1580 1571
f 1580 1577 1571
f 1579 1599 1578
f 1578 1575 1576
f 1604 1573 1575
f 1577 1574 1571
f 1573 1607 1572
f 1607 1564 1572
f 1639 1571 1570
f 1570 1568 1632
f 1572 1566 1569
f 1568 1567 1631
f 1626 1567 1565
f 1572 1564 1566
f 1565 1562 1622
f 1607 1563 1564
f 1563 140 1561
f 1560 1622 1562
f 1559 1620 1560
f 1558 1620 1559
f 1558 1557 1616
f 1557 1556 1616
f 1551 1556 1552
f 1550 1614 1551
f 1613 1550 1549
f 1546 1549 1547
f 1545 153 1546
f 1545 1641 153
f 1641 1642 153
f 1641 1643 1642
f 157 1642 1643
f 1644 157 1643
f 1539 1644 1643
f 1539 1645 1644
f 1644 1645 159
f 1535 1645 1539
f 1535 1646 1645
f 1645 1646 168
f 1545 1643 1641
f 1545 1540 1643
f 1545 1543 1541
f 1545 1541 1540
f 1539 1643 1540
f 1535 1539 1536
f 1533 1646 1535
f 1533 1532 1646
f 1646 1532 172
f 1532 1531 174
f 1531 177 174
f 705 702 703
f 702 1534 701
f 566 697 696
f 695 593 696
f 567 696 593
f 567 593 587
f 1647 567 587
f 1648 593 695
f 1648 695 1649
f 597 1648 1649
f 597 1649 1650
f 1649 1651 1650
f 598 1650 1651
f 1652 598 1651
f 1652 1651 1653
f 1654 1652 1653
f 1654 1653 1655
f 1656 1654 1655
f 1656 1655 606
f 1657 1656 606
f 599 1656 1657
f 599 1652 1656
f 1655 1658 606
f 1653 1658 1655
f 1653 1659 1658
f 1660 1658 1659
f 690 1660 1659
f 1661 1660 690
f 1662 1661 690
f 1663 1662 690
f 1664 1662 1663
f 1664 1663 689
f 1664 689 1665
f 1664 1665 1666
f 1664 1666 1667
f 1664 1667 1668
f 1667 1669 1668
f 1668 1669 1670
f 1668 1670 1671
f 1668 1671 1661
f 1661 1671 1672
f 1673 1661 1672
f 1674 1673 1672
f 1674 608 1673
f 1673 608 1660
f 1675 608 1674
f 1675 1674 1676
f 1677 1675 1676
f 1677 1676 1678
f 1677 1678 611
f 1679 1677 611
f 1679 611 1680
f 1679 1680 1681
f 1681 1682 1679
f 1683 1679 1682
f 1683 1682 609
f 1679 1683 1684
f 1684 1683 608
f 1685 1682 1681
f 1685 610 1682
f 1680 1685 1681
f 1680 611 1685
f 1679 1684 1677
f 611 1678 1686
f 1687 611 1686
f 1687 1686 1688
f 1687 1688 1689
f 1687 1689 1690
f 1687 1690 1691
f 1687 1691 1692
f 1687 1692 616
f 1687 616 613
f 1692 1693 616
f 1693 1694 616
f 1694 1695 616
f 1695 1694 1693
f 618 1695 1693
f 630 1693 1692
f 1692 1691 634
f 1691 1696 634
f 1691 1697 1696
f 635 1696 1697
f 635 1697 1689
f 1691 1690 1697
f 1689 1697 1690
f 1689 1688 1698
f 1689 1698 1699
f 1689 1699 637
f 1698 640 1699
f 1698 1700 640
f 1701 640 1700
f 1702 1701 1700
f 1702 1700 1703
f 1704 1702 1703
f 1704 1703 1705
f 1704 1705 1706
f 1704 1706 1707
f 1704 1707 1708
f 1704 1708 1709
f 1704 1709 1710
f 1704 1710 642
f 1704 642 1701
f 645 642 1710
f 645 1710 1709
f 1709 653 645
f 653 648 645
f 1708 654 1709
f 1707 654 1708
f 1711 654 1707
f 1707 1712 1711
f 1713 1711 1712
f 1713 1712 1714
f 1714 654 1713
f 1712 1706 1714
f 1706 1715 1714
f 1714 1715 675
f 675 655 1714
f 675 1716 655
f 1713 654 1711
f 1707 1706 1712
f 1705 1715 1706
f 1705 1700 1715
f 1715 1700 679
f 1717 679 1700
f 1705 1703 1700
f 1704 1701 1702
f 1698 1717 1700
f 1698 1688 1717
f 1718 1717 1688
f 1718 1688 1719
f 1718 1719 1720
f 1721 1720 1719
f 1721 1719 1722
f 1721 1722 1669
f 1669 1722 1688
f 1721 1667 1720
f 1722 1719 1688
f 1718 1720 1717
f 1720 1723 1717
f 1717 1723 680
f 1720 1666 1723
f 1686 1724 1688
f 1688 1724 1725
f 1670 1688 1725
f 1726 1725 1724
f 1726 1724 1678
f 1671 1725 1726
f 1676 1671 1726
f 1687 613 611
f 1686 1678 1724
f 1676 1726 1678
f 1677 1684 1675
f 1676 1674 1671
f 1675 1684 608
f 1674 1672 1671
f 1670 1725 1671
f 1670 1669 1688
f 1721 1669 1667
f 1667 1666 1720
f 1666 1665 1723
f 1723 1665 682
f 688 682 1665
f 1664 1668 1662
f 1668 1661 1662
f 1673 1660 1661
f 1660 608 1658
f 1656 1652 1654
f 1651 1659 1653
f 1727 1659 1651
f 1727 1651 1728
f 1727 1728 1729
f 1727 1729 1730
f 1731 1727 1730
f 1731 1730 693
f 1731 1732 1727
f 1731 691 1732
f 1732 691 1659
f 1730 1729 693
f 1729 1728 693
f 1728 1649 693
f 1727 1732 1659
f 1728 1651 1649
f 1649 695 693
f 694 701 686
f 1731 693 692
f 1731 692 691
f 690 1659 691
f 1663 690 689
f 688 1665 689
f 687 682 688
f 686 1537 685
f 685 1537 683
f 687 684 682
f 1538 681 683
f 1723 682 680
f 1542 678 681
f 1717 680 679
f 1715 679 675
f 1544 677 678
f 677 1548 676
f 673 676 1553
f 675 674 1716
f 1733 1716 674
f 1733 674 670
f 1733 670 656
f 1734 656 670
f 668 656 1734
f 1716 1733 656
f 673 1554 672
f 1554 128 672
f 670 674 671
f 670 669 1734
f 668 1734 669
f 668 667 656
f 667 661 660
f 667 660 658
f 659 107 657
f 657 107 623
f 107 104 623
f 667 658 656
f 656 655 1716
f 654 1714 655
f 1709 654 653
f 623 652 657
f 653 651 650
f 653 650 648
f 647 645 648
f 645 644 642
f 1701 642 640
f 641 643 639
f 638 1699 640
f 638 637 1699
f 636 1689 637
f 636 635 1689
f 635 634 1696
f 633 1692 634
f 633 631 1692
f 632 639 629
f 631 630 1692
f 630 628 1693
f 620 1693 628
f 622 620 628
f 629 646 626
f 622 628 627
f 626 649 625
f 649 623 625
f 622 627 624
f 622 621 620
f 618 1693 620
f 1695 618 616
f 616 614 613
f 611 613 612
f 1685 611 610
f 1682 610 609
f 1683 609 608
f 606 1658 608
f 1657 606 605
f 1657 605 604
f 1657 604 601
f 601 604 602
f 599 1657 601
f 599 598 1652
f 598 597 1650
f 597 595 1648
f 596 591 594
f 595 593 1648
f 594 591 592
f 596 590 591
f 590 600 589
f 587 593 588
f 1647 587 578
f 570 1647 578
f 576 570 578
f 580 575 577
f 576 574 570
f 575 583 532
f 574 571 570
f 570 569 1647
f 569 567 1647
f 566 696 567
f 565 697 566
f 564 699 565
f 568 562 563
f 564 561 559
f 560 562 538
f 558 698 559
f 558 557 700
f 704 557 556
f 554 1497 556
f 553 1490 554
f 1493 553 552
f 552 551 1494
f 551 547 1494
f 548 550 546
f 545 1494 547
f 1735 1494 545
f 515 1735 545
f 1735 511 1494
f 517 545 544
f 517 544 543
f 542 546 541
f 549 540 541
f 549 539 540
f 539 555 538
f 573 537 538
f 543 536 535
f 519 543 535
f 537 532 533
f 585 531 532
f 531 586 79
f 522 530 529
f 524 523 527
f 529 523 522
f 522 521 530
f 521 520 534
f 520 519 535
f 519 517 543
f 517 515 545
f 515 514 1735
f 514 511 1735
f 516 512 513
f 510 1494 511
f 508 1492 510
f 507 1491 508
f 1489 507 506
f 506 502 1484
f 505 509 504
f 504 509 503
f 502 500 499
f 499 497 1482
f 496 486 497
f 495 486 496
f 498 492 494
f 495 493 487
f 498 491 492
f 503 490 491
f 495 487 486
f 486 485 497
f 1478 485 483
f 482 484 489
f 489 231 482
f 1472 483 481
f 479 482 231
f 1473 481 480
f 1476 480 478
f 476 479 232
f 477 1453 478
f 1449 477 473
f 471 1449 473
f 471 470 1448
f 470 465 1441
f 469 472 468
f 468 475 467
f 475 466 467
f 462 466 238
f 465 464 1441
f 1439 464 463
f 1439 463 441
f 442 441 463
f 1439 441 440
f 1436 440 438
f 439 445 437
f 437 458 436
f 434 438 435
f 434 432 1427
f 433 436 431
f 432 429 1420
f 430 431 457
f 427 1417 429
f 426 1415 427
f 425 1408 426
f 424 421 422
f 421 428 420
f 420 430 419
f 423 408 406
f 415 404 407
f 405 423 406
f 425 405 403
f 425 403 402
f 401 1423 402
f 401 399 1399
f 400 404 398
f 397 1385 399
f 384 1386 397
f 384 382 1387
f 383 389 379
f 381 1383 382
f 380 1398 381
f 380 378 373
f 379 393 377
f 377 393 376
f 378 375 373
f 376 372 374
f 294 372 376
f 373 371 1394
f 1396 371 370
f 360 1397 370
f 360 358 1397
f 357 359 356
f 344 343 358
f 349 337 342
f 343 341 340
f 340 339 1395
f 338 1393 339
f 338 336 1393
f 349 334 337
f 335 1426 336
f 335 333 1367
f 772 333 331
f 332 334 330
f 331 329 772
f 328 330 352
f 776 329 327
f 326 776 327
f 326 324 776
f 323 325 328
f 322 1189 324
f 1188 322 321
f 319 1173 321
f 1171 319 318
f 1169 318 317
f 316 320 315
f 313 315 323
f 314 312 317
f 311 313 354
f 310 1071 312
f 309 311 354
f 308 1151 310
f 307 309 353
f 306 1149 308
f 305 307 304
f 356 302 304
f 306 303 301
f 302 367 299
f 300 1148 301
f 1025 300 298
f 368 297 299
f 1025 298 296
f 372 294 297
f 1022 296 295
f 1022 295 293
f 376 292 294
f 1022 293 291
f 376 290 292
f 1022 291 289
f 376 288 290
f 1018 289 287
f 391 286 288
f 1018 287 285
f 391 284 286
f 1018 285 283
f 391 282 284
f 1018 283 281
f 390 279 282
f 1018 281 280
f 1012 280 278
f 390 277 279
f 1012 278 276
f 390 275 277
f 1012 276 274
f 394 272 275
f 1012 274 273
f 1012 273 271
f 394 270 272
f 1012 271 268
f 396 269 270
f 267 269 396
f 1006 268 266
f 265 267 398
f 1006 266 263
f 264 265 417
f 262 264 418
f 1006 263 261
f 260 262 409
f 1006 261 259
f 258 260 419
f 999 259 257
f 256 258 460
f 999 257 255
f 254 256 454
f 999 255 252
f 253 254 454
f 251 253 451
f 999 252 250
f 249 251 451
f 999 250 248
f 247 249 448
f 977 248 246
f 245 247 448
f 977 246 244
f 243 245 446
f 977 244 242
f 241 243 446
f 973 242 240
f 239 241 462
f 973 240 237
f 238 239 462
f 238 476 236
f 970 237 235
f 234 236 476
f 970 235 233
f 232 234 476
f 231 232 479
f 231 489 230
f 228 233 229
f 228 227 944
f 226 948 227
f 225 954 226
f 223 955 225
f 222 957 223
f 221 958 222
f 221 220 958
f 219 959 220
f 217 1529 219
f 216 1529 217
f 215 1528 216
f 215 214 1528
f 1527 214 212
f 210 1527 212
f 209 1527 210
f 211 51 208
f 207 206 209
f 194 206 205
f 194 205 1736
f 203 1736 205
f 202 1736 203
f 202 195 1736
f 199 195 202
f 200 197 198
f 199 196 195
f 194 1736 195
f 194 193 716
f 711 193 192
f 187 192 191
f 190 197 189
f 188 189 186
f 185 184 187
f 712 184 182
f 713 182 180
f 1530 180 178
f 1531 178 177
f 175 174 177
f 1532 174 172
f 1646 172 170
f 1646 170 168
f 1645 168 159
f 1644 159 157
f 157 154 1642
f 156 158 155
f 161 152 155
f 1642 154 153
f 1612 153 151
f 1610 151 150
f 20 1638 147
f 148 146 150
f 147 1638 145
f 150 146 143
f 145 1640 144
f 1606 143 142
f 142 140 1563
f 144 138 141
f 140 139 1561
f 144 137 138
f 137 1632 136
f 134 139 135
f 133 132 134
f 131 1555 132
f 130 1555 131
f 1554 130 128
f 672 128 127
f 666 127 124
f 126 129 125
f 123 666 124
f 123 122 666
f 122 121 663
f 120 663 121
f 119 665 120
f 109 117 111
f 109 111 1737
f 118 125 116
f 116 125 115
f 114 115 136
f 111 117 113
f 110 1737 111
f 110 109 1737
f 119 109 108
f 107 664 108
f 107 105 104
f 103 623 104
f 101 102 1
f 101 1 6
f 95 103 100
f 23 96 97
f 25 94 96
f 95 93 619
f 29 92 94
f 93 91 617
f 29 90 92
f 91 89 615
f 35 88 90
f 89 86 607
f 35 87 88
f 37 84 87
f 603 86 85
f 82 85 83
f 589 82 80
f 579 80 79
f 76 79 77
f 528 76 72
f 70 526 72
f 69 525 70
f 518 69 68
f 512 68 67
f 66 63 67
f 65 71 64
f 63 62 490
f 488 62 61
f 488 61 60
f 59 64 58
f 60 57 56
f 55 230 56
f 55 54 224
f 218 54 53
f 213 53 51
f 52 58 50
f 204 51 49
f 50 58 47
f 48 186 49
f 48 46 183
f 47 73 45
f 46 44 181
f 45 75 43
f 44 42 179
f 43 78 41
f 42 40 176
f 41 81 39
f 40 38 173
f 39 84 37
f 38 36 171
f 37 87 35
f 36 34 169
f 35 90 31
f 34 33 164
f 32 162 33
f 32 30 162
f 31 90 29
f 30 28 167
f 29 94 25
f 27 167 28
f 27 26 152
f 149 26 24
f 25 96 23
f 24 22 149
f 23 98 18
f 21 149 22
f 20 149 21
f 19 1638 20
f 19 17 1636
f 18 99 13
f 1629 17 16
f 16 15 1629
f 14 1628 15
f 1630 14 11
f 13 99 12
f 12 99 9
f 1630 11 10
f 1630 10 8
f 9 101 6
f 7 1630 8
f 7 5 114
f 3 112 5
f 4 6 1
f 106 3 2
f 1 102 2

